/*--------------------------------*- C++ -*----------------------------------*\
| =========                 |                                                 |
| \\      /  F ield         | OpenFOAM: The Open Source CFD Toolbox           |
|  \\    /   O peration     | Version:  v2512                                 |
|   \\  /    A nd           | Website:  www.openfoam.com                      |
|    \\/     M anipulation  |                                                 |
\*---------------------------------------------------------------------------*/
FoamFile
{
    version     2.0;
    format      ascii;
    class       dictionary;
    object      blockMeshDict;
}

convertToMeters 1;

vertices
(
    (-2.5 -10 -8)
    (-2.5 -10 -4.57142857)
    (-2.5 -10 -2.28571429)
    (-2.5 -10 -1.14285714)
    (-2.5 -10 -0.914285714)
    (-2.5 -10 -0.685714286)
    (-2.5 -10 -0.571428571)
    (-2.5 -10 -0.457142857)
    (-2.5 -10 -0.342857143)
    (-2.5 -10 -0.228571429)
    (-2.5 -10 -0.114285714)
    (-2.5 -10 0)
    (-2.5 -10 0.114285714)
    (-2.5 -10 0.228571429)
    (-2.5 -10 0.342857143)
    (-2.5 -10 0.457142857)
    (-2.5 -10 0.571428571)
    (-2.5 -10 0.685714286)
    (-2.5 -10 0.914285714)
    (-2.5 -10 1.14285714)
    (-2.5 -10 2.28571429)
    (-2.5 -10 4.57142857)
    (-2.5 -10 8)
    (-2 -10 -8)
    (-2 -10 -4.57142857)
    (-2 -10 -2.28571429)
    (-2 -10 -1.14285714)
    (-2 -10 -0.914285714)
    (-2 -10 -0.685714286)
    (-2 -10 -0.571428571)
    (-2 -10 -0.457142857)
    (-2 -10 -0.342857143)
    (-2 -10 -0.228571429)
    (-2 -10 -0.114285714)
    (-2 -10 0)
    (-2 -10 0.114285714)
    (-2 -10 0.228571429)
    (-2 -10 0.342857143)
    (-2 -10 0.457142857)
    (-2 -10 0.571428571)
    (-2 -10 0.685714286)
    (-2 -10 0.914285714)
    (-2 -10 1.14285714)
    (-2 -10 2.28571429)
    (-2 -10 4.57142857)
    (-2 -10 8)
    (-1.5 -10 -8)
    (-1.5 -10 -4.57142857)
    (-1.5 -10 -2.28571429)
    (-1.5 -10 -1.14285714)
    (-1.5 -10 -0.914285714)
    (-1.5 -10 -0.685714286)
    (-1.5 -10 -0.571428571)
    (-1.5 -10 -0.457142857)
    (-1.5 -10 -0.342857143)
    (-1.5 -10 -0.228571429)
    (-1.5 -10 -0.114285714)
    (-1.5 -10 0)
    (-1.5 -10 0.114285714)
    (-1.5 -10 0.228571429)
    (-1.5 -10 0.342857143)
    (-1.5 -10 0.457142857)
    (-1.5 -10 0.571428571)
    (-1.5 -10 0.685714286)
    (-1.5 -10 0.914285714)
    (-1.5 -10 1.14285714)
    (-1.5 -10 2.28571429)
    (-1.5 -10 4.57142857)
    (-1.5 -10 8)
    (-1 -10 -8)
    (-1 -10 -4.57142857)
    (-1 -10 -2.28571429)
    (-1 -10 -1.14285714)
    (-1 -10 -0.914285714)
    (-1 -10 -0.685714286)
    (-1 -10 -0.571428571)
    (-1 -10 -0.457142857)
    (-1 -10 -0.342857143)
    (-1 -10 -0.228571429)
    (-1 -10 -0.114285714)
    (-1 -10 0)
    (-1 -10 0.114285714)
    (-1 -10 0.228571429)
    (-1 -10 0.342857143)
    (-1 -10 0.457142857)
    (-1 -10 0.571428571)
    (-1 -10 0.685714286)
    (-1 -10 0.914285714)
    (-1 -10 1.14285714)
    (-1 -10 2.28571429)
    (-1 -10 4.57142857)
    (-1 -10 8)
    (-0.5 -10 -8)
    (-0.5 -10 -4.57142857)
    (-0.5 -10 -2.28571429)
    (-0.5 -10 -1.14285714)
    (-0.5 -10 -0.914285714)
    (-0.5 -10 -0.685714286)
    (-0.5 -10 -0.571428571)
    (-0.5 -10 -0.457142857)
    (-0.5 -10 -0.342857143)
    (-0.5 -10 -0.228571429)
    (-0.5 -10 -0.114285714)
    (-0.5 -10 0)
    (-0.5 -10 0.114285714)
    (-0.5 -10 0.228571429)
    (-0.5 -10 0.342857143)
    (-0.5 -10 0.457142857)
    (-0.5 -10 0.571428571)
    (-0.5 -10 0.685714286)
    (-0.5 -10 0.914285714)
    (-0.5 -10 1.14285714)
    (-0.5 -10 2.28571429)
    (-0.5 -10 4.57142857)
    (-0.5 -10 8)
    (-0.4 -10 -8)
    (-0.4 -10 -4.57142857)
    (-0.4 -10 -2.28571429)
    (-0.4 -10 -1.14285714)
    (-0.4 -10 -0.914285714)
    (-0.4 -10 -0.685714286)
    (-0.4 -10 -0.571428571)
    (-0.4 -10 -0.457142857)
    (-0.4 -10 -0.342857143)
    (-0.4 -10 -0.228571429)
    (-0.4 -10 -0.114285714)
    (-0.4 -10 0)
    (-0.4 -10 0.114285714)
    (-0.4 -10 0.228571429)
    (-0.4 -10 0.342857143)
    (-0.4 -10 0.457142857)
    (-0.4 -10 0.571428571)
    (-0.4 -10 0.685714286)
    (-0.4 -10 0.914285714)
    (-0.4 -10 1.14285714)
    (-0.4 -10 2.28571429)
    (-0.4 -10 4.57142857)
    (-0.4 -10 8)
    (-0.3 -10 -8)
    (-0.3 -10 -4.57142857)
    (-0.3 -10 -2.28571429)
    (-0.3 -10 -1.14285714)
    (-0.3 -10 -0.914285714)
    (-0.3 -10 -0.685714286)
    (-0.3 -10 -0.571428571)
    (-0.3 -10 -0.457142857)
    (-0.3 -10 -0.342857143)
    (-0.3 -10 -0.228571429)
    (-0.3 -10 -0.114285714)
    (-0.3 -10 0)
    (-0.3 -10 0.114285714)
    (-0.3 -10 0.228571429)
    (-0.3 -10 0.342857143)
    (-0.3 -10 0.457142857)
    (-0.3 -10 0.571428571)
    (-0.3 -10 0.685714286)
    (-0.3 -10 0.914285714)
    (-0.3 -10 1.14285714)
    (-0.3 -10 2.28571429)
    (-0.3 -10 4.57142857)
    (-0.3 -10 8)
    (-0.25 -10 -8)
    (-0.25 -10 -4.57142857)
    (-0.25 -10 -2.28571429)
    (-0.25 -10 -1.14285714)
    (-0.25 -10 -0.914285714)
    (-0.25 -10 -0.685714286)
    (-0.25 -10 -0.571428571)
    (-0.25 -10 -0.457142857)
    (-0.25 -10 -0.342857143)
    (-0.25 -10 -0.228571429)
    (-0.25 -10 -0.114285714)
    (-0.25 -10 0)
    (-0.25 -10 0.114285714)
    (-0.25 -10 0.228571429)
    (-0.25 -10 0.342857143)
    (-0.25 -10 0.457142857)
    (-0.25 -10 0.571428571)
    (-0.25 -10 0.685714286)
    (-0.25 -10 0.914285714)
    (-0.25 -10 1.14285714)
    (-0.25 -10 2.28571429)
    (-0.25 -10 4.57142857)
    (-0.25 -10 8)
    (-0.2 -10 -8)
    (-0.2 -10 -4.57142857)
    (-0.2 -10 -2.28571429)
    (-0.2 -10 -1.14285714)
    (-0.2 -10 -0.914285714)
    (-0.2 -10 -0.685714286)
    (-0.2 -10 -0.571428571)
    (-0.2 -10 -0.457142857)
    (-0.2 -10 -0.342857143)
    (-0.2 -10 -0.228571429)
    (-0.2 -10 -0.114285714)
    (-0.2 -10 0)
    (-0.2 -10 0.114285714)
    (-0.2 -10 0.228571429)
    (-0.2 -10 0.342857143)
    (-0.2 -10 0.457142857)
    (-0.2 -10 0.571428571)
    (-0.2 -10 0.685714286)
    (-0.2 -10 0.914285714)
    (-0.2 -10 1.14285714)
    (-0.2 -10 2.28571429)
    (-0.2 -10 4.57142857)
    (-0.2 -10 8)
    (-0.15 -10 -8)
    (-0.15 -10 -4.57142857)
    (-0.15 -10 -2.28571429)
    (-0.15 -10 -1.14285714)
    (-0.15 -10 -0.914285714)
    (-0.15 -10 -0.685714286)
    (-0.15 -10 -0.571428571)
    (-0.15 -10 -0.457142857)
    (-0.15 -10 -0.342857143)
    (-0.15 -10 -0.228571429)
    (-0.15 -10 -0.114285714)
    (-0.15 -10 0)
    (-0.15 -10 0.114285714)
    (-0.15 -10 0.228571429)
    (-0.15 -10 0.342857143)
    (-0.15 -10 0.457142857)
    (-0.15 -10 0.571428571)
    (-0.15 -10 0.685714286)
    (-0.15 -10 0.914285714)
    (-0.15 -10 1.14285714)
    (-0.15 -10 2.28571429)
    (-0.15 -10 4.57142857)
    (-0.15 -10 8)
    (-0.1 -10 -8)
    (-0.1 -10 -4.57142857)
    (-0.1 -10 -2.28571429)
    (-0.1 -10 -1.14285714)
    (-0.1 -10 -0.914285714)
    (-0.1 -10 -0.685714286)
    (-0.1 -10 -0.571428571)
    (-0.1 -10 -0.457142857)
    (-0.1 -10 -0.342857143)
    (-0.1 -10 -0.228571429)
    (-0.1 -10 -0.114285714)
    (-0.1 -10 0)
    (-0.1 -10 0.114285714)
    (-0.1 -10 0.228571429)
    (-0.1 -10 0.342857143)
    (-0.1 -10 0.457142857)
    (-0.1 -10 0.571428571)
    (-0.1 -10 0.685714286)
    (-0.1 -10 0.914285714)
    (-0.1 -10 1.14285714)
    (-0.1 -10 2.28571429)
    (-0.1 -10 4.57142857)
    (-0.1 -10 8)
    (-0.05 -10 -8)
    (-0.05 -10 -4.57142857)
    (-0.05 -10 -2.28571429)
    (-0.05 -10 -1.14285714)
    (-0.05 -10 -0.914285714)
    (-0.05 -10 -0.685714286)
    (-0.05 -10 -0.571428571)
    (-0.05 -10 -0.457142857)
    (-0.05 -10 -0.342857143)
    (-0.05 -10 -0.228571429)
    (-0.05 -10 -0.114285714)
    (-0.05 -10 0)
    (-0.05 -10 0.114285714)
    (-0.05 -10 0.228571429)
    (-0.05 -10 0.342857143)
    (-0.05 -10 0.457142857)
    (-0.05 -10 0.571428571)
    (-0.05 -10 0.685714286)
    (-0.05 -10 0.914285714)
    (-0.05 -10 1.14285714)
    (-0.05 -10 2.28571429)
    (-0.05 -10 4.57142857)
    (-0.05 -10 8)
    (0 -10 -8)
    (0 -10 -4.57142857)
    (0 -10 -2.28571429)
    (0 -10 -1.14285714)
    (0 -10 -0.914285714)
    (0 -10 -0.685714286)
    (0 -10 -0.571428571)
    (0 -10 -0.457142857)
    (0 -10 -0.342857143)
    (0 -10 -0.228571429)
    (0 -10 -0.114285714)
    (0 -10 0)
    (0 -10 0.114285714)
    (0 -10 0.228571429)
    (0 -10 0.342857143)
    (0 -10 0.457142857)
    (0 -10 0.571428571)
    (0 -10 0.685714286)
    (0 -10 0.914285714)
    (0 -10 1.14285714)
    (0 -10 2.28571429)
    (0 -10 4.57142857)
    (0 -10 8)
    (0.05 -10 -8)
    (0.05 -10 -4.57142857)
    (0.05 -10 -2.28571429)
    (0.05 -10 -1.14285714)
    (0.05 -10 -0.914285714)
    (0.05 -10 -0.685714286)
    (0.05 -10 -0.571428571)
    (0.05 -10 -0.457142857)
    (0.05 -10 -0.342857143)
    (0.05 -10 -0.228571429)
    (0.05 -10 -0.114285714)
    (0.05 -10 0)
    (0.05 -10 0.114285714)
    (0.05 -10 0.228571429)
    (0.05 -10 0.342857143)
    (0.05 -10 0.457142857)
    (0.05 -10 0.571428571)
    (0.05 -10 0.685714286)
    (0.05 -10 0.914285714)
    (0.05 -10 1.14285714)
    (0.05 -10 2.28571429)
    (0.05 -10 4.57142857)
    (0.05 -10 8)
    (0.1 -10 -8)
    (0.1 -10 -4.57142857)
    (0.1 -10 -2.28571429)
    (0.1 -10 -1.14285714)
    (0.1 -10 -0.914285714)
    (0.1 -10 -0.685714286)
    (0.1 -10 -0.571428571)
    (0.1 -10 -0.457142857)
    (0.1 -10 -0.342857143)
    (0.1 -10 -0.228571429)
    (0.1 -10 -0.114285714)
    (0.1 -10 0)
    (0.1 -10 0.114285714)
    (0.1 -10 0.228571429)
    (0.1 -10 0.342857143)
    (0.1 -10 0.457142857)
    (0.1 -10 0.571428571)
    (0.1 -10 0.685714286)
    (0.1 -10 0.914285714)
    (0.1 -10 1.14285714)
    (0.1 -10 2.28571429)
    (0.1 -10 4.57142857)
    (0.1 -10 8)
    (0.15 -10 -8)
    (0.15 -10 -4.57142857)
    (0.15 -10 -2.28571429)
    (0.15 -10 -1.14285714)
    (0.15 -10 -0.914285714)
    (0.15 -10 -0.685714286)
    (0.15 -10 -0.571428571)
    (0.15 -10 -0.457142857)
    (0.15 -10 -0.342857143)
    (0.15 -10 -0.228571429)
    (0.15 -10 -0.114285714)
    (0.15 -10 0)
    (0.15 -10 0.114285714)
    (0.15 -10 0.228571429)
    (0.15 -10 0.342857143)
    (0.15 -10 0.457142857)
    (0.15 -10 0.571428571)
    (0.15 -10 0.685714286)
    (0.15 -10 0.914285714)
    (0.15 -10 1.14285714)
    (0.15 -10 2.28571429)
    (0.15 -10 4.57142857)
    (0.15 -10 8)
    (0.2 -10 -8)
    (0.2 -10 -4.57142857)
    (0.2 -10 -2.28571429)
    (0.2 -10 -1.14285714)
    (0.2 -10 -0.914285714)
    (0.2 -10 -0.685714286)
    (0.2 -10 -0.571428571)
    (0.2 -10 -0.457142857)
    (0.2 -10 -0.342857143)
    (0.2 -10 -0.228571429)
    (0.2 -10 -0.114285714)
    (0.2 -10 0)
    (0.2 -10 0.114285714)
    (0.2 -10 0.228571429)
    (0.2 -10 0.342857143)
    (0.2 -10 0.457142857)
    (0.2 -10 0.571428571)
    (0.2 -10 0.685714286)
    (0.2 -10 0.914285714)
    (0.2 -10 1.14285714)
    (0.2 -10 2.28571429)
    (0.2 -10 4.57142857)
    (0.2 -10 8)
    (0.25 -10 -8)
    (0.25 -10 -4.57142857)
    (0.25 -10 -2.28571429)
    (0.25 -10 -1.14285714)
    (0.25 -10 -0.914285714)
    (0.25 -10 -0.685714286)
    (0.25 -10 -0.571428571)
    (0.25 -10 -0.457142857)
    (0.25 -10 -0.342857143)
    (0.25 -10 -0.228571429)
    (0.25 -10 -0.114285714)
    (0.25 -10 0)
    (0.25 -10 0.114285714)
    (0.25 -10 0.228571429)
    (0.25 -10 0.342857143)
    (0.25 -10 0.457142857)
    (0.25 -10 0.571428571)
    (0.25 -10 0.685714286)
    (0.25 -10 0.914285714)
    (0.25 -10 1.14285714)
    (0.25 -10 2.28571429)
    (0.25 -10 4.57142857)
    (0.25 -10 8)
    (0.3 -10 -8)
    (0.3 -10 -4.57142857)
    (0.3 -10 -2.28571429)
    (0.3 -10 -1.14285714)
    (0.3 -10 -0.914285714)
    (0.3 -10 -0.685714286)
    (0.3 -10 -0.571428571)
    (0.3 -10 -0.457142857)
    (0.3 -10 -0.342857143)
    (0.3 -10 -0.228571429)
    (0.3 -10 -0.114285714)
    (0.3 -10 0)
    (0.3 -10 0.114285714)
    (0.3 -10 0.228571429)
    (0.3 -10 0.342857143)
    (0.3 -10 0.457142857)
    (0.3 -10 0.571428571)
    (0.3 -10 0.685714286)
    (0.3 -10 0.914285714)
    (0.3 -10 1.14285714)
    (0.3 -10 2.28571429)
    (0.3 -10 4.57142857)
    (0.3 -10 8)
    (0.4 -10 -8)
    (0.4 -10 -4.57142857)
    (0.4 -10 -2.28571429)
    (0.4 -10 -1.14285714)
    (0.4 -10 -0.914285714)
    (0.4 -10 -0.685714286)
    (0.4 -10 -0.571428571)
    (0.4 -10 -0.457142857)
    (0.4 -10 -0.342857143)
    (0.4 -10 -0.228571429)
    (0.4 -10 -0.114285714)
    (0.4 -10 0)
    (0.4 -10 0.114285714)
    (0.4 -10 0.228571429)
    (0.4 -10 0.342857143)
    (0.4 -10 0.457142857)
    (0.4 -10 0.571428571)
    (0.4 -10 0.685714286)
    (0.4 -10 0.914285714)
    (0.4 -10 1.14285714)
    (0.4 -10 2.28571429)
    (0.4 -10 4.57142857)
    (0.4 -10 8)
    (0.5 -10 -8)
    (0.5 -10 -4.57142857)
    (0.5 -10 -2.28571429)
    (0.5 -10 -1.14285714)
    (0.5 -10 -0.914285714)
    (0.5 -10 -0.685714286)
    (0.5 -10 -0.571428571)
    (0.5 -10 -0.457142857)
    (0.5 -10 -0.342857143)
    (0.5 -10 -0.228571429)
    (0.5 -10 -0.114285714)
    (0.5 -10 0)
    (0.5 -10 0.114285714)
    (0.5 -10 0.228571429)
    (0.5 -10 0.342857143)
    (0.5 -10 0.457142857)
    (0.5 -10 0.571428571)
    (0.5 -10 0.685714286)
    (0.5 -10 0.914285714)
    (0.5 -10 1.14285714)
    (0.5 -10 2.28571429)
    (0.5 -10 4.57142857)
    (0.5 -10 8)
    (1 -10 -8)
    (1 -10 -4.57142857)
    (1 -10 -2.28571429)
    (1 -10 -1.14285714)
    (1 -10 -0.914285714)
    (1 -10 -0.685714286)
    (1 -10 -0.571428571)
    (1 -10 -0.457142857)
    (1 -10 -0.342857143)
    (1 -10 -0.228571429)
    (1 -10 -0.114285714)
    (1 -10 0)
    (1 -10 0.114285714)
    (1 -10 0.228571429)
    (1 -10 0.342857143)
    (1 -10 0.457142857)
    (1 -10 0.571428571)
    (1 -10 0.685714286)
    (1 -10 0.914285714)
    (1 -10 1.14285714)
    (1 -10 2.28571429)
    (1 -10 4.57142857)
    (1 -10 8)
    (2 -10 -8)
    (2 -10 -4.57142857)
    (2 -10 -2.28571429)
    (2 -10 -1.14285714)
    (2 -10 -0.914285714)
    (2 -10 -0.685714286)
    (2 -10 -0.571428571)
    (2 -10 -0.457142857)
    (2 -10 -0.342857143)
    (2 -10 -0.228571429)
    (2 -10 -0.114285714)
    (2 -10 0)
    (2 -10 0.114285714)
    (2 -10 0.228571429)
    (2 -10 0.342857143)
    (2 -10 0.457142857)
    (2 -10 0.571428571)
    (2 -10 0.685714286)
    (2 -10 0.914285714)
    (2 -10 1.14285714)
    (2 -10 2.28571429)
    (2 -10 4.57142857)
    (2 -10 8)
    (5 -10 -8)
    (5 -10 -4.57142857)
    (5 -10 -2.28571429)
    (5 -10 -1.14285714)
    (5 -10 -0.914285714)
    (5 -10 -0.685714286)
    (5 -10 -0.571428571)
    (5 -10 -0.457142857)
    (5 -10 -0.342857143)
    (5 -10 -0.228571429)
    (5 -10 -0.114285714)
    (5 -10 0)
    (5 -10 0.114285714)
    (5 -10 0.228571429)
    (5 -10 0.342857143)
    (5 -10 0.457142857)
    (5 -10 0.571428571)
    (5 -10 0.685714286)
    (5 -10 0.914285714)
    (5 -10 1.14285714)
    (5 -10 2.28571429)
    (5 -10 4.57142857)
    (5 -10 8)
    (10 -10 -8)
    (10 -10 -4.57142857)
    (10 -10 -2.28571429)
    (10 -10 -1.14285714)
    (10 -10 -0.914285714)
    (10 -10 -0.685714286)
    (10 -10 -0.571428571)
    (10 -10 -0.457142857)
    (10 -10 -0.342857143)
    (10 -10 -0.228571429)
    (10 -10 -0.114285714)
    (10 -10 0)
    (10 -10 0.114285714)
    (10 -10 0.228571429)
    (10 -10 0.342857143)
    (10 -10 0.457142857)
    (10 -10 0.571428571)
    (10 -10 0.685714286)
    (10 -10 0.914285714)
    (10 -10 1.14285714)
    (10 -10 2.28571429)
    (10 -10 4.57142857)
    (10 -10 8)
    (17.5 -10 -8)
    (17.5 -10 -4.57142857)
    (17.5 -10 -2.28571429)
    (17.5 -10 -1.14285714)
    (17.5 -10 -0.914285714)
    (17.5 -10 -0.685714286)
    (17.5 -10 -0.571428571)
    (17.5 -10 -0.457142857)
    (17.5 -10 -0.342857143)
    (17.5 -10 -0.228571429)
    (17.5 -10 -0.114285714)
    (17.5 -10 0)
    (17.5 -10 0.114285714)
    (17.5 -10 0.228571429)
    (17.5 -10 0.342857143)
    (17.5 -10 0.457142857)
    (17.5 -10 0.571428571)
    (17.5 -10 0.685714286)
    (17.5 -10 0.914285714)
    (17.5 -10 1.14285714)
    (17.5 -10 2.28571429)
    (17.5 -10 4.57142857)
    (17.5 -10 8)
    (-2.5 0.08 -3.5)
    (-2.5 0.0799999911 -2)
    (-2.5 0.0799990376 -1)
    (-2.5 0.0799968934 -0.5)
    (-2.5 0.0799964243 -0.4)
    (-2.5 0.079996011 -0.3)
    (-2.5 0.0799958359 -0.25)
    (-2.5 0.0799956869 -0.2)
    (-2.5 0.0799955673 -0.15)
    (-2.5 0.0799954799 -0.1)
    (-2.5 0.0799954266 -0.05)
    (-2.5 0.0799954087 0)
    (-2.5 0.0799954266 0.05)
    (-2.5 0.0799954799 0.1)
    (-2.5 0.0799955673 0.15)
    (-2.5 0.0799956869 0.2)
    (-2.5 0.0799958359 0.25)
    (-2.5 0.079996011 0.3)
    (-2.5 0.0799964243 0.4)
    (-2.5 0.0799968934 0.5)
    (-2.5 0.0799990376 1)
    (-2.5 0.0799999911 2)
    (-2.5 0.08 3.5)
    (-2 0.08 -3.5)
    (-2 0.0799997019 -2)
    (-2 0.0799676284 -1)
    (-2 0.0798955032 -0.5)
    (-2 0.0798797249 -0.4)
    (-2 0.0798658234 -0.3)
    (-2 0.0798599323 -0.25)
    (-2 0.0798549205 -0.2)
    (-2 0.0798508987 -0.15)
    (-2 0.079847958 -0.1)
    (-2 0.0798461658 -0.05)
    (-2 0.0798455637 0)
    (-2 0.0798461658 0.05)
    (-2 0.079847958 0.1)
    (-2 0.0798508987 0.15)
    (-2 0.0798549205 0.2)
    (-2 0.0798599323 0.25)
    (-2 0.0798658234 0.3)
    (-2 0.0798797249 0.4)
    (-2 0.0798955032 0.5)
    (-2 0.0799676284 1)
    (-2 0.0799997019 2)
    (-2 0.08 3.5)
    (-1.5 0.08 -3.5)
    (-1.5 0.0799954087 -2)
    (-1.5 0.0795014734 -1)
    (-1.5 0.0783907365 -0.5)
    (-1.5 0.078147749 -0.4)
    (-1.5 0.0779336647 -0.3)
    (-1.5 0.0778429417 -0.25)
    (-1.5 0.0777657589 -0.2)
    (-1.5 0.0777038234 -0.15)
    (-1.5 0.0776585354 -0.1)
    (-1.5 0.0776309349 -0.05)
    (-1.5 0.0776216627 0)
    (-1.5 0.0776309349 0.05)
    (-1.5 0.0776585354 0.1)
    (-1.5 0.0777038234 0.15)
    (-1.5 0.0777657589 0.2)
    (-1.5 0.0778429417 0.25)
    (-1.5 0.0779336647 0.3)
    (-1.5 0.078147749 0.4)
    (-1.5 0.0783907365 0.5)
    (-1.5 0.0795014734 1)
    (-1.5 0.0799954087 2)
    (-1.5 0.08 3.5)
    (-1 0.0799999999 -3.5)
    (-1 0.0799676284 -2)
    (-1 0.0764850453 -1)
    (-1 0.0686535873 -0.5)
    (-1 0.066940359 -0.4)
    (-1 0.0654309177 -0.3)
    (-1 0.0647912581 -0.25)
    (-1 0.064247066 -0.2)
    (-1 0.0638103786 -0.15)
    (-1 0.0634910669 -0.1)
    (-1 0.0632964648 -0.05)
    (-1 0.063231089 0)
    (-1 0.0632964648 0.05)
    (-1 0.0634910669 0.1)
    (-1 0.0638103786 0.15)
    (-1 0.064247066 0.2)
    (-1 0.0647912581 0.25)
    (-1 0.0654309177 0.3)
    (-1 0.066940359 0.4)
    (-1 0.0686535873 0.5)
    (-1 0.0764850453 1)
    (-1 0.0799676284 2)
    (-1 0.0799999999 3.5)
    (-0.5 0.0799999997 -3.5)
    (-0.5 0.0798955032 -2)
    (-0.5 0.0686535873 -1)
    (-0.5 0.0433733311 -0.5)
    (-0.5 0.0378429625 -0.4)
    (-0.5 0.0329704262 -0.3)
    (-0.5 0.0309055799 -0.25)
    (-0.5 0.0291489061 -0.2)
    (-0.5 0.0277392618 -0.15)
    (-0.5 0.0267085111 -0.1)
    (-0.5 0.0260803279 -0.05)
    (-0.5 0.0258692923 0)
    (-0.5 0.0260803279 0.05)
    (-0.5 0.0267085111 0.1)
    (-0.5 0.0277392618 0.15)
    (-0.5 0.0291489061 0.2)
    (-0.5 0.0309055799 0.25)
    (-0.5 0.0329704262 0.3)
    (-0.5 0.0378429625 0.4)
    (-0.5 0.0433733311 0.5)
    (-0.5 0.0686535873 1)
    (-0.5 0.0798955032 2)
    (-0.5 0.0799999997 3.5)
    (-0.4 0.0799999997 -3.5)
    (-0.4 0.0798797249 -2)
    (-0.4 0.066940359 -1)
    (-0.4 0.0378429625 -0.5)
    (-0.4 0.0314775472 -0.4)
    (-0.4 0.0258692923 -0.3)
    (-0.4 0.0234926688 -0.25)
    (-0.4 0.0214707497 -0.2)
    (-0.4 0.0198482591 -0.15)
    (-0.4 0.0186618723 -0.1)
    (-0.4 0.0179388379 -0.05)
    (-0.4 0.0176959374 0)
    (-0.4 0.0179388379 0.05)
    (-0.4 0.0186618723 0.1)
    (-0.4 0.0198482591 0.15)
    (-0.4 0.0214707497 0.2)
    (-0.4 0.0234926688 0.25)
    (-0.4 0.0258692923 0.3)
    (-0.4 0.0314775472 0.4)
    (-0.4 0.0378429625 0.5)
    (-0.4 0.066940359 1)
    (-0.4 0.0798797249 2)
    (-0.4 0.0799999997 3.5)
    (-0.3 0.0799999997 -3.5)
    (-0.3 0.0798658234 -2)
    (-0.3 0.0654309177 -1)
    (-0.3 0.0329704262 -0.5)
    (-0.3 0.0258692923 -0.4)
    (-0.3 0.0196128318 -0.3)
    (-0.3 0.0169615168 -0.25)
    (-0.3 0.014705903 -0.2)
    (-0.3 0.0128958839 -0.15)
    (-0.3 0.0115723738 -0.1)
    (-0.3 0.0107657706 -0.05)
    (-0.3 0.0104947955 0)
    (-0.3 0.0107657706 0.05)
    (-0.3 0.0115723738 0.1)
    (-0.3 0.0128958839 0.15)
    (-0.3 0.014705903 0.2)
    (-0.3 0.0169615168 0.25)
    (-0.3 0.0196128318 0.3)
    (-0.3 0.0258692923 0.4)
    (-0.3 0.0329704262 0.5)
    (-0.3 0.0654309177 1)
    (-0.3 0.0798658234 2)
    (-0.3 0.0799999997 3.5)
    (-0.25 0.0799999996 -3.5)
    (-0.25 0.0798599323 -2)
    (-0.25 0.0647912581 -1)
    (-0.25 0.0309055799 -0.5)
    (-0.25 0.0234926688 -0.4)
    (-0.25 0.0169615168 -0.3)
    (-0.25 0.014193795 -0.25)
    (-0.25 0.0118391478 -0.2)
    (-0.25 0.00994965942 -0.15)
    (-0.25 0.00856804025 -0.1)
    (-0.25 0.00772602292 -0.05)
    (-0.25 0.00744315057 0)
    (-0.25 0.00772602292 0.05)
    (-0.25 0.00856804025 0.1)
    (-0.25 0.00994965942 0.15)
    (-0.25 0.0118391478 0.2)
    (-0.25 0.014193795 0.25)
    (-0.25 0.0169615168 0.3)
    (-0.25 0.0234926688 0.4)
    (-0.25 0.0309055799 0.5)
    (-0.25 0.0647912581 1)
    (-0.25 0.0798599323 2)
    (-0.25 0.0799999996 3.5)
    (-0.2 0.0799999996 -3.5)
    (-0.2 0.0798549205 -2)
    (-0.2 0.064247066 -1)
    (-0.2 0.0291489061 -0.5)
    (-0.2 0.0214707497 -0.4)
    (-0.2 0.014705903 -0.3)
    (-0.2 0.0118391478 -0.25)
    (-0.2 0.00940024779 -0.2)
    (-0.2 0.00744315057 -0.15)
    (-0.2 0.00601209494 -0.1)
    (-0.2 0.00513994893 -0.05)
    (-0.2 0.00484695497 0)
    (-0.2 0.00513994893 0.05)
    (-0.2 0.00601209494 0.1)
    (-0.2 0.00744315057 0.15)
    (-0.2 0.00940024779 0.2)
    (-0.2 0.0118391478 0.25)
    (-0.2 0.014705903 0.3)
    (-0.2 0.0214707497 0.4)
    (-0.2 0.0291489061 0.5)
    (-0.2 0.064247066 1)
    (-0.2 0.0798549205 2)
    (-0.2 0.0799999996 3.5)
    (-0.15 0.0799999996 -3.5)
    (-0.15 0.0798508987 -2)
    (-0.15 0.0638103786 -1)
    (-0.15 0.0277392618 -0.5)
    (-0.15 0.0198482591 -0.4)
    (-0.15 0.0128958839 -0.3)
    (-0.15 0.00994965942 -0.25)
    (-0.15 0.00744315057 -0.2)
    (-0.15 0.00543180061 -0.15)
    (-0.15 0.00396107466 -0.1)
    (-0.15 0.00306475187 -0.05)
    (-0.15 0.00276363582 0)
    (-0.15 0.00306475187 0.05)
    (-0.15 0.00396107466 0.1)
    (-0.15 0.00543180061 0.15)
    (-0.15 0.00744315057 0.2)
    (-0.15 0.00994965942 0.25)
    (-0.15 0.0128958839 0.3)
    (-0.15 0.0198482591 0.4)
    (-0.15 0.0277392618 0.5)
    (-0.15 0.0638103786 1)
    (-0.15 0.0798508987 2)
    (-0.15 0.0799999996 3.5)
    (-0.1 0.0799999996 -3.5)
    (-0.1 0.079847958 -2)
    (-0.1 0.0634910669 -1)
    (-0.1 0.0267085111 -0.5)
    (-0.1 0.0186618723 -0.4)
    (-0.1 0.0115723738 -0.3)
    (-0.1 0.00856804025 -0.25)
    (-0.1 0.00601209494 -0.2)
    (-0.1 0.00396107466 -0.15)
    (-0.1 0.00246134124 -0.1)
    (-0.1 0.00154734007 -0.05)
    (-0.1 0.00124028504 0)
    (-0.1 0.00154734007 0.05)
    (-0.1 0.00246134124 0.1)
    (-0.1 0.00396107466 0.15)
    (-0.1 0.00601209494 0.2)
    (-0.1 0.00856804025 0.25)
    (-0.1 0.0115723738 0.3)
    (-0.1 0.0186618723 0.4)
    (-0.1 0.0267085111 0.5)
    (-0.1 0.0634910669 1)
    (-0.1 0.079847958 2)
    (-0.1 0.0799999996 3.5)
    (-0.05 0.0799999996 -3.5)
    (-0.05 0.0798461658 -2)
    (-0.05 0.0632964648 -1)
    (-0.05 0.0260803279 -0.5)
    (-0.05 0.0179388379 -0.4)
    (-0.05 0.0107657706 -0.3)
    (-0.05 0.00772602292 -0.25)
    (-0.05 0.00513994893 -0.2)
    (-0.05 0.00306475187 -0.15)
    (-0.05 0.00154734007 -0.1)
    (-0.05 0.000622564939 -0.05)
    (-0.05 0.000311890442 0)
    (-0.05 0.000622564939 0.05)
    (-0.05 0.00154734007 0.1)
    (-0.05 0.00306475187 0.15)
    (-0.05 0.00513994893 0.2)
    (-0.05 0.00772602292 0.25)
    (-0.05 0.0107657706 0.3)
    (-0.05 0.0179388379 0.4)
    (-0.05 0.0260803279 0.5)
    (-0.05 0.0632964648 1)
    (-0.05 0.0798461658 2)
    (-0.05 0.0799999996 3.5)
    (0 0.0799999996 -3.5)
    (0 0.0798455637 -2)
    (0 0.063231089 -1)
    (0 0.0258692923 -0.5)
    (0 0.0176959374 -0.4)
    (0 0.0104947955 -0.3)
    (0 0.00744315057 -0.25)
    (0 0.00484695497 -0.2)
    (0 0.00276363582 -0.15)
    (0 0.00124028504 -0.1)
    (0 0.000311890442 -0.05)
    (0 0 0)
    (0 0.000311890442 0.05)
    (0 0.00124028504 0.1)
    (0 0.00276363582 0.15)
    (0 0.00484695497 0.2)
    (0 0.00744315057 0.25)
    (0 0.0104947955 0.3)
    (0 0.0176959374 0.4)
    (0 0.0258692923 0.5)
    (0 0.063231089 1)
    (0 0.0798455637 2)
    (0 0.0799999996 3.5)
    (0.05 0.0799999996 -3.5)
    (0.05 0.0798461658 -2)
    (0.05 0.0632964648 -1)
    (0.05 0.0260803279 -0.5)
    (0.05 0.0179388379 -0.4)
    (0.05 0.0107657706 -0.3)
    (0.05 0.00772602292 -0.25)
    (0.05 0.00513994893 -0.2)
    (0.05 0.00306475187 -0.15)
    (0.05 0.00154734007 -0.1)
    (0.05 0.000622564939 -0.05)
    (0.05 0.000311890442 0)
    (0.05 0.000622564939 0.05)
    (0.05 0.00154734007 0.1)
    (0.05 0.00306475187 0.15)
    (0.05 0.00513994893 0.2)
    (0.05 0.00772602292 0.25)
    (0.05 0.0107657706 0.3)
    (0.05 0.0179388379 0.4)
    (0.05 0.0260803279 0.5)
    (0.05 0.0632964648 1)
    (0.05 0.0798461658 2)
    (0.05 0.0799999996 3.5)
    (0.1 0.0799999996 -3.5)
    (0.1 0.079847958 -2)
    (0.1 0.0634910669 -1)
    (0.1 0.0267085111 -0.5)
    (0.1 0.0186618723 -0.4)
    (0.1 0.0115723738 -0.3)
    (0.1 0.00856804025 -0.25)
    (0.1 0.00601209494 -0.2)
    (0.1 0.00396107466 -0.15)
    (0.1 0.00246134124 -0.1)
    (0.1 0.00154734007 -0.05)
    (0.1 0.00124028504 0)
    (0.1 0.00154734007 0.05)
    (0.1 0.00246134124 0.1)
    (0.1 0.00396107466 0.15)
    (0.1 0.00601209494 0.2)
    (0.1 0.00856804025 0.25)
    (0.1 0.0115723738 0.3)
    (0.1 0.0186618723 0.4)
    (0.1 0.0267085111 0.5)
    (0.1 0.0634910669 1)
    (0.1 0.079847958 2)
    (0.1 0.0799999996 3.5)
    (0.15 0.0799999996 -3.5)
    (0.15 0.0798508987 -2)
    (0.15 0.0638103786 -1)
    (0.15 0.0277392618 -0.5)
    (0.15 0.0198482591 -0.4)
    (0.15 0.0128958839 -0.3)
    (0.15 0.00994965942 -0.25)
    (0.15 0.00744315057 -0.2)
    (0.15 0.00543180061 -0.15)
    (0.15 0.00396107466 -0.1)
    (0.15 0.00306475187 -0.05)
    (0.15 0.00276363582 0)
    (0.15 0.00306475187 0.05)
    (0.15 0.00396107466 0.1)
    (0.15 0.00543180061 0.15)
    (0.15 0.00744315057 0.2)
    (0.15 0.00994965942 0.25)
    (0.15 0.0128958839 0.3)
    (0.15 0.0198482591 0.4)
    (0.15 0.0277392618 0.5)
    (0.15 0.0638103786 1)
    (0.15 0.0798508987 2)
    (0.15 0.0799999996 3.5)
    (0.2 0.0799999996 -3.5)
    (0.2 0.0798549205 -2)
    (0.2 0.064247066 -1)
    (0.2 0.0291489061 -0.5)
    (0.2 0.0214707497 -0.4)
    (0.2 0.014705903 -0.3)
    (0.2 0.0118391478 -0.25)
    (0.2 0.00940024779 -0.2)
    (0.2 0.00744315057 -0.15)
    (0.2 0.00601209494 -0.1)
    (0.2 0.00513994893 -0.05)
    (0.2 0.00484695497 0)
    (0.2 0.00513994893 0.05)
    (0.2 0.00601209494 0.1)
    (0.2 0.00744315057 0.15)
    (0.2 0.00940024779 0.2)
    (0.2 0.0118391478 0.25)
    (0.2 0.014705903 0.3)
    (0.2 0.0214707497 0.4)
    (0.2 0.0291489061 0.5)
    (0.2 0.064247066 1)
    (0.2 0.0798549205 2)
    (0.2 0.0799999996 3.5)
    (0.25 0.0799999996 -3.5)
    (0.25 0.0798599323 -2)
    (0.25 0.0647912581 -1)
    (0.25 0.0309055799 -0.5)
    (0.25 0.0234926688 -0.4)
    (0.25 0.0169615168 -0.3)
    (0.25 0.014193795 -0.25)
    (0.25 0.0118391478 -0.2)
    (0.25 0.00994965942 -0.15)
    (0.25 0.00856804025 -0.1)
    (0.25 0.00772602292 -0.05)
    (0.25 0.00744315057 0)
    (0.25 0.00772602292 0.05)
    (0.25 0.00856804025 0.1)
    (0.25 0.00994965942 0.15)
    (0.25 0.0118391478 0.2)
    (0.25 0.014193795 0.25)
    (0.25 0.0169615168 0.3)
    (0.25 0.0234926688 0.4)
    (0.25 0.0309055799 0.5)
    (0.25 0.0647912581 1)
    (0.25 0.0798599323 2)
    (0.25 0.0799999996 3.5)
    (0.3 0.0799999997 -3.5)
    (0.3 0.0798658234 -2)
    (0.3 0.0654309177 -1)
    (0.3 0.0329704262 -0.5)
    (0.3 0.0258692923 -0.4)
    (0.3 0.0196128318 -0.3)
    (0.3 0.0169615168 -0.25)
    (0.3 0.014705903 -0.2)
    (0.3 0.0128958839 -0.15)
    (0.3 0.0115723738 -0.1)
    (0.3 0.0107657706 -0.05)
    (0.3 0.0104947955 0)
    (0.3 0.0107657706 0.05)
    (0.3 0.0115723738 0.1)
    (0.3 0.0128958839 0.15)
    (0.3 0.014705903 0.2)
    (0.3 0.0169615168 0.25)
    (0.3 0.0196128318 0.3)
    (0.3 0.0258692923 0.4)
    (0.3 0.0329704262 0.5)
    (0.3 0.0654309177 1)
    (0.3 0.0798658234 2)
    (0.3 0.0799999997 3.5)
    (0.4 0.0799999997 -3.5)
    (0.4 0.0798797249 -2)
    (0.4 0.066940359 -1)
    (0.4 0.0378429625 -0.5)
    (0.4 0.0314775472 -0.4)
    (0.4 0.0258692923 -0.3)
    (0.4 0.0234926688 -0.25)
    (0.4 0.0214707497 -0.2)
    (0.4 0.0198482591 -0.15)
    (0.4 0.0186618723 -0.1)
    (0.4 0.0179388379 -0.05)
    (0.4 0.0176959374 0)
    (0.4 0.0179388379 0.05)
    (0.4 0.0186618723 0.1)
    (0.4 0.0198482591 0.15)
    (0.4 0.0214707497 0.2)
    (0.4 0.0234926688 0.25)
    (0.4 0.0258692923 0.3)
    (0.4 0.0314775472 0.4)
    (0.4 0.0378429625 0.5)
    (0.4 0.066940359 1)
    (0.4 0.0798797249 2)
    (0.4 0.0799999997 3.5)
    (0.5 0.0799999997 -3.5)
    (0.5 0.0798955032 -2)
    (0.5 0.0686535873 -1)
    (0.5 0.0433733311 -0.5)
    (0.5 0.0378429625 -0.4)
    (0.5 0.0329704262 -0.3)
    (0.5 0.0309055799 -0.25)
    (0.5 0.0291489061 -0.2)
    (0.5 0.0277392618 -0.15)
    (0.5 0.0267085111 -0.1)
    (0.5 0.0260803279 -0.05)
    (0.5 0.0258692923 0)
    (0.5 0.0260803279 0.05)
    (0.5 0.0267085111 0.1)
    (0.5 0.0277392618 0.15)
    (0.5 0.0291489061 0.2)
    (0.5 0.0309055799 0.25)
    (0.5 0.0329704262 0.3)
    (0.5 0.0378429625 0.4)
    (0.5 0.0433733311 0.5)
    (0.5 0.0686535873 1)
    (0.5 0.0798955032 2)
    (0.5 0.0799999997 3.5)
    (1 0.0799999999 -3.5)
    (1 0.0799676284 -2)
    (1 0.0764850453 -1)
    (1 0.0686535873 -0.5)
    (1 0.066940359 -0.4)
    (1 0.0654309177 -0.3)
    (1 0.0647912581 -0.25)
    (1 0.064247066 -0.2)
    (1 0.0638103786 -0.15)
    (1 0.0634910669 -0.1)
    (1 0.0632964648 -0.05)
    (1 0.063231089 0)
    (1 0.0632964648 0.05)
    (1 0.0634910669 0.1)
    (1 0.0638103786 0.15)
    (1 0.064247066 0.2)
    (1 0.0647912581 0.25)
    (1 0.0654309177 0.3)
    (1 0.066940359 0.4)
    (1 0.0686535873 0.5)
    (1 0.0764850453 1)
    (1 0.0799676284 2)
    (1 0.0799999999 3.5)
    (2 0.08 -3.5)
    (2 0.0799997019 -2)
    (2 0.0799676284 -1)
    (2 0.0798955032 -0.5)
    (2 0.0798797249 -0.4)
    (2 0.0798658234 -0.3)
    (2 0.0798599323 -0.25)
    (2 0.0798549205 -0.2)
    (2 0.0798508987 -0.15)
    (2 0.079847958 -0.1)
    (2 0.0798461658 -0.05)
    (2 0.0798455637 0)
    (2 0.0798461658 0.05)
    (2 0.079847958 0.1)
    (2 0.0798508987 0.15)
    (2 0.0798549205 0.2)
    (2 0.0798599323 0.25)
    (2 0.0798658234 0.3)
    (2 0.0798797249 0.4)
    (2 0.0798955032 0.5)
    (2 0.0799676284 1)
    (2 0.0799997019 2)
    (2 0.08 3.5)
    (5 0.08 -3.5)
    (5 0.08 -2)
    (5 0.08 -1)
    (5 0.08 -0.5)
    (5 0.08 -0.4)
    (5 0.08 -0.3)
    (5 0.08 -0.25)
    (5 0.08 -0.2)
    (5 0.08 -0.15)
    (5 0.08 -0.1)
    (5 0.08 -0.05)
    (5 0.08 0)
    (5 0.08 0.05)
    (5 0.08 0.1)
    (5 0.08 0.15)
    (5 0.08 0.2)
    (5 0.08 0.25)
    (5 0.08 0.3)
    (5 0.08 0.4)
    (5 0.08 0.5)
    (5 0.08 1)
    (5 0.08 2)
    (5 0.08 3.5)
    (10 0.08 -3.5)
    (10 0.08 -2)
    (10 0.08 -1)
    (10 0.08 -0.5)
    (10 0.08 -0.4)
    (10 0.08 -0.3)
    (10 0.08 -0.25)
    (10 0.08 -0.2)
    (10 0.08 -0.15)
    (10 0.08 -0.1)
    (10 0.08 -0.05)
    (10 0.08 0)
    (10 0.08 0.05)
    (10 0.08 0.1)
    (10 0.08 0.15)
    (10 0.08 0.2)
    (10 0.08 0.25)
    (10 0.08 0.3)
    (10 0.08 0.4)
    (10 0.08 0.5)
    (10 0.08 1)
    (10 0.08 2)
    (10 0.08 3.5)
    (17.5 0.08 -3.5)
    (17.5 0.08 -2)
    (17.5 0.08 -1)
    (17.5 0.08 -0.5)
    (17.5 0.08 -0.4)
    (17.5 0.08 -0.3)
    (17.5 0.08 -0.25)
    (17.5 0.08 -0.2)
    (17.5 0.08 -0.15)
    (17.5 0.08 -0.1)
    (17.5 0.08 -0.05)
    (17.5 0.08 0)
    (17.5 0.08 0.05)
    (17.5 0.08 0.1)
    (17.5 0.08 0.15)
    (17.5 0.08 0.2)
    (17.5 0.08 0.25)
    (17.5 0.08 0.3)
    (17.5 0.08 0.4)
    (17.5 0.08 0.5)
    (17.5 0.08 1)
    (17.5 0.08 2)
    (17.5 0.08 3.5)
);

blocks
(
    hex (0 23 621 598 1 24 622 599) (1 20 1) simpleGrading (1 1 1)
    hex (1 24 622 599 2 25 623 600) (1 20 1) simpleGrading (1 1 1)
    hex (2 25 623 600 3 26 624 601) (1 20 1) simpleGrading (1 1 1)
    hex (3 26 624 601 4 27 625 602) (1 20 1) simpleGrading (1 1 1)
    hex (4 27 625 602 5 28 626 603) (1 20 1) simpleGrading (1 1 1)
    hex (5 28 626 603 6 29 627 604) (1 20 1) simpleGrading (1 1 1)
    hex (6 29 627 604 7 30 628 605) (1 20 1) simpleGrading (1 1 1)
    hex (7 30 628 605 8 31 629 606) (1 20 1) simpleGrading (1 1 1)
    hex (8 31 629 606 9 32 630 607) (1 20 1) simpleGrading (1 1 1)
    hex (9 32 630 607 10 33 631 608) (1 20 1) simpleGrading (1 1 1)
    hex (10 33 631 608 11 34 632 609) (1 20 1) simpleGrading (1 1 1)
    hex (11 34 632 609 12 35 633 610) (1 20 1) simpleGrading (1 1 1)
    hex (12 35 633 610 13 36 634 611) (1 20 1) simpleGrading (1 1 1)
    hex (13 36 634 611 14 37 635 612) (1 20 1) simpleGrading (1 1 1)
    hex (14 37 635 612 15 38 636 613) (1 20 1) simpleGrading (1 1 1)
    hex (15 38 636 613 16 39 637 614) (1 20 1) simpleGrading (1 1 1)
    hex (16 39 637 614 17 40 638 615) (1 20 1) simpleGrading (1 1 1)
    hex (17 40 638 615 18 41 639 616) (1 20 1) simpleGrading (1 1 1)
    hex (18 41 639 616 19 42 640 617) (1 20 1) simpleGrading (1 1 1)
    hex (19 42 640 617 20 43 641 618) (1 20 1) simpleGrading (1 1 1)
    hex (20 43 641 618 21 44 642 619) (1 20 1) simpleGrading (1 1 1)
    hex (21 44 642 619 22 45 643 620) (1 20 1) simpleGrading (1 1 1)
    hex (23 46 644 621 24 47 645 622) (1 20 1) simpleGrading (1 1 1)
    hex (24 47 645 622 25 48 646 623) (1 20 1) simpleGrading (1 1 1)
    hex (25 48 646 623 26 49 647 624) (1 20 1) simpleGrading (1 1 1)
    hex (26 49 647 624 27 50 648 625) (1 20 1) simpleGrading (1 1 1)
    hex (27 50 648 625 28 51 649 626) (1 20 1) simpleGrading (1 1 1)
    hex (28 51 649 626 29 52 650 627) (1 20 1) simpleGrading (1 1 1)
    hex (29 52 650 627 30 53 651 628) (1 20 1) simpleGrading (1 1 1)
    hex (30 53 651 628 31 54 652 629) (1 20 1) simpleGrading (1 1 1)
    hex (31 54 652 629 32 55 653 630) (1 20 1) simpleGrading (1 1 1)
    hex (32 55 653 630 33 56 654 631) (1 20 1) simpleGrading (1 1 1)
    hex (33 56 654 631 34 57 655 632) (1 20 1) simpleGrading (1 1 1)
    hex (34 57 655 632 35 58 656 633) (1 20 1) simpleGrading (1 1 1)
    hex (35 58 656 633 36 59 657 634) (1 20 1) simpleGrading (1 1 1)
    hex (36 59 657 634 37 60 658 635) (1 20 1) simpleGrading (1 1 1)
    hex (37 60 658 635 38 61 659 636) (1 20 1) simpleGrading (1 1 1)
    hex (38 61 659 636 39 62 660 637) (1 20 1) simpleGrading (1 1 1)
    hex (39 62 660 637 40 63 661 638) (1 20 1) simpleGrading (1 1 1)
    hex (40 63 661 638 41 64 662 639) (1 20 1) simpleGrading (1 1 1)
    hex (41 64 662 639 42 65 663 640) (1 20 1) simpleGrading (1 1 1)
    hex (42 65 663 640 43 66 664 641) (1 20 1) simpleGrading (1 1 1)
    hex (43 66 664 641 44 67 665 642) (1 20 1) simpleGrading (1 1 1)
    hex (44 67 665 642 45 68 666 643) (1 20 1) simpleGrading (1 1 1)
    hex (46 69 667 644 47 70 668 645) (1 20 1) simpleGrading (1 1 1)
    hex (47 70 668 645 48 71 669 646) (1 20 1) simpleGrading (1 1 1)
    hex (48 71 669 646 49 72 670 647) (1 20 1) simpleGrading (1 1 1)
    hex (49 72 670 647 50 73 671 648) (1 20 1) simpleGrading (1 1 1)
    hex (50 73 671 648 51 74 672 649) (1 20 1) simpleGrading (1 1 1)
    hex (51 74 672 649 52 75 673 650) (1 20 1) simpleGrading (1 1 1)
    hex (52 75 673 650 53 76 674 651) (1 20 1) simpleGrading (1 1 1)
    hex (53 76 674 651 54 77 675 652) (1 20 1) simpleGrading (1 1 1)
    hex (54 77 675 652 55 78 676 653) (1 20 1) simpleGrading (1 1 1)
    hex (55 78 676 653 56 79 677 654) (1 20 1) simpleGrading (1 1 1)
    hex (56 79 677 654 57 80 678 655) (1 20 1) simpleGrading (1 1 1)
    hex (57 80 678 655 58 81 679 656) (1 20 1) simpleGrading (1 1 1)
    hex (58 81 679 656 59 82 680 657) (1 20 1) simpleGrading (1 1 1)
    hex (59 82 680 657 60 83 681 658) (1 20 1) simpleGrading (1 1 1)
    hex (60 83 681 658 61 84 682 659) (1 20 1) simpleGrading (1 1 1)
    hex (61 84 682 659 62 85 683 660) (1 20 1) simpleGrading (1 1 1)
    hex (62 85 683 660 63 86 684 661) (1 20 1) simpleGrading (1 1 1)
    hex (63 86 684 661 64 87 685 662) (1 20 1) simpleGrading (1 1 1)
    hex (64 87 685 662 65 88 686 663) (1 20 1) simpleGrading (1 1 1)
    hex (65 88 686 663 66 89 687 664) (1 20 1) simpleGrading (1 1 1)
    hex (66 89 687 664 67 90 688 665) (1 20 1) simpleGrading (1 1 1)
    hex (67 90 688 665 68 91 689 666) (1 20 1) simpleGrading (1 1 1)
    hex (69 92 690 667 70 93 691 668) (1 20 1) simpleGrading (1 1 1)
    hex (70 93 691 668 71 94 692 669) (1 20 1) simpleGrading (1 1 1)
    hex (71 94 692 669 72 95 693 670) (1 20 1) simpleGrading (1 1 1)
    hex (72 95 693 670 73 96 694 671) (1 20 1) simpleGrading (1 1 1)
    hex (73 96 694 671 74 97 695 672) (1 20 1) simpleGrading (1 1 1)
    hex (74 97 695 672 75 98 696 673) (1 20 1) simpleGrading (1 1 1)
    hex (75 98 696 673 76 99 697 674) (1 20 1) simpleGrading (1 1 1)
    hex (76 99 697 674 77 100 698 675) (1 20 1) simpleGrading (1 1 1)
    hex (77 100 698 675 78 101 699 676) (1 20 1) simpleGrading (1 1 1)
    hex (78 101 699 676 79 102 700 677) (1 20 1) simpleGrading (1 1 1)
    hex (79 102 700 677 80 103 701 678) (1 20 1) simpleGrading (1 1 1)
    hex (80 103 701 678 81 104 702 679) (1 20 1) simpleGrading (1 1 1)
    hex (81 104 702 679 82 105 703 680) (1 20 1) simpleGrading (1 1 1)
    hex (82 105 703 680 83 106 704 681) (1 20 1) simpleGrading (1 1 1)
    hex (83 106 704 681 84 107 705 682) (1 20 1) simpleGrading (1 1 1)
    hex (84 107 705 682 85 108 706 683) (1 20 1) simpleGrading (1 1 1)
    hex (85 108 706 683 86 109 707 684) (1 20 1) simpleGrading (1 1 1)
    hex (86 109 707 684 87 110 708 685) (1 20 1) simpleGrading (1 1 1)
    hex (87 110 708 685 88 111 709 686) (1 20 1) simpleGrading (1 1 1)
    hex (88 111 709 686 89 112 710 687) (1 20 1) simpleGrading (1 1 1)
    hex (89 112 710 687 90 113 711 688) (1 20 1) simpleGrading (1 1 1)
    hex (90 113 711 688 91 114 712 689) (1 20 1) simpleGrading (1 1 1)
    hex (92 115 713 690 93 116 714 691) (1 20 1) simpleGrading (1 1 1)
    hex (93 116 714 691 94 117 715 692) (1 20 1) simpleGrading (1 1 1)
    hex (94 117 715 692 95 118 716 693) (1 20 1) simpleGrading (1 1 1)
    hex (95 118 716 693 96 119 717 694) (1 20 1) simpleGrading (1 1 1)
    hex (96 119 717 694 97 120 718 695) (1 20 1) simpleGrading (1 1 1)
    hex (97 120 718 695 98 121 719 696) (1 20 1) simpleGrading (1 1 1)
    hex (98 121 719 696 99 122 720 697) (1 20 1) simpleGrading (1 1 1)
    hex (99 122 720 697 100 123 721 698) (1 20 1) simpleGrading (1 1 1)
    hex (100 123 721 698 101 124 722 699) (1 20 1) simpleGrading (1 1 1)
    hex (101 124 722 699 102 125 723 700) (1 20 1) simpleGrading (1 1 1)
    hex (102 125 723 700 103 126 724 701) (1 20 1) simpleGrading (1 1 1)
    hex (103 126 724 701 104 127 725 702) (1 20 1) simpleGrading (1 1 1)
    hex (104 127 725 702 105 128 726 703) (1 20 1) simpleGrading (1 1 1)
    hex (105 128 726 703 106 129 727 704) (1 20 1) simpleGrading (1 1 1)
    hex (106 129 727 704 107 130 728 705) (1 20 1) simpleGrading (1 1 1)
    hex (107 130 728 705 108 131 729 706) (1 20 1) simpleGrading (1 1 1)
    hex (108 131 729 706 109 132 730 707) (1 20 1) simpleGrading (1 1 1)
    hex (109 132 730 707 110 133 731 708) (1 20 1) simpleGrading (1 1 1)
    hex (110 133 731 708 111 134 732 709) (1 20 1) simpleGrading (1 1 1)
    hex (111 134 732 709 112 135 733 710) (1 20 1) simpleGrading (1 1 1)
    hex (112 135 733 710 113 136 734 711) (1 20 1) simpleGrading (1 1 1)
    hex (113 136 734 711 114 137 735 712) (1 20 1) simpleGrading (1 1 1)
    hex (115 138 736 713 116 139 737 714) (1 20 1) simpleGrading (1 1 1)
    hex (116 139 737 714 117 140 738 715) (1 20 1) simpleGrading (1 1 1)
    hex (117 140 738 715 118 141 739 716) (1 20 1) simpleGrading (1 1 1)
    hex (118 141 739 716 119 142 740 717) (1 20 1) simpleGrading (1 1 1)
    hex (119 142 740 717 120 143 741 718) (1 20 1) simpleGrading (1 1 1)
    hex (120 143 741 718 121 144 742 719) (1 20 1) simpleGrading (1 1 1)
    hex (121 144 742 719 122 145 743 720) (1 20 1) simpleGrading (1 1 1)
    hex (122 145 743 720 123 146 744 721) (1 20 1) simpleGrading (1 1 1)
    hex (123 146 744 721 124 147 745 722) (1 20 1) simpleGrading (1 1 1)
    hex (124 147 745 722 125 148 746 723) (1 20 1) simpleGrading (1 1 1)
    hex (125 148 746 723 126 149 747 724) (1 20 1) simpleGrading (1 1 1)
    hex (126 149 747 724 127 150 748 725) (1 20 1) simpleGrading (1 1 1)
    hex (127 150 748 725 128 151 749 726) (1 20 1) simpleGrading (1 1 1)
    hex (128 151 749 726 129 152 750 727) (1 20 1) simpleGrading (1 1 1)
    hex (129 152 750 727 130 153 751 728) (1 20 1) simpleGrading (1 1 1)
    hex (130 153 751 728 131 154 752 729) (1 20 1) simpleGrading (1 1 1)
    hex (131 154 752 729 132 155 753 730) (1 20 1) simpleGrading (1 1 1)
    hex (132 155 753 730 133 156 754 731) (1 20 1) simpleGrading (1 1 1)
    hex (133 156 754 731 134 157 755 732) (1 20 1) simpleGrading (1 1 1)
    hex (134 157 755 732 135 158 756 733) (1 20 1) simpleGrading (1 1 1)
    hex (135 158 756 733 136 159 757 734) (1 20 1) simpleGrading (1 1 1)
    hex (136 159 757 734 137 160 758 735) (1 20 1) simpleGrading (1 1 1)
    hex (138 161 759 736 139 162 760 737) (1 20 1) simpleGrading (1 1 1)
    hex (139 162 760 737 140 163 761 738) (1 20 1) simpleGrading (1 1 1)
    hex (140 163 761 738 141 164 762 739) (1 20 1) simpleGrading (1 1 1)
    hex (141 164 762 739 142 165 763 740) (1 20 1) simpleGrading (1 1 1)
    hex (142 165 763 740 143 166 764 741) (1 20 1) simpleGrading (1 1 1)
    hex (143 166 764 741 144 167 765 742) (1 20 1) simpleGrading (1 1 1)
    hex (144 167 765 742 145 168 766 743) (1 20 1) simpleGrading (1 1 1)
    hex (145 168 766 743 146 169 767 744) (1 20 1) simpleGrading (1 1 1)
    hex (146 169 767 744 147 170 768 745) (1 20 1) simpleGrading (1 1 1)
    hex (147 170 768 745 148 171 769 746) (1 20 1) simpleGrading (1 1 1)
    hex (148 171 769 746 149 172 770 747) (1 20 1) simpleGrading (1 1 1)
    hex (149 172 770 747 150 173 771 748) (1 20 1) simpleGrading (1 1 1)
    hex (150 173 771 748 151 174 772 749) (1 20 1) simpleGrading (1 1 1)
    hex (151 174 772 749 152 175 773 750) (1 20 1) simpleGrading (1 1 1)
    hex (152 175 773 750 153 176 774 751) (1 20 1) simpleGrading (1 1 1)
    hex (153 176 774 751 154 177 775 752) (1 20 1) simpleGrading (1 1 1)
    hex (154 177 775 752 155 178 776 753) (1 20 1) simpleGrading (1 1 1)
    hex (155 178 776 753 156 179 777 754) (1 20 1) simpleGrading (1 1 1)
    hex (156 179 777 754 157 180 778 755) (1 20 1) simpleGrading (1 1 1)
    hex (157 180 778 755 158 181 779 756) (1 20 1) simpleGrading (1 1 1)
    hex (158 181 779 756 159 182 780 757) (1 20 1) simpleGrading (1 1 1)
    hex (159 182 780 757 160 183 781 758) (1 20 1) simpleGrading (1 1 1)
    hex (161 184 782 759 162 185 783 760) (1 20 1) simpleGrading (1 1 1)
    hex (162 185 783 760 163 186 784 761) (1 20 1) simpleGrading (1 1 1)
    hex (163 186 784 761 164 187 785 762) (1 20 1) simpleGrading (1 1 1)
    hex (164 187 785 762 165 188 786 763) (1 20 1) simpleGrading (1 1 1)
    hex (165 188 786 763 166 189 787 764) (1 20 1) simpleGrading (1 1 1)
    hex (166 189 787 764 167 190 788 765) (1 20 1) simpleGrading (1 1 1)
    hex (167 190 788 765 168 191 789 766) (1 20 1) simpleGrading (1 1 1)
    hex (168 191 789 766 169 192 790 767) (1 20 1) simpleGrading (1 1 1)
    hex (169 192 790 767 170 193 791 768) (1 20 1) simpleGrading (1 1 1)
    hex (170 193 791 768 171 194 792 769) (1 20 1) simpleGrading (1 1 1)
    hex (171 194 792 769 172 195 793 770) (1 20 1) simpleGrading (1 1 1)
    hex (172 195 793 770 173 196 794 771) (1 20 1) simpleGrading (1 1 1)
    hex (173 196 794 771 174 197 795 772) (1 20 1) simpleGrading (1 1 1)
    hex (174 197 795 772 175 198 796 773) (1 20 1) simpleGrading (1 1 1)
    hex (175 198 796 773 176 199 797 774) (1 20 1) simpleGrading (1 1 1)
    hex (176 199 797 774 177 200 798 775) (1 20 1) simpleGrading (1 1 1)
    hex (177 200 798 775 178 201 799 776) (1 20 1) simpleGrading (1 1 1)
    hex (178 201 799 776 179 202 800 777) (1 20 1) simpleGrading (1 1 1)
    hex (179 202 800 777 180 203 801 778) (1 20 1) simpleGrading (1 1 1)
    hex (180 203 801 778 181 204 802 779) (1 20 1) simpleGrading (1 1 1)
    hex (181 204 802 779 182 205 803 780) (1 20 1) simpleGrading (1 1 1)
    hex (182 205 803 780 183 206 804 781) (1 20 1) simpleGrading (1 1 1)
    hex (184 207 805 782 185 208 806 783) (1 20 1) simpleGrading (1 1 1)
    hex (185 208 806 783 186 209 807 784) (1 20 1) simpleGrading (1 1 1)
    hex (186 209 807 784 187 210 808 785) (1 20 1) simpleGrading (1 1 1)
    hex (187 210 808 785 188 211 809 786) (1 20 1) simpleGrading (1 1 1)
    hex (188 211 809 786 189 212 810 787) (1 20 1) simpleGrading (1 1 1)
    hex (189 212 810 787 190 213 811 788) (1 20 1) simpleGrading (1 1 1)
    hex (190 213 811 788 191 214 812 789) (1 20 1) simpleGrading (1 1 1)
    hex (191 214 812 789 192 215 813 790) (1 20 1) simpleGrading (1 1 1)
    hex (192 215 813 790 193 216 814 791) (1 20 1) simpleGrading (1 1 1)
    hex (193 216 814 791 194 217 815 792) (1 20 1) simpleGrading (1 1 1)
    hex (194 217 815 792 195 218 816 793) (1 20 1) simpleGrading (1 1 1)
    hex (195 218 816 793 196 219 817 794) (1 20 1) simpleGrading (1 1 1)
    hex (196 219 817 794 197 220 818 795) (1 20 1) simpleGrading (1 1 1)
    hex (197 220 818 795 198 221 819 796) (1 20 1) simpleGrading (1 1 1)
    hex (198 221 819 796 199 222 820 797) (1 20 1) simpleGrading (1 1 1)
    hex (199 222 820 797 200 223 821 798) (1 20 1) simpleGrading (1 1 1)
    hex (200 223 821 798 201 224 822 799) (1 20 1) simpleGrading (1 1 1)
    hex (201 224 822 799 202 225 823 800) (1 20 1) simpleGrading (1 1 1)
    hex (202 225 823 800 203 226 824 801) (1 20 1) simpleGrading (1 1 1)
    hex (203 226 824 801 204 227 825 802) (1 20 1) simpleGrading (1 1 1)
    hex (204 227 825 802 205 228 826 803) (1 20 1) simpleGrading (1 1 1)
    hex (205 228 826 803 206 229 827 804) (1 20 1) simpleGrading (1 1 1)
    hex (207 230 828 805 208 231 829 806) (1 20 1) simpleGrading (1 1 1)
    hex (208 231 829 806 209 232 830 807) (1 20 1) simpleGrading (1 1 1)
    hex (209 232 830 807 210 233 831 808) (1 20 1) simpleGrading (1 1 1)
    hex (210 233 831 808 211 234 832 809) (1 20 1) simpleGrading (1 1 1)
    hex (211 234 832 809 212 235 833 810) (1 20 1) simpleGrading (1 1 1)
    hex (212 235 833 810 213 236 834 811) (1 20 1) simpleGrading (1 1 1)
    hex (213 236 834 811 214 237 835 812) (1 20 1) simpleGrading (1 1 1)
    hex (214 237 835 812 215 238 836 813) (1 20 1) simpleGrading (1 1 1)
    hex (215 238 836 813 216 239 837 814) (1 20 1) simpleGrading (1 1 1)
    hex (216 239 837 814 217 240 838 815) (1 20 1) simpleGrading (1 1 1)
    hex (217 240 838 815 218 241 839 816) (1 20 1) simpleGrading (1 1 1)
    hex (218 241 839 816 219 242 840 817) (1 20 1) simpleGrading (1 1 1)
    hex (219 242 840 817 220 243 841 818) (1 20 1) simpleGrading (1 1 1)
    hex (220 243 841 818 221 244 842 819) (1 20 1) simpleGrading (1 1 1)
    hex (221 244 842 819 222 245 843 820) (1 20 1) simpleGrading (1 1 1)
    hex (222 245 843 820 223 246 844 821) (1 20 1) simpleGrading (1 1 1)
    hex (223 246 844 821 224 247 845 822) (1 20 1) simpleGrading (1 1 1)
    hex (224 247 845 822 225 248 846 823) (1 20 1) simpleGrading (1 1 1)
    hex (225 248 846 823 226 249 847 824) (1 20 1) simpleGrading (1 1 1)
    hex (226 249 847 824 227 250 848 825) (1 20 1) simpleGrading (1 1 1)
    hex (227 250 848 825 228 251 849 826) (1 20 1) simpleGrading (1 1 1)
    hex (228 251 849 826 229 252 850 827) (1 20 1) simpleGrading (1 1 1)
    hex (230 253 851 828 231 254 852 829) (1 20 1) simpleGrading (1 1 1)
    hex (231 254 852 829 232 255 853 830) (1 20 1) simpleGrading (1 1 1)
    hex (232 255 853 830 233 256 854 831) (1 20 1) simpleGrading (1 1 1)
    hex (233 256 854 831 234 257 855 832) (1 20 1) simpleGrading (1 1 1)
    hex (234 257 855 832 235 258 856 833) (1 20 1) simpleGrading (1 1 1)
    hex (235 258 856 833 236 259 857 834) (1 20 1) simpleGrading (1 1 1)
    hex (236 259 857 834 237 260 858 835) (1 20 1) simpleGrading (1 1 1)
    hex (237 260 858 835 238 261 859 836) (1 20 1) simpleGrading (1 1 1)
    hex (238 261 859 836 239 262 860 837) (1 20 1) simpleGrading (1 1 1)
    hex (239 262 860 837 240 263 861 838) (1 20 1) simpleGrading (1 1 1)
    hex (240 263 861 838 241 264 862 839) (1 20 1) simpleGrading (1 1 1)
    hex (241 264 862 839 242 265 863 840) (1 20 1) simpleGrading (1 1 1)
    hex (242 265 863 840 243 266 864 841) (1 20 1) simpleGrading (1 1 1)
    hex (243 266 864 841 244 267 865 842) (1 20 1) simpleGrading (1 1 1)
    hex (244 267 865 842 245 268 866 843) (1 20 1) simpleGrading (1 1 1)
    hex (245 268 866 843 246 269 867 844) (1 20 1) simpleGrading (1 1 1)
    hex (246 269 867 844 247 270 868 845) (1 20 1) simpleGrading (1 1 1)
    hex (247 270 868 845 248 271 869 846) (1 20 1) simpleGrading (1 1 1)
    hex (248 271 869 846 249 272 870 847) (1 20 1) simpleGrading (1 1 1)
    hex (249 272 870 847 250 273 871 848) (1 20 1) simpleGrading (1 1 1)
    hex (250 273 871 848 251 274 872 849) (1 20 1) simpleGrading (1 1 1)
    hex (251 274 872 849 252 275 873 850) (1 20 1) simpleGrading (1 1 1)
    hex (253 276 874 851 254 277 875 852) (1 20 1) simpleGrading (1 1 1)
    hex (254 277 875 852 255 278 876 853) (1 20 1) simpleGrading (1 1 1)
    hex (255 278 876 853 256 279 877 854) (1 20 1) simpleGrading (1 1 1)
    hex (256 279 877 854 257 280 878 855) (1 20 1) simpleGrading (1 1 1)
    hex (257 280 878 855 258 281 879 856) (1 20 1) simpleGrading (1 1 1)
    hex (258 281 879 856 259 282 880 857) (1 20 1) simpleGrading (1 1 1)
    hex (259 282 880 857 260 283 881 858) (1 20 1) simpleGrading (1 1 1)
    hex (260 283 881 858 261 284 882 859) (1 20 1) simpleGrading (1 1 1)
    hex (261 284 882 859 262 285 883 860) (1 20 1) simpleGrading (1 1 1)
    hex (262 285 883 860 263 286 884 861) (1 20 1) simpleGrading (1 1 1)
    hex (263 286 884 861 264 287 885 862) (1 20 1) simpleGrading (1 1 1)
    hex (264 287 885 862 265 288 886 863) (1 20 1) simpleGrading (1 1 1)
    hex (265 288 886 863 266 289 887 864) (1 20 1) simpleGrading (1 1 1)
    hex (266 289 887 864 267 290 888 865) (1 20 1) simpleGrading (1 1 1)
    hex (267 290 888 865 268 291 889 866) (1 20 1) simpleGrading (1 1 1)
    hex (268 291 889 866 269 292 890 867) (1 20 1) simpleGrading (1 1 1)
    hex (269 292 890 867 270 293 891 868) (1 20 1) simpleGrading (1 1 1)
    hex (270 293 891 868 271 294 892 869) (1 20 1) simpleGrading (1 1 1)
    hex (271 294 892 869 272 295 893 870) (1 20 1) simpleGrading (1 1 1)
    hex (272 295 893 870 273 296 894 871) (1 20 1) simpleGrading (1 1 1)
    hex (273 296 894 871 274 297 895 872) (1 20 1) simpleGrading (1 1 1)
    hex (274 297 895 872 275 298 896 873) (1 20 1) simpleGrading (1 1 1)
    hex (276 299 897 874 277 300 898 875) (1 20 1) simpleGrading (1 1 1)
    hex (277 300 898 875 278 301 899 876) (1 20 1) simpleGrading (1 1 1)
    hex (278 301 899 876 279 302 900 877) (1 20 1) simpleGrading (1 1 1)
    hex (279 302 900 877 280 303 901 878) (1 20 1) simpleGrading (1 1 1)
    hex (280 303 901 878 281 304 902 879) (1 20 1) simpleGrading (1 1 1)
    hex (281 304 902 879 282 305 903 880) (1 20 1) simpleGrading (1 1 1)
    hex (282 305 903 880 283 306 904 881) (1 20 1) simpleGrading (1 1 1)
    hex (283 306 904 881 284 307 905 882) (1 20 1) simpleGrading (1 1 1)
    hex (284 307 905 882 285 308 906 883) (1 20 1) simpleGrading (1 1 1)
    hex (285 308 906 883 286 309 907 884) (1 20 1) simpleGrading (1 1 1)
    hex (286 309 907 884 287 310 908 885) (1 20 1) simpleGrading (1 1 1)
    hex (287 310 908 885 288 311 909 886) (1 20 1) simpleGrading (1 1 1)
    hex (288 311 909 886 289 312 910 887) (1 20 1) simpleGrading (1 1 1)
    hex (289 312 910 887 290 313 911 888) (1 20 1) simpleGrading (1 1 1)
    hex (290 313 911 888 291 314 912 889) (1 20 1) simpleGrading (1 1 1)
    hex (291 314 912 889 292 315 913 890) (1 20 1) simpleGrading (1 1 1)
    hex (292 315 913 890 293 316 914 891) (1 20 1) simpleGrading (1 1 1)
    hex (293 316 914 891 294 317 915 892) (1 20 1) simpleGrading (1 1 1)
    hex (294 317 915 892 295 318 916 893) (1 20 1) simpleGrading (1 1 1)
    hex (295 318 916 893 296 319 917 894) (1 20 1) simpleGrading (1 1 1)
    hex (296 319 917 894 297 320 918 895) (1 20 1) simpleGrading (1 1 1)
    hex (297 320 918 895 298 321 919 896) (1 20 1) simpleGrading (1 1 1)
    hex (299 322 920 897 300 323 921 898) (1 20 1) simpleGrading (1 1 1)
    hex (300 323 921 898 301 324 922 899) (1 20 1) simpleGrading (1 1 1)
    hex (301 324 922 899 302 325 923 900) (1 20 1) simpleGrading (1 1 1)
    hex (302 325 923 900 303 326 924 901) (1 20 1) simpleGrading (1 1 1)
    hex (303 326 924 901 304 327 925 902) (1 20 1) simpleGrading (1 1 1)
    hex (304 327 925 902 305 328 926 903) (1 20 1) simpleGrading (1 1 1)
    hex (305 328 926 903 306 329 927 904) (1 20 1) simpleGrading (1 1 1)
    hex (306 329 927 904 307 330 928 905) (1 20 1) simpleGrading (1 1 1)
    hex (307 330 928 905 308 331 929 906) (1 20 1) simpleGrading (1 1 1)
    hex (308 331 929 906 309 332 930 907) (1 20 1) simpleGrading (1 1 1)
    hex (309 332 930 907 310 333 931 908) (1 20 1) simpleGrading (1 1 1)
    hex (310 333 931 908 311 334 932 909) (1 20 1) simpleGrading (1 1 1)
    hex (311 334 932 909 312 335 933 910) (1 20 1) simpleGrading (1 1 1)
    hex (312 335 933 910 313 336 934 911) (1 20 1) simpleGrading (1 1 1)
    hex (313 336 934 911 314 337 935 912) (1 20 1) simpleGrading (1 1 1)
    hex (314 337 935 912 315 338 936 913) (1 20 1) simpleGrading (1 1 1)
    hex (315 338 936 913 316 339 937 914) (1 20 1) simpleGrading (1 1 1)
    hex (316 339 937 914 317 340 938 915) (1 20 1) simpleGrading (1 1 1)
    hex (317 340 938 915 318 341 939 916) (1 20 1) simpleGrading (1 1 1)
    hex (318 341 939 916 319 342 940 917) (1 20 1) simpleGrading (1 1 1)
    hex (319 342 940 917 320 343 941 918) (1 20 1) simpleGrading (1 1 1)
    hex (320 343 941 918 321 344 942 919) (1 20 1) simpleGrading (1 1 1)
    hex (322 345 943 920 323 346 944 921) (1 20 1) simpleGrading (1 1 1)
    hex (323 346 944 921 324 347 945 922) (1 20 1) simpleGrading (1 1 1)
    hex (324 347 945 922 325 348 946 923) (1 20 1) simpleGrading (1 1 1)
    hex (325 348 946 923 326 349 947 924) (1 20 1) simpleGrading (1 1 1)
    hex (326 349 947 924 327 350 948 925) (1 20 1) simpleGrading (1 1 1)
    hex (327 350 948 925 328 351 949 926) (1 20 1) simpleGrading (1 1 1)
    hex (328 351 949 926 329 352 950 927) (1 20 1) simpleGrading (1 1 1)
    hex (329 352 950 927 330 353 951 928) (1 20 1) simpleGrading (1 1 1)
    hex (330 353 951 928 331 354 952 929) (1 20 1) simpleGrading (1 1 1)
    hex (331 354 952 929 332 355 953 930) (1 20 1) simpleGrading (1 1 1)
    hex (332 355 953 930 333 356 954 931) (1 20 1) simpleGrading (1 1 1)
    hex (333 356 954 931 334 357 955 932) (1 20 1) simpleGrading (1 1 1)
    hex (334 357 955 932 335 358 956 933) (1 20 1) simpleGrading (1 1 1)
    hex (335 358 956 933 336 359 957 934) (1 20 1) simpleGrading (1 1 1)
    hex (336 359 957 934 337 360 958 935) (1 20 1) simpleGrading (1 1 1)
    hex (337 360 958 935 338 361 959 936) (1 20 1) simpleGrading (1 1 1)
    hex (338 361 959 936 339 362 960 937) (1 20 1) simpleGrading (1 1 1)
    hex (339 362 960 937 340 363 961 938) (1 20 1) simpleGrading (1 1 1)
    hex (340 363 961 938 341 364 962 939) (1 20 1) simpleGrading (1 1 1)
    hex (341 364 962 939 342 365 963 940) (1 20 1) simpleGrading (1 1 1)
    hex (342 365 963 940 343 366 964 941) (1 20 1) simpleGrading (1 1 1)
    hex (343 366 964 941 344 367 965 942) (1 20 1) simpleGrading (1 1 1)
    hex (345 368 966 943 346 369 967 944) (1 20 1) simpleGrading (1 1 1)
    hex (346 369 967 944 347 370 968 945) (1 20 1) simpleGrading (1 1 1)
    hex (347 370 968 945 348 371 969 946) (1 20 1) simpleGrading (1 1 1)
    hex (348 371 969 946 349 372 970 947) (1 20 1) simpleGrading (1 1 1)
    hex (349 372 970 947 350 373 971 948) (1 20 1) simpleGrading (1 1 1)
    hex (350 373 971 948 351 374 972 949) (1 20 1) simpleGrading (1 1 1)
    hex (351 374 972 949 352 375 973 950) (1 20 1) simpleGrading (1 1 1)
    hex (352 375 973 950 353 376 974 951) (1 20 1) simpleGrading (1 1 1)
    hex (353 376 974 951 354 377 975 952) (1 20 1) simpleGrading (1 1 1)
    hex (354 377 975 952 355 378 976 953) (1 20 1) simpleGrading (1 1 1)
    hex (355 378 976 953 356 379 977 954) (1 20 1) simpleGrading (1 1 1)
    hex (356 379 977 954 357 380 978 955) (1 20 1) simpleGrading (1 1 1)
    hex (357 380 978 955 358 381 979 956) (1 20 1) simpleGrading (1 1 1)
    hex (358 381 979 956 359 382 980 957) (1 20 1) simpleGrading (1 1 1)
    hex (359 382 980 957 360 383 981 958) (1 20 1) simpleGrading (1 1 1)
    hex (360 383 981 958 361 384 982 959) (1 20 1) simpleGrading (1 1 1)
    hex (361 384 982 959 362 385 983 960) (1 20 1) simpleGrading (1 1 1)
    hex (362 385 983 960 363 386 984 961) (1 20 1) simpleGrading (1 1 1)
    hex (363 386 984 961 364 387 985 962) (1 20 1) simpleGrading (1 1 1)
    hex (364 387 985 962 365 388 986 963) (1 20 1) simpleGrading (1 1 1)
    hex (365 388 986 963 366 389 987 964) (1 20 1) simpleGrading (1 1 1)
    hex (366 389 987 964 367 390 988 965) (1 20 1) simpleGrading (1 1 1)
    hex (368 391 989 966 369 392 990 967) (1 20 1) simpleGrading (1 1 1)
    hex (369 392 990 967 370 393 991 968) (1 20 1) simpleGrading (1 1 1)
    hex (370 393 991 968 371 394 992 969) (1 20 1) simpleGrading (1 1 1)
    hex (371 394 992 969 372 395 993 970) (1 20 1) simpleGrading (1 1 1)
    hex (372 395 993 970 373 396 994 971) (1 20 1) simpleGrading (1 1 1)
    hex (373 396 994 971 374 397 995 972) (1 20 1) simpleGrading (1 1 1)
    hex (374 397 995 972 375 398 996 973) (1 20 1) simpleGrading (1 1 1)
    hex (375 398 996 973 376 399 997 974) (1 20 1) simpleGrading (1 1 1)
    hex (376 399 997 974 377 400 998 975) (1 20 1) simpleGrading (1 1 1)
    hex (377 400 998 975 378 401 999 976) (1 20 1) simpleGrading (1 1 1)
    hex (378 401 999 976 379 402 1000 977) (1 20 1) simpleGrading (1 1 1)
    hex (379 402 1000 977 380 403 1001 978) (1 20 1) simpleGrading (1 1 1)
    hex (380 403 1001 978 381 404 1002 979) (1 20 1) simpleGrading (1 1 1)
    hex (381 404 1002 979 382 405 1003 980) (1 20 1) simpleGrading (1 1 1)
    hex (382 405 1003 980 383 406 1004 981) (1 20 1) simpleGrading (1 1 1)
    hex (383 406 1004 981 384 407 1005 982) (1 20 1) simpleGrading (1 1 1)
    hex (384 407 1005 982 385 408 1006 983) (1 20 1) simpleGrading (1 1 1)
    hex (385 408 1006 983 386 409 1007 984) (1 20 1) simpleGrading (1 1 1)
    hex (386 409 1007 984 387 410 1008 985) (1 20 1) simpleGrading (1 1 1)
    hex (387 410 1008 985 388 411 1009 986) (1 20 1) simpleGrading (1 1 1)
    hex (388 411 1009 986 389 412 1010 987) (1 20 1) simpleGrading (1 1 1)
    hex (389 412 1010 987 390 413 1011 988) (1 20 1) simpleGrading (1 1 1)
    hex (391 414 1012 989 392 415 1013 990) (1 20 1) simpleGrading (1 1 1)
    hex (392 415 1013 990 393 416 1014 991) (1 20 1) simpleGrading (1 1 1)
    hex (393 416 1014 991 394 417 1015 992) (1 20 1) simpleGrading (1 1 1)
    hex (394 417 1015 992 395 418 1016 993) (1 20 1) simpleGrading (1 1 1)
    hex (395 418 1016 993 396 419 1017 994) (1 20 1) simpleGrading (1 1 1)
    hex (396 419 1017 994 397 420 1018 995) (1 20 1) simpleGrading (1 1 1)
    hex (397 420 1018 995 398 421 1019 996) (1 20 1) simpleGrading (1 1 1)
    hex (398 421 1019 996 399 422 1020 997) (1 20 1) simpleGrading (1 1 1)
    hex (399 422 1020 997 400 423 1021 998) (1 20 1) simpleGrading (1 1 1)
    hex (400 423 1021 998 401 424 1022 999) (1 20 1) simpleGrading (1 1 1)
    hex (401 424 1022 999 402 425 1023 1000) (1 20 1) simpleGrading (1 1 1)
    hex (402 425 1023 1000 403 426 1024 1001) (1 20 1) simpleGrading (1 1 1)
    hex (403 426 1024 1001 404 427 1025 1002) (1 20 1) simpleGrading (1 1 1)
    hex (404 427 1025 1002 405 428 1026 1003) (1 20 1) simpleGrading (1 1 1)
    hex (405 428 1026 1003 406 429 1027 1004) (1 20 1) simpleGrading (1 1 1)
    hex (406 429 1027 1004 407 430 1028 1005) (1 20 1) simpleGrading (1 1 1)
    hex (407 430 1028 1005 408 431 1029 1006) (1 20 1) simpleGrading (1 1 1)
    hex (408 431 1029 1006 409 432 1030 1007) (1 20 1) simpleGrading (1 1 1)
    hex (409 432 1030 1007 410 433 1031 1008) (1 20 1) simpleGrading (1 1 1)
    hex (410 433 1031 1008 411 434 1032 1009) (1 20 1) simpleGrading (1 1 1)
    hex (411 434 1032 1009 412 435 1033 1010) (1 20 1) simpleGrading (1 1 1)
    hex (412 435 1033 1010 413 436 1034 1011) (1 20 1) simpleGrading (1 1 1)
    hex (414 437 1035 1012 415 438 1036 1013) (1 20 1) simpleGrading (1 1 1)
    hex (415 438 1036 1013 416 439 1037 1014) (1 20 1) simpleGrading (1 1 1)
    hex (416 439 1037 1014 417 440 1038 1015) (1 20 1) simpleGrading (1 1 1)
    hex (417 440 1038 1015 418 441 1039 1016) (1 20 1) simpleGrading (1 1 1)
    hex (418 441 1039 1016 419 442 1040 1017) (1 20 1) simpleGrading (1 1 1)
    hex (419 442 1040 1017 420 443 1041 1018) (1 20 1) simpleGrading (1 1 1)
    hex (420 443 1041 1018 421 444 1042 1019) (1 20 1) simpleGrading (1 1 1)
    hex (421 444 1042 1019 422 445 1043 1020) (1 20 1) simpleGrading (1 1 1)
    hex (422 445 1043 1020 423 446 1044 1021) (1 20 1) simpleGrading (1 1 1)
    hex (423 446 1044 1021 424 447 1045 1022) (1 20 1) simpleGrading (1 1 1)
    hex (424 447 1045 1022 425 448 1046 1023) (1 20 1) simpleGrading (1 1 1)
    hex (425 448 1046 1023 426 449 1047 1024) (1 20 1) simpleGrading (1 1 1)
    hex (426 449 1047 1024 427 450 1048 1025) (1 20 1) simpleGrading (1 1 1)
    hex (427 450 1048 1025 428 451 1049 1026) (1 20 1) simpleGrading (1 1 1)
    hex (428 451 1049 1026 429 452 1050 1027) (1 20 1) simpleGrading (1 1 1)
    hex (429 452 1050 1027 430 453 1051 1028) (1 20 1) simpleGrading (1 1 1)
    hex (430 453 1051 1028 431 454 1052 1029) (1 20 1) simpleGrading (1 1 1)
    hex (431 454 1052 1029 432 455 1053 1030) (1 20 1) simpleGrading (1 1 1)
    hex (432 455 1053 1030 433 456 1054 1031) (1 20 1) simpleGrading (1 1 1)
    hex (433 456 1054 1031 434 457 1055 1032) (1 20 1) simpleGrading (1 1 1)
    hex (434 457 1055 1032 435 458 1056 1033) (1 20 1) simpleGrading (1 1 1)
    hex (435 458 1056 1033 436 459 1057 1034) (1 20 1) simpleGrading (1 1 1)
    hex (437 460 1058 1035 438 461 1059 1036) (1 20 1) simpleGrading (1 1 1)
    hex (438 461 1059 1036 439 462 1060 1037) (1 20 1) simpleGrading (1 1 1)
    hex (439 462 1060 1037 440 463 1061 1038) (1 20 1) simpleGrading (1 1 1)
    hex (440 463 1061 1038 441 464 1062 1039) (1 20 1) simpleGrading (1 1 1)
    hex (441 464 1062 1039 442 465 1063 1040) (1 20 1) simpleGrading (1 1 1)
    hex (442 465 1063 1040 443 466 1064 1041) (1 20 1) simpleGrading (1 1 1)
    hex (443 466 1064 1041 444 467 1065 1042) (1 20 1) simpleGrading (1 1 1)
    hex (444 467 1065 1042 445 468 1066 1043) (1 20 1) simpleGrading (1 1 1)
    hex (445 468 1066 1043 446 469 1067 1044) (1 20 1) simpleGrading (1 1 1)
    hex (446 469 1067 1044 447 470 1068 1045) (1 20 1) simpleGrading (1 1 1)
    hex (447 470 1068 1045 448 471 1069 1046) (1 20 1) simpleGrading (1 1 1)
    hex (448 471 1069 1046 449 472 1070 1047) (1 20 1) simpleGrading (1 1 1)
    hex (449 472 1070 1047 450 473 1071 1048) (1 20 1) simpleGrading (1 1 1)
    hex (450 473 1071 1048 451 474 1072 1049) (1 20 1) simpleGrading (1 1 1)
    hex (451 474 1072 1049 452 475 1073 1050) (1 20 1) simpleGrading (1 1 1)
    hex (452 475 1073 1050 453 476 1074 1051) (1 20 1) simpleGrading (1 1 1)
    hex (453 476 1074 1051 454 477 1075 1052) (1 20 1) simpleGrading (1 1 1)
    hex (454 477 1075 1052 455 478 1076 1053) (1 20 1) simpleGrading (1 1 1)
    hex (455 478 1076 1053 456 479 1077 1054) (1 20 1) simpleGrading (1 1 1)
    hex (456 479 1077 1054 457 480 1078 1055) (1 20 1) simpleGrading (1 1 1)
    hex (457 480 1078 1055 458 481 1079 1056) (1 20 1) simpleGrading (1 1 1)
    hex (458 481 1079 1056 459 482 1080 1057) (1 20 1) simpleGrading (1 1 1)
    hex (460 483 1081 1058 461 484 1082 1059) (1 20 1) simpleGrading (1 1 1)
    hex (461 484 1082 1059 462 485 1083 1060) (1 20 1) simpleGrading (1 1 1)
    hex (462 485 1083 1060 463 486 1084 1061) (1 20 1) simpleGrading (1 1 1)
    hex (463 486 1084 1061 464 487 1085 1062) (1 20 1) simpleGrading (1 1 1)
    hex (464 487 1085 1062 465 488 1086 1063) (1 20 1) simpleGrading (1 1 1)
    hex (465 488 1086 1063 466 489 1087 1064) (1 20 1) simpleGrading (1 1 1)
    hex (466 489 1087 1064 467 490 1088 1065) (1 20 1) simpleGrading (1 1 1)
    hex (467 490 1088 1065 468 491 1089 1066) (1 20 1) simpleGrading (1 1 1)
    hex (468 491 1089 1066 469 492 1090 1067) (1 20 1) simpleGrading (1 1 1)
    hex (469 492 1090 1067 470 493 1091 1068) (1 20 1) simpleGrading (1 1 1)
    hex (470 493 1091 1068 471 494 1092 1069) (1 20 1) simpleGrading (1 1 1)
    hex (471 494 1092 1069 472 495 1093 1070) (1 20 1) simpleGrading (1 1 1)
    hex (472 495 1093 1070 473 496 1094 1071) (1 20 1) simpleGrading (1 1 1)
    hex (473 496 1094 1071 474 497 1095 1072) (1 20 1) simpleGrading (1 1 1)
    hex (474 497 1095 1072 475 498 1096 1073) (1 20 1) simpleGrading (1 1 1)
    hex (475 498 1096 1073 476 499 1097 1074) (1 20 1) simpleGrading (1 1 1)
    hex (476 499 1097 1074 477 500 1098 1075) (1 20 1) simpleGrading (1 1 1)
    hex (477 500 1098 1075 478 501 1099 1076) (1 20 1) simpleGrading (1 1 1)
    hex (478 501 1099 1076 479 502 1100 1077) (1 20 1) simpleGrading (1 1 1)
    hex (479 502 1100 1077 480 503 1101 1078) (1 20 1) simpleGrading (1 1 1)
    hex (480 503 1101 1078 481 504 1102 1079) (1 20 1) simpleGrading (1 1 1)
    hex (481 504 1102 1079 482 505 1103 1080) (1 20 1) simpleGrading (1 1 1)
    hex (483 506 1104 1081 484 507 1105 1082) (1 20 1) simpleGrading (1 1 1)
    hex (484 507 1105 1082 485 508 1106 1083) (1 20 1) simpleGrading (1 1 1)
    hex (485 508 1106 1083 486 509 1107 1084) (1 20 1) simpleGrading (1 1 1)
    hex (486 509 1107 1084 487 510 1108 1085) (1 20 1) simpleGrading (1 1 1)
    hex (487 510 1108 1085 488 511 1109 1086) (1 20 1) simpleGrading (1 1 1)
    hex (488 511 1109 1086 489 512 1110 1087) (1 20 1) simpleGrading (1 1 1)
    hex (489 512 1110 1087 490 513 1111 1088) (1 20 1) simpleGrading (1 1 1)
    hex (490 513 1111 1088 491 514 1112 1089) (1 20 1) simpleGrading (1 1 1)
    hex (491 514 1112 1089 492 515 1113 1090) (1 20 1) simpleGrading (1 1 1)
    hex (492 515 1113 1090 493 516 1114 1091) (1 20 1) simpleGrading (1 1 1)
    hex (493 516 1114 1091 494 517 1115 1092) (1 20 1) simpleGrading (1 1 1)
    hex (494 517 1115 1092 495 518 1116 1093) (1 20 1) simpleGrading (1 1 1)
    hex (495 518 1116 1093 496 519 1117 1094) (1 20 1) simpleGrading (1 1 1)
    hex (496 519 1117 1094 497 520 1118 1095) (1 20 1) simpleGrading (1 1 1)
    hex (497 520 1118 1095 498 521 1119 1096) (1 20 1) simpleGrading (1 1 1)
    hex (498 521 1119 1096 499 522 1120 1097) (1 20 1) simpleGrading (1 1 1)
    hex (499 522 1120 1097 500 523 1121 1098) (1 20 1) simpleGrading (1 1 1)
    hex (500 523 1121 1098 501 524 1122 1099) (1 20 1) simpleGrading (1 1 1)
    hex (501 524 1122 1099 502 525 1123 1100) (1 20 1) simpleGrading (1 1 1)
    hex (502 525 1123 1100 503 526 1124 1101) (1 20 1) simpleGrading (1 1 1)
    hex (503 526 1124 1101 504 527 1125 1102) (1 20 1) simpleGrading (1 1 1)
    hex (504 527 1125 1102 505 528 1126 1103) (1 20 1) simpleGrading (1 1 1)
    hex (506 529 1127 1104 507 530 1128 1105) (1 20 1) simpleGrading (1 1 1)
    hex (507 530 1128 1105 508 531 1129 1106) (1 20 1) simpleGrading (1 1 1)
    hex (508 531 1129 1106 509 532 1130 1107) (1 20 1) simpleGrading (1 1 1)
    hex (509 532 1130 1107 510 533 1131 1108) (1 20 1) simpleGrading (1 1 1)
    hex (510 533 1131 1108 511 534 1132 1109) (1 20 1) simpleGrading (1 1 1)
    hex (511 534 1132 1109 512 535 1133 1110) (1 20 1) simpleGrading (1 1 1)
    hex (512 535 1133 1110 513 536 1134 1111) (1 20 1) simpleGrading (1 1 1)
    hex (513 536 1134 1111 514 537 1135 1112) (1 20 1) simpleGrading (1 1 1)
    hex (514 537 1135 1112 515 538 1136 1113) (1 20 1) simpleGrading (1 1 1)
    hex (515 538 1136 1113 516 539 1137 1114) (1 20 1) simpleGrading (1 1 1)
    hex (516 539 1137 1114 517 540 1138 1115) (1 20 1) simpleGrading (1 1 1)
    hex (517 540 1138 1115 518 541 1139 1116) (1 20 1) simpleGrading (1 1 1)
    hex (518 541 1139 1116 519 542 1140 1117) (1 20 1) simpleGrading (1 1 1)
    hex (519 542 1140 1117 520 543 1141 1118) (1 20 1) simpleGrading (1 1 1)
    hex (520 543 1141 1118 521 544 1142 1119) (1 20 1) simpleGrading (1 1 1)
    hex (521 544 1142 1119 522 545 1143 1120) (1 20 1) simpleGrading (1 1 1)
    hex (522 545 1143 1120 523 546 1144 1121) (1 20 1) simpleGrading (1 1 1)
    hex (523 546 1144 1121 524 547 1145 1122) (1 20 1) simpleGrading (1 1 1)
    hex (524 547 1145 1122 525 548 1146 1123) (1 20 1) simpleGrading (1 1 1)
    hex (525 548 1146 1123 526 549 1147 1124) (1 20 1) simpleGrading (1 1 1)
    hex (526 549 1147 1124 527 550 1148 1125) (1 20 1) simpleGrading (1 1 1)
    hex (527 550 1148 1125 528 551 1149 1126) (1 20 1) simpleGrading (1 1 1)
    hex (529 552 1150 1127 530 553 1151 1128) (1 20 1) simpleGrading (1 1 1)
    hex (530 553 1151 1128 531 554 1152 1129) (1 20 1) simpleGrading (1 1 1)
    hex (531 554 1152 1129 532 555 1153 1130) (1 20 1) simpleGrading (1 1 1)
    hex (532 555 1153 1130 533 556 1154 1131) (1 20 1) simpleGrading (1 1 1)
    hex (533 556 1154 1131 534 557 1155 1132) (1 20 1) simpleGrading (1 1 1)
    hex (534 557 1155 1132 535 558 1156 1133) (1 20 1) simpleGrading (1 1 1)
    hex (535 558 1156 1133 536 559 1157 1134) (1 20 1) simpleGrading (1 1 1)
    hex (536 559 1157 1134 537 560 1158 1135) (1 20 1) simpleGrading (1 1 1)
    hex (537 560 1158 1135 538 561 1159 1136) (1 20 1) simpleGrading (1 1 1)
    hex (538 561 1159 1136 539 562 1160 1137) (1 20 1) simpleGrading (1 1 1)
    hex (539 562 1160 1137 540 563 1161 1138) (1 20 1) simpleGrading (1 1 1)
    hex (540 563 1161 1138 541 564 1162 1139) (1 20 1) simpleGrading (1 1 1)
    hex (541 564 1162 1139 542 565 1163 1140) (1 20 1) simpleGrading (1 1 1)
    hex (542 565 1163 1140 543 566 1164 1141) (1 20 1) simpleGrading (1 1 1)
    hex (543 566 1164 1141 544 567 1165 1142) (1 20 1) simpleGrading (1 1 1)
    hex (544 567 1165 1142 545 568 1166 1143) (1 20 1) simpleGrading (1 1 1)
    hex (545 568 1166 1143 546 569 1167 1144) (1 20 1) simpleGrading (1 1 1)
    hex (546 569 1167 1144 547 570 1168 1145) (1 20 1) simpleGrading (1 1 1)
    hex (547 570 1168 1145 548 571 1169 1146) (1 20 1) simpleGrading (1 1 1)
    hex (548 571 1169 1146 549 572 1170 1147) (1 20 1) simpleGrading (1 1 1)
    hex (549 572 1170 1147 550 573 1171 1148) (1 20 1) simpleGrading (1 1 1)
    hex (550 573 1171 1148 551 574 1172 1149) (1 20 1) simpleGrading (1 1 1)
    hex (552 575 1173 1150 553 576 1174 1151) (1 20 1) simpleGrading (1 1 1)
    hex (553 576 1174 1151 554 577 1175 1152) (1 20 1) simpleGrading (1 1 1)
    hex (554 577 1175 1152 555 578 1176 1153) (1 20 1) simpleGrading (1 1 1)
    hex (555 578 1176 1153 556 579 1177 1154) (1 20 1) simpleGrading (1 1 1)
    hex (556 579 1177 1154 557 580 1178 1155) (1 20 1) simpleGrading (1 1 1)
    hex (557 580 1178 1155 558 581 1179 1156) (1 20 1) simpleGrading (1 1 1)
    hex (558 581 1179 1156 559 582 1180 1157) (1 20 1) simpleGrading (1 1 1)
    hex (559 582 1180 1157 560 583 1181 1158) (1 20 1) simpleGrading (1 1 1)
    hex (560 583 1181 1158 561 584 1182 1159) (1 20 1) simpleGrading (1 1 1)
    hex (561 584 1182 1159 562 585 1183 1160) (1 20 1) simpleGrading (1 1 1)
    hex (562 585 1183 1160 563 586 1184 1161) (1 20 1) simpleGrading (1 1 1)
    hex (563 586 1184 1161 564 587 1185 1162) (1 20 1) simpleGrading (1 1 1)
    hex (564 587 1185 1162 565 588 1186 1163) (1 20 1) simpleGrading (1 1 1)
    hex (565 588 1186 1163 566 589 1187 1164) (1 20 1) simpleGrading (1 1 1)
    hex (566 589 1187 1164 567 590 1188 1165) (1 20 1) simpleGrading (1 1 1)
    hex (567 590 1188 1165 568 591 1189 1166) (1 20 1) simpleGrading (1 1 1)
    hex (568 591 1189 1166 569 592 1190 1167) (1 20 1) simpleGrading (1 1 1)
    hex (569 592 1190 1167 570 593 1191 1168) (1 20 1) simpleGrading (1 1 1)
    hex (570 593 1191 1168 571 594 1192 1169) (1 20 1) simpleGrading (1 1 1)
    hex (571 594 1192 1169 572 595 1193 1170) (1 20 1) simpleGrading (1 1 1)
    hex (572 595 1193 1170 573 596 1194 1171) (1 20 1) simpleGrading (1 1 1)
    hex (573 596 1194 1171 574 597 1195 1172) (1 20 1) simpleGrading (1 1 1)
);

edges
(
);

boundary
(
    gasInlet
    {
        type patch;
        faces
        (
            (0 1 599 598)
            (1 2 600 599)
            (2 3 601 600)
            (3 4 602 601)
            (4 5 603 602)
            (5 6 604 603)
            (6 7 605 604)
            (7 8 606 605)
            (8 9 607 606)
            (9 10 608 607)
            (10 11 609 608)
            (11 12 610 609)
            (12 13 611 610)
            (13 14 612 611)
            (14 15 613 612)
            (15 16 614 613)
            (16 17 615 614)
            (17 18 616 615)
            (18 19 617 616)
            (19 20 618 617)
            (20 21 619 618)
            (21 22 620 619)
        );
    }
    aircraftWall
    {
        type wall;
        faces
        (
            (598 599 622 621)
            (599 600 623 622)
            (600 601 624 623)
            (601 602 625 624)
            (602 603 626 625)
            (603 604 627 626)
            (604 605 628 627)
            (605 606 629 628)
            (606 607 630 629)
            (607 608 631 630)
            (608 609 632 631)
            (609 610 633 632)
            (610 611 634 633)
            (611 612 635 634)
            (612 613 636 635)
            (613 614 637 636)
            (614 615 638 637)
            (615 616 639 638)
            (616 617 640 639)
            (617 618 641 640)
            (618 619 642 641)
            (619 620 643 642)
            (621 622 645 644)
            (622 623 646 645)
            (623 624 647 646)
            (624 625 648 647)
            (625 626 649 648)
            (626 627 650 649)
            (627 628 651 650)
            (628 629 652 651)
            (629 630 653 652)
            (630 631 654 653)
            (631 632 655 654)
            (632 633 656 655)
            (633 634 657 656)
            (634 635 658 657)
            (635 636 659 658)
            (636 637 660 659)
            (637 638 661 660)
            (638 639 662 661)
            (639 640 663 662)
            (640 641 664 663)
            (641 642 665 664)
            (642 643 666 665)
            (644 645 668 667)
            (645 646 669 668)
            (646 647 670 669)
            (647 648 671 670)
            (648 649 672 671)
            (649 650 673 672)
            (650 651 674 673)
            (651 652 675 674)
            (652 653 676 675)
            (653 654 677 676)
            (654 655 678 677)
            (655 656 679 678)
            (656 657 680 679)
            (657 658 681 680)
            (658 659 682 681)
            (659 660 683 682)
            (660 661 684 683)
            (661 662 685 684)
            (662 663 686 685)
            (663 664 687 686)
            (664 665 688 687)
            (665 666 689 688)
            (667 668 691 690)
            (668 669 692 691)
            (669 670 693 692)
            (670 671 694 693)
            (671 672 695 694)
            (672 673 696 695)
            (673 674 697 696)
            (674 675 698 697)
            (675 676 699 698)
            (676 677 700 699)
            (677 678 701 700)
            (678 679 702 701)
            (679 680 703 702)
            (680 681 704 703)
            (681 682 705 704)
            (682 683 706 705)
            (683 684 707 706)
            (684 685 708 707)
            (685 686 709 708)
            (686 687 710 709)
            (687 688 711 710)
            (688 689 712 711)
            (690 691 714 713)
            (691 692 715 714)
            (692 693 716 715)
            (693 694 717 716)
            (694 695 718 717)
            (695 696 719 718)
            (696 697 720 719)
            (697 698 721 720)
            (698 699 722 721)
            (699 700 723 722)
            (700 701 724 723)
            (701 702 725 724)
            (702 703 726 725)
            (703 704 727 726)
            (704 705 728 727)
            (705 706 729 728)
            (706 707 730 729)
            (707 708 731 730)
            (708 709 732 731)
            (709 710 733 732)
            (710 711 734 733)
            (711 712 735 734)
            (713 714 737 736)
            (714 715 738 737)
            (715 716 739 738)
            (716 717 740 739)
            (717 718 741 740)
            (718 719 742 741)
            (719 720 743 742)
            (720 721 744 743)
            (721 722 745 744)
            (722 723 746 745)
            (723 724 747 746)
            (724 725 748 747)
            (725 726 749 748)
            (726 727 750 749)
            (727 728 751 750)
            (728 729 752 751)
            (729 730 753 752)
            (730 731 754 753)
            (731 732 755 754)
            (732 733 756 755)
            (733 734 757 756)
            (734 735 758 757)
            (736 737 760 759)
            (737 738 761 760)
            (738 739 762 761)
            (739 740 763 762)
            (740 741 764 763)
            (741 742 765 764)
            (742 743 766 765)
            (743 744 767 766)
            (744 745 768 767)
            (745 746 769 768)
            (746 747 770 769)
            (747 748 771 770)
            (748 749 772 771)
            (749 750 773 772)
            (750 751 774 773)
            (751 752 775 774)
            (752 753 776 775)
            (753 754 777 776)
            (754 755 778 777)
            (755 756 779 778)
            (756 757 780 779)
            (757 758 781 780)
            (759 760 783 782)
            (760 761 784 783)
            (761 762 785 784)
            (762 763 786 785)
            (763 764 787 786)
            (764 765 788 787)
            (765 766 789 788)
            (766 767 790 789)
            (767 768 791 790)
            (768 769 792 791)
            (769 770 793 792)
            (770 771 794 793)
            (771 772 795 794)
            (772 773 796 795)
            (773 774 797 796)
            (774 775 798 797)
            (775 776 799 798)
            (776 777 800 799)
            (777 778 801 800)
            (778 779 802 801)
            (779 780 803 802)
            (780 781 804 803)
            (782 783 806 805)
            (783 784 807 806)
            (784 785 808 807)
            (785 786 809 808)
            (786 787 810 809)
            (787 788 811 810)
            (788 789 812 811)
            (789 790 813 812)
            (790 791 814 813)
            (791 792 815 814)
            (792 793 816 815)
            (793 794 817 816)
            (794 795 818 817)
            (795 796 819 818)
            (796 797 820 819)
            (797 798 821 820)
            (798 799 822 821)
            (799 800 823 822)
            (800 801 824 823)
            (801 802 825 824)
            (802 803 826 825)
            (803 804 827 826)
            (805 806 829 828)
            (806 807 830 829)
            (807 808 831 830)
            (808 809 832 831)
            (809 810 833 832)
            (810 811 834 833)
            (811 812 835 834)
            (812 813 836 835)
            (813 814 837 836)
            (814 815 838 837)
            (815 816 839 838)
            (816 817 840 839)
            (817 818 841 840)
            (818 819 842 841)
            (819 820 843 842)
            (820 821 844 843)
            (821 822 845 844)
            (822 823 846 845)
            (823 824 847 846)
            (824 825 848 847)
            (825 826 849 848)
            (826 827 850 849)
            (828 829 852 851)
            (829 830 853 852)
            (830 831 854 853)
            (831 832 855 854)
            (832 833 856 855)
            (833 834 857 856)
            (834 835 858 857)
            (835 836 859 858)
            (836 837 860 859)
            (837 838 861 860)
            (838 839 862 861)
            (839 840 863 862)
            (840 841 864 863)
            (841 842 865 864)
            (842 843 866 865)
            (843 844 867 866)
            (844 845 868 867)
            (845 846 869 868)
            (846 847 870 869)
            (847 848 871 870)
            (848 849 872 871)
            (849 850 873 872)
            (851 852 875 874)
            (852 853 876 875)
            (853 854 877 876)
            (854 855 878 877)
            (855 856 879 878)
            (856 857 880 879)
            (857 858 881 880)
            (858 859 882 881)
            (859 860 883 882)
            (860 861 884 883)
            (861 862 885 884)
            (862 863 886 885)
            (863 864 887 886)
            (864 865 888 887)
            (865 866 889 888)
            (866 867 890 889)
            (867 868 891 890)
            (868 869 892 891)
            (869 870 893 892)
            (870 871 894 893)
            (871 872 895 894)
            (872 873 896 895)
            (874 875 898 897)
            (875 876 899 898)
            (876 877 900 899)
            (877 878 901 900)
            (878 879 902 901)
            (879 880 903 902)
            (880 881 904 903)
            (881 882 905 904)
            (882 883 906 905)
            (883 884 907 906)
            (884 885 908 907)
            (885 886 909 908)
            (886 887 910 909)
            (887 888 911 910)
            (888 889 912 911)
            (889 890 913 912)
            (890 891 914 913)
            (891 892 915 914)
            (892 893 916 915)
            (893 894 917 916)
            (894 895 918 917)
            (895 896 919 918)
            (897 898 921 920)
            (898 899 922 921)
            (899 900 923 922)
            (900 901 924 923)
            (901 902 925 924)
            (902 903 926 925)
            (903 904 927 926)
            (904 905 928 927)
            (905 906 929 928)
            (906 907 930 929)
            (907 908 931 930)
            (908 909 932 931)
            (909 910 933 932)
            (910 911 934 933)
            (911 912 935 934)
            (912 913 936 935)
            (913 914 937 936)
            (914 915 938 937)
            (915 916 939 938)
            (916 917 940 939)
            (917 918 941 940)
            (918 919 942 941)
            (920 921 944 943)
            (921 922 945 944)
            (922 923 946 945)
            (923 924 947 946)
            (924 925 948 947)
            (925 926 949 948)
            (926 927 950 949)
            (927 928 951 950)
            (928 929 952 951)
            (929 930 953 952)
            (930 931 954 953)
            (931 932 955 954)
            (932 933 956 955)
            (933 934 957 956)
            (934 935 958 957)
            (935 936 959 958)
            (936 937 960 959)
            (937 938 961 960)
            (938 939 962 961)
            (939 940 963 962)
            (940 941 964 963)
            (941 942 965 964)
            (943 944 967 966)
            (944 945 968 967)
            (945 946 969 968)
            (946 947 970 969)
            (947 948 971 970)
            (948 949 972 971)
            (949 950 973 972)
            (950 951 974 973)
            (951 952 975 974)
            (952 953 976 975)
            (953 954 977 976)
            (954 955 978 977)
            (955 956 979 978)
            (956 957 980 979)
            (957 958 981 980)
            (958 959 982 981)
            (959 960 983 982)
            (960 961 984 983)
            (961 962 985 984)
            (962 963 986 985)
            (963 964 987 986)
            (964 965 988 987)
            (966 967 990 989)
            (967 968 991 990)
            (968 969 992 991)
            (969 970 993 992)
            (970 971 994 993)
            (971 972 995 994)
            (972 973 996 995)
            (973 974 997 996)
            (974 975 998 997)
            (975 976 999 998)
            (976 977 1000 999)
            (977 978 1001 1000)
            (978 979 1002 1001)
            (979 980 1003 1002)
            (980 981 1004 1003)
            (981 982 1005 1004)
            (982 983 1006 1005)
            (983 984 1007 1006)
            (984 985 1008 1007)
            (985 986 1009 1008)
            (986 987 1010 1009)
            (987 988 1011 1010)
            (989 990 1013 1012)
            (990 991 1014 1013)
            (991 992 1015 1014)
            (992 993 1016 1015)
            (993 994 1017 1016)
            (994 995 1018 1017)
            (995 996 1019 1018)
            (996 997 1020 1019)
            (997 998 1021 1020)
            (998 999 1022 1021)
            (999 1000 1023 1022)
            (1000 1001 1024 1023)
            (1001 1002 1025 1024)
            (1002 1003 1026 1025)
            (1003 1004 1027 1026)
            (1004 1005 1028 1027)
            (1005 1006 1029 1028)
            (1006 1007 1030 1029)
            (1007 1008 1031 1030)
            (1008 1009 1032 1031)
            (1009 1010 1033 1032)
            (1010 1011 1034 1033)
            (1012 1013 1036 1035)
            (1013 1014 1037 1036)
            (1014 1015 1038 1037)
            (1015 1016 1039 1038)
            (1016 1017 1040 1039)
            (1017 1018 1041 1040)
            (1018 1019 1042 1041)
            (1019 1020 1043 1042)
            (1020 1021 1044 1043)
            (1021 1022 1045 1044)
            (1022 1023 1046 1045)
            (1023 1024 1047 1046)
            (1024 1025 1048 1047)
            (1025 1026 1049 1048)
            (1026 1027 1050 1049)
            (1027 1028 1051 1050)
            (1028 1029 1052 1051)
            (1029 1030 1053 1052)
            (1030 1031 1054 1053)
            (1031 1032 1055 1054)
            (1032 1033 1056 1055)
            (1033 1034 1057 1056)
            (1035 1036 1059 1058)
            (1036 1037 1060 1059)
            (1037 1038 1061 1060)
            (1038 1039 1062 1061)
            (1039 1040 1063 1062)
            (1040 1041 1064 1063)
            (1041 1042 1065 1064)
            (1042 1043 1066 1065)
            (1043 1044 1067 1066)
            (1044 1045 1068 1067)
            (1045 1046 1069 1068)
            (1046 1047 1070 1069)
            (1047 1048 1071 1070)
            (1048 1049 1072 1071)
            (1049 1050 1073 1072)
            (1050 1051 1074 1073)
            (1051 1052 1075 1074)
            (1052 1053 1076 1075)
            (1053 1054 1077 1076)
            (1054 1055 1078 1077)
            (1055 1056 1079 1078)
            (1056 1057 1080 1079)
            (1058 1059 1082 1081)
            (1059 1060 1083 1082)
            (1060 1061 1084 1083)
            (1061 1062 1085 1084)
            (1062 1063 1086 1085)
            (1063 1064 1087 1086)
            (1064 1065 1088 1087)
            (1065 1066 1089 1088)
            (1066 1067 1090 1089)
            (1067 1068 1091 1090)
            (1068 1069 1092 1091)
            (1069 1070 1093 1092)
            (1070 1071 1094 1093)
            (1071 1072 1095 1094)
            (1072 1073 1096 1095)
            (1073 1074 1097 1096)
            (1074 1075 1098 1097)
            (1075 1076 1099 1098)
            (1076 1077 1100 1099)
            (1077 1078 1101 1100)
            (1078 1079 1102 1101)
            (1079 1080 1103 1102)
            (1081 1082 1105 1104)
            (1082 1083 1106 1105)
            (1083 1084 1107 1106)
            (1084 1085 1108 1107)
            (1085 1086 1109 1108)
            (1086 1087 1110 1109)
            (1087 1088 1111 1110)
            (1088 1089 1112 1111)
            (1089 1090 1113 1112)
            (1090 1091 1114 1113)
            (1091 1092 1115 1114)
            (1092 1093 1116 1115)
            (1093 1094 1117 1116)
            (1094 1095 1118 1117)
            (1095 1096 1119 1118)
            (1096 1097 1120 1119)
            (1097 1098 1121 1120)
            (1098 1099 1122 1121)
            (1099 1100 1123 1122)
            (1100 1101 1124 1123)
            (1101 1102 1125 1124)
            (1102 1103 1126 1125)
            (1104 1105 1128 1127)
            (1105 1106 1129 1128)
            (1106 1107 1130 1129)
            (1107 1108 1131 1130)
            (1108 1109 1132 1131)
            (1109 1110 1133 1132)
            (1110 1111 1134 1133)
            (1111 1112 1135 1134)
            (1112 1113 1136 1135)
            (1113 1114 1137 1136)
            (1114 1115 1138 1137)
            (1115 1116 1139 1138)
            (1116 1117 1140 1139)
            (1117 1118 1141 1140)
            (1118 1119 1142 1141)
            (1119 1120 1143 1142)
            (1120 1121 1144 1143)
            (1121 1122 1145 1144)
            (1122 1123 1146 1145)
            (1123 1124 1147 1146)
            (1124 1125 1148 1147)
            (1125 1126 1149 1148)
            (1127 1128 1151 1150)
            (1128 1129 1152 1151)
            (1129 1130 1153 1152)
            (1130 1131 1154 1153)
            (1131 1132 1155 1154)
            (1132 1133 1156 1155)
            (1133 1134 1157 1156)
            (1134 1135 1158 1157)
            (1135 1136 1159 1158)
            (1136 1137 1160 1159)
            (1137 1138 1161 1160)
            (1138 1139 1162 1161)
            (1139 1140 1163 1162)
            (1140 1141 1164 1163)
            (1141 1142 1165 1164)
            (1142 1143 1166 1165)
            (1143 1144 1167 1166)
            (1144 1145 1168 1167)
            (1145 1146 1169 1168)
            (1146 1147 1170 1169)
            (1147 1148 1171 1170)
            (1148 1149 1172 1171)
            (1150 1151 1174 1173)
            (1151 1152 1175 1174)
            (1152 1153 1176 1175)
            (1153 1154 1177 1176)
            (1154 1155 1178 1177)
            (1155 1156 1179 1178)
            (1156 1157 1180 1179)
            (1157 1158 1181 1180)
            (1158 1159 1182 1181)
            (1159 1160 1183 1182)
            (1160 1161 1184 1183)
            (1161 1162 1185 1184)
            (1162 1163 1186 1185)
            (1163 1164 1187 1186)
            (1164 1165 1188 1187)
            (1165 1166 1189 1188)
            (1166 1167 1190 1189)
            (1167 1168 1191 1190)
            (1168 1169 1192 1191)
            (1169 1170 1193 1192)
            (1170 1171 1194 1193)
            (1171 1172 1195 1194)
        );
    }
    downstreamOutlet
    {
        type patch;
        faces
        (
            (575 1173 1174 576)
            (576 1174 1175 577)
            (577 1175 1176 578)
            (578 1176 1177 579)
            (579 1177 1178 580)
            (580 1178 1179 581)
            (581 1179 1180 582)
            (582 1180 1181 583)
            (583 1181 1182 584)
            (584 1182 1183 585)
            (585 1183 1184 586)
            (586 1184 1185 587)
            (587 1185 1186 588)
            (588 1186 1187 589)
            (589 1187 1188 590)
            (590 1188 1189 591)
            (591 1189 1190 592)
            (592 1190 1191 593)
            (593 1191 1192 594)
            (594 1192 1193 595)
            (595 1193 1194 596)
            (596 1194 1195 597)
        );
    }
    bottomOutlet
    {
        type patch;
        faces
        (
            (0 23 24 1)
            (1 24 25 2)
            (2 25 26 3)
            (3 26 27 4)
            (4 27 28 5)
            (5 28 29 6)
            (6 29 30 7)
            (7 30 31 8)
            (8 31 32 9)
            (9 32 33 10)
            (10 33 34 11)
            (11 34 35 12)
            (12 35 36 13)
            (13 36 37 14)
            (14 37 38 15)
            (15 38 39 16)
            (16 39 40 17)
            (17 40 41 18)
            (18 41 42 19)
            (19 42 43 20)
            (20 43 44 21)
            (21 44 45 22)
            (23 46 47 24)
            (24 47 48 25)
            (25 48 49 26)
            (26 49 50 27)
            (27 50 51 28)
            (28 51 52 29)
            (29 52 53 30)
            (30 53 54 31)
            (31 54 55 32)
            (32 55 56 33)
            (33 56 57 34)
            (34 57 58 35)
            (35 58 59 36)
            (36 59 60 37)
            (37 60 61 38)
            (38 61 62 39)
            (39 62 63 40)
            (40 63 64 41)
            (41 64 65 42)
            (42 65 66 43)
            (43 66 67 44)
            (44 67 68 45)
            (46 69 70 47)
            (47 70 71 48)
            (48 71 72 49)
            (49 72 73 50)
            (50 73 74 51)
            (51 74 75 52)
            (52 75 76 53)
            (53 76 77 54)
            (54 77 78 55)
            (55 78 79 56)
            (56 79 80 57)
            (57 80 81 58)
            (58 81 82 59)
            (59 82 83 60)
            (60 83 84 61)
            (61 84 85 62)
            (62 85 86 63)
            (63 86 87 64)
            (64 87 88 65)
            (65 88 89 66)
            (66 89 90 67)
            (67 90 91 68)
            (69 92 93 70)
            (70 93 94 71)
            (71 94 95 72)
            (72 95 96 73)
            (73 96 97 74)
            (74 97 98 75)
            (75 98 99 76)
            (76 99 100 77)
            (77 100 101 78)
            (78 101 102 79)
            (79 102 103 80)
            (80 103 104 81)
            (81 104 105 82)
            (82 105 106 83)
            (83 106 107 84)
            (84 107 108 85)
            (85 108 109 86)
            (86 109 110 87)
            (87 110 111 88)
            (88 111 112 89)
            (89 112 113 90)
            (90 113 114 91)
            (92 115 116 93)
            (93 116 117 94)
            (94 117 118 95)
            (95 118 119 96)
            (96 119 120 97)
            (97 120 121 98)
            (98 121 122 99)
            (99 122 123 100)
            (100 123 124 101)
            (101 124 125 102)
            (102 125 126 103)
            (103 126 127 104)
            (104 127 128 105)
            (105 128 129 106)
            (106 129 130 107)
            (107 130 131 108)
            (108 131 132 109)
            (109 132 133 110)
            (110 133 134 111)
            (111 134 135 112)
            (112 135 136 113)
            (113 136 137 114)
            (115 138 139 116)
            (116 139 140 117)
            (117 140 141 118)
            (118 141 142 119)
            (119 142 143 120)
            (120 143 144 121)
            (121 144 145 122)
            (122 145 146 123)
            (123 146 147 124)
            (124 147 148 125)
            (125 148 149 126)
            (126 149 150 127)
            (127 150 151 128)
            (128 151 152 129)
            (129 152 153 130)
            (130 153 154 131)
            (131 154 155 132)
            (132 155 156 133)
            (133 156 157 134)
            (134 157 158 135)
            (135 158 159 136)
            (136 159 160 137)
            (138 161 162 139)
            (139 162 163 140)
            (140 163 164 141)
            (141 164 165 142)
            (142 165 166 143)
            (143 166 167 144)
            (144 167 168 145)
            (145 168 169 146)
            (146 169 170 147)
            (147 170 171 148)
            (148 171 172 149)
            (149 172 173 150)
            (150 173 174 151)
            (151 174 175 152)
            (152 175 176 153)
            (153 176 177 154)
            (154 177 178 155)
            (155 178 179 156)
            (156 179 180 157)
            (157 180 181 158)
            (158 181 182 159)
            (159 182 183 160)
            (161 184 185 162)
            (162 185 186 163)
            (163 186 187 164)
            (164 187 188 165)
            (165 188 189 166)
            (166 189 190 167)
            (167 190 191 168)
            (168 191 192 169)
            (169 192 193 170)
            (170 193 194 171)
            (171 194 195 172)
            (172 195 196 173)
            (173 196 197 174)
            (174 197 198 175)
            (175 198 199 176)
            (176 199 200 177)
            (177 200 201 178)
            (178 201 202 179)
            (179 202 203 180)
            (180 203 204 181)
            (181 204 205 182)
            (182 205 206 183)
            (184 207 208 185)
            (185 208 209 186)
            (186 209 210 187)
            (187 210 211 188)
            (188 211 212 189)
            (189 212 213 190)
            (190 213 214 191)
            (191 214 215 192)
            (192 215 216 193)
            (193 216 217 194)
            (194 217 218 195)
            (195 218 219 196)
            (196 219 220 197)
            (197 220 221 198)
            (198 221 222 199)
            (199 222 223 200)
            (200 223 224 201)
            (201 224 225 202)
            (202 225 226 203)
            (203 226 227 204)
            (204 227 228 205)
            (205 228 229 206)
            (207 230 231 208)
            (208 231 232 209)
            (209 232 233 210)
            (210 233 234 211)
            (211 234 235 212)
            (212 235 236 213)
            (213 236 237 214)
            (214 237 238 215)
            (215 238 239 216)
            (216 239 240 217)
            (217 240 241 218)
            (218 241 242 219)
            (219 242 243 220)
            (220 243 244 221)
            (221 244 245 222)
            (222 245 246 223)
            (223 246 247 224)
            (224 247 248 225)
            (225 248 249 226)
            (226 249 250 227)
            (227 250 251 228)
            (228 251 252 229)
            (230 253 254 231)
            (231 254 255 232)
            (232 255 256 233)
            (233 256 257 234)
            (234 257 258 235)
            (235 258 259 236)
            (236 259 260 237)
            (237 260 261 238)
            (238 261 262 239)
            (239 262 263 240)
            (240 263 264 241)
            (241 264 265 242)
            (242 265 266 243)
            (243 266 267 244)
            (244 267 268 245)
            (245 268 269 246)
            (246 269 270 247)
            (247 270 271 248)
            (248 271 272 249)
            (249 272 273 250)
            (250 273 274 251)
            (251 274 275 252)
            (253 276 277 254)
            (254 277 278 255)
            (255 278 279 256)
            (256 279 280 257)
            (257 280 281 258)
            (258 281 282 259)
            (259 282 283 260)
            (260 283 284 261)
            (261 284 285 262)
            (262 285 286 263)
            (263 286 287 264)
            (264 287 288 265)
            (265 288 289 266)
            (266 289 290 267)
            (267 290 291 268)
            (268 291 292 269)
            (269 292 293 270)
            (270 293 294 271)
            (271 294 295 272)
            (272 295 296 273)
            (273 296 297 274)
            (274 297 298 275)
            (276 299 300 277)
            (277 300 301 278)
            (278 301 302 279)
            (279 302 303 280)
            (280 303 304 281)
            (281 304 305 282)
            (282 305 306 283)
            (283 306 307 284)
            (284 307 308 285)
            (285 308 309 286)
            (286 309 310 287)
            (287 310 311 288)
            (288 311 312 289)
            (289 312 313 290)
            (290 313 314 291)
            (291 314 315 292)
            (292 315 316 293)
            (293 316 317 294)
            (294 317 318 295)
            (295 318 319 296)
            (296 319 320 297)
            (297 320 321 298)
            (299 322 323 300)
            (300 323 324 301)
            (301 324 325 302)
            (302 325 326 303)
            (303 326 327 304)
            (304 327 328 305)
            (305 328 329 306)
            (306 329 330 307)
            (307 330 331 308)
            (308 331 332 309)
            (309 332 333 310)
            (310 333 334 311)
            (311 334 335 312)
            (312 335 336 313)
            (313 336 337 314)
            (314 337 338 315)
            (315 338 339 316)
            (316 339 340 317)
            (317 340 341 318)
            (318 341 342 319)
            (319 342 343 320)
            (320 343 344 321)
            (322 345 346 323)
            (323 346 347 324)
            (324 347 348 325)
            (325 348 349 326)
            (326 349 350 327)
            (327 350 351 328)
            (328 351 352 329)
            (329 352 353 330)
            (330 353 354 331)
            (331 354 355 332)
            (332 355 356 333)
            (333 356 357 334)
            (334 357 358 335)
            (335 358 359 336)
            (336 359 360 337)
            (337 360 361 338)
            (338 361 362 339)
            (339 362 363 340)
            (340 363 364 341)
            (341 364 365 342)
            (342 365 366 343)
            (343 366 367 344)
            (345 368 369 346)
            (346 369 370 347)
            (347 370 371 348)
            (348 371 372 349)
            (349 372 373 350)
            (350 373 374 351)
            (351 374 375 352)
            (352 375 376 353)
            (353 376 377 354)
            (354 377 378 355)
            (355 378 379 356)
            (356 379 380 357)
            (357 380 381 358)
            (358 381 382 359)
            (359 382 383 360)
            (360 383 384 361)
            (361 384 385 362)
            (362 385 386 363)
            (363 386 387 364)
            (364 387 388 365)
            (365 388 389 366)
            (366 389 390 367)
            (368 391 392 369)
            (369 392 393 370)
            (370 393 394 371)
            (371 394 395 372)
            (372 395 396 373)
            (373 396 397 374)
            (374 397 398 375)
            (375 398 399 376)
            (376 399 400 377)
            (377 400 401 378)
            (378 401 402 379)
            (379 402 403 380)
            (380 403 404 381)
            (381 404 405 382)
            (382 405 406 383)
            (383 406 407 384)
            (384 407 408 385)
            (385 408 409 386)
            (386 409 410 387)
            (387 410 411 388)
            (388 411 412 389)
            (389 412 413 390)
            (391 414 415 392)
            (392 415 416 393)
            (393 416 417 394)
            (394 417 418 395)
            (395 418 419 396)
            (396 419 420 397)
            (397 420 421 398)
            (398 421 422 399)
            (399 422 423 400)
            (400 423 424 401)
            (401 424 425 402)
            (402 425 426 403)
            (403 426 427 404)
            (404 427 428 405)
            (405 428 429 406)
            (406 429 430 407)
            (407 430 431 408)
            (408 431 432 409)
            (409 432 433 410)
            (410 433 434 411)
            (411 434 435 412)
            (412 435 436 413)
            (414 437 438 415)
            (415 438 439 416)
            (416 439 440 417)
            (417 440 441 418)
            (418 441 442 419)
            (419 442 443 420)
            (420 443 444 421)
            (421 444 445 422)
            (422 445 446 423)
            (423 446 447 424)
            (424 447 448 425)
            (425 448 449 426)
            (426 449 450 427)
            (427 450 451 428)
            (428 451 452 429)
            (429 452 453 430)
            (430 453 454 431)
            (431 454 455 432)
            (432 455 456 433)
            (433 456 457 434)
            (434 457 458 435)
            (435 458 459 436)
            (437 460 461 438)
            (438 461 462 439)
            (439 462 463 440)
            (440 463 464 441)
            (441 464 465 442)
            (442 465 466 443)
            (443 466 467 444)
            (444 467 468 445)
            (445 468 469 446)
            (446 469 470 447)
            (447 470 471 448)
            (448 471 472 449)
            (449 472 473 450)
            (450 473 474 451)
            (451 474 475 452)
            (452 475 476 453)
            (453 476 477 454)
            (454 477 478 455)
            (455 478 479 456)
            (456 479 480 457)
            (457 480 481 458)
            (458 481 482 459)
            (460 483 484 461)
            (461 484 485 462)
            (462 485 486 463)
            (463 486 487 464)
            (464 487 488 465)
            (465 488 489 466)
            (466 489 490 467)
            (467 490 491 468)
            (468 491 492 469)
            (469 492 493 470)
            (470 493 494 471)
            (471 494 495 472)
            (472 495 496 473)
            (473 496 497 474)
            (474 497 498 475)
            (475 498 499 476)
            (476 499 500 477)
            (477 500 501 478)
            (478 501 502 479)
            (479 502 503 480)
            (480 503 504 481)
            (481 504 505 482)
            (483 506 507 484)
            (484 507 508 485)
            (485 508 509 486)
            (486 509 510 487)
            (487 510 511 488)
            (488 511 512 489)
            (489 512 513 490)
            (490 513 514 491)
            (491 514 515 492)
            (492 515 516 493)
            (493 516 517 494)
            (494 517 518 495)
            (495 518 519 496)
            (496 519 520 497)
            (497 520 521 498)
            (498 521 522 499)
            (499 522 523 500)
            (500 523 524 501)
            (501 524 525 502)
            (502 525 526 503)
            (503 526 527 504)
            (504 527 528 505)
            (506 529 530 507)
            (507 530 531 508)
            (508 531 532 509)
            (509 532 533 510)
            (510 533 534 511)
            (511 534 535 512)
            (512 535 536 513)
            (513 536 537 514)
            (514 537 538 515)
            (515 538 539 516)
            (516 539 540 517)
            (517 540 541 518)
            (518 541 542 519)
            (519 542 543 520)
            (520 543 544 521)
            (521 544 545 522)
            (522 545 546 523)
            (523 546 547 524)
            (524 547 548 525)
            (525 548 549 526)
            (526 549 550 527)
            (527 550 551 528)
            (529 552 553 530)
            (530 553 554 531)
            (531 554 555 532)
            (532 555 556 533)
            (533 556 557 534)
            (534 557 558 535)
            (535 558 559 536)
            (536 559 560 537)
            (537 560 561 538)
            (538 561 562 539)
            (539 562 563 540)
            (540 563 564 541)
            (541 564 565 542)
            (542 565 566 543)
            (543 566 567 544)
            (544 567 568 545)
            (545 568 569 546)
            (546 569 570 547)
            (547 570 571 548)
            (548 571 572 549)
            (549 572 573 550)
            (550 573 574 551)
            (552 575 576 553)
            (553 576 577 554)
            (554 577 578 555)
            (555 578 579 556)
            (556 579 580 557)
            (557 580 581 558)
            (558 581 582 559)
            (559 582 583 560)
            (560 583 584 561)
            (561 584 585 562)
            (562 585 586 563)
            (563 586 587 564)
            (564 587 588 565)
            (565 588 589 566)
            (566 589 590 567)
            (567 590 591 568)
            (568 591 592 569)
            (569 592 593 570)
            (570 593 594 571)
            (571 594 595 572)
            (572 595 596 573)
            (573 596 597 574)
        );
    }
    spanwiseMinus
    {
        type patch;
        faces
        (
            (0 598 621 23)
            (23 621 644 46)
            (46 644 667 69)
            (69 667 690 92)
            (92 690 713 115)
            (115 713 736 138)
            (138 736 759 161)
            (161 759 782 184)
            (184 782 805 207)
            (207 805 828 230)
            (230 828 851 253)
            (253 851 874 276)
            (276 874 897 299)
            (299 897 920 322)
            (322 920 943 345)
            (345 943 966 368)
            (368 966 989 391)
            (391 989 1012 414)
            (414 1012 1035 437)
            (437 1035 1058 460)
            (460 1058 1081 483)
            (483 1081 1104 506)
            (506 1104 1127 529)
            (529 1127 1150 552)
            (552 1150 1173 575)
        );
    }
    spanwisePlus
    {
        type patch;
        faces
        (
            (22 45 643 620)
            (45 68 666 643)
            (68 91 689 666)
            (91 114 712 689)
            (114 137 735 712)
            (137 160 758 735)
            (160 183 781 758)
            (183 206 804 781)
            (206 229 827 804)
            (229 252 850 827)
            (252 275 873 850)
            (275 298 896 873)
            (298 321 919 896)
            (321 344 942 919)
            (344 367 965 942)
            (367 390 988 965)
            (390 413 1011 988)
            (413 436 1034 1011)
            (436 459 1057 1034)
            (459 482 1080 1057)
            (482 505 1103 1080)
            (505 528 1126 1103)
            (528 551 1149 1126)
            (551 574 1172 1149)
            (574 597 1195 1172)
        );
    }
);

mergePatchPairs
(
);
