  MPI rank            0  using GPU            0
 the used processor grid is             1  by             1
 ************************************************
 *** Beginning of simulation (TWO-PHASE mode) ***
 ************************************************
  GPU accelerated version, grid size:           32           32           64
 *** Initial condition succesfully set ***
 dtmax =    7.9196345324442797E-003 dt =    1.9799086331110699E-003
 *** Calculation loop starts now ***
 Used memory =                 697827328
 Timestep #            1 Time =    1.9799086331110699E-003
 Timestep #            2 Time =    3.9598172662221407E-003
 Timestep #            3 Time =    5.9397258993332111E-003
 Timestep #            4 Time =    7.9196345324442814E-003
 Timestep #            5 Time =    9.8995431655553509E-003
 Timestep #            6 Time =    1.1879451798666420E-002
 Timestep #            7 Time =    1.3859360431777490E-002
 Timestep #            8 Time =    1.5839269064888559E-002
 Timestep #            9 Time =    1.7819177697999629E-002
 Timestep #           10 Time =    1.9799086331110698E-002
 Checking stability and divergence...
 updating the time-step size ...
 dtmax =    7.8784498877578629E-003 dt =    1.9696124719394657E-003
 checking the velocity divergence ...
 Total divergence =   -2.0161184089665263E-016 | Maximum divergence =  
   1.6653345369377348E-015
 Timestep #           11 Time =    2.1768698803050164E-002
 Timestep #           12 Time =    2.3738311274989630E-002
 Timestep #           13 Time =    2.5707923746929096E-002
 Timestep #           14 Time =    2.7677536218868561E-002
 Timestep #           15 Time =    2.9647148690808027E-002
 Timestep #           16 Time =    3.1616761162747489E-002
 Timestep #           17 Time =    3.3586373634686958E-002
 Timestep #           18 Time =    3.5555986106626428E-002
 Timestep #           19 Time =    3.7525598578565897E-002
 Timestep #           20 Time =    3.9495211050505366E-002
 Checking stability and divergence...
 updating the time-step size ...
 dtmax =    7.8254501673667431E-003 dt =    1.9563625418416858E-003
 checking the velocity divergence ...
 Total divergence =    3.1547911527075867E-016 | Maximum divergence =  
   2.0955459589799830E-015
 Timestep #           21 Time =    4.1451573592347052E-002
 Timestep #           22 Time =    4.3407936134188738E-002
 Timestep #           23 Time =    4.5364298676030423E-002
 Timestep #           24 Time =    4.7320661217872109E-002
 Timestep #           25 Time =    4.9277023759713795E-002
 Timestep #           26 Time =    5.1233386301555481E-002
 Timestep #           27 Time =    5.3189748843397167E-002
 Timestep #           28 Time =    5.5146111385238852E-002
 Timestep #           29 Time =    5.7102473927080538E-002
 Timestep #           30 Time =    5.9058836468922224E-002
 Checking stability and divergence...
 updating the time-step size ...
 dtmax =    7.7926418238659541E-003 dt =    1.9481604559664885E-003
 checking the velocity divergence ...
 Total divergence =   -1.5465695063043676E-015 | Maximum divergence =  
   1.5439038936193583E-015
 Timestep #           31 Time =    6.1006996924888715E-002
 Timestep #           32 Time =    6.2955157380855206E-002
 Timestep #           33 Time =    6.4903317836821697E-002
 Timestep #           34 Time =    6.6851478292788188E-002
 Timestep #           35 Time =    6.8799638748754680E-002
 Timestep #           36 Time =    7.0747799204721171E-002
 Timestep #           37 Time =    7.2695959660687662E-002
 Timestep #           38 Time =    7.4644120116654153E-002
 Timestep #           39 Time =    7.6592280572620644E-002
 Timestep #           40 Time =    7.8540441028587135E-002
 Checking stability and divergence...
 updating the time-step size ...
 dtmax =    7.7494757386758466E-003 dt =    1.9373689346689617E-003
 checking the velocity divergence ...
 Total divergence =    5.2403048534602897E-016 | Maximum divergence =  
   1.3461454173580023E-015
 Timestep #           41 Time =    8.0477809963256097E-002
 Timestep #           42 Time =    8.2415178897925059E-002
 Timestep #           43 Time =    8.4352547832594021E-002
 Timestep #           44 Time =    8.6289916767262984E-002
 Timestep #           45 Time =    8.8227285701931946E-002
 Timestep #           46 Time =    9.0164654636600908E-002
 Timestep #           47 Time =    9.2102023571269870E-002
 Timestep #           48 Time =    9.4039392505938832E-002
 Timestep #           49 Time =    9.5976761440607794E-002
 Timestep #           50 Time =    9.7914130375276756E-002
 Checking stability and divergence...
 updating the time-step size ...
 dtmax =    7.7095909074254149E-003 dt =    1.9273977268563537E-003
 checking the velocity divergence ...
 Total divergence =   -2.1803852024934473E-015 | Maximum divergence =  
   1.1657341758564144E-015
 Timestep #           51 Time =    9.9841528102133106E-002
 Timestep #           52 Time =    0.1017689258289895     
 Timestep #           53 Time =    0.1036963235558458     
 Timestep #           54 Time =    0.1056237212827022     
 Timestep #           55 Time =    0.1075511190095585     
 Timestep #           56 Time =    0.1094785167364149     
 Timestep #           57 Time =    0.1114059144632712     
 Timestep #           58 Time =    0.1133333121901276     
 Timestep #           59 Time =    0.1152607099169839     
 Timestep #           60 Time =    0.1171881076438403     
 Checking stability and divergence...
 updating the time-step size ...
 dtmax =    7.6747685706326160E-003 dt =    1.9186921426581540E-003
 checking the velocity divergence ...
 Total divergence =    5.4982496793052737E-016 | Maximum divergence =  
   1.2767564783189300E-015
 Timestep #           61 Time =    0.1191067997864984     
 Timestep #           62 Time =    0.1210254919291566     
 Timestep #           63 Time =    0.1229441840718147     
 Timestep #           64 Time =    0.1248628762144729     
 Timestep #           65 Time =    0.1267815683571310     
 Timestep #           66 Time =    0.1287002604997892     
 Timestep #           67 Time =    0.1306189526424473     
 Timestep #           68 Time =    0.1325376447851055     
 Timestep #           69 Time =    0.1344563369277637     
 Timestep #           70 Time =    0.1363750290704218     
 Checking stability and divergence...
 updating the time-step size ...
 dtmax =    7.6443689717368805E-003 dt =    1.9110922429342201E-003
 checking the velocity divergence ...
 Total divergence =   -4.6778072138476540E-016 | Maximum divergence =  
   9.7144514654701197E-016
 Timestep #           71 Time =    0.1382861213133560     
 Timestep #           72 Time =    0.1401972135562903     
 Timestep #           73 Time =    0.1421083057992245     
 Timestep #           74 Time =    0.1440193980421587     
 Timestep #           75 Time =    0.1459304902850930     
 Timestep #           76 Time =    0.1478415825280272     
 Timestep #           77 Time =    0.1497526747709614     
 Timestep #           78 Time =    0.1516637670138957     
 Timestep #           79 Time =    0.1535748592568299     
 Timestep #           80 Time =    0.1554859514997641     
 Checking stability and divergence...
 updating the time-step size ...
 dtmax =    7.6175566063865921E-003 dt =    1.9043891515966480E-003
 checking the velocity divergence ...
 Total divergence =   -3.3720746747716077E-016 | Maximum divergence =  
   9.4368957093138306E-016
 Timestep #           81 Time =    0.1573903406513608     
 Timestep #           82 Time =    0.1592947298029574     
 Timestep #           83 Time =    0.1611991189545541     
 Timestep #           84 Time =    0.1631035081061508     
 Timestep #           85 Time =    0.1650078972577474     
 Timestep #           86 Time =    0.1669122864093441     
 Timestep #           87 Time =    0.1688166755609407     
 Timestep #           88 Time =    0.1707210647125374     
 Timestep #           89 Time =    0.1726254538641341     
 Timestep #           90 Time =    0.1745298430157307     
 Checking stability and divergence...
 updating the time-step size ...
 dtmax =    7.5935659258339486E-003 dt =    1.8983914814584872E-003
 checking the velocity divergence ...
 Total divergence =   -2.1428373436724075E-015 | Maximum divergence =  
   1.5126788710517758E-015
 Timestep #           91 Time =    0.1764282344971892     
 Timestep #           92 Time =    0.1783266259786477     
 Timestep #           93 Time =    0.1802250174601062     
 Timestep #           94 Time =    0.1821234089415646     
 Timestep #           95 Time =    0.1840218004230231     
 Timestep #           96 Time =    0.1859201919044816     
 Timestep #           97 Time =    0.1878185833859401     
 Timestep #           98 Time =    0.1897169748673986     
 Timestep #           99 Time =    0.1916153663488571     
 Timestep #          100 Time =    0.1935137578303155     
 Checking stability and divergence...
 updating the time-step size ...
 dtmax =    7.5588429391797657E-003 dt =    1.8897107347949414E-003
 checking the velocity divergence ...
 Total divergence =    5.5471870078328909E-017 | Maximum divergence =  
   1.6930901125533637E-015
 Timestep #          101 Time =    0.1954034685651105     
 Timestep #          102 Time =    0.1972931792999054     
 Timestep #          103 Time =    0.1991828900347004     
 Timestep #          104 Time =    0.2010726007694953     
 Timestep #          105 Time =    0.2029623115042902     
 Timestep #          106 Time =    0.2048520222390852     
 Timestep #          107 Time =    0.2067417329738801     
 Timestep #          108 Time =    0.2086314437086750     
 Timestep #          109 Time =    0.2105211544434700     
 Timestep #          110 Time =    0.2124108651782649     
 Checking stability and divergence...
 updating the time-step size ...
 dtmax =    7.5264079545957893E-003 dt =    1.8816019886489473E-003
 checking the velocity divergence ...
 Total divergence =    3.1693370377525480E-015 | Maximum divergence =  
   1.7208456881689926E-015
 Timestep #          111 Time =    0.2142924671669139     
 Timestep #          112 Time =    0.2161740691555628     
 Timestep #          113 Time =    0.2180556711442118     
 Timestep #          114 Time =    0.2199372731328607     
 Timestep #          115 Time =    0.2218188751215097     
 Timestep #          116 Time =    0.2237004771101586     
 Timestep #          117 Time =    0.2255820790988076     
 Timestep #          118 Time =    0.2274636810874565     
 Timestep #          119 Time =    0.2293452830761055     
 Timestep #          120 Time =    0.2312268850647544     
 Checking stability and divergence...
 updating the time-step size ...
 dtmax =    7.4955137064912445E-003 dt =    1.8738784266228111E-003
 checking the velocity divergence ...
 Total divergence =   -2.0273877588132712E-015 | Maximum divergence =  
   1.7208456881689926E-015
 Timestep #          121 Time =    0.2331007634913772     
 Timestep #          122 Time =    0.2349746419180000     
 Timestep #          123 Time =    0.2368485203446229     
 Timestep #          124 Time =    0.2387223987712457     
 Timestep #          125 Time =    0.2405962771978685     
 Timestep #          126 Time =    0.2424701556244913     
 Timestep #          127 Time =    0.2443440340511141     
 Timestep #          128 Time =    0.2462179124777369     
 Timestep #          129 Time =    0.2480917909043598     
 Timestep #          130 Time =    0.2499656693309826     
 Checking stability and divergence...
 updating the time-step size ...
 dtmax =    7.4683917606284227E-003 dt =    1.8670979401571057E-003
 checking the velocity divergence ...
 Total divergence =    3.0503392848169227E-016 | Maximum divergence =  
   1.6653345369377348E-015
 Timestep #          131 Time =    0.2518327672711397     
 Timestep #          132 Time =    0.2536998652112968     
 Timestep #          133 Time =    0.2555669631514539     
 Timestep #          134 Time =    0.2574340610916110     
 Timestep #          135 Time =    0.2593011590317681     
 Timestep #          136 Time =    0.2611682569719252     
 Timestep #          137 Time =    0.2630353549120823     
 Timestep #          138 Time =    0.2649024528522394     
 Timestep #          139 Time =    0.2667695507923965     
 Timestep #          140 Time =    0.2686366487325536     
 Checking stability and divergence...
 updating the time-step size ...
 dtmax =    7.4401686194703756E-003 dt =    1.8600421548675939E-003
 checking the velocity divergence ...
 Total divergence =    1.8301247968260589E-016 | Maximum divergence =  
   1.7763568394002505E-015
 Timestep #          141 Time =    0.2704966908874212     
 Timestep #          142 Time =    0.2723567330422887     
 Timestep #          143 Time =    0.2742167751971563     
 Timestep #          144 Time =    0.2760768173520239     
 Timestep #          145 Time =    0.2779368595068915     
 Timestep #          146 Time =    0.2797969016617590     
 Timestep #          147 Time =    0.2816569438166266     
 Timestep #          148 Time =    0.2835169859714942     
 Timestep #          149 Time =    0.2853770281263617     
 Timestep #          150 Time =    0.2872370702812293     
 Checking stability and divergence...
 updating the time-step size ...
 dtmax =    7.4109559744401287E-003 dt =    1.8527389936100322E-003
 checking the velocity divergence ...
 Total divergence =    2.1846504368993463E-016 | Maximum divergence =  
   1.7763568394002505E-015
 Timestep #          151 Time =    0.2890898092748393     
 Timestep #          152 Time =    0.2909425482684494     
 Timestep #          153 Time =    0.2927952872620594     
 Timestep #          154 Time =    0.2946480262556695     
 Timestep #          155 Time =    0.2965007652492795     
 Timestep #          156 Time =    0.2983535042428896     
 Timestep #          157 Time =    0.3002062432364996     
 Timestep #          158 Time =    0.3020589822301097     
 Timestep #          159 Time =    0.3039117212237197     
 Timestep #          160 Time =    0.3057644602173298     
 Checking stability and divergence...
 updating the time-step size ...
 dtmax =    7.3845502266218161E-003 dt =    1.8461375566554540E-003
 checking the velocity divergence ...
 Total divergence =   -2.1931038257129443E-016 | Maximum divergence =  
   1.7763568394002505E-015
 Timestep #          161 Time =    0.3076105977739853     
 Timestep #          162 Time =    0.3094567353306407     
 Timestep #          163 Time =    0.3113028728872962     
 Timestep #          164 Time =    0.3131490104439517     
 Timestep #          165 Time =    0.3149951480006071     
 Timestep #          166 Time =    0.3168412855572626     
 Timestep #          167 Time =    0.3186874231139181     
 Timestep #          168 Time =    0.3205335606705735     
 Timestep #          169 Time =    0.3223796982272290     
 Timestep #          170 Time =    0.3242258357838845     
 Checking stability and divergence...
 updating the time-step size ...
 dtmax =    7.3579184194284518E-003 dt =    1.8394796048571129E-003
 checking the velocity divergence ...
 Total divergence =    1.4644318743761708E-015 | Maximum divergence =  
   1.8873791418627661E-015
 Timestep #          171 Time =    0.3260653153887416     
 Timestep #          172 Time =    0.3279047949935986     
 Timestep #          173 Time =    0.3297442745984557     
 Timestep #          174 Time =    0.3315837542033128     
 Timestep #          175 Time =    0.3334232338081699     
 Timestep #          176 Time =    0.3352627134130270     
 Timestep #          177 Time =    0.3371021930178841     
 Timestep #          178 Time =    0.3389416726227412     
 Timestep #          179 Time =    0.3407811522275982     
 Timestep #          180 Time =    0.3426206318324553     
 Checking stability and divergence...
 updating the time-step size ...
 dtmax =    7.3292686827127604E-003 dt =    1.8323171706781901E-003
 checking the velocity divergence ...
 Total divergence =    6.4957008549153608E-016 | Maximum divergence =  
   1.8873791418627661E-015
 Timestep #          181 Time =    0.3444529490031335     
 Timestep #          182 Time =    0.3462852661738117     
 Timestep #          183 Time =    0.3481175833444898     
 Timestep #          184 Time =    0.3499499005151680     
 Timestep #          185 Time =    0.3517822176858462     
 Timestep #          186 Time =    0.3536145348565243     
 Timestep #          187 Time =    0.3554468520272025     
 Timestep #          188 Time =    0.3572791691978807     
 Timestep #          189 Time =    0.3591114863685588     
 Timestep #          190 Time =    0.3609438035392370     
 Checking stability and divergence...
 updating the time-step size ...
 dtmax =    7.3024168703981320E-003 dt =    1.8256042175995330E-003
 checking the velocity divergence ...
 Total divergence =   -6.3592014954653303E-016 | Maximum divergence =  
   3.3445468616832841E-015
 Timestep #          191 Time =    0.3627694077568365     
 Timestep #          192 Time =    0.3645950119744361     
 Timestep #          193 Time =    0.3664206161920356     
 Timestep #          194 Time =    0.3682462204096351     
 Timestep #          195 Time =    0.3700718246272346     
 Timestep #          196 Time =    0.3718974288448342     
 Timestep #          197 Time =    0.3737230330624337     
 Timestep #          198 Time =    0.3755486372800332     
 Timestep #          199 Time =    0.3773742414976328     
 Timestep #          200 Time =    0.3791998457152323     
 Checking stability and divergence...
 updating the time-step size ...
 dtmax =    7.2763284127277074E-003 dt =    1.8190821031819268E-003
 checking the velocity divergence ...
 Total divergence =    3.7436145763208861E-016 | Maximum divergence =  
   3.2751579226442118E-015
 Timestep #          201 Time =    0.3810189278184142     
 Timestep #          202 Time =    0.3828380099215962     
 Timestep #          203 Time =    0.3846570920247781     
 Timestep #          204 Time =    0.3864761741279600     
 Timestep #          205 Time =    0.3882952562311420     
 Timestep #          206 Time =    0.3901143383343239     
 Timestep #          207 Time =    0.3919334204375058     
 Timestep #          208 Time =    0.3937525025406878     
 Timestep #          209 Time =    0.3955715846438697     
 Timestep #          210 Time =    0.3973906667470516     
 Checking stability and divergence...
 updating the time-step size ...
 dtmax =    7.2501302259596933E-003 dt =    1.8125325564899233E-003
 checking the velocity divergence ...
 Total divergence =   -1.5743403285130471E-015 | Maximum divergence =  
   3.2474023470285829E-015
 Timestep #          211 Time =    0.3992031993035416     
 Timestep #          212 Time =    0.4010157318600315     
 Timestep #          213 Time =    0.4028282644165215     
 Timestep #          214 Time =    0.4046407969730114     
 Timestep #          215 Time =    0.4064533295295014     
 Timestep #          216 Time =    0.4082658620859913     
 Timestep #          217 Time =    0.4100783946424812     
 Timestep #          218 Time =    0.4118909271989712     
 Timestep #          219 Time =    0.4137034597554611     
 Timestep #          220 Time =    0.4155159923119511     
 Checking stability and divergence...
 updating the time-step size ...
 dtmax =    7.2258484798365429E-003 dt =    1.8064621199591357E-003
 checking the velocity divergence ...
 Total divergence =   -1.5736118801784084E-015 | Maximum divergence =  
   3.3306690738754696E-015
 Timestep #          221 Time =    0.4173224544319102     
 Timestep #          222 Time =    0.4191289165518694     
 Timestep #          223 Time =    0.4209353786718286     
 Timestep #          224 Time =    0.4227418407917877     
 Timestep #          225 Time =    0.4245483029117469     
 Timestep #          226 Time =    0.4263547650317061     
 Timestep #          227 Time =    0.4281612271516652     
 Timestep #          228 Time =    0.4299676892716244     
 Timestep #          229 Time =    0.4317741513915835     
 Timestep #          230 Time =    0.4335806135115427     
 Checking stability and divergence...
 updating the time-step size ...
 dtmax =    7.2037458986301825E-003 dt =    1.8009364746575456E-003
 checking the velocity divergence ...
 Total divergence =    4.8847543035208246E-017 | Maximum divergence =  
   3.3167912860676552E-015
 Timestep #          231 Time =    0.4353815499862003     
 Timestep #          232 Time =    0.4371824864608578     
 Timestep #          233 Time =    0.4389834229355154     
 Timestep #          234 Time =    0.4407843594101730     
 Timestep #          235 Time =    0.4425852958848305     
 Timestep #          236 Time =    0.4443862323594881     
 Timestep #          237 Time =    0.4461871688341457     
 Timestep #          238 Time =    0.4479881053088032     
 Timestep #          239 Time =    0.4497890417834608     
 Timestep #          240 Time =    0.4515899782581184     
 Checking stability and divergence...
 updating the time-step size ...
 dtmax =    7.1822391093371834E-003 dt =    1.7955597773342958E-003
 checking the velocity divergence ...
 Total divergence =   -2.7354005765665122E-015 | Maximum divergence =  
   3.4416913763379853E-015
 Timestep #          241 Time =    0.4533855380354527     
 Timestep #          242 Time =    0.4551810978127870     
 Timestep #          243 Time =    0.4569766575901213     
 Timestep #          244 Time =    0.4587722173674556     
 Timestep #          245 Time =    0.4605677771447899     
 Timestep #          246 Time =    0.4623633369221242     
 Timestep #          247 Time =    0.4641588966994585     
 Timestep #          248 Time =    0.4659544564767928     
 Timestep #          249 Time =    0.4677500162541272     
 Timestep #          250 Time =    0.4695455760314615     
 Checking stability and divergence...
 updating the time-step size ...
 dtmax =    7.1607249831750937E-003 dt =    1.7901812457937734E-003
 checking the velocity divergence ...
 Total divergence =   -8.7411513167686208E-016 | Maximum divergence =  
   3.4416913763379853E-015
 Timestep #          251 Time =    0.4713357572772552     
 Timestep #          252 Time =    0.4731259385230490     
 Timestep #          253 Time =    0.4749161197688428     
 Timestep #          254 Time =    0.4767063010146366     
 Timestep #          255 Time =    0.4784964822604303     
 Timestep #          256 Time =    0.4802866635062241     
 Timestep #          257 Time =    0.4820768447520179     
 Timestep #          258 Time =    0.4838670259978117     
 Timestep #          259 Time =    0.4856572072436054     
 Timestep #          260 Time =    0.4874473884893992     
 Checking stability and divergence...
 updating the time-step size ...
 dtmax =    7.1414798214770080E-003 dt =    1.7853699553692520E-003
 checking the velocity divergence ...
 Total divergence =    1.8339787967360660E-016 | Maximum divergence =  
   3.4833247397614286E-015
 Timestep #          261 Time =    0.4892327584447685     
 Timestep #          262 Time =    0.4910181284001378     
 Timestep #          263 Time =    0.4928034983555070     
 Timestep #          264 Time =    0.4945888683108763     
 Timestep #          265 Time =    0.4963742382662455     
 Timestep #          266 Time =    0.4981596082216148     
 Timestep #          267 Time =    0.4999449781769841     
 Timestep #          268 Time =    0.5017303481323533     
 Timestep #          269 Time =    0.5035157180877226     
 Timestep #          270 Time =    0.5053010880430918     
 Checking stability and divergence...
 updating the time-step size ...
 dtmax =    7.1248464085790697E-003 dt =    1.7812116021447674E-003
 checking the velocity divergence ...
 Total divergence =    1.2107548240359277E-015 | Maximum divergence =  
   3.4972025275692431E-015
 Timestep #          271 Time =    0.5070822996452365     
 Timestep #          272 Time =    0.5088635112473813     
 Timestep #          273 Time =    0.5106447228495260     
 Timestep #          274 Time =    0.5124259344516707     
 Timestep #          275 Time =    0.5142071460538155     
 Timestep #          276 Time =    0.5159883576559602     
 Timestep #          277 Time =    0.5177695692581049     
 Timestep #          278 Time =    0.5195507808602496     
 Timestep #          279 Time =    0.5213319924623944     
 Timestep #          280 Time =    0.5231132040645391     
 Checking stability and divergence...
 updating the time-step size ...
 dtmax =    7.1066447117784648E-003 dt =    1.7766611779446162E-003
 checking the velocity divergence ...
 Total divergence =   -9.5156274217611178E-016 | Maximum divergence =  
   3.4972025275692431E-015
 Timestep #          281 Time =    0.5248898652424837     
 Timestep #          282 Time =    0.5266665264204283     
 Timestep #          283 Time =    0.5284431875983729     
 Timestep #          284 Time =    0.5302198487763176     
 Timestep #          285 Time =    0.5319965099542622     
 Timestep #          286 Time =    0.5337731711322068     
 Timestep #          287 Time =    0.5355498323101514     
 Timestep #          288 Time =    0.5373264934880960     
 Timestep #          289 Time =    0.5391031546660406     
 Timestep #          290 Time =    0.5408798158439853     
 Checking stability and divergence...
 updating the time-step size ...
 dtmax =    7.0903573020301511E-003 dt =    1.7725893255075378E-003
 checking the velocity divergence ...
 Total divergence =    1.3762049225901629E-015 | Maximum divergence =  
   3.3584246494910985E-015
 Timestep #          291 Time =    0.5426524051694928     
 Timestep #          292 Time =    0.5444249944950003     
 Timestep #          293 Time =    0.5461975838205078     
 Timestep #          294 Time =    0.5479701731460153     
 Timestep #          295 Time =    0.5497427624715228     
 Timestep #          296 Time =    0.5515153517970303     
 Timestep #          297 Time =    0.5532879411225378     
 Timestep #          298 Time =    0.5550605304480453     
 Timestep #          299 Time =    0.5568331197735528     
 Timestep #          300 Time =    0.5586057090990603     
 Checking stability and divergence...
 updating the time-step size ...
 dtmax =    7.0767161205544547E-003 dt =    1.7691790301386137E-003
 checking the velocity divergence ...
 Total divergence =   -1.2201204673337185E-015 | Maximum divergence =  
   3.4416913763379853E-015
 Timestep #          301 Time =    0.5603748881291989     
 Timestep #          302 Time =    0.5621440671593375     
 Timestep #          303 Time =    0.5639132461894761     
 Timestep #          304 Time =    0.5656824252196148     
 Timestep #          305 Time =    0.5674516042497534     
 Timestep #          306 Time =    0.5692207832798920     
 Timestep #          307 Time =    0.5709899623100306     
 Timestep #          308 Time =    0.5727591413401693     
 Timestep #          309 Time =    0.5745283203703079     
 Timestep #          310 Time =    0.5762974994004465     
 Checking stability and divergence...
 updating the time-step size ...
 dtmax =    7.0635558318689054E-003 dt =    1.7658889579672263E-003
 checking the velocity divergence ...
 Total divergence =   -1.2531632226061087E-015 | Maximum divergence =  
   3.3306690738754696E-015
 Timestep #          311 Time =    0.5780633883584138     
 Timestep #          312 Time =    0.5798292773163810     
 Timestep #          313 Time =    0.5815951662743483     
 Timestep #          314 Time =    0.5833610552323155     
 Timestep #          315 Time =    0.5851269441902828     
 Timestep #          316 Time =    0.5868928331482500     
 Timestep #          317 Time =    0.5886587221062173     
 Timestep #          318 Time =    0.5904246110641845     
 Timestep #          319 Time =    0.5921905000221518     
 Timestep #          320 Time =    0.5939563889801190     
 Checking stability and divergence...
 updating the time-step size ...
 dtmax =    7.0500256795690934E-003 dt =    1.7625064198922734E-003
 checking the velocity divergence ...
 Total divergence =    1.2541949087358645E-015 | Maximum divergence =  
   3.4416913763379853E-015
 Timestep #          321 Time =    0.5957188954000113     
 Timestep #          322 Time =    0.5974814018199036     
 Timestep #          323 Time =    0.5992439082397959     
 Timestep #          324 Time =    0.6010064146596882     
 Timestep #          325 Time =    0.6027689210795805     
 Timestep #          326 Time =    0.6045314274994728     
 Timestep #          327 Time =    0.6062939339193650     
 Timestep #          328 Time =    0.6080564403392573     
 Timestep #          329 Time =    0.6098189467591496     
 Timestep #          330 Time =    0.6115814531790419     
 Checking stability and divergence...
 updating the time-step size ...
 dtmax =    7.0392053592170404E-003 dt =    1.7598013398042601E-003
 checking the velocity divergence ...
 Total divergence =   -1.0431566499274555E-015 | Maximum divergence =  
   3.3861802251067274E-015
 Timestep #          331 Time =    0.6133412545188461     
 Timestep #          332 Time =    0.6151010558586504     
 Timestep #          333 Time =    0.6168608571984546     
 Timestep #          334 Time =    0.6186206585382589     
 Timestep #          335 Time =    0.6203804598780631     
 Timestep #          336 Time =    0.6221402612178674     
 Timestep #          337 Time =    0.6239000625576716     
 Timestep #          338 Time =    0.6256598638974759     
 Timestep #          339 Time =    0.6274196652372801     
 Timestep #          340 Time =    0.6291794665770843     
 Checking stability and divergence...
 updating the time-step size ...
 dtmax =    7.0313684789577481E-003 dt =    1.7578421197394370E-003
 checking the velocity divergence ...
 Total divergence =    1.5461874944451559E-015 | Maximum divergence =  
   3.5527136788005009E-015
 Timestep #          341 Time =    0.6309373086968237     
 Timestep #          342 Time =    0.6326951508165631     
 Timestep #          343 Time =    0.6344529929363025     
 Timestep #          344 Time =    0.6362108350560419     
 Timestep #          345 Time =    0.6379686771757813     
 Timestep #          346 Time =    0.6397265192955207     
 Timestep #          347 Time =    0.6414843614152601     
 Timestep #          348 Time =    0.6432422035349995     
 Timestep #          349 Time =    0.6450000456547389     
 Timestep #          350 Time =    0.6467578877744783     
 Checking stability and divergence...
 updating the time-step size ...
 dtmax =    7.0204423007513604E-003 dt =    1.7551105751878401E-003
 checking the velocity divergence ...
 Total divergence =   -2.8250242856825425E-017 | Maximum divergence =  
   3.6637359812630166E-015
 Timestep #          351 Time =    0.6485129983496661     
 Timestep #          352 Time =    0.6502681089248540     
 Timestep #          353 Time =    0.6520232195000418     
 Timestep #          354 Time =    0.6537783300752297     
 Timestep #          355 Time =    0.6555334406504175     
 Timestep #          356 Time =    0.6572885512256054     
 Timestep #          357 Time =    0.6590436618007932     
 Timestep #          358 Time =    0.6607987723759811     
 Timestep #          359 Time =    0.6625538829511689     
 Timestep #          360 Time =    0.6643089935263568     
 Checking stability and divergence...
 updating the time-step size ...
 dtmax =    7.0120976943249006E-003 dt =    1.7530244235812252E-003
 checking the velocity divergence ...
 Total divergence =    2.1765511078577007E-015 | Maximum divergence =  
   3.5527136788005009E-015
 Timestep #          361 Time =    0.6660620179499380     
 Timestep #          362 Time =    0.6678150423735193     
 Timestep #          363 Time =    0.6695680667971006     
 Timestep #          364 Time =    0.6713210912206818     
 Timestep #          365 Time =    0.6730741156442631     
 Timestep #          366 Time =    0.6748271400678444     
 Timestep #          367 Time =    0.6765801644914257     
 Timestep #          368 Time =    0.6783331889150069     
 Timestep #          369 Time =    0.6800862133385882     
 Timestep #          370 Time =    0.6818392377621695     
 Checking stability and divergence...
 updating the time-step size ...
 dtmax =    7.0066667787346618E-003 dt =    1.7516666946836654E-003
 checking the velocity divergence ...
 Total divergence =    2.0027924631238481E-016 | Maximum divergence =  
   3.6637359812630166E-015
 Timestep #          371 Time =    0.6835909044568531     
 Timestep #          372 Time =    0.6853425711515367     
 Timestep #          373 Time =    0.6870942378462204     
 Timestep #          374 Time =    0.6888459045409040     
 Timestep #          375 Time =    0.6905975712355876     
 Timestep #          376 Time =    0.6923492379302713     
 Timestep #          377 Time =    0.6941009046249549     
 Timestep #          378 Time =    0.6958525713196385     
 Timestep #          379 Time =    0.6976042380143221     
 Timestep #          380 Time =    0.6993559047090058     
 Checking stability and divergence...
 updating the time-step size ...
 dtmax =    7.0011419521988525E-003 dt =    1.7502854880497131E-003
 checking the velocity divergence ...
 Total divergence =    9.9137921992769468E-016 | Maximum divergence =  
   3.3584246494910985E-015
 Timestep #          381 Time =    0.7011061901970554     
 Timestep #          382 Time =    0.7028564756851051     
 Timestep #          383 Time =    0.7046067611731548     
 Timestep #          384 Time =    0.7063570466612045     
 Timestep #          385 Time =    0.7081073321492541     
 Timestep #          386 Time =    0.7098576176373038     
 Timestep #          387 Time =    0.7116079031253535     
 Timestep #          388 Time =    0.7133581886134032     
 Timestep #          389 Time =    0.7151084741014528     
 Timestep #          390 Time =    0.7168587595895025     
 Checking stability and divergence...
 updating the time-step size ...
 dtmax =    6.9947626811739912E-003 dt =    1.7486906702934978E-003
 checking the velocity divergence ...
 Total divergence =   -5.5114739811942814E-016 | Maximum divergence =  
   3.5527136788005009E-015
 Timestep #          391 Time =    0.7186074502597960     
 Timestep #          392 Time =    0.7203561409300895     
 Timestep #          393 Time =    0.7221048316003830     
 Timestep #          394 Time =    0.7238535222706765     
 Timestep #          395 Time =    0.7256022129409699     
 Timestep #          396 Time =    0.7273509036112634     
 Timestep #          397 Time =    0.7290995942815569     
 Timestep #          398 Time =    0.7308482849518504     
 Timestep #          399 Time =    0.7325969756221439     
 Timestep #          400 Time =    0.7343456662924374     
 Checking stability and divergence...
 updating the time-step size ...
 dtmax =    6.9912755559006449E-003 dt =    1.7478188889751612E-003
 checking the velocity divergence ...
 Total divergence =   -6.5446170076192967E-016 | Maximum divergence =  
   3.3306690738754696E-015
 Timestep #          401 Time =    0.7360934851814125     
 Timestep #          402 Time =    0.7378413040703876     
 Timestep #          403 Time =    0.7395891229593627     
 Timestep #          404 Time =    0.7413369418483379     
 Timestep #          405 Time =    0.7430847607373130     
 Timestep #          406 Time =    0.7448325796262881     
 Timestep #          407 Time =    0.7465803985152633     
 Timestep #          408 Time =    0.7483282174042384     
 Timestep #          409 Time =    0.7500760362932135     
 Timestep #          410 Time =    0.7518238551821886     
 Checking stability and divergence...
 updating the time-step size ...
 dtmax =    6.9908372458522047E-003 dt =    1.7477093114630512E-003
 checking the velocity divergence ...
 Total divergence =   -7.2035408779473620E-016 | Maximum divergence =  
   3.3306690738754696E-015
 Timestep #          411 Time =    0.7535715644936517     
 Timestep #          412 Time =    0.7553192738051148     
 Timestep #          413 Time =    0.7570669831165778     
 Timestep #          414 Time =    0.7588146924280409     
 Timestep #          415 Time =    0.7605624017395040     
 Timestep #          416 Time =    0.7623101110509670     
 Timestep #          417 Time =    0.7640578203624301     
 Timestep #          418 Time =    0.7658055296738931     
 Timestep #          419 Time =    0.7675532389853562     
 Timestep #          420 Time =    0.7693009482968193     
 Checking stability and divergence...
 updating the time-step size ...
 dtmax =    6.9866263776530340E-003 dt =    1.7466565944132585E-003
 checking the velocity divergence ...
 Total divergence =    1.7623181153324577E-015 | Maximum divergence =  
   3.7747582837255322E-015
 Timestep #          421 Time =    0.7710476048912326     
 Timestep #          422 Time =    0.7727942614856459     
 Timestep #          423 Time =    0.7745409180800592     
 Timestep #          424 Time =    0.7762875746744725     
 Timestep #          425 Time =    0.7780342312688858     
 Timestep #          426 Time =    0.7797808878632991     
 Timestep #          427 Time =    0.7815275444577124     
 Timestep #          428 Time =    0.7832742010521258     
 Timestep #          429 Time =    0.7850208576465391     
 Timestep #          430 Time =    0.7867675142409524     
 Checking stability and divergence...
 updating the time-step size ...
 dtmax =    6.9844526215469271E-003 dt =    1.7461131553867318E-003
 checking the velocity divergence ...
 Total divergence =   -2.6598359203090088E-016 | Maximum divergence =  
   3.5527136788005009E-015
 Timestep #          431 Time =    0.7885136273963391     
 Timestep #          432 Time =    0.7902597405517259     
 Timestep #          433 Time =    0.7920058537071126     
 Timestep #          434 Time =    0.7937519668624994     
 Timestep #          435 Time =    0.7954980800178861     
 Timestep #          436 Time =    0.7972441931732729     
 Timestep #          437 Time =    0.7989903063286596     
 Timestep #          438 Time =    0.8007364194840464     
 Timestep #          439 Time =    0.8024825326394331     
 Timestep #          440 Time =    0.8042286457948199     
 Checking stability and divergence...
 updating the time-step size ...
 dtmax =    6.9852395436948590E-003 dt =    1.7463098859237147E-003
 checking the velocity divergence ...
 Total divergence =   -1.1382428745203288E-017 | Maximum divergence =  
   3.5527136788005009E-015
 Timestep #          441 Time =    0.8059749556807436     
 Timestep #          442 Time =    0.8077212655666673     
 Timestep #          443 Time =    0.8094675754525911     
 Timestep #          444 Time =    0.8112138853385148     
 Timestep #          445 Time =    0.8129601952244385     
 Timestep #          446 Time =    0.8147065051103622     
 Timestep #          447 Time =    0.8164528149962860     
 Timestep #          448 Time =    0.8181991248822097     
 Timestep #          449 Time =    0.8199454347681334     
 Timestep #          450 Time =    0.8216917446540571     
 Checking stability and divergence...
 updating the time-step size ...
 dtmax =    6.9866584060104264E-003 dt =    1.7466646015026066E-003
 checking the velocity divergence ...
 Total divergence =   -6.5128363314383153E-017 | Maximum divergence =  
   3.4416913763379853E-015
 Timestep #          451 Time =    0.8234384092555598     
 Timestep #          452 Time =    0.8251850738570624     
 Timestep #          453 Time =    0.8269317384585650     
 Timestep #          454 Time =    0.8286784030600677     
 Timestep #          455 Time =    0.8304250676615703     
 Timestep #          456 Time =    0.8321717322630729     
 Timestep #          457 Time =    0.8339183968645756     
 Timestep #          458 Time =    0.8356650614660782     
 Timestep #          459 Time =    0.8374117260675809     
 Timestep #          460 Time =    0.8391583906690835     
 Checking stability and divergence...
 updating the time-step size ...
 dtmax =    6.9853394150259851E-003 dt =    1.7463348537564963E-003
 checking the velocity divergence ...
 Total divergence =   -4.3090598905899669E-016 | Maximum divergence =  
   3.9968028886505635E-015
 Timestep #          461 Time =    0.8409047255228400     
 Timestep #          462 Time =    0.8426510603765965     
 Timestep #          463 Time =    0.8443973952303531     
 Timestep #          464 Time =    0.8461437300841096     
 Timestep #          465 Time =    0.8478900649378661     
 Timestep #          466 Time =    0.8496363997916226     
 Timestep #          467 Time =    0.8513827346453792     
 Timestep #          468 Time =    0.8531290694991357     
 Timestep #          469 Time =    0.8548754043528922     
 Timestep #          470 Time =    0.8566217392066487     
 Checking stability and divergence...
 updating the time-step size ...
 dtmax =    6.9868178477732867E-003 dt =    1.7467044619433217E-003
 checking the velocity divergence ...
 Total divergence =   -1.0787201752508746E-015 | Maximum divergence =  
   3.4416913763379853E-015
 Timestep #          471 Time =    0.8583684436685921     
 Timestep #          472 Time =    0.8601151481305355     
 Timestep #          473 Time =    0.8618618525924788     
 Timestep #          474 Time =    0.8636085570544222     
 Timestep #          475 Time =    0.8653552615163655     
 Timestep #          476 Time =    0.8671019659783089     
 Timestep #          477 Time =    0.8688486704402523     
 Timestep #          478 Time =    0.8705953749021956     
 Timestep #          479 Time =    0.8723420793641390     
 Timestep #          480 Time =    0.8740887838260823     
 Checking stability and divergence...
 updating the time-step size ...
 dtmax =    6.9912178618833799E-003 dt =    1.7478044654708450E-003
 checking the velocity divergence ...
 Total divergence =    1.8906453009073787E-016 | Maximum divergence =  
   3.5527136788005009E-015
 Timestep #          481 Time =    0.8758365882915532     
 Timestep #          482 Time =    0.8775843927570240     
 Timestep #          483 Time =    0.8793321972224949     
 Timestep #          484 Time =    0.8810800016879657     
 Timestep #          485 Time =    0.8828278061534366     
 Timestep #          486 Time =    0.8845756106189074     
 Timestep #          487 Time =    0.8863234150843783     
 Timestep #          488 Time =    0.8880712195498491     
 Timestep #          489 Time =    0.8898190240153200     
 Timestep #          490 Time =    0.8915668284807908     
 Checking stability and divergence...
 updating the time-step size ...
 dtmax =    6.9929589783814432E-003 dt =    1.7482397445953608E-003
 checking the velocity divergence ...
 Total divergence =   -2.0850596910929747E-015 | Maximum divergence =  
   3.5527136788005009E-015
 Timestep #          491 Time =    0.8933150682253862     
 Timestep #          492 Time =    0.8950633079699816     
 Timestep #          493 Time =    0.8968115477145769     
 Timestep #          494 Time =    0.8985597874591723     
 Timestep #          495 Time =    0.9003080272037677     
 Timestep #          496 Time =    0.9020562669483631     
 Timestep #          497 Time =    0.9038045066929584     
 Timestep #          498 Time =    0.9055527464375538     
 Timestep #          499 Time =    0.9073009861821492     
 Timestep #          500 Time =    0.9090492259267445     
 Checking stability and divergence...
 updating the time-step size ...
 dtmax =    6.9944670588285660E-003 dt =    1.7486167647071415E-003
 checking the velocity divergence ...
 Total divergence =    2.5268009256132484E-016 | Maximum divergence =  
   3.5527136788005009E-015
 Timestep #          501 Time =    0.9107978426914517     
 Timestep #          502 Time =    0.9125464594561589     
 Timestep #          503 Time =    0.9142950762208660     
 Timestep #          504 Time =    0.9160436929855732     
 Timestep #          505 Time =    0.9177923097502804     
 Timestep #          506 Time =    0.9195409265149875     
 Timestep #          507 Time =    0.9212895432796947     
 Timestep #          508 Time =    0.9230381600444019     
 Timestep #          509 Time =    0.9247867768091090     
 Timestep #          510 Time =    0.9265353935738162     
 Checking stability and divergence...
 updating the time-step size ...
 dtmax =    6.9987623620899921E-003 dt =    1.7496905905224980E-003
 checking the velocity divergence ...
 Total divergence =    1.2226005798032791E-015 | Maximum divergence =  
   3.7747582837255322E-015
 Timestep #          511 Time =    0.9282850841643387     
 Timestep #          512 Time =    0.9300347747548613     
 Timestep #          513 Time =    0.9317844653453838     
 Timestep #          514 Time =    0.9335341559359064     
 Timestep #          515 Time =    0.9352838465264289     
 Timestep #          516 Time =    0.9370335371169515     
 Timestep #          517 Time =    0.9387832277074740     
 Timestep #          518 Time =    0.9405329182979966     
 Timestep #          519 Time =    0.9422826088885191     
 Timestep #          520 Time =    0.9440322994790417     
 Checking stability and divergence...
 updating the time-step size ...
 dtmax =    7.0041310709734322E-003 dt =    1.7510327677433581E-003
 checking the velocity divergence ...
 Total divergence =    1.5533737219696614E-015 | Maximum divergence =  
   3.4416913763379853E-015
 Timestep #          521 Time =    0.9457833322467850     
 Timestep #          522 Time =    0.9475343650145284     
 Timestep #          523 Time =    0.9492853977822717     
 Timestep #          524 Time =    0.9510364305500151     
 Timestep #          525 Time =    0.9527874633177584     
 Timestep #          526 Time =    0.9545384960855018     
 Timestep #          527 Time =    0.9562895288532451     
 Timestep #          528 Time =    0.9580405616209885     
 Timestep #          529 Time =    0.9597915943887319     
 Timestep #          530 Time =    0.9615426271564752     
 Checking stability and divergence...
 updating the time-step size ...
 dtmax =    7.0075454095253212E-003 dt =    1.7518863523813303E-003
 checking the velocity divergence ...
 Total divergence =    2.3949348363846990E-016 | Maximum divergence =  
   3.3306690738754696E-015
 Timestep #          531 Time =    0.9632945135088565     
 Timestep #          532 Time =    0.9650463998612379     
 Timestep #          533 Time =    0.9667982862136192     
 Timestep #          534 Time =    0.9685501725660005     
 Timestep #          535 Time =    0.9703020589183818     
 Timestep #          536 Time =    0.9720539452707632     
 Timestep #          537 Time =    0.9738058316231445     
 Timestep #          538 Time =    0.9755577179755258     
 Timestep #          539 Time =    0.9773096043279071     
 Timestep #          540 Time =    0.9790614906802885     
 Checking stability and divergence...
 updating the time-step size ...
 dtmax =    7.0082300040491602E-003 dt =    1.7520575010122900E-003
 checking the velocity divergence ...
 Total divergence =   -6.7379099261827280E-016 | Maximum divergence =  
   3.3306690738754696E-015
 Timestep #          541 Time =    0.9808135481813007     
 Timestep #          542 Time =    0.9825656056823130     
 Timestep #          543 Time =    0.9843176631833253     
 Timestep #          544 Time =    0.9860697206843375     
 Timestep #          545 Time =    0.9878217781853498     
 Timestep #          546 Time =    0.9895738356863620     
 Timestep #          547 Time =    0.9913258931873743     
 Timestep #          548 Time =    0.9930779506883866     
 Timestep #          549 Time =    0.9948300081893988     
 Timestep #          550 Time =    0.9965820656904111     
 Checking stability and divergence...
 updating the time-step size ...
 dtmax =    7.0117393772247951E-003 dt =    1.7529348443061988E-003
 checking the velocity divergence ...
 Total divergence =    2.3851837930959074E-015 | Maximum divergence =  
   3.9968028886505635E-015
 Timestep #          551 Time =    0.9983350005347172     
 Timestep #          552 Time =     1.000087935379024     
 Timestep #          553 Time =     1.001840870223330     
 Timestep #          554 Time =     1.003593805067636     
 Timestep #          555 Time =     1.005346739911942     
 Timestep #          556 Time =     1.007099674756248     
 Timestep #          557 Time =     1.008852609600554     
 Timestep #          558 Time =     1.010605544444861     
 Timestep #          559 Time =     1.012358479289167     
 Timestep #          560 Time =     1.014111414133473     
 Checking stability and divergence...
 updating the time-step size ...
 dtmax =    7.0156803867002550E-003 dt =    1.7539200966750637E-003
 checking the velocity divergence ...
 Total divergence =   -8.5821378215805710E-018 | Maximum divergence =  
   3.5527136788005009E-015
 Timestep #          561 Time =     1.015865334230148     
 Timestep #          562 Time =     1.017619254326823     
 Timestep #          563 Time =     1.019373174423498     
 Timestep #          564 Time =     1.021127094520173     
 Timestep #          565 Time =     1.022881014616848     
 Timestep #          566 Time =     1.024634934713523     
 Timestep #          567 Time =     1.026388854810198     
 Timestep #          568 Time =     1.028142774906873     
 Timestep #          569 Time =     1.029896695003548     
 Timestep #          570 Time =     1.031650615100222     
 Checking stability and divergence...
 updating the time-step size ...
 dtmax =    7.0187989415116453E-003 dt =    1.7546997353779113E-003
 checking the velocity divergence ...
 Total divergence =    1.2763736194267711E-015 | Maximum divergence =  
   3.5527136788005009E-015
 Timestep #          571 Time =     1.033405314835600     
 Timestep #          572 Time =     1.035160014570978     
 Timestep #          573 Time =     1.036914714306356     
 Timestep #          574 Time =     1.038669414041734     
 Timestep #          575 Time =     1.040424113777112     
 Timestep #          576 Time =     1.042178813512490     
 Timestep #          577 Time =     1.043933513247868     
 Timestep #          578 Time =     1.045688212983246     
 Timestep #          579 Time =     1.047442912718624     
 Timestep #          580 Time =     1.049197612454001     
 Checking stability and divergence...
 updating the time-step size ...
 dtmax =    7.0174580009193096E-003 dt =    1.7543645002298274E-003
 checking the velocity divergence ...
 Total divergence =    6.5440071438972736E-016 | Maximum divergence =  
   3.5527136788005009E-015
 Timestep #          581 Time =     1.050951976954231     
 Timestep #          582 Time =     1.052706341454461     
 Timestep #          583 Time =     1.054460705954691     
 Timestep #          584 Time =     1.056215070454921     
 Timestep #          585 Time =     1.057969434955151     
 Timestep #          586 Time =     1.059723799455380     
 Timestep #          587 Time =     1.061478163955610     
 Timestep #          588 Time =     1.063232528455840     
 Timestep #          589 Time =     1.064986892956070     
 Timestep #          590 Time =     1.066741257456300     
 Checking stability and divergence...
 updating the time-step size ...
 dtmax =    7.0203790178161255E-003 dt =    1.7550947544540314E-003
 checking the velocity divergence ...
 Total divergence =    2.1210619794830715E-015 | Maximum divergence =  
   3.5527136788005009E-015
 Timestep #          591 Time =     1.068496352210754     
 Timestep #          592 Time =     1.070251446965208     
 Timestep #          593 Time =     1.072006541719662     
 Timestep #          594 Time =     1.073761636474116     
 Timestep #          595 Time =     1.075516731228570     
 Timestep #          596 Time =     1.077271825983024     
 Timestep #          597 Time =     1.079026920737478     
 Timestep #          598 Time =     1.080782015491932     
 Timestep #          599 Time =     1.082537110246386     
 Timestep #          600 Time =     1.084292205000840     
 Checking stability and divergence...
 updating the time-step size ...
 dtmax =    7.0252589682421205E-003 dt =    1.7563147420605301E-003
 checking the velocity divergence ...
 Total divergence =    6.2372694086421793E-015 | Maximum divergence =  
   3.5527136788005009E-015
 Timestep #          601 Time =     1.086048519742900     
 Timestep #          602 Time =     1.087804834484961     
 Timestep #          603 Time =     1.089561149227021     
 Timestep #          604 Time =     1.091317463969082     
 Timestep #          605 Time =     1.093073778711142     
 Timestep #          606 Time =     1.094830093453203     
 Timestep #          607 Time =     1.096586408195263     
 Timestep #          608 Time =     1.098342722937324     
 Timestep #          609 Time =     1.100099037679384     
 Timestep #          610 Time =     1.101855352421445     
 Checking stability and divergence...
 updating the time-step size ...
 dtmax =    7.0259752193259865E-003 dt =    1.7564938048314966E-003
 checking the velocity divergence ...
 Total divergence =    1.2395403917154178E-015 | Maximum divergence =  
   3.8857805861880479E-015
 Timestep #          611 Time =     1.103611846226276     
 Timestep #          612 Time =     1.105368340031108     
 Timestep #          613 Time =     1.107124833835939     
 Timestep #          614 Time =     1.108881327640771     
 Timestep #          615 Time =     1.110637821445603     
 Timestep #          616 Time =     1.112394315250434     
 Timestep #          617 Time =     1.114150809055266     
 Timestep #          618 Time =     1.115907302860097     
 Timestep #          619 Time =     1.117663796664929     
 Timestep #          620 Time =     1.119420290469760     
 Checking stability and divergence...
 updating the time-step size ...
 dtmax =    7.0263060941333699E-003 dt =    1.7565765235333425E-003
 checking the velocity divergence ...
 Total divergence =   -2.4761720722899644E-015 | Maximum divergence =  
   3.7747582837255322E-015
 Timestep #          621 Time =     1.121176866993294     
 Timestep #          622 Time =     1.122933443516827     
 Timestep #          623 Time =     1.124690020040361     
 Timestep #          624 Time =     1.126446596563894     
 Timestep #          625 Time =     1.128203173087428     
 Timestep #          626 Time =     1.129959749610961     
 Timestep #          627 Time =     1.131716326134494     
 Timestep #          628 Time =     1.133472902658028     
 Timestep #          629 Time =     1.135229479181561     
 Timestep #          630 Time =     1.136986055705095     
 Checking stability and divergence...
 updating the time-step size ...
 dtmax =    7.0302393756050329E-003 dt =    1.7575598439012582E-003
 checking the velocity divergence ...
 Total divergence =   -1.1842604804787604E-015 | Maximum divergence =  
   3.6637359812630166E-015
 Timestep #          631 Time =     1.138743615548996     
 Timestep #          632 Time =     1.140501175392897     
 Timestep #          633 Time =     1.142258735236799     
 Timestep #          634 Time =     1.144016295080700     
 Timestep #          635 Time =     1.145773854924601     
 Timestep #          636 Time =     1.147531414768502     
 Timestep #          637 Time =     1.149288974612404     
 Timestep #          638 Time =     1.151046534456305     
 Timestep #          639 Time =     1.152804094300206     
 Timestep #          640 Time =     1.154561654144107     
 Checking stability and divergence...
 updating the time-step size ...
 dtmax =    7.0354870423726679E-003 dt =    1.7588717605931670E-003
 checking the velocity divergence ...
 Total divergence =   -1.0600142996437106E-015 | Maximum divergence =  
   3.7747582837255322E-015
 Timestep #          641 Time =     1.156320525904700     
 Timestep #          642 Time =     1.158079397665294     
 Timestep #          643 Time =     1.159838269425887     
 Timestep #          644 Time =     1.161597141186480     
 Timestep #          645 Time =     1.163356012947073     
 Timestep #          646 Time =     1.165114884707666     
 Timestep #          647 Time =     1.166873756468260     
 Timestep #          648 Time =     1.168632628228853     
 Timestep #          649 Time =     1.170391499989446     
 Timestep #          650 Time =     1.172150371750039     
 Checking stability and divergence...
 updating the time-step size ...
 dtmax =    7.0342114799042225E-003 dt =    1.7585528699760556E-003
 checking the velocity divergence ...
 Total divergence =    3.1441998527351189E-015 | Maximum divergence =  
   3.7747582837255322E-015
 Timestep #          651 Time =     1.173908924620015     
 Timestep #          652 Time =     1.175667477489991     
 Timestep #          653 Time =     1.177426030359967     
 Timestep #          654 Time =     1.179184583229943     
 Timestep #          655 Time =     1.180943136099919     
 Timestep #          656 Time =     1.182701688969895     
 Timestep #          657 Time =     1.184460241839871     
 Timestep #          658 Time =     1.186218794709847     
 Timestep #          659 Time =     1.187977347579823     
 Timestep #          660 Time =     1.189735900449799     
 Checking stability and divergence...
 updating the time-step size ...
 dtmax =    7.0369714219701155E-003 dt =    1.7592428554925289E-003
 checking the velocity divergence ...
 Total divergence =   -1.0426772292793096E-015 | Maximum divergence =  
   3.4416913763379853E-015
 Timestep #          661 Time =     1.191495143305291     
 Timestep #          662 Time =     1.193254386160784     
 Timestep #          663 Time =     1.195013629016276     
 Timestep #          664 Time =     1.196772871871769     
 Timestep #          665 Time =     1.198532114727261     
 Timestep #          666 Time =     1.200291357582753     
 Timestep #          667 Time =     1.202050600438246     
 Timestep #          668 Time =     1.203809843293738     
 Timestep #          669 Time =     1.205569086149231     
 Timestep #          670 Time =     1.207328329004723     
 Checking stability and divergence...
 updating the time-step size ...
 dtmax =    7.0399355369552465E-003 dt =    1.7599838842388116E-003
 checking the velocity divergence ...
 Total divergence =   -1.7971718270460776E-015 | Maximum divergence =  
   3.4416913763379853E-015
 Timestep #          671 Time =     1.209088312888962     
 Timestep #          672 Time =     1.210848296773201     
 Timestep #          673 Time =     1.212608280657440     
 Timestep #          674 Time =     1.214368264541678     
 Timestep #          675 Time =     1.216128248425917     
 Timestep #          676 Time =     1.217888232310156     
 Timestep #          677 Time =     1.219648216194395     
 Timestep #          678 Time =     1.221408200078634     
 Timestep #          679 Time =     1.223168183962873     
 Timestep #          680 Time =     1.224928167847111     
 Checking stability and divergence...
 updating the time-step size ...
 dtmax =    7.0442035515891864E-003 dt =    1.7610508878972966E-003
 checking the velocity divergence ...
 Total divergence =    1.3374785762416963E-015 | Maximum divergence =  
   3.3584246494910985E-015
 Timestep #          681 Time =     1.226689218735009     
 Timestep #          682 Time =     1.228450269622906     
 Timestep #          683 Time =     1.230211320510803     
 Timestep #          684 Time =     1.231972371398701     
 Timestep #          685 Time =     1.233733422286598     
 Timestep #          686 Time =     1.235494473174495     
 Timestep #          687 Time =     1.237255524062393     
 Timestep #          688 Time =     1.239016574950290     
 Timestep #          689 Time =     1.240777625838188     
 Timestep #          690 Time =     1.242538676726085     
 Checking stability and divergence...
 updating the time-step size ...
 dtmax =    7.0450192459370594E-003 dt =    1.7612548114842648E-003
 checking the velocity divergence ...
 Total divergence =    3.1211944378876921E-015 | Maximum divergence =  
   3.3584246494910985E-015
 Timestep #          691 Time =     1.244299931537569     
 Timestep #          692 Time =     1.246061186349053     
 Timestep #          693 Time =     1.247822441160538     
 Timestep #          694 Time =     1.249583695972022     
 Timestep #          695 Time =     1.251344950783506     
 Timestep #          696 Time =     1.253106205594990     
 Timestep #          697 Time =     1.254867460406475     
 Timestep #          698 Time =     1.256628715217959     
 Timestep #          699 Time =     1.258389970029443     
 Timestep #          700 Time =     1.260151224840927     
 Checking stability and divergence...
 updating the time-step size ...
 dtmax =    7.0467976822197551E-003 dt =    1.7616994205549388E-003
 checking the velocity divergence ...
 Total divergence =    2.2935754857844604E-015 | Maximum divergence =  
   3.7747582837255322E-015
 Timestep #          701 Time =     1.261912924261482     
 Timestep #          702 Time =     1.263674623682037     
 Timestep #          703 Time =     1.265436323102592     
 Timestep #          704 Time =     1.267198022523147     
 Timestep #          705 Time =     1.268959721943702     
 Timestep #          706 Time =     1.270721421364257     
 Timestep #          707 Time =     1.272483120784812     
 Timestep #          708 Time =     1.274244820205367     
 Timestep #          709 Time =     1.276006519625922     
 Timestep #          710 Time =     1.277768219046477     
 Checking stability and divergence...
 updating the time-step size ...
 dtmax =    7.0467946858567814E-003 dt =    1.7616986714641954E-003
 checking the velocity divergence ...
 Total divergence =    4.4742990779403358E-016 | Maximum divergence =  
   3.3306690738754696E-015
 Timestep #          711 Time =     1.279529917717941     
 Timestep #          712 Time =     1.281291616389405     
 Timestep #          713 Time =     1.283053315060869     
 Timestep #          714 Time =     1.284815013732333     
 Timestep #          715 Time =     1.286576712403797     
 Timestep #          716 Time =     1.288338411075262     
 Timestep #          717 Time =     1.290100109746726     
 Timestep #          718 Time =     1.291861808418190     
 Timestep #          719 Time =     1.293623507089654     
 Timestep #          720 Time =     1.295385205761118     
 Checking stability and divergence...
 updating the time-step size ...
 dtmax =    7.0520167252248545E-003 dt =    1.7630041813062136E-003
 checking the velocity divergence ...
 Total divergence =    5.3064200101582241E-016 | Maximum divergence =  
   3.3861802251067274E-015
 Timestep #          721 Time =     1.297148209942424     
 Timestep #          722 Time =     1.298911214123730     
 Timestep #          723 Time =     1.300674218305037     
 Timestep #          724 Time =     1.302437222486343     
 Timestep #          725 Time =     1.304200226667649     
 Timestep #          726 Time =     1.305963230848955     
 Timestep #          727 Time =     1.307726235030261     
 Timestep #          728 Time =     1.309489239211567     
 Timestep #          729 Time =     1.311252243392873     
 Timestep #          730 Time =     1.313015247574180     
 Checking stability and divergence...
 updating the time-step size ...
 dtmax =    7.0568843422696738E-003 dt =    1.7642210855674184E-003
 checking the velocity divergence ...
 Total divergence =    2.5211550275033249E-015 | Maximum divergence =  
   3.5527136788005009E-015
 Timestep #          731 Time =     1.314779468659747     
 Timestep #          732 Time =     1.316543689745315     
 Timestep #          733 Time =     1.318307910830882     
 Timestep #          734 Time =     1.320072131916450     
 Timestep #          735 Time =     1.321836353002017     
 Timestep #          736 Time =     1.323600574087585     
 Timestep #          737 Time =     1.325364795173152     
 Timestep #          738 Time =     1.327129016258720     
 Timestep #          739 Time =     1.328893237344287     
 Timestep #          740 Time =     1.330657458429855     
 Checking stability and divergence...
 updating the time-step size ...
 dtmax =    7.0565381953940865E-003 dt =    1.7641345488485216E-003
 checking the velocity divergence ...
 Total divergence =   -1.2337305927302006E-015 | Maximum divergence =  
   3.7747582837255322E-015
 Timestep #          741 Time =     1.332421592978703     
 Timestep #          742 Time =     1.334185727527552     
 Timestep #          743 Time =     1.335949862076401     
 Timestep #          744 Time =     1.337713996625249     
 Timestep #          745 Time =     1.339478131174098     
 Timestep #          746 Time =     1.341242265722946     
 Timestep #          747 Time =     1.343006400271795     
 Timestep #          748 Time =     1.344770534820644     
 Timestep #          749 Time =     1.346534669369492     
 Timestep #          750 Time =     1.348298803918341     
 Checking stability and divergence...
 updating the time-step size ...
 dtmax =    7.0557981203156024E-003 dt =    1.7639495300789006E-003
 checking the velocity divergence ...
 Total divergence =    2.0039037703506457E-015 | Maximum divergence =  
   3.5527136788005009E-015
 Timestep #          751 Time =     1.350062753448420     
 Timestep #          752 Time =     1.351826702978499     
 Timestep #          753 Time =     1.353590652508578     
 Timestep #          754 Time =     1.355354602038657     
 Timestep #          755 Time =     1.357118551568736     
 Timestep #          756 Time =     1.358882501098815     
 Timestep #          757 Time =     1.360646450628894     
 Timestep #          758 Time =     1.362410400158973     
 Timestep #          759 Time =     1.364174349689051     
 Timestep #          760 Time =     1.365938299219130     
 Checking stability and divergence...
 updating the time-step size ...
 dtmax =    7.0597968559667568E-003 dt =    1.7649492139916892E-003
 checking the velocity divergence ...
 Total divergence =    1.7855454528120651E-015 | Maximum divergence =  
   3.4416913763379853E-015
 Timestep #          761 Time =     1.367703248433122     
 Timestep #          762 Time =     1.369468197647114     
 Timestep #          763 Time =     1.371233146861106     
 Timestep #          764 Time =     1.372998096075097     
 Timestep #          765 Time =     1.374763045289089     
 Timestep #          766 Time =     1.376527994503081     
 Timestep #          767 Time =     1.378292943717073     
 Timestep #          768 Time =     1.380057892931064     
 Timestep #          769 Time =     1.381822842145056     
 Timestep #          770 Time =     1.383587791359048     
 Checking stability and divergence...
 updating the time-step size ...
 dtmax =    7.0655405308856127E-003 dt =    1.7663851327214032E-003
 checking the velocity divergence ...
 Total divergence =   -1.3468501487701179E-016 | Maximum divergence =  
   3.6637359812630166E-015
 Timestep #          771 Time =     1.385354176491769     
 Timestep #          772 Time =     1.387120561624491     
 Timestep #          773 Time =     1.388886946757212     
 Timestep #          774 Time =     1.390653331889933     
 Timestep #          775 Time =     1.392419717022655     
 Timestep #          776 Time =     1.394186102155376     
 Timestep #          777 Time =     1.395952487288098     
 Timestep #          778 Time =     1.397718872420819     
 Timestep #          779 Time =     1.399485257553541     
 Timestep #          780 Time =     1.401251642686262     
 Checking stability and divergence...
 updating the time-step size ...
 dtmax =    7.0672544763771376E-003 dt =    1.7668136190942844E-003
 checking the velocity divergence ...
 Total divergence =    1.8668673920120560E-015 | Maximum divergence =  
   3.8857805861880479E-015
 Timestep #          781 Time =     1.403018456305356     
 Timestep #          782 Time =     1.404785269924451     
 Timestep #          783 Time =     1.406552083543545     
 Timestep #          784 Time =     1.408318897162639     
 Timestep #          785 Time =     1.410085710781733     
 Timestep #          786 Time =     1.411852524400828     
 Timestep #          787 Time =     1.413619338019922     
 Timestep #          788 Time =     1.415386151639016     
 Timestep #          789 Time =     1.417152965258110     
 Timestep #          790 Time =     1.418919778877205     
 Checking stability and divergence...
 updating the time-step size ...
 dtmax =    7.0662220254685947E-003 dt =    1.7665555063671487E-003
 checking the velocity divergence ...
 Total divergence =    3.5823395031636673E-016 | Maximum divergence =  
   3.5527136788005009E-015
 Timestep #          791 Time =     1.420686334383572     
 Timestep #          792 Time =     1.422452889889939     
 Timestep #          793 Time =     1.424219445396306     
 Timestep #          794 Time =     1.425986000902673     
 Timestep #          795 Time =     1.427752556409040     
 Timestep #          796 Time =     1.429519111915407     
 Timestep #          797 Time =     1.431285667421774     
 Timestep #          798 Time =     1.433052222928141     
 Timestep #          799 Time =     1.434818778434508     
 Timestep #          800 Time =     1.436585333940875     
 Checking stability and divergence...
 updating the time-step size ...
 dtmax =    7.0683806650117809E-003 dt =    1.7670951662529452E-003
 checking the velocity divergence ...
 Total divergence =    2.1721041848846157E-015 | Maximum divergence =  
   3.4416913763379853E-015
 Timestep #          801 Time =     1.438352429107128     
 Timestep #          802 Time =     1.440119524273381     
 Timestep #          803 Time =     1.441886619439634     
 Timestep #          804 Time =     1.443653714605887     
 Timestep #          805 Time =     1.445420809772140     
 Timestep #          806 Time =     1.447187904938393     
 Timestep #          807 Time =     1.448955000104646     
 Timestep #          808 Time =     1.450722095270899     
 Timestep #          809 Time =     1.452489190437152     
 Timestep #          810 Time =     1.454256285603405     
 Checking stability and divergence...
 updating the time-step size ...
 dtmax =    7.0749573488050645E-003 dt =    1.7687393372012661E-003
 checking the velocity divergence ...
 Total divergence =    1.1418478467438431E-015 | Maximum divergence =  
   3.2196467714129540E-015
 Timestep #          811 Time =     1.456025024940606     
 Timestep #          812 Time =     1.457793764277807     
 Timestep #          813 Time =     1.459562503615008     
 Timestep #          814 Time =     1.461331242952210     
 Timestep #          815 Time =     1.463099982289411     
 Timestep #          816 Time =     1.464868721626612     
 Timestep #          817 Time =     1.466637460963813     
 Timestep #          818 Time =     1.468406200301015     
 Timestep #          819 Time =     1.470174939638216     
 Timestep #          820 Time =     1.471943678975417     
 Checking stability and divergence...
 updating the time-step size ...
 dtmax =    7.0758093856183877E-003 dt =    1.7689523464045969E-003
 checking the velocity divergence ...
 Total divergence =    9.1264073121682943E-016 | Maximum divergence =  
   3.7747582837255322E-015
 Timestep #          821 Time =     1.473712631321822     
 Timestep #          822 Time =     1.475481583668226     
 Timestep #          823 Time =     1.477250536014631     
 Timestep #          824 Time =     1.479019488361035     
 Timestep #          825 Time =     1.480788440707440     
 Timestep #          826 Time =     1.482557393053845     
 Timestep #          827 Time =     1.484326345400249     
 Timestep #          828 Time =     1.486095297746654     
 Timestep #          829 Time =     1.487864250093059     
 Timestep #          830 Time =     1.489633202439463     
 Checking stability and divergence...
 updating the time-step size ...
 dtmax =    7.0775882862439748E-003 dt =    1.7693970715609937E-003
 checking the velocity divergence ...
 Total divergence =   -4.6436379047554155E-016 | Maximum divergence =  
   3.5527136788005009E-015
 Timestep #          831 Time =     1.491402599511024     
 Timestep #          832 Time =     1.493171996582585     
 Timestep #          833 Time =     1.494941393654146     
 Timestep #          834 Time =     1.496710790725708     
 Timestep #          835 Time =     1.498480187797269     
 Timestep #          836 Time =     1.500249584868830     
 Timestep #          837 Time =     1.502018981940391     
 Timestep #          838 Time =     1.503788379011952     
 Timestep #          839 Time =     1.505557776083513     
 Timestep #          840 Time =     1.507327173155074     
 Checking stability and divergence...
 updating the time-step size ...
 dtmax =    7.0776375914471988E-003 dt =    1.7694093978617997E-003
 checking the velocity divergence ...
 Total divergence =   -5.5166510465678997E-015 | Maximum divergence =  
   3.6637359812630166E-015
 Timestep #          841 Time =     1.509096582552936     
 Timestep #          842 Time =     1.510865991950798     
 Timestep #          843 Time =     1.512635401348659     
 Timestep #          844 Time =     1.514404810746521     
 Timestep #          845 Time =     1.516174220144383     
 Timestep #          846 Time =     1.517943629542245     
 Timestep #          847 Time =     1.519713038940106     
 Timestep #          848 Time =     1.521482448337968     
 Timestep #          849 Time =     1.523251857735830     
 Timestep #          850 Time =     1.525021267133692     
 Checking stability and divergence...
 updating the time-step size ...
 dtmax =    7.0815483451086301E-003 dt =    1.7703870862771575E-003
 checking the velocity divergence ...
 Total divergence =   -2.4553575081606108E-015 | Maximum divergence =  
   3.5527136788005009E-015
 Timestep #          851 Time =     1.526791654219969     
 Timestep #          852 Time =     1.528562041306246     
 Timestep #          853 Time =     1.530332428392523     
 Timestep #          854 Time =     1.532102815478800     
 Timestep #          855 Time =     1.533873202565077     
 Timestep #          856 Time =     1.535643589651354     
 Timestep #          857 Time =     1.537413976737631     
 Timestep #          858 Time =     1.539184363823908     
 Timestep #          859 Time =     1.540954750910185     
 Timestep #          860 Time =     1.542725137996462     
 Checking stability and divergence...
 updating the time-step size ...
 dtmax =    7.0851952087568571E-003 dt =    1.7712988021892143E-003
 checking the velocity divergence ...
 Total divergence =   -2.3968110143628672E-015 | Maximum divergence =  
   3.7747582837255322E-015
 Timestep #          861 Time =     1.544496436798652     
 Timestep #          862 Time =     1.546267735600841     
 Timestep #          863 Time =     1.548039034403030     
 Timestep #          864 Time =     1.549810333205219     
 Timestep #          865 Time =     1.551581632007408     
 Timestep #          866 Time =     1.553352930809597     
 Timestep #          867 Time =     1.555124229611787     
 Timestep #          868 Time =     1.556895528413976     
 Timestep #          869 Time =     1.558666827216165     
 Timestep #          870 Time =     1.560438126018354     
 Checking stability and divergence...
 updating the time-step size ...
 dtmax =    7.0869515463672797E-003 dt =    1.7717378865918199E-003
 checking the velocity divergence ...
 Total divergence =    1.9769376294418578E-015 | Maximum divergence =  
   3.5527136788005009E-015
 Timestep #          871 Time =     1.562209863904946     
 Timestep #          872 Time =     1.563981601791538     
 Timestep #          873 Time =     1.565753339678130     
 Timestep #          874 Time =     1.567525077564721     
 Timestep #          875 Time =     1.569296815451313     
 Timestep #          876 Time =     1.571068553337905     
 Timestep #          877 Time =     1.572840291224497     
 Timestep #          878 Time =     1.574612029111089     
 Timestep #          879 Time =     1.576383766997680     
 Timestep #          880 Time =     1.578155504884272     
 Checking stability and divergence...
 updating the time-step size ...
 dtmax =    7.0874980386656178E-003 dt =    1.7718745096664045E-003
 checking the velocity divergence ...
 Total divergence =   -1.3429978429260053E-015 | Maximum divergence =  
   3.5527136788005009E-015
 Timestep #          881 Time =     1.579927379393939     
 Timestep #          882 Time =     1.581699253903605     
 Timestep #          883 Time =     1.583471128413271     
 Timestep #          884 Time =     1.585243002922938     
 Timestep #          885 Time =     1.587014877432604     
 Timestep #          886 Time =     1.588786751942271     
 Timestep #          887 Time =     1.590558626451937     
 Timestep #          888 Time =     1.592330500961604     
 Timestep #          889 Time =     1.594102375471270     
 Timestep #          890 Time =     1.595874249980936     
 Checking stability and divergence...
 updating the time-step size ...
 dtmax =    7.0887137762285866E-003 dt =    1.7721784440571466E-003
 checking the velocity divergence ...
 Total divergence =    2.3385715700085033E-015 | Maximum divergence =  
   3.3861802251067274E-015
 Timestep #          891 Time =     1.597646428424994     
 Timestep #          892 Time =     1.599418606869051     
 Timestep #          893 Time =     1.601190785313108     
 Timestep #          894 Time =     1.602962963757165     
 Timestep #          895 Time =     1.604735142201222     
 Timestep #          896 Time =     1.606507320645280     
 Timestep #          897 Time =     1.608279499089337     
 Timestep #          898 Time =     1.610051677533394     
 Timestep #          899 Time =     1.611823855977451     
 Timestep #          900 Time =     1.613596034421508     
 Checking stability and divergence...
 updating the time-step size ...
 dtmax =    7.0934858775567270E-003 dt =    1.7733714693891818E-003
 checking the velocity divergence ...
 Total divergence =    2.2272976987606531E-015 | Maximum divergence =  
   3.4972025275692431E-015
 Timestep #          901 Time =     1.615369405890898     
 Timestep #          902 Time =     1.617142777360287     
 Timestep #          903 Time =     1.618916148829676     
 Timestep #          904 Time =     1.620689520299065     
 Timestep #          905 Time =     1.622462891768455     
 Timestep #          906 Time =     1.624236263237844     
 Timestep #          907 Time =     1.626009634707233     
 Timestep #          908 Time =     1.627783006176623     
 Timestep #          909 Time =     1.629556377646012     
 Timestep #          910 Time =     1.631329749115401     
 Checking stability and divergence...
 updating the time-step size ...
 dtmax =    7.0945693562133186E-003 dt =    1.7736423390533297E-003
 checking the velocity divergence ...
 Total divergence =    5.1687386162303003E-015 | Maximum divergence =  
   3.5527136788005009E-015
 Timestep #          911 Time =     1.633103391454454     
 Timestep #          912 Time =     1.634877033793508     
 Timestep #          913 Time =     1.636650676132561     
 Timestep #          914 Time =     1.638424318471614     
 Timestep #          915 Time =     1.640197960810668     
 Timestep #          916 Time =     1.641971603149721     
 Timestep #          917 Time =     1.643745245488774     
 Timestep #          918 Time =     1.645518887827828     
 Timestep #          919 Time =     1.647292530166881     
 Timestep #          920 Time =     1.649066172505934     
 Checking stability and divergence...
 updating the time-step size ...
 dtmax =    7.0972270698893072E-003 dt =    1.7743067674723268E-003
 checking the velocity divergence ...
 Total divergence =   -3.7331418609610340E-015 | Maximum divergence =  
   3.3306690738754696E-015
 Timestep #          921 Time =     1.650840479273406     
 Timestep #          922 Time =     1.652614786040879     
 Timestep #          923 Time =     1.654389092808351     
 Timestep #          924 Time =     1.656163399575823     
 Timestep #          925 Time =     1.657937706343295     
 Timestep #          926 Time =     1.659712013110768     
 Timestep #          927 Time =     1.661486319878240     
 Timestep #          928 Time =     1.663260626645712     
 Timestep #          929 Time =     1.665034933413184     
 Timestep #          930 Time =     1.666809240180657     
 Checking stability and divergence...
 updating the time-step size ...
 dtmax =    7.0965923626187749E-003 dt =    1.7741480906546937E-003
 checking the velocity divergence ...
 Total divergence =    4.4423489951699036E-017 | Maximum divergence =  
   3.4416913763379853E-015
 Timestep #          931 Time =     1.668583388271311     
 Timestep #          932 Time =     1.670357536361966     
 Timestep #          933 Time =     1.672131684452621     
 Timestep #          934 Time =     1.673905832543276     
 Timestep #          935 Time =     1.675679980633931     
 Timestep #          936 Time =     1.677454128724585     
 Timestep #          937 Time =     1.679228276815240     
 Timestep #          938 Time =     1.681002424905895     
 Timestep #          939 Time =     1.682776572996550     
 Timestep #          940 Time =     1.684550721087205     
 Checking stability and divergence...
 updating the time-step size ...
 dtmax =    7.0983494147760871E-003 dt =    1.7745873536940218E-003
 checking the velocity divergence ...
 Total divergence =   -1.5422301565155838E-015 | Maximum divergence =  
   3.4416913763379853E-015
 Timestep #          941 Time =     1.686325308440899     
 Timestep #          942 Time =     1.688099895794593     
 Timestep #          943 Time =     1.689874483148287     
 Timestep #          944 Time =     1.691649070501981     
 Timestep #          945 Time =     1.693423657855675     
 Timestep #          946 Time =     1.695198245209369     
 Timestep #          947 Time =     1.696972832563063     
 Timestep #          948 Time =     1.698747419916757     
 Timestep #          949 Time =     1.700522007270451     
 Timestep #          950 Time =     1.702296594624145     
 Checking stability and divergence...
 updating the time-step size ...
 dtmax =    7.1032716833643915E-003 dt =    1.7758179208410979E-003
 checking the velocity divergence ...
 Total divergence =    2.7551372912704847E-015 | Maximum divergence =  
   3.4416913763379853E-015
 Timestep #          951 Time =     1.704072412544986     
 Timestep #          952 Time =     1.705848230465828     
 Timestep #          953 Time =     1.707624048386669     
 Timestep #          954 Time =     1.709399866307510     
 Timestep #          955 Time =     1.711175684228351     
 Timestep #          956 Time =     1.712951502149192     
 Timestep #          957 Time =     1.714727320070033     
 Timestep #          958 Time =     1.716503137990874     
 Timestep #          959 Time =     1.718278955911716     
 Timestep #          960 Time =     1.720054773832557     
 Checking stability and divergence...
 updating the time-step size ...
 dtmax =    7.1028579685201935E-003 dt =    1.7757144921300484E-003
 checking the velocity divergence ...
 Total divergence =    1.4111721367187149E-015 | Maximum divergence =  
   3.5527136788005009E-015
 Timestep #          961 Time =     1.721830488324687     
 Timestep #          962 Time =     1.723606202816817     
 Timestep #          963 Time =     1.725381917308947     
 Timestep #          964 Time =     1.727157631801077     
 Timestep #          965 Time =     1.728933346293207     
 Timestep #          966 Time =     1.730709060785337     
 Timestep #          967 Time =     1.732484775277467     
 Timestep #          968 Time =     1.734260489769597     
 Timestep #          969 Time =     1.736036204261727     
 Timestep #          970 Time =     1.737811918753857     
 Checking stability and divergence...
 updating the time-step size ...
 dtmax =    7.1052795724716568E-003 dt =    1.7763198931179142E-003
 checking the velocity divergence ...
 Total divergence =   -8.3132895641220561E-016 | Maximum divergence =  
   3.5527136788005009E-015
 Timestep #          971 Time =     1.739588238646975     
 Timestep #          972 Time =     1.741364558540093     
 Timestep #          973 Time =     1.743140878433211     
 Timestep #          974 Time =     1.744917198326329     
 Timestep #          975 Time =     1.746693518219447     
 Timestep #          976 Time =     1.748469838112565     
 Timestep #          977 Time =     1.750246158005683     
 Timestep #          978 Time =     1.752022477898801     
 Timestep #          979 Time =     1.753798797791918     
 Timestep #          980 Time =     1.755575117685036     
 Checking stability and divergence...
 updating the time-step size ...
 dtmax =    7.1042446626175832E-003 dt =    1.7760611656543958E-003
 checking the velocity divergence ...
 Total divergence =    1.4448573664815976E-015 | Maximum divergence =  
   3.3306690738754696E-015
 Timestep #          981 Time =     1.757351178850691     
 Timestep #          982 Time =     1.759127240016345     
 Timestep #          983 Time =     1.760903301181999     
 Timestep #          984 Time =     1.762679362347654     
 Timestep #          985 Time =     1.764455423513308     
 Timestep #          986 Time =     1.766231484678962     
 Timestep #          987 Time =     1.768007545844617     
 Timestep #          988 Time =     1.769783607010271     
 Timestep #          989 Time =     1.771559668175925     
 Timestep #          990 Time =     1.773335729341580     
 Checking stability and divergence...
 updating the time-step size ...
 dtmax =    7.1061314498408763E-003 dt =    1.7765328624602191E-003
 checking the velocity divergence ...
 Total divergence =    7.9746966137866221E-016 | Maximum divergence =  
   3.7747582837255322E-015
 Timestep #          991 Time =     1.775112262204040     
 Timestep #          992 Time =     1.776888795066500     
 Timestep #          993 Time =     1.778665327928960     
 Timestep #          994 Time =     1.780441860791420     
 Timestep #          995 Time =     1.782218393653880     
 Timestep #          996 Time =     1.783994926516341     
 Timestep #          997 Time =     1.785771459378801     
 Timestep #          998 Time =     1.787547992241261     
 Timestep #          999 Time =     1.789324525103721     
 Timestep #         1000 Time =     1.791101057966181     
 Checking stability and divergence...
 updating the time-step size ...
 dtmax =    7.1098837049679607E-003 dt =    1.7774709262419902E-003
 checking the velocity divergence ...
 Total divergence =   -4.2364725551420623E-015 | Maximum divergence =  
   3.5527136788005009E-015
 Timestep #         1001 Time =     1.792878528892423     
 Timestep #         1002 Time =     1.794655999818665     
 Timestep #         1003 Time =     1.796433470744907     
 Timestep #         1004 Time =     1.798210941671149     
 Timestep #         1005 Time =     1.799988412597391     
 Timestep #         1006 Time =     1.801765883523633     
 Timestep #         1007 Time =     1.803543354449875     
 Timestep #         1008 Time =     1.805320825376117     
 Timestep #         1009 Time =     1.807098296302359     
 Timestep #         1010 Time =     1.808875767228600     
 Checking stability and divergence...
 updating the time-step size ...
 dtmax =    7.1096370645796257E-003 dt =    1.7774092661449064E-003
 checking the velocity divergence ...
 Total divergence =    9.0372655647992517E-016 | Maximum divergence =  
   3.4000580129145419E-015
 Timestep #         1011 Time =     1.810653176494745     
 Timestep #         1012 Time =     1.812430585760890     
 Timestep #         1013 Time =     1.814207995027035     
 Timestep #         1014 Time =     1.815985404293180     
 Timestep #         1015 Time =     1.817762813559325     
 Timestep #         1016 Time =     1.819540222825470     
 Timestep #         1017 Time =     1.821317632091615     
 Timestep #         1018 Time =     1.823095041357760     
 Timestep #         1019 Time =     1.824872450623904     
 Timestep #         1020 Time =     1.826649859890049     
 Checking stability and divergence...
 updating the time-step size ...
 dtmax =    7.1112603711671069E-003 dt =    1.7778150927917767E-003
 checking the velocity divergence ...
 Total divergence =    2.9930214123091714E-015 | Maximum divergence =  
   3.3306690738754696E-015
 Timestep #         1021 Time =     1.828427674982841     
 Timestep #         1022 Time =     1.830205490075633     
 Timestep #         1023 Time =     1.831983305168425     
 Timestep #         1024 Time =     1.833761120261217     
 Timestep #         1025 Time =     1.835538935354009     
 Timestep #         1026 Time =     1.837316750446800     
 Timestep #         1027 Time =     1.839094565539592     
 Timestep #         1028 Time =     1.840872380632384     
 Timestep #         1029 Time =     1.842650195725176     
 Timestep #         1030 Time =     1.844428010817968     
 Checking stability and divergence...
 updating the time-step size ...
 dtmax =    7.1102795416664224E-003 dt =    1.7775698854166056E-003
 checking the velocity divergence ...
 Total divergence =    3.2255658376483670E-015 | Maximum divergence =  
   3.2196467714129540E-015
 Timestep #         1031 Time =     1.846205580703384     
 Timestep #         1032 Time =     1.847983150588801     
 Timestep #         1033 Time =     1.849760720474217     
 Timestep #         1034 Time =     1.851538290359634     
 Timestep #         1035 Time =     1.853315860245051     
 Timestep #         1036 Time =     1.855093430130467     
 Timestep #         1037 Time =     1.856871000015884     
 Timestep #         1038 Time =     1.858648569901300     
 Timestep #         1039 Time =     1.860426139786717     
 Timestep #         1040 Time =     1.862203709672133     
 Checking stability and divergence...
 updating the time-step size ...
 dtmax =    7.1120421900366182E-003 dt =    1.7780105475091546E-003
 checking the velocity divergence ...
 Total divergence =   -1.0124347649305421E-015 | Maximum divergence =  
   3.5527136788005009E-015
 Timestep #         1041 Time =     1.863981720219642     
 Timestep #         1042 Time =     1.865759730767152     
 Timestep #         1043 Time =     1.867537741314661     
 Timestep #         1044 Time =     1.869315751862170     
 Timestep #         1045 Time =     1.871093762409679     
 Timestep #         1046 Time =     1.872871772957188     
 Timestep #         1047 Time =     1.874649783504697     
 Timestep #         1048 Time =     1.876427794052206     
 Timestep #         1049 Time =     1.878205804599716     
 Timestep #         1050 Time =     1.879983815147225     
 Checking stability and divergence...
 updating the time-step size ...
 dtmax =    7.1152026140275165E-003 dt =    1.7788006535068791E-003
 checking the velocity divergence ...
 Total divergence =   -4.7322782086196835E-015 | Maximum divergence =  
   3.3306690738754696E-015
 Timestep #         1051 Time =     1.881762615800732     
 Timestep #         1052 Time =     1.883541416454239     
 Timestep #         1053 Time =     1.885320217107745     
 Timestep #         1054 Time =     1.887099017761252     
 Timestep #         1055 Time =     1.888877818414759     
 Timestep #         1056 Time =     1.890656619068266     
 Timestep #         1057 Time =     1.892435419721773     
 Timestep #         1058 Time =     1.894214220375280     
 Timestep #         1059 Time =     1.895993021028787     
 Timestep #         1060 Time =     1.897771821682294     
 Checking stability and divergence...
 updating the time-step size ...
 dtmax =    7.1148545625748707E-003 dt =    1.7787136406437177E-003
 checking the velocity divergence ...
 Total divergence =   -1.3565808632681753E-015 | Maximum divergence =  
   3.5527136788005009E-015
 Timestep #         1061 Time =     1.899550535322937     
 Timestep #         1062 Time =     1.901329248963581     
 Timestep #         1063 Time =     1.903107962604225     
 Timestep #         1064 Time =     1.904886676244869     
 Timestep #         1065 Time =     1.906665389885512     
 Timestep #         1066 Time =     1.908444103526156     
 Timestep #         1067 Time =     1.910222817166800     
 Timestep #         1068 Time =     1.912001530807444     
 Timestep #         1069 Time =     1.913780244448087     
 Timestep #         1070 Time =     1.915558958088731     
 Checking stability and divergence...
 updating the time-step size ...
 dtmax =    7.1158794333420596E-003 dt =    1.7789698583355149E-003
 checking the velocity divergence ...
 Total divergence =   -3.1170812458958252E-019 | Maximum divergence =  
   3.5527136788005009E-015
 Timestep #         1071 Time =     1.917337927947067     
 Timestep #         1072 Time =     1.919116897805402     
 Timestep #         1073 Time =     1.920895867663738     
 Timestep #         1074 Time =     1.922674837522073     
 Timestep #         1075 Time =     1.924453807380408     
 Timestep #         1076 Time =     1.926232777238744     
 Timestep #         1077 Time =     1.928011747097079     
 Timestep #         1078 Time =     1.929790716955415     
 Timestep #         1079 Time =     1.931569686813750     
 Timestep #         1080 Time =     1.933348656672086     
 Checking stability and divergence...
 updating the time-step size ...
 dtmax =    7.1147666124233505E-003 dt =    1.7786916531058376E-003
 checking the velocity divergence ...
 Total divergence =   -3.8546910888920261E-015 | Maximum divergence =  
   3.5527136788005009E-015
 Timestep #         1081 Time =     1.935127348325192     
 Timestep #         1082 Time =     1.936906039978297     
 Timestep #         1083 Time =     1.938684731631403     
 Timestep #         1084 Time =     1.940463423284509     
 Timestep #         1085 Time =     1.942242114937615     
 Timestep #         1086 Time =     1.944020806590720     
 Timestep #         1087 Time =     1.945799498243826     
 Timestep #         1088 Time =     1.947578189896932     
 Timestep #         1089 Time =     1.949356881550038     
 Timestep #         1090 Time =     1.951135573203143     
 Checking stability and divergence...
 updating the time-step size ...
 dtmax =    7.1162589478588256E-003 dt =    1.7790647369647064E-003
 checking the velocity divergence ...
 Total divergence =    7.2881425287191215E-016 | Maximum divergence =  
   3.4416913763379853E-015
 Timestep #         1091 Time =     1.952914637940108     
 Timestep #         1092 Time =     1.954693702677073     
 Timestep #         1093 Time =     1.956472767414037     
 Timestep #         1094 Time =     1.958251832151002     
 Timestep #         1095 Time =     1.960030896887967     
 Timestep #         1096 Time =     1.961809961624931     
 Timestep #         1097 Time =     1.963589026361896     
 Timestep #         1098 Time =     1.965368091098860     
 Timestep #         1099 Time =     1.967147155835825     
 Timestep #         1100 Time =     1.968926220572790     
 Checking stability and divergence...
 updating the time-step size ...
 dtmax =    7.1192518068040039E-003 dt =    1.7798129517010010E-003
 checking the velocity divergence ...
 Total divergence =    5.6125080711427744E-016 | Maximum divergence =  
   3.4416913763379853E-015
 Timestep #         1101 Time =     1.970706033524491     
 Timestep #         1102 Time =     1.972485846476192     
 Timestep #         1103 Time =     1.974265659427893     
 Timestep #         1104 Time =     1.976045472379594     
 Timestep #         1105 Time =     1.977825285331295     
 Timestep #         1106 Time =     1.979605098282996     
 Timestep #         1107 Time =     1.981384911234697     
 Timestep #         1108 Time =     1.983164724186398     
 Timestep #         1109 Time =     1.984944537138099     
 Timestep #         1110 Time =     1.986724350089800     
 Checking stability and divergence...
 updating the time-step size ...
 dtmax =    7.1186414291135956E-003 dt =    1.7796603572783989E-003
 checking the velocity divergence ...
 Total divergence =   -3.5270451923669066E-017 | Maximum divergence =  
   3.4416913763379853E-015
 Timestep #         1111 Time =     1.988504010447079     
 Timestep #         1112 Time =     1.990283670804357     
 Timestep #         1113 Time =     1.992063331161635     
 Timestep #         1114 Time =     1.993842991518914     
 Timestep #         1115 Time =     1.995622651876192     
 Timestep #         1116 Time =     1.997402312233471     
 Timestep #         1117 Time =     1.999181972590749     
 Timestep #         1118 Time =     2.000961632948028     
 Timestep #         1119 Time =     2.002741293305306     
 Timestep #         1120 Time =     2.004520953662585     
 Checking stability and divergence...
 updating the time-step size ...
 dtmax =    7.1192491150688332E-003 dt =    1.7798122787672083E-003
 checking the velocity divergence ...
 Total divergence =    2.4395120628163246E-015 | Maximum divergence =  
   3.3306690738754696E-015
 Timestep #         1121 Time =     2.006300765941352     
 Timestep #         1122 Time =     2.008080578220119     
 Timestep #         1123 Time =     2.009860390498887     
 Timestep #         1124 Time =     2.011640202777654     
 Timestep #         1125 Time =     2.013420015056421     
 Timestep #         1126 Time =     2.015199827335189     
 Timestep #         1127 Time =     2.016979639613956     
 Timestep #         1128 Time =     2.018759451892723     
 Timestep #         1129 Time =     2.020539264171491     
 Timestep #         1130 Time =     2.022319076450258     
 Checking stability and divergence...
 updating the time-step size ...
 dtmax =    7.1178925462952467E-003 dt =    1.7794731365738117E-003
 checking the velocity divergence ...
 Total divergence =    9.0602032170108981E-017 | Maximum divergence =  
   3.1086244689504383E-015
 Timestep #         1131 Time =     2.024098549586832     
 Timestep #         1132 Time =     2.025878022723406     
 Timestep #         1133 Time =     2.027657495859980     
 Timestep #         1134 Time =     2.029436968996554     
 Timestep #         1135 Time =     2.031216442133128     
 Timestep #         1136 Time =     2.032995915269701     
 Timestep #         1137 Time =     2.034775388406275     
 Timestep #         1138 Time =     2.036554861542849     
 Timestep #         1139 Time =     2.038334334679423     
 Timestep #         1140 Time =     2.040113807815997     
 Checking stability and divergence...
 updating the time-step size ...
 dtmax =    7.1190390857958719E-003 dt =    1.7797597714489680E-003
 checking the velocity divergence ...
 Total divergence =    4.5212128447569624E-015 | Maximum divergence =  
   3.4416913763379853E-015
 Timestep #         1141 Time =     2.041893567587446     
 Timestep #         1142 Time =     2.043673327358895     
 Timestep #         1143 Time =     2.045453087130344     
 Timestep #         1144 Time =     2.047232846901792     
 Timestep #         1145 Time =     2.049012606673241     
 Timestep #         1146 Time =     2.050792366444690     
 Timestep #         1147 Time =     2.052572126216139     
 Timestep #         1148 Time =     2.054351885987588     
 Timestep #         1149 Time =     2.056131645759037     
 Timestep #         1150 Time =     2.057911405530485     
 Checking stability and divergence...
 updating the time-step size ...
 dtmax =    7.1221670555449042E-003 dt =    1.7805417638862260E-003
 checking the velocity divergence ...
 Total divergence =   -8.9187571851489025E-016 | Maximum divergence =  
   3.3861802251067274E-015
 Timestep #         1151 Time =     2.059691947294372     
 Timestep #         1152 Time =     2.061472489058258     
 Timestep #         1153 Time =     2.063253030822144     
 Timestep #         1154 Time =     2.065033572586031     
 Timestep #         1155 Time =     2.066814114349917     
 Timestep #         1156 Time =     2.068594656113803     
 Timestep #         1157 Time =     2.070375197877690     
 Timestep #         1158 Time =     2.072155739641576     
 Timestep #         1159 Time =     2.073936281405462     
 Timestep #         1160 Time =     2.075716823169349     
 Checking stability and divergence...
 updating the time-step size ...
 dtmax =    7.1212065723437433E-003 dt =    1.7803016430859358E-003
 checking the velocity divergence ...
 Total divergence =   -4.4975416620129938E-016 | Maximum divergence =  
   3.6637359812630166E-015
 Timestep #         1161 Time =     2.077497124812434     
 Timestep #         1162 Time =     2.079277426455520     
 Timestep #         1163 Time =     2.081057728098606     
 Timestep #         1164 Time =     2.082838029741692     
 Timestep #         1165 Time =     2.084618331384777     
 Timestep #         1166 Time =     2.086398633027863     
 Timestep #         1167 Time =     2.088178934670949     
 Timestep #         1168 Time =     2.089959236314034     
 Timestep #         1169 Time =     2.091739537957120     
 Timestep #         1170 Time =     2.093519839600206     
 Checking stability and divergence...
 updating the time-step size ...
 dtmax =    7.1215522182032894E-003 dt =    1.7803880545508223E-003
 checking the velocity divergence ...
 Total divergence =   -1.3486695755408201E-015 | Maximum divergence =  
   3.4416913763379853E-015
 Timestep #         1171 Time =     2.095300227654757     
 Timestep #         1172 Time =     2.097080615709308     
 Timestep #         1173 Time =     2.098861003763858     
 Timestep #         1174 Time =     2.100641391818409     
 Timestep #         1175 Time =     2.102421779872960     
 Timestep #         1176 Time =     2.104202167927511     
 Timestep #         1177 Time =     2.105982555982062     
 Timestep #         1178 Time =     2.107762944036613     
 Timestep #         1179 Time =     2.109543332091163     
 Timestep #         1180 Time =     2.111323720145714     
 Checking stability and divergence...
 updating the time-step size ...
 dtmax =    7.1198916872297728E-003 dt =    1.7799729218074432E-003
 checking the velocity divergence ...
 Total divergence =   -1.8075378162545758E-015 | Maximum divergence =  
   3.2751579226442118E-015
 Timestep #         1181 Time =     2.113103693067522     
 Timestep #         1182 Time =     2.114883665989329     
 Timestep #         1183 Time =     2.116663638911137     
 Timestep #         1184 Time =     2.118443611832944     
 Timestep #         1185 Time =     2.120223584754752     
 Timestep #         1186 Time =     2.122003557676559     
 Timestep #         1187 Time =     2.123783530598367     
 Timestep #         1188 Time =     2.125563503520175     
 Timestep #         1189 Time =     2.127343476441982     
 Timestep #         1190 Time =     2.129123449363790     
 Checking stability and divergence...
 updating the time-step size ...
 dtmax =    7.1206632397490437E-003 dt =    1.7801658099372609E-003
 checking the velocity divergence ...
 Total divergence =   -3.4491804181411342E-015 | Maximum divergence =  
   3.3306690738754696E-015
 Timestep #         1191 Time =     2.130903615173727     
 Timestep #         1192 Time =     2.132683780983665     
 Timestep #         1193 Time =     2.134463946793602     
 Timestep #         1194 Time =     2.136244112603539     
 Timestep #         1195 Time =     2.138024278413477     
 Timestep #         1196 Time =     2.139804444223414     
 Timestep #         1197 Time =     2.141584610033352     
 Timestep #         1198 Time =     2.143364775843289     
 Timestep #         1199 Time =     2.145144941653227     
 Timestep #         1200 Time =     2.146925107463164     
 Checking stability and divergence...
 updating the time-step size ...
 dtmax =    7.1238795830795088E-003 dt =    1.7809698957698772E-003
 checking the velocity divergence ...
 Total divergence =    2.8113485152326482E-015 | Maximum divergence =  
   3.4416913763379853E-015
 Timestep #         1201 Time =     2.148706077358934     
 Timestep #         1202 Time =     2.150487047254704     
 Timestep #         1203 Time =     2.152268017150474     
 Timestep #         1204 Time =     2.154048987046244     
 Timestep #         1205 Time =     2.155829956942014     
 Timestep #         1206 Time =     2.157610926837784     
 Timestep #         1207 Time =     2.159391896733554     
 Timestep #         1208 Time =     2.161172866629324     
 Timestep #         1209 Time =     2.162953836525094     
 Timestep #         1210 Time =     2.164734806420864     
 Checking stability and divergence...
 updating the time-step size ...
 dtmax =    7.1227836441423199E-003 dt =    1.7806959110355800E-003
 checking the velocity divergence ...
 Total divergence =    9.3002269432743492E-016 | Maximum divergence =  
   3.2196467714129540E-015
 Timestep #         1211 Time =     2.166515502331900     
 Timestep #         1212 Time =     2.168296198242936     
 Timestep #         1213 Time =     2.170076894153971     
 Timestep #         1214 Time =     2.171857590065007     
 Timestep #         1215 Time =     2.173638285976042     
 Timestep #         1216 Time =     2.175418981887078     
 Timestep #         1217 Time =     2.177199677798114     
 Timestep #         1218 Time =     2.178980373709149     
 Timestep #         1219 Time =     2.180761069620185     
 Timestep #         1220 Time =     2.182541765531220     
 Checking stability and divergence...
 updating the time-step size ...
 dtmax =    7.1229957642702452E-003 dt =    1.7807489410675613E-003
 checking the velocity divergence ...
 Total divergence =    3.2337176827327424E-015 | Maximum divergence =  
   3.3861802251067274E-015
 Timestep #         1221 Time =     2.184322514472288     
 Timestep #         1222 Time =     2.186103263413355     
 Timestep #         1223 Time =     2.187884012354423     
 Timestep #         1224 Time =     2.189664761295490     
 Timestep #         1225 Time =     2.191445510236558     
 Timestep #         1226 Time =     2.193226259177625     
 Timestep #         1227 Time =     2.195007008118693     
 Timestep #         1228 Time =     2.196787757059760     
 Timestep #         1229 Time =     2.198568506000828     
 Timestep #         1230 Time =     2.200349254941895     
 Checking stability and divergence...
 updating the time-step size ...
 dtmax =    7.1210059481433960E-003 dt =    1.7802514870358490E-003
 checking the velocity divergence ...
 Total divergence =    6.9185651131731252E-016 | Maximum divergence =  
   3.3861802251067274E-015
 Timestep #         1231 Time =     2.202129506428931     
 Timestep #         1232 Time =     2.203909757915967     
 Timestep #         1233 Time =     2.205690009403003     
 Timestep #         1234 Time =     2.207470260890038     
 Timestep #         1235 Time =     2.209250512377074     
 Timestep #         1236 Time =     2.211030763864110     
 Timestep #         1237 Time =     2.212811015351146     
 Timestep #         1238 Time =     2.214591266838181     
 Timestep #         1239 Time =     2.216371518325217     
 Timestep #         1240 Time =     2.218151769812253     
 Checking stability and divergence...
 updating the time-step size ...
 dtmax =    7.1214025284782904E-003 dt =    1.7803506321195726E-003
 checking the velocity divergence ...
 Total divergence =   -1.6011967786551656E-015 | Maximum divergence =  
   3.5527136788005009E-015
 Timestep #         1241 Time =     2.219932120444372     
 Timestep #         1242 Time =     2.221712471076492     
 Timestep #         1243 Time =     2.223492821708611     
 Timestep #         1244 Time =     2.225273172340731     
 Timestep #         1245 Time =     2.227053522972850     
 Timestep #         1246 Time =     2.228833873604970     
 Timestep #         1247 Time =     2.230614224237089     
 Timestep #         1248 Time =     2.232394574869208     
 Timestep #         1249 Time =     2.234174925501328     
 Timestep #         1250 Time =     2.235955276133447     
 Checking stability and divergence...
 updating the time-step size ...
 dtmax =    7.1241791763025832E-003 dt =    1.7810447940756458E-003
 checking the velocity divergence ...
 Total divergence =   -1.7821598621218897E-015 | Maximum divergence =  
   3.3306690738754696E-015
 Timestep #         1251 Time =     2.237736320927523     
 Timestep #         1252 Time =     2.239517365721599     
 Timestep #         1253 Time =     2.241298410515675     
 Timestep #         1254 Time =     2.243079455309751     
 Timestep #         1255 Time =     2.244860500103826     
 Timestep #         1256 Time =     2.246641544897902     
 Timestep #         1257 Time =     2.248422589691978     
 Timestep #         1258 Time =     2.250203634486054     
 Timestep #         1259 Time =     2.251984679280130     
 Timestep #         1260 Time =     2.253765724074206     
 Checking stability and divergence...
 updating the time-step size ...
 dtmax =    7.1236010260816596E-003 dt =    1.7809002565204149E-003
 checking the velocity divergence ...
 Total divergence =   -4.0984544656176049E-015 | Maximum divergence =  
   3.6637359812630166E-015
 Timestep #         1261 Time =     2.255546624330726     
 Timestep #         1262 Time =     2.257327524587247     
 Timestep #         1263 Time =     2.259108424843767     
 Timestep #         1264 Time =     2.260889325100288     
 Timestep #         1265 Time =     2.262670225356808     
 Timestep #         1266 Time =     2.264451125613329     
 Timestep #         1267 Time =     2.266232025869849     
 Timestep #         1268 Time =     2.268012926126370     
 Timestep #         1269 Time =     2.269793826382891     
 Timestep #         1270 Time =     2.271574726639411     
 Checking stability and divergence...
 updating the time-step size ...
 dtmax =    7.1237836797782362E-003 dt =    1.7809459199445590E-003
 checking the velocity divergence ...
 Total divergence =   -1.5501380561111500E-016 | Maximum divergence =  
   3.4972025275692431E-015
 Timestep #         1271 Time =     2.273355672559356     
 Timestep #         1272 Time =     2.275136618479300     
 Timestep #         1273 Time =     2.276917564399245     
 Timestep #         1274 Time =     2.278698510319190     
 Timestep #         1275 Time =     2.280479456239135     
 Timestep #         1276 Time =     2.282260402159079     
 Timestep #         1277 Time =     2.284041348079024     
 Timestep #         1278 Time =     2.285822293998969     
 Timestep #         1279 Time =     2.287603239918913     
 Timestep #         1280 Time =     2.289384185838858     
 Checking stability and divergence...
 updating the time-step size ...
 dtmax =    7.1214622093661809E-003 dt =    1.7803655523415452E-003
 checking the velocity divergence ...
 Total divergence =    1.3781003705678812E-016 | Maximum divergence =  
   3.4416913763379853E-015
 Timestep #         1281 Time =     2.291164551391200     
 Timestep #         1282 Time =     2.292944916943541     
 Timestep #         1283 Time =     2.294725282495882     
 Timestep #         1284 Time =     2.296505648048224     
 Timestep #         1285 Time =     2.298286013600565     
 Timestep #         1286 Time =     2.300066379152907     
 Timestep #         1287 Time =     2.301846744705248     
 Timestep #         1288 Time =     2.303627110257589     
 Timestep #         1289 Time =     2.305407475809931     
 Timestep #         1290 Time =     2.307187841362272     
 Checking stability and divergence...
 updating the time-step size ...
 dtmax =    7.1215013712942797E-003 dt =    1.7803753428235699E-003
 checking the velocity divergence ...
 Total divergence =    1.4408475125092957E-015 | Maximum divergence =  
   3.3306690738754696E-015
 Timestep #         1291 Time =     2.308968216705096     
 Timestep #         1292 Time =     2.310748592047919     
 Timestep #         1293 Time =     2.312528967390743     
 Timestep #         1294 Time =     2.314309342733567     
 Timestep #         1295 Time =     2.316089718076390     
 Timestep #         1296 Time =     2.317870093419214     
 Timestep #         1297 Time =     2.319650468762037     
 Timestep #         1298 Time =     2.321430844104861     
 Timestep #         1299 Time =     2.323211219447685     
 Timestep #         1300 Time =     2.324991594790508     
 Checking stability and divergence...
 updating the time-step size ...
 dtmax =    7.1238784887883806E-003 dt =    1.7809696221970951E-003
 checking the velocity divergence ...
 Total divergence =    1.0962961089064013E-015 | Maximum divergence =  
   3.3306690738754696E-015
 Timestep #         1301 Time =     2.326772564412706     
 Timestep #         1302 Time =     2.328553534034903     
 Timestep #         1303 Time =     2.330334503657100     
 Timestep #         1304 Time =     2.332115473279297     
 Timestep #         1305 Time =     2.333896442901495     
 Timestep #         1306 Time =     2.335677412523692     
 Timestep #         1307 Time =     2.337458382145889     
 Timestep #         1308 Time =     2.339239351768087     
 Timestep #         1309 Time =     2.341020321390284     
 Timestep #         1310 Time =     2.342801291012481     
 Checking stability and divergence...
 updating the time-step size ...
 dtmax =    7.1238659001412923E-003 dt =    1.7809664750353231E-003
 checking the velocity divergence ...
 Total divergence =    8.6122329021965163E-016 | Maximum divergence =  
   3.3306690738754696E-015
 Timestep #         1311 Time =     2.344582257487517     
 Timestep #         1312 Time =     2.346363223962552     
 Timestep #         1313 Time =     2.348144190437587     
 Timestep #         1314 Time =     2.349925156912622     
 Timestep #         1315 Time =     2.351706123387657     
 Timestep #         1316 Time =     2.353487089862693     
 Timestep #         1317 Time =     2.355268056337728     
 Timestep #         1318 Time =     2.357049022812763     
 Timestep #         1319 Time =     2.358829989287798     
 Timestep #         1320 Time =     2.360610955762834     
 Checking stability and divergence...
 updating the time-step size ...
 dtmax =    7.1241017797528707E-003 dt =    1.7810254449382177E-003
 checking the velocity divergence ...
 Total divergence =   -5.9698797419188362E-015 | Maximum divergence =  
   3.2196467714129540E-015
 Timestep #         1321 Time =     2.362391981207772     
 Timestep #         1322 Time =     2.364173006652710     
 Timestep #         1323 Time =     2.365954032097649     
 Timestep #         1324 Time =     2.367735057542587     
 Timestep #         1325 Time =     2.369516082987526     
 Timestep #         1326 Time =     2.371297108432464     
 Timestep #         1327 Time =     2.373078133877403     
 Timestep #         1328 Time =     2.374859159322341     
 Timestep #         1329 Time =     2.376640184767279     
 Timestep #         1330 Time =     2.378421210212218     
 Checking stability and divergence...
 updating the time-step size ...
 dtmax =    7.1214614032414940E-003 dt =    1.7803653508103735E-003
 checking the velocity divergence ...
 Total divergence =    1.9460412556578099E-016 | Maximum divergence =  
   3.3306690738754696E-015
 Timestep #         1331 Time =     2.380201575563028     
 Timestep #         1332 Time =     2.381981940913838     
 Timestep #         1333 Time =     2.383762306264648     
 Timestep #         1334 Time =     2.385542671615458     
 Timestep #         1335 Time =     2.387323036966269     
 Timestep #         1336 Time =     2.389103402317079     
 Timestep #         1337 Time =     2.390883767667889     
 Timestep #         1338 Time =     2.392664133018699     
 Timestep #         1339 Time =     2.394444498369509     
 Timestep #         1340 Time =     2.396224863720319     
 Checking stability and divergence...
 updating the time-step size ...
 dtmax =    7.1211711245635061E-003 dt =    1.7802927811408765E-003
 checking the velocity divergence ...
 Total divergence =    3.0804758700472834E-015 | Maximum divergence =  
   3.2751579226442118E-015
 Timestep #         1341 Time =     2.398005156501460     
 Timestep #         1342 Time =     2.399785449282601     
 Timestep #         1343 Time =     2.401565742063742     
 Timestep #         1344 Time =     2.403346034844883     
 Timestep #         1345 Time =     2.405126327626023     
 Timestep #         1346 Time =     2.406906620407164     
 Timestep #         1347 Time =     2.408686913188305     
 Timestep #         1348 Time =     2.410467205969446     
 Timestep #         1349 Time =     2.412247498750586     
 Timestep #         1350 Time =     2.414027791531727     
 Checking stability and divergence...
 updating the time-step size ...
 dtmax =    7.1231944375742279E-003 dt =    1.7807986093935570E-003
 checking the velocity divergence ...
 Total divergence =   -1.5058467032992226E-015 | Maximum divergence =  
   3.5527136788005009E-015
 Timestep #         1351 Time =     2.415808590141121     
 Timestep #         1352 Time =     2.417589388750514     
 Timestep #         1353 Time =     2.419370187359907     
 Timestep #         1354 Time =     2.421150985969301     
 Timestep #         1355 Time =     2.422931784578694     
 Timestep #         1356 Time =     2.424712583188088     
 Timestep #         1357 Time =     2.426493381797481     
 Timestep #         1358 Time =     2.428274180406874     
 Timestep #         1359 Time =     2.430054979016268     
 Timestep #         1360 Time =     2.431835777625661     
 Checking stability and divergence...
 updating the time-step size ...
 dtmax =    7.1237585752151281E-003 dt =    1.7809396438037820E-003
 checking the velocity divergence ...
 Total divergence =    1.6020442351188935E-016 | Maximum divergence =  
   3.5527136788005009E-015
 Timestep #         1361 Time =     2.433616717269465     
 Timestep #         1362 Time =     2.435397656913269     
 Timestep #         1363 Time =     2.437178596557072     
 Timestep #         1364 Time =     2.438959536200876     
 Timestep #         1365 Time =     2.440740475844680     
 Timestep #         1366 Time =     2.442521415488484     
 Timestep #         1367 Time =     2.444302355132288     
 Timestep #         1368 Time =     2.446083294776091     
 Timestep #         1369 Time =     2.447864234419895     
 Timestep #         1370 Time =     2.449645174063699     
 Checking stability and divergence...
 updating the time-step size ...
 dtmax =    7.1240001673080582E-003 dt =    1.7810000418270145E-003
 checking the velocity divergence ...
 Total divergence =   -3.0827493064777139E-015 | Maximum divergence =  
   3.2196467714129540E-015
 Timestep #         1371 Time =     2.451426174105526     
 Timestep #         1372 Time =     2.453207174147352     
 Timestep #         1373 Time =     2.454988174189179     
 Timestep #         1374 Time =     2.456769174231006     
 Timestep #         1375 Time =     2.458550174272833     
 Timestep #         1376 Time =     2.460331174314660     
 Timestep #         1377 Time =     2.462112174356486     
 Timestep #         1378 Time =     2.463893174398313     
 Timestep #         1379 Time =     2.465674174440140     
 Timestep #         1380 Time =     2.467455174481967     
 Checking stability and divergence...
 updating the time-step size ...
 dtmax =    7.1211749042179142E-003 dt =    1.7802937260544785E-003
 checking the velocity divergence ...
 Total divergence =   -2.6409770493757471E-015 | Maximum divergence =  
   3.3306690738754696E-015
 Timestep #         1381 Time =     2.469235468208021     
 Timestep #         1382 Time =     2.471015761934075     
 Timestep #         1383 Time =     2.472796055660130     
 Timestep #         1384 Time =     2.474576349386184     
 Timestep #         1385 Time =     2.476356643112238     
 Timestep #         1386 Time =     2.478136936838292     
 Timestep #         1387 Time =     2.479917230564347     
 Timestep #         1388 Time =     2.481697524290401     
 Timestep #         1389 Time =     2.483477818016455     
 Timestep #         1390 Time =     2.485258111742509     
 Checking stability and divergence...
 updating the time-step size ...
 dtmax =    7.1205883583511037E-003 dt =    1.7801470895877759E-003
 checking the velocity divergence ...
 Total divergence =    2.5090437269070093E-015 | Maximum divergence =  
   3.2751579226442118E-015
 Timestep #         1391 Time =     2.487038258832097     
 Timestep #         1392 Time =     2.488818405921685     
 Timestep #         1393 Time =     2.490598553011273     
 Timestep #         1394 Time =     2.492378700100860     
 Timestep #         1395 Time =     2.494158847190448     
 Timestep #         1396 Time =     2.495938994280036     
 Timestep #         1397 Time =     2.497719141369624     
 Timestep #         1398 Time =     2.499499288459211     
 Timestep #         1399 Time =     2.501279435548799     
 Timestep #         1400 Time =     2.503059582638387     
 Checking stability and divergence...
 updating the time-step size ...
 dtmax =    7.1223046242270211E-003 dt =    1.7805761560567553E-003
 checking the velocity divergence ...
 Total divergence =    2.2958658628738360E-016 | Maximum divergence =  
   3.4555691641457997E-015
 Timestep #         1401 Time =     2.504840158794444     
 Timestep #         1402 Time =     2.506620734950500     
 Timestep #         1403 Time =     2.508401311106557     
 Timestep #         1404 Time =     2.510181887262614     
 Timestep #         1405 Time =     2.511962463418671     
 Timestep #         1406 Time =     2.513743039574727     
 Timestep #         1407 Time =     2.515523615730784     
 Timestep #         1408 Time =     2.517304191886841     
 Timestep #         1409 Time =     2.519084768042898     
 Timestep #         1410 Time =     2.520865344198954     
 Checking stability and divergence...
 updating the time-step size ...
 dtmax =    7.1234308456926904E-003 dt =    1.7808577114231726E-003
 checking the velocity divergence ...
 Total divergence =   -2.3437740463705392E-016 | Maximum divergence =  
   3.4416913763379853E-015
 Timestep #         1411 Time =     2.522646201910378     
 Timestep #         1412 Time =     2.524427059621801     
 Timestep #         1413 Time =     2.526207917333224     
 Timestep #         1414 Time =     2.527988775044648     
 Timestep #         1415 Time =     2.529769632756071     
 Timestep #         1416 Time =     2.531550490467494     
 Timestep #         1417 Time =     2.533331348178918     
 Timestep #         1418 Time =     2.535112205890341     
 Timestep #         1419 Time =     2.536893063601764     
 Timestep #         1420 Time =     2.538673921313188     
 Checking stability and divergence...
 updating the time-step size ...
 dtmax =    7.1233482113221202E-003 dt =    1.7808370528305301E-003
 checking the velocity divergence ...
 Total divergence =    2.3834507636858251E-015 | Maximum divergence =  
   3.5804692544161298E-015
 Timestep #         1421 Time =     2.540454758366018     
 Timestep #         1422 Time =     2.542235595418849     
 Timestep #         1423 Time =     2.544016432471680     
 Timestep #         1424 Time =     2.545797269524511     
 Timestep #         1425 Time =     2.547578106577341     
 Timestep #         1426 Time =     2.549358943630172     
 Timestep #         1427 Time =     2.551139780683003     
 Timestep #         1428 Time =     2.552920617735833     
 Timestep #         1429 Time =     2.554701454788664     
 Timestep #         1430 Time =     2.556482291841495     
 Checking stability and divergence...
 updating the time-step size ...
 dtmax =    7.1207458201673216E-003 dt =    1.7801864550418304E-003
 checking the velocity divergence ...
 Total divergence =   -2.9452966114455487E-015 | Maximum divergence =  
   3.2196467714129540E-015
 Timestep #         1431 Time =     2.558262478296537     
 Timestep #         1432 Time =     2.560042664751578     
 Timestep #         1433 Time =     2.561822851206620     
 Timestep #         1434 Time =     2.563603037661662     
 Timestep #         1435 Time =     2.565383224116704     
 Timestep #         1436 Time =     2.567163410571745     
 Timestep #         1437 Time =     2.568943597026787     
 Timestep #         1438 Time =     2.570723783481829     
 Timestep #         1439 Time =     2.572503969936871     
 Timestep #         1440 Time =     2.574284156391912     
 Checking stability and divergence...
 updating the time-step size ...
 dtmax =    7.1198983876126906E-003 dt =    1.7799745969031726E-003
 checking the velocity divergence ...
 Total divergence =   -1.5051318074917400E-015 | Maximum divergence =  
   3.4416913763379853E-015
 Timestep #         1441 Time =     2.576064130988815     
 Timestep #         1442 Time =     2.577844105585719     
 Timestep #         1443 Time =     2.579624080182622     
 Timestep #         1444 Time =     2.581404054779525     
 Timestep #         1445 Time =     2.583184029376428     
 Timestep #         1446 Time =     2.584964003973331     
 Timestep #         1447 Time =     2.586743978570234     
 Timestep #         1448 Time =     2.588523953167138     
 Timestep #         1449 Time =     2.590303927764041     
 Timestep #         1450 Time =     2.592083902360944     
 Checking stability and divergence...
 updating the time-step size ...
 dtmax =    7.1213529431772542E-003 dt =    1.7803382357943136E-003
 checking the velocity divergence ...
 Total divergence =    4.9515767327297164E-016 | Maximum divergence =  
   3.4972025275692431E-015
 Timestep #         1451 Time =     2.593864240596738     
 Timestep #         1452 Time =     2.595644578832532     
 Timestep #         1453 Time =     2.597424917068326     
 Timestep #         1454 Time =     2.599205255304120     
 Timestep #         1455 Time =     2.600985593539915     
 Timestep #         1456 Time =     2.602765931775709     
 Timestep #         1457 Time =     2.604546270011503     
 Timestep #         1458 Time =     2.606326608247297     
 Timestep #         1459 Time =     2.608106946483091     
 Timestep #         1460 Time =     2.609887284718885     
 Checking stability and divergence...
 updating the time-step size ...
 dtmax =    7.1230105965481598E-003 dt =    1.7807526491370399E-003
 checking the velocity divergence ...
 Total divergence =   -9.5066234615318046E-016 | Maximum divergence =  
   3.1641356201816961E-015
 Timestep #         1461 Time =     2.611668037368022     
 Timestep #         1462 Time =     2.613448790017159     
 Timestep #         1463 Time =     2.615229542666296     
 Timestep #         1464 Time =     2.617010295315433     
 Timestep #         1465 Time =     2.618791047964570     
 Timestep #         1466 Time =     2.620571800613707     
 Timestep #         1467 Time =     2.622352553262844     
 Timestep #         1468 Time =     2.624133305911981     
 Timestep #         1469 Time =     2.625914058561118     
 Timestep #         1470 Time =     2.627694811210254     
 Checking stability and divergence...
 updating the time-step size ...
 dtmax =    7.1226452754514476E-003 dt =    1.7806613188628619E-003
 checking the velocity divergence ...
 Total divergence =    2.4678813138022393E-016 | Maximum divergence =  
   3.4416913763379853E-015
 Timestep #         1471 Time =     2.629475472529117     
 Timestep #         1472 Time =     2.631256133847980     
 Timestep #         1473 Time =     2.633036795166843     
 Timestep #         1474 Time =     2.634817456485706     
 Timestep #         1475 Time =     2.636598117804569     
 Timestep #         1476 Time =     2.638378779123432     
 Timestep #         1477 Time =     2.640159440442295     
 Timestep #         1478 Time =     2.641940101761158     
 Timestep #         1479 Time =     2.643720763080021     
 Timestep #         1480 Time =     2.645501424398883     
 Checking stability and divergence...
 updating the time-step size ...
 dtmax =    7.1202941415771936E-003 dt =    1.7800735353942984E-003
 checking the velocity divergence ...
 Total divergence =    1.2487738978734370E-015 | Maximum divergence =  
   3.4416913763379853E-015
 Timestep #         1481 Time =     2.647281497934278     
 Timestep #         1482 Time =     2.649061571469672     
 Timestep #         1483 Time =     2.650841645005066     
 Timestep #         1484 Time =     2.652621718540461     
 Timestep #         1485 Time =     2.654401792075855     
 Timestep #         1486 Time =     2.656181865611249     
 Timestep #         1487 Time =     2.657961939146644     
 Timestep #         1488 Time =     2.659742012682038     
 Timestep #         1489 Time =     2.661522086217432     
 Timestep #         1490 Time =     2.663302159752827     
 Checking stability and divergence...
 updating the time-step size ...
 dtmax =    7.1192205917159843E-003 dt =    1.7798051479289961E-003
 checking the velocity divergence ...
 Total divergence =   -1.6660562090087955E-015 | Maximum divergence =  
   3.5527136788005009E-015
 Timestep #         1491 Time =     2.665081964900756     
 Timestep #         1492 Time =     2.666861770048685     
 Timestep #         1493 Time =     2.668641575196614     
 Timestep #         1494 Time =     2.670421380344544     
 Timestep #         1495 Time =     2.672201185492473     
 Timestep #         1496 Time =     2.673980990640402     
 Timestep #         1497 Time =     2.675760795788331     
 Timestep #         1498 Time =     2.677540600936260     
 Timestep #         1499 Time =     2.679320406084190     
 Timestep #         1500 Time =     2.681100211232119     
 Checking stability and divergence...
 updating the time-step size ...
 dtmax =    7.1204561055397244E-003 dt =    1.7801140263849311E-003
 checking the velocity divergence ...
 Total divergence =    1.6675368226005960E-015 | Maximum divergence =  
   3.3306690738754696E-015
 Timestep #         1501 Time =     2.682880325258504     
 Timestep #         1502 Time =     2.684660439284889     
 Timestep #         1503 Time =     2.686440553311273     
 Timestep #         1504 Time =     2.688220667337658     
 Timestep #         1505 Time =     2.690000781364043     
 Timestep #         1506 Time =     2.691780895390428     
 Timestep #         1507 Time =     2.693561009416813     
 Timestep #         1508 Time =     2.695341123443198     
 Timestep #         1509 Time =     2.697121237469583     
 Timestep #         1510 Time =     2.698901351495968     
 Checking stability and divergence...
 updating the time-step size ...
 dtmax =    7.1226072067000126E-003 dt =    1.7806518016750031E-003
 checking the velocity divergence ...
 Total divergence =    1.3701181438311935E-015 | Maximum divergence =  
   3.2751579226442118E-015
 Timestep #         1511 Time =     2.700682003297643     
 Timestep #         1512 Time =     2.702462655099318     
 Timestep #         1513 Time =     2.704243306900993     
 Timestep #         1514 Time =     2.706023958702668     
 Timestep #         1515 Time =     2.707804610504343     
 Timestep #         1516 Time =     2.709585262306017     
 Timestep #         1517 Time =     2.711365914107692     
 Timestep #         1518 Time =     2.713146565909367     
 Timestep #         1519 Time =     2.714927217711042     
 Timestep #         1520 Time =     2.716707869512717     
 Checking stability and divergence...
 updating the time-step size ...
 dtmax =    7.1219988990520395E-003 dt =    1.7804997247630099E-003
 checking the velocity divergence ...
 Total divergence =   -2.1510892974632365E-015 | Maximum divergence =  
   3.5527136788005009E-015
 Timestep #         1521 Time =     2.718488369237480     
 Timestep #         1522 Time =     2.720268868962243     
 Timestep #         1523 Time =     2.722049368687006     
 Timestep #         1524 Time =     2.723829868411769     
 Timestep #         1525 Time =     2.725610368136532     
 Timestep #         1526 Time =     2.727390867861295     
 Timestep #         1527 Time =     2.729171367586058     
 Timestep #         1528 Time =     2.730951867310822     
 Timestep #         1529 Time =     2.732732367035585     
 Timestep #         1530 Time =     2.734512866760348     
 Checking stability and divergence...
 updating the time-step size ...
 dtmax =    7.1199226429324806E-003 dt =    1.7799806607331201E-003
 checking the velocity divergence ...
 Total divergence =   -2.0257623025874902E-015 | Maximum divergence =  
   3.5527136788005009E-015
 Timestep #         1531 Time =     2.736292847421081     
 Timestep #         1532 Time =     2.738072828081814     
 Timestep #         1533 Time =     2.739852808742547     
 Timestep #         1534 Time =     2.741632789403280     
 Timestep #         1535 Time =     2.743412770064013     
 Timestep #         1536 Time =     2.745192750724746     
 Timestep #         1537 Time =     2.746972731385479     
 Timestep #         1538 Time =     2.748752712046212     
 Timestep #         1539 Time =     2.750532692706945     
 Timestep #         1540 Time =     2.752312673367678     
 Checking stability and divergence...
 updating the time-step size ...
 dtmax =    7.1186559596446396E-003 dt =    1.7796639899111599E-003
 checking the velocity divergence ...
 Total divergence =    2.1087660257042545E-015 | Maximum divergence =  
   3.3861802251067274E-015
 Timestep #         1541 Time =     2.754092337357589     
 Timestep #         1542 Time =     2.755872001347500     
 Timestep #         1543 Time =     2.757651665337411     
 Timestep #         1544 Time =     2.759431329327322     
 Timestep #         1545 Time =     2.761210993317233     
 Timestep #         1546 Time =     2.762990657307144     
 Timestep #         1547 Time =     2.764770321297055     
 Timestep #         1548 Time =     2.766549985286966     
 Timestep #         1549 Time =     2.768329649276877     
 Timestep #         1550 Time =     2.770109313266788     
 Checking stability and divergence...
 updating the time-step size ...
 dtmax =    7.1197093098681703E-003 dt =    1.7799273274670426E-003
 checking the velocity divergence ...
 Total divergence =    7.7748942470235415E-016 | Maximum divergence =  
   3.3861802251067274E-015
 Timestep #         1551 Time =     2.771889240594255     
 Timestep #         1552 Time =     2.773669167921723     
 Timestep #         1553 Time =     2.775449095249190     
 Timestep #         1554 Time =     2.777229022576657     
 Timestep #         1555 Time =     2.779008949904124     
 Timestep #         1556 Time =     2.780788877231592     
 Timestep #         1557 Time =     2.782568804559059     
 Timestep #         1558 Time =     2.784348731886526     
 Timestep #         1559 Time =     2.786128659213993     
 Timestep #         1560 Time =     2.787908586541461     
 Checking stability and divergence...
 updating the time-step size ...
 dtmax =    7.1223088266154878E-003 dt =    1.7805772066538720E-003
 checking the velocity divergence ...
 Total divergence =   -8.9210653499301705E-016 | Maximum divergence =  
   3.5527136788005009E-015
 Timestep #         1561 Time =     2.789689163748114     
 Timestep #         1562 Time =     2.791469740954768     
 Timestep #         1563 Time =     2.793250318161422     
 Timestep #         1564 Time =     2.795030895368075     
 Timestep #         1565 Time =     2.796811472574729     
 Timestep #         1566 Time =     2.798592049781383     
 Timestep #         1567 Time =     2.800372626988036     
 Timestep #         1568 Time =     2.802153204194690     
 Timestep #         1569 Time =     2.803933781401344     
 Timestep #         1570 Time =     2.805714358607998     
 Checking stability and divergence...
 updating the time-step size ...
 dtmax =    7.1214979764760112E-003 dt =    1.7803744941190028E-003
 checking the velocity divergence ...
 Total divergence =   -1.0166000494486651E-015 | Maximum divergence =  
   3.5527136788005009E-015
 Timestep #         1571 Time =     2.807494733102117     
 Timestep #         1572 Time =     2.809275107596235     
 Timestep #         1573 Time =     2.811055482090354     
 Timestep #         1574 Time =     2.812835856584473     
 Timestep #         1575 Time =     2.814616231078592     
 Timestep #         1576 Time =     2.816396605572711     
 Timestep #         1577 Time =     2.818176980066830     
 Timestep #         1578 Time =     2.819957354560949     
 Timestep #         1579 Time =     2.821737729055068     
 Timestep #         1580 Time =     2.823518103549187     
 Checking stability and divergence...
 updating the time-step size ...
 dtmax =    7.1197240352259567E-003 dt =    1.7799310088064892E-003
 checking the velocity divergence ...
 Total divergence =    2.9615467267803857E-015 | Maximum divergence =  
   3.4416913763379853E-015
 Timestep #         1581 Time =     2.825298034557993     
 Timestep #         1582 Time =     2.827077965566800     
 Timestep #         1583 Time =     2.828857896575606     
 Timestep #         1584 Time =     2.830637827584413     
 Timestep #         1585 Time =     2.832417758593219     
 Timestep #         1586 Time =     2.834197689602026     
 Timestep #         1587 Time =     2.835977620610832     
 Timestep #         1588 Time =     2.837757551619639     
 Timestep #         1589 Time =     2.839537482628445     
 Timestep #         1590 Time =     2.841317413637252     
 Checking stability and divergence...
 updating the time-step size ...
 dtmax =    7.1182962295595151E-003 dt =    1.7795740573898788E-003
 checking the velocity divergence ...
 Total divergence =    1.4375898237941557E-015 | Maximum divergence =  
   3.5527136788005009E-015
 Timestep #         1591 Time =     2.843096987694642     
 Timestep #         1592 Time =     2.844876561752032     
 Timestep #         1593 Time =     2.846656135809422     
 Timestep #         1594 Time =     2.848435709866812     
 Timestep #         1595 Time =     2.850215283924202     
 Timestep #         1596 Time =     2.851994857981592     
 Timestep #         1597 Time =     2.853774432038982     
 Timestep #         1598 Time =     2.855554006096372     
 Timestep #         1599 Time =     2.857333580153762     
 Timestep #         1600 Time =     2.859113154211152     
 Checking stability and divergence...
 updating the time-step size ...
 dtmax =    7.1191991630876984E-003 dt =    1.7797997907719246E-003
 checking the velocity divergence ...
 Total divergence =   -2.0135929802342876E-015 | Maximum divergence =  
   3.4416913763379853E-015
 Timestep #         1601 Time =     2.860892954001924     
 Timestep #         1602 Time =     2.862672753792696     
 Timestep #         1603 Time =     2.864452553583468     
 Timestep #         1604 Time =     2.866232353374239     
 Timestep #         1605 Time =     2.868012153165011     
 Timestep #         1606 Time =     2.869791952955783     
 Timestep #         1607 Time =     2.871571752746555     
 Timestep #         1608 Time =     2.873351552537327     
 Timestep #         1609 Time =     2.875131352328098     
 Timestep #         1610 Time =     2.876911152118870     
 Checking stability and divergence...
 updating the time-step size ...
 dtmax =    7.1220116175076831E-003 dt =    1.7805029043769208E-003
 checking the velocity divergence ...
 Total divergence =   -1.3173003456139675E-015 | Maximum divergence =  
   3.3584246494910985E-015
 Timestep #         1611 Time =     2.878691655023247     
 Timestep #         1612 Time =     2.880472157927624     
 Timestep #         1613 Time =     2.882252660832001     
 Timestep #         1614 Time =     2.884033163736378     
 Timestep #         1615 Time =     2.885813666640755     
 Timestep #         1616 Time =     2.887594169545132     
 Timestep #         1617 Time =     2.889374672449509     
 Timestep #         1618 Time =     2.891155175353886     
 Timestep #         1619 Time =     2.892935678258262     
 Timestep #         1620 Time =     2.894716181162639     
 Checking stability and divergence...
 updating the time-step size ...
 dtmax =    7.1212374477121381E-003 dt =    1.7803093619280345E-003
 checking the velocity divergence ...
 Total divergence =    1.4216160529583605E-015 | Maximum divergence =  
   3.5527136788005009E-015
 Timestep #         1621 Time =     2.896496490524568     
 Timestep #         1622 Time =     2.898276799886496     
 Timestep #         1623 Time =     2.900057109248424     
 Timestep #         1624 Time =     2.901837418610352     
 Timestep #         1625 Time =     2.903617727972280     
 Timestep #         1626 Time =     2.905398037334209     
 Timestep #         1627 Time =     2.907178346696137     
 Timestep #         1628 Time =     2.908958656058065     
 Timestep #         1629 Time =     2.910738965419993     
 Timestep #         1630 Time =     2.912519274781921     
 Checking stability and divergence...
 updating the time-step size ...
 dtmax =    7.1197981108182219E-003 dt =    1.7799495277045555E-003
 checking the velocity divergence ...
 Total divergence =   -2.3369164676295684E-015 | Maximum divergence =  
   3.4416913763379853E-015
 Timestep #         1631 Time =     2.914299224309626     
 Timestep #         1632 Time =     2.916079173837330     
 Timestep #         1633 Time =     2.917859123365035     
 Timestep #         1634 Time =     2.919639072892739     
 Timestep #         1635 Time =     2.921419022420443     
 Timestep #         1636 Time =     2.923198971948148     
 Timestep #         1637 Time =     2.924978921475852     
 Timestep #         1638 Time =     2.926758871003557     
 Timestep #         1639 Time =     2.928538820531261     
 Timestep #         1640 Time =     2.930318770058966     
 Checking stability and divergence...
 updating the time-step size ...
 dtmax =    7.1182406256764669E-003 dt =    1.7795601564191167E-003
 checking the velocity divergence ...
 Total divergence =    1.3066414947639562E-016 | Maximum divergence =  
   3.3306690738754696E-015
 Timestep #         1641 Time =     2.932098330215385     
 Timestep #         1642 Time =     2.933877890371804     
 Timestep #         1643 Time =     2.935657450528223     
 Timestep #         1644 Time =     2.937437010684642     
 Timestep #         1645 Time =     2.939216570841061     
 Timestep #         1646 Time =     2.940996130997480     
 Timestep #         1647 Time =     2.942775691153899     
 Timestep #         1648 Time =     2.944555251310318     
 Timestep #         1649 Time =     2.946334811466737     
 Timestep #         1650 Time =     2.948114371623156     
 Checking stability and divergence...
 updating the time-step size ...
 dtmax =    7.1190266465570038E-003 dt =    1.7797566616392509E-003
 checking the velocity divergence ...
 Total divergence =   -6.4428354110948518E-016 | Maximum divergence =  
   3.4416913763379853E-015
 Timestep #         1651 Time =     2.949894128284795     
 Timestep #         1652 Time =     2.951673884946434     
 Timestep #         1653 Time =     2.953453641608073     
 Timestep #         1654 Time =     2.955233398269712     
 Timestep #         1655 Time =     2.957013154931351     
 Timestep #         1656 Time =     2.958792911592990     
 Timestep #         1657 Time =     2.960572668254629     
 Timestep #         1658 Time =     2.962352424916268     
 Timestep #         1659 Time =     2.964132181577908     
 Timestep #         1660 Time =     2.965911938239547     
 Checking stability and divergence...
 updating the time-step size ...
 dtmax =    7.1220975401085880E-003 dt =    1.7805243850271470E-003
 checking the velocity divergence ...
 Total divergence =   -1.0240289519125589E-016 | Maximum divergence =  
   3.4208746946262636E-015
 Timestep #         1661 Time =     2.967692462624574     
 Timestep #         1662 Time =     2.969472987009601     
 Timestep #         1663 Time =     2.971253511394628     
 Timestep #         1664 Time =     2.973034035779655     
 Timestep #         1665 Time =     2.974814560164682     
 Timestep #         1666 Time =     2.976595084549709     
 Timestep #         1667 Time =     2.978375608934736     
 Timestep #         1668 Time =     2.980156133319763     
 Timestep #         1669 Time =     2.981936657704790     
 Timestep #         1670 Time =     2.983717182089817     
 Checking stability and divergence...
 updating the time-step size ...
 dtmax =    7.1213379304270828E-003 dt =    1.7803344826067707E-003
 checking the velocity divergence ...
 Total divergence =   -2.9607189638326814E-017 | Maximum divergence =  
   3.6221026178395732E-015
 Timestep #         1671 Time =     2.985497516572424     
 Timestep #         1672 Time =     2.987277851055031     
 Timestep #         1673 Time =     2.989058185537637     
 Timestep #         1674 Time =     2.990838520020244     
 Timestep #         1675 Time =     2.992618854502850     
 Timestep #         1676 Time =     2.994399188985457     
 Timestep #         1677 Time =     2.996179523468064     
 Timestep #         1678 Time =     2.997959857950670     
 Timestep #         1679 Time =     2.999740192433277     
 Timestep #         1680 Time =     3.001520526915884     
 Checking stability and divergence...
 updating the time-step size ...
 dtmax =    7.1202735078657537E-003 dt =    1.7800683769664384E-003
 checking the velocity divergence ...
 Total divergence =    1.6638268182916222E-015 | Maximum divergence =  
   3.3306690738754696E-015
 *** Checkpoint saved at time =     3.001520526915884      time step =  
         1680 . ***
 *** Fim ***
 
 OUT:initial  :      0.011s (        1 calls)
 STEP         :     11.184s (     1680 calls)
 VOF          :      8.414s (     1680 calls)
 RK           :      0.735s (     1680 calls)
 SOLVER       :      0.655s (     1680 calls)
 xc_to_z      :      0.022s (     1680 calls)
 z_to_xc      :      0.021s (     1680 calls)
 CORREC       :      0.819s (     1680 calls)
 OUT:iout0d   :      0.009s (      168 calls)
 OUT:iout3d   :      0.051s (       16 calls)
 OUT:isave    :      0.005s (        1 calls)
