time_s,count,raw_count,count_target_min,count_target_max,count_read_status,alpha_threshold,read_bound_time_s,read_bound_count,source_figure,panel,aircraft,pdf_page,journal_page,page_x_px,page_y_px,method,source_pdf_sha256
0.243964,5,5.250,0.250,10.250,resolved_positive_count_read,0.001 <= alpha_L <= 1,0.01,5,11c,c,Dash-8,10,1524,422,2646.50,300 dpi raster RGB trace mask; per-column pixel median; fixed axis endpoints; no smoothing,128eeb1ea3ad30f5a2ecf9194e2b784be37e837982dec3bdcb7b9db48aa4e7e4
0.251588,5,5.250,0.250,10.250,resolved_positive_count_read,0.001 <= alpha_L <= 1,0.01,5,11c,c,Dash-8,10,1524,423,2646.50,300 dpi raster RGB trace mask; per-column pixel median; fixed axis endpoints; no smoothing,128eeb1ea3ad30f5a2ecf9194e2b784be37e837982dec3bdcb7b9db48aa4e7e4
0.259212,5,5.250,0.250,10.250,resolved_positive_count_read,0.001 <= alpha_L <= 1,0.01,5,11c,c,Dash-8,10,1524,424,2646.50,300 dpi raster RGB trace mask; per-column pixel median; fixed axis endpoints; no smoothing,128eeb1ea3ad30f5a2ecf9194e2b784be37e837982dec3bdcb7b9db48aa4e7e4
0.266836,6,5.833,0.833,10.833,resolved_positive_count_read,0.001 <= alpha_L <= 1,0.01,5,11c,c,Dash-8,10,1524,425,2646.00,300 dpi raster RGB trace mask; per-column pixel median; fixed axis endpoints; no smoothing,128eeb1ea3ad30f5a2ecf9194e2b784be37e837982dec3bdcb7b9db48aa4e7e4
0.274460,6,5.833,0.833,10.833,resolved_positive_count_read,0.001 <= alpha_L <= 1,0.01,5,11c,c,Dash-8,10,1524,426,2646.00,300 dpi raster RGB trace mask; per-column pixel median; fixed axis endpoints; no smoothing,128eeb1ea3ad30f5a2ecf9194e2b784be37e837982dec3bdcb7b9db48aa4e7e4
0.282084,6,6.417,1.417,11.417,resolved_positive_count_read,0.001 <= alpha_L <= 1,0.01,5,11c,c,Dash-8,10,1524,427,2645.50,300 dpi raster RGB trace mask; per-column pixel median; fixed axis endpoints; no smoothing,128eeb1ea3ad30f5a2ecf9194e2b784be37e837982dec3bdcb7b9db48aa4e7e4
0.289708,8,7.583,2.583,12.583,resolved_positive_count_read,0.001 <= alpha_L <= 1,0.01,5,11c,c,Dash-8,10,1524,428,2644.50,300 dpi raster RGB trace mask; per-column pixel median; fixed axis endpoints; no smoothing,128eeb1ea3ad30f5a2ecf9194e2b784be37e837982dec3bdcb7b9db48aa4e7e4
0.297332,8,8.167,3.167,13.167,resolved_positive_count_read,0.001 <= alpha_L <= 1,0.01,5,11c,c,Dash-8,10,1524,429,2644.00,300 dpi raster RGB trace mask; per-column pixel median; fixed axis endpoints; no smoothing,128eeb1ea3ad30f5a2ecf9194e2b784be37e837982dec3bdcb7b9db48aa4e7e4
0.304956,9,8.750,3.750,13.750,resolved_positive_count_read,0.001 <= alpha_L <= 1,0.01,5,11c,c,Dash-8,10,1524,430,2643.50,300 dpi raster RGB trace mask; per-column pixel median; fixed axis endpoints; no smoothing,128eeb1ea3ad30f5a2ecf9194e2b784be37e837982dec3bdcb7b9db48aa4e7e4
0.312579,10,9.917,4.917,14.917,resolved_positive_count_read,0.001 <= alpha_L <= 1,0.01,5,11c,c,Dash-8,10,1524,431,2642.50,300 dpi raster RGB trace mask; per-column pixel median; fixed axis endpoints; no smoothing,128eeb1ea3ad30f5a2ecf9194e2b784be37e837982dec3bdcb7b9db48aa4e7e4
0.320203,11,10.500,5.500,15.500,resolved_positive_count_read,0.001 <= alpha_L <= 1,0.01,5,11c,c,Dash-8,10,1524,432,2642.00,300 dpi raster RGB trace mask; per-column pixel median; fixed axis endpoints; no smoothing,128eeb1ea3ad30f5a2ecf9194e2b784be37e837982dec3bdcb7b9db48aa4e7e4
0.327827,11,11.083,6.083,16.083,resolved_positive_count_read,0.001 <= alpha_L <= 1,0.01,5,11c,c,Dash-8,10,1524,433,2641.50,300 dpi raster RGB trace mask; per-column pixel median; fixed axis endpoints; no smoothing,128eeb1ea3ad30f5a2ecf9194e2b784be37e837982dec3bdcb7b9db48aa4e7e4
0.335451,13,13.417,8.417,18.417,resolved_positive_count_read,0.001 <= alpha_L <= 1,0.01,5,11c,c,Dash-8,10,1524,434,2639.50,300 dpi raster RGB trace mask; per-column pixel median; fixed axis endpoints; no smoothing,128eeb1ea3ad30f5a2ecf9194e2b784be37e837982dec3bdcb7b9db48aa4e7e4
0.343075,15,15.167,10.167,20.167,resolved_positive_count_read,0.001 <= alpha_L <= 1,0.01,5,11c,c,Dash-8,10,1524,435,2638.00,300 dpi raster RGB trace mask; per-column pixel median; fixed axis endpoints; no smoothing,128eeb1ea3ad30f5a2ecf9194e2b784be37e837982dec3bdcb7b9db48aa4e7e4
0.350699,17,16.917,11.917,21.917,resolved_positive_count_read,0.001 <= alpha_L <= 1,0.01,5,11c,c,Dash-8,10,1524,436,2636.50,300 dpi raster RGB trace mask; per-column pixel median; fixed axis endpoints; no smoothing,128eeb1ea3ad30f5a2ecf9194e2b784be37e837982dec3bdcb7b9db48aa4e7e4
0.358323,19,18.667,13.667,23.667,resolved_positive_count_read,0.001 <= alpha_L <= 1,0.01,5,11c,c,Dash-8,10,1524,437,2635.00,300 dpi raster RGB trace mask; per-column pixel median; fixed axis endpoints; no smoothing,128eeb1ea3ad30f5a2ecf9194e2b784be37e837982dec3bdcb7b9db48aa4e7e4
0.365947,20,19.833,14.833,24.833,resolved_positive_count_read,0.001 <= alpha_L <= 1,0.01,5,11c,c,Dash-8,10,1524,438,2634.00,300 dpi raster RGB trace mask; per-column pixel median; fixed axis endpoints; no smoothing,128eeb1ea3ad30f5a2ecf9194e2b784be37e837982dec3bdcb7b9db48aa4e7e4
0.373571,21,21.000,16.000,26.000,resolved_positive_count_read,0.001 <= alpha_L <= 1,0.01,5,11c,c,Dash-8,10,1524,439,2633.00,300 dpi raster RGB trace mask; per-column pixel median; fixed axis endpoints; no smoothing,128eeb1ea3ad30f5a2ecf9194e2b784be37e837982dec3bdcb7b9db48aa4e7e4
0.381194,23,22.750,17.750,27.750,resolved_positive_count_read,0.001 <= alpha_L <= 1,0.01,5,11c,c,Dash-8,10,1524,440,2631.50,300 dpi raster RGB trace mask; per-column pixel median; fixed axis endpoints; no smoothing,128eeb1ea3ad30f5a2ecf9194e2b784be37e837982dec3bdcb7b9db48aa4e7e4
0.388818,25,24.500,19.500,29.500,resolved_positive_count_read,0.001 <= alpha_L <= 1,0.01,5,11c,c,Dash-8,10,1524,441,2630.00,300 dpi raster RGB trace mask; per-column pixel median; fixed axis endpoints; no smoothing,128eeb1ea3ad30f5a2ecf9194e2b784be37e837982dec3bdcb7b9db48aa4e7e4
0.396442,26,25.667,20.667,30.667,resolved_positive_count_read,0.001 <= alpha_L <= 1,0.01,5,11c,c,Dash-8,10,1524,442,2629.00,300 dpi raster RGB trace mask; per-column pixel median; fixed axis endpoints; no smoothing,128eeb1ea3ad30f5a2ecf9194e2b784be37e837982dec3bdcb7b9db48aa4e7e4
0.404066,27,27.417,22.417,32.417,resolved_positive_count_read,0.001 <= alpha_L <= 1,0.01,5,11c,c,Dash-8,10,1524,443,2627.50,300 dpi raster RGB trace mask; per-column pixel median; fixed axis endpoints; no smoothing,128eeb1ea3ad30f5a2ecf9194e2b784be37e837982dec3bdcb7b9db48aa4e7e4
0.411690,28,28.000,23.000,33.000,resolved_positive_count_read,0.001 <= alpha_L <= 1,0.01,5,11c,c,Dash-8,10,1524,444,2627.00,300 dpi raster RGB trace mask; per-column pixel median; fixed axis endpoints; no smoothing,128eeb1ea3ad30f5a2ecf9194e2b784be37e837982dec3bdcb7b9db48aa4e7e4
0.419314,30,30.333,25.333,35.333,resolved_positive_count_read,0.001 <= alpha_L <= 1,0.01,5,11c,c,Dash-8,10,1524,445,2625.00,300 dpi raster RGB trace mask; per-column pixel median; fixed axis endpoints; no smoothing,128eeb1ea3ad30f5a2ecf9194e2b784be37e837982dec3bdcb7b9db48aa4e7e4
0.426938,32,31.500,26.500,36.500,resolved_positive_count_read,0.001 <= alpha_L <= 1,0.01,5,11c,c,Dash-8,10,1524,446,2624.00,300 dpi raster RGB trace mask; per-column pixel median; fixed axis endpoints; no smoothing,128eeb1ea3ad30f5a2ecf9194e2b784be37e837982dec3bdcb7b9db48aa4e7e4
0.434562,33,32.667,27.667,37.667,resolved_positive_count_read,0.001 <= alpha_L <= 1,0.01,5,11c,c,Dash-8,10,1524,447,2623.00,300 dpi raster RGB trace mask; per-column pixel median; fixed axis endpoints; no smoothing,128eeb1ea3ad30f5a2ecf9194e2b784be37e837982dec3bdcb7b9db48aa4e7e4
0.442186,34,33.833,28.833,38.833,resolved_positive_count_read,0.001 <= alpha_L <= 1,0.01,5,11c,c,Dash-8,10,1524,448,2622.00,300 dpi raster RGB trace mask; per-column pixel median; fixed axis endpoints; no smoothing,128eeb1ea3ad30f5a2ecf9194e2b784be37e837982dec3bdcb7b9db48aa4e7e4
0.449809,36,36.167,31.167,41.167,resolved_positive_count_read,0.001 <= alpha_L <= 1,0.01,5,11c,c,Dash-8,10,1524,449,2620.00,300 dpi raster RGB trace mask; per-column pixel median; fixed axis endpoints; no smoothing,128eeb1ea3ad30f5a2ecf9194e2b784be37e837982dec3bdcb7b9db48aa4e7e4
0.457433,37,37.333,32.333,42.333,resolved_positive_count_read,0.001 <= alpha_L <= 1,0.01,5,11c,c,Dash-8,10,1524,450,2619.00,300 dpi raster RGB trace mask; per-column pixel median; fixed axis endpoints; no smoothing,128eeb1ea3ad30f5a2ecf9194e2b784be37e837982dec3bdcb7b9db48aa4e7e4
0.465057,39,38.500,33.500,43.500,resolved_positive_count_read,0.001 <= alpha_L <= 1,0.01,5,11c,c,Dash-8,10,1524,451,2618.00,300 dpi raster RGB trace mask; per-column pixel median; fixed axis endpoints; no smoothing,128eeb1ea3ad30f5a2ecf9194e2b784be37e837982dec3bdcb7b9db48aa4e7e4
0.472681,41,41.417,36.417,46.417,resolved_positive_count_read,0.001 <= alpha_L <= 1,0.01,5,11c,c,Dash-8,10,1524,452,2615.50,300 dpi raster RGB trace mask; per-column pixel median; fixed axis endpoints; no smoothing,128eeb1ea3ad30f5a2ecf9194e2b784be37e837982dec3bdcb7b9db48aa4e7e4
0.480305,43,43.167,38.167,48.167,resolved_positive_count_read,0.001 <= alpha_L <= 1,0.01,5,11c,c,Dash-8,10,1524,453,2614.00,300 dpi raster RGB trace mask; per-column pixel median; fixed axis endpoints; no smoothing,128eeb1ea3ad30f5a2ecf9194e2b784be37e837982dec3bdcb7b9db48aa4e7e4
0.487929,46,45.500,40.500,50.500,resolved_positive_count_read,0.001 <= alpha_L <= 1,0.01,5,11c,c,Dash-8,10,1524,454,2612.00,300 dpi raster RGB trace mask; per-column pixel median; fixed axis endpoints; no smoothing,128eeb1ea3ad30f5a2ecf9194e2b784be37e837982dec3bdcb7b9db48aa4e7e4
0.495553,48,48.417,43.417,53.417,resolved_positive_count_read,0.001 <= alpha_L <= 1,0.01,5,11c,c,Dash-8,10,1524,455,2609.50,300 dpi raster RGB trace mask; per-column pixel median; fixed axis endpoints; no smoothing,128eeb1ea3ad30f5a2ecf9194e2b784be37e837982dec3bdcb7b9db48aa4e7e4
0.503177,50,50.167,45.167,55.167,resolved_positive_count_read,0.001 <= alpha_L <= 1,0.01,5,11c,c,Dash-8,10,1524,456,2608.00,300 dpi raster RGB trace mask; per-column pixel median; fixed axis endpoints; no smoothing,128eeb1ea3ad30f5a2ecf9194e2b784be37e837982dec3bdcb7b9db48aa4e7e4
0.510801,54,53.667,48.667,58.667,resolved_positive_count_read,0.001 <= alpha_L <= 1,0.01,5,11c,c,Dash-8,10,1524,457,2605.00,300 dpi raster RGB trace mask; per-column pixel median; fixed axis endpoints; no smoothing,128eeb1ea3ad30f5a2ecf9194e2b784be37e837982dec3bdcb7b9db48aa4e7e4
0.518424,56,56.000,51.000,61.000,resolved_positive_count_read,0.001 <= alpha_L <= 1,0.01,5,11c,c,Dash-8,10,1524,458,2603.00,300 dpi raster RGB trace mask; per-column pixel median; fixed axis endpoints; no smoothing,128eeb1ea3ad30f5a2ecf9194e2b784be37e837982dec3bdcb7b9db48aa4e7e4
0.526048,60,59.500,54.500,64.500,resolved_positive_count_read,0.001 <= alpha_L <= 1,0.01,5,11c,c,Dash-8,10,1524,459,2600.00,300 dpi raster RGB trace mask; per-column pixel median; fixed axis endpoints; no smoothing,128eeb1ea3ad30f5a2ecf9194e2b784be37e837982dec3bdcb7b9db48aa4e7e4
0.533672,63,63.000,58.000,68.000,resolved_positive_count_read,0.001 <= alpha_L <= 1,0.01,5,11c,c,Dash-8,10,1524,460,2597.00,300 dpi raster RGB trace mask; per-column pixel median; fixed axis endpoints; no smoothing,128eeb1ea3ad30f5a2ecf9194e2b784be37e837982dec3bdcb7b9db48aa4e7e4
0.541296,67,66.500,61.500,71.500,resolved_positive_count_read,0.001 <= alpha_L <= 1,0.01,5,11c,c,Dash-8,10,1524,461,2594.00,300 dpi raster RGB trace mask; per-column pixel median; fixed axis endpoints; no smoothing,128eeb1ea3ad30f5a2ecf9194e2b784be37e837982dec3bdcb7b9db48aa4e7e4
0.548920,70,70.000,65.000,75.000,resolved_positive_count_read,0.001 <= alpha_L <= 1,0.01,5,11c,c,Dash-8,10,1524,462,2591.00,300 dpi raster RGB trace mask; per-column pixel median; fixed axis endpoints; no smoothing,128eeb1ea3ad30f5a2ecf9194e2b784be37e837982dec3bdcb7b9db48aa4e7e4
0.556544,73,72.917,67.917,77.917,resolved_positive_count_read,0.001 <= alpha_L <= 1,0.01,5,11c,c,Dash-8,10,1524,463,2588.50,300 dpi raster RGB trace mask; per-column pixel median; fixed axis endpoints; no smoothing,128eeb1ea3ad30f5a2ecf9194e2b784be37e837982dec3bdcb7b9db48aa4e7e4
0.564168,76,76.417,71.417,81.417,resolved_positive_count_read,0.001 <= alpha_L <= 1,0.01,5,11c,c,Dash-8,10,1524,464,2585.50,300 dpi raster RGB trace mask; per-column pixel median; fixed axis endpoints; no smoothing,128eeb1ea3ad30f5a2ecf9194e2b784be37e837982dec3bdcb7b9db48aa4e7e4
0.571792,79,79.333,74.333,84.333,resolved_positive_count_read,0.001 <= alpha_L <= 1,0.01,5,11c,c,Dash-8,10,1524,465,2583.00,300 dpi raster RGB trace mask; per-column pixel median; fixed axis endpoints; no smoothing,128eeb1ea3ad30f5a2ecf9194e2b784be37e837982dec3bdcb7b9db48aa4e7e4
0.579416,83,82.833,77.833,87.833,resolved_positive_count_read,0.001 <= alpha_L <= 1,0.01,5,11c,c,Dash-8,10,1524,466,2580.00,300 dpi raster RGB trace mask; per-column pixel median; fixed axis endpoints; no smoothing,128eeb1ea3ad30f5a2ecf9194e2b784be37e837982dec3bdcb7b9db48aa4e7e4
0.587039,86,86.333,81.333,91.333,resolved_positive_count_read,0.001 <= alpha_L <= 1,0.01,5,11c,c,Dash-8,10,1524,467,2577.00,300 dpi raster RGB trace mask; per-column pixel median; fixed axis endpoints; no smoothing,128eeb1ea3ad30f5a2ecf9194e2b784be37e837982dec3bdcb7b9db48aa4e7e4
0.594663,89,89.250,84.250,94.250,resolved_positive_count_read,0.001 <= alpha_L <= 1,0.01,5,11c,c,Dash-8,10,1524,468,2574.50,300 dpi raster RGB trace mask; per-column pixel median; fixed axis endpoints; no smoothing,128eeb1ea3ad30f5a2ecf9194e2b784be37e837982dec3bdcb7b9db48aa4e7e4
0.602287,93,92.750,87.750,97.750,resolved_positive_count_read,0.001 <= alpha_L <= 1,0.01,5,11c,c,Dash-8,10,1524,469,2571.50,300 dpi raster RGB trace mask; per-column pixel median; fixed axis endpoints; no smoothing,128eeb1ea3ad30f5a2ecf9194e2b784be37e837982dec3bdcb7b9db48aa4e7e4
0.609911,96,95.667,90.667,100.667,resolved_positive_count_read,0.001 <= alpha_L <= 1,0.01,5,11c,c,Dash-8,10,1524,470,2569.00,300 dpi raster RGB trace mask; per-column pixel median; fixed axis endpoints; no smoothing,128eeb1ea3ad30f5a2ecf9194e2b784be37e837982dec3bdcb7b9db48aa4e7e4
0.617535,99,99.167,94.167,104.167,resolved_positive_count_read,0.001 <= alpha_L <= 1,0.01,5,11c,c,Dash-8,10,1524,471,2566.00,300 dpi raster RGB trace mask; per-column pixel median; fixed axis endpoints; no smoothing,128eeb1ea3ad30f5a2ecf9194e2b784be37e837982dec3bdcb7b9db48aa4e7e4
0.625159,102,101.500,96.500,106.500,resolved_positive_count_read,0.001 <= alpha_L <= 1,0.01,5,11c,c,Dash-8,10,1524,472,2564.00,300 dpi raster RGB trace mask; per-column pixel median; fixed axis endpoints; no smoothing,128eeb1ea3ad30f5a2ecf9194e2b784be37e837982dec3bdcb7b9db48aa4e7e4
0.632783,105,105.000,100.000,110.000,resolved_positive_count_read,0.001 <= alpha_L <= 1,0.01,5,11c,c,Dash-8,10,1524,473,2561.00,300 dpi raster RGB trace mask; per-column pixel median; fixed axis endpoints; no smoothing,128eeb1ea3ad30f5a2ecf9194e2b784be37e837982dec3bdcb7b9db48aa4e7e4
0.640407,108,107.917,102.917,112.917,resolved_positive_count_read,0.001 <= alpha_L <= 1,0.01,5,11c,c,Dash-8,10,1524,474,2558.50,300 dpi raster RGB trace mask; per-column pixel median; fixed axis endpoints; no smoothing,128eeb1ea3ad30f5a2ecf9194e2b784be37e837982dec3bdcb7b9db48aa4e7e4
0.648030,111,110.833,105.833,115.833,resolved_positive_count_read,0.001 <= alpha_L <= 1,0.01,5,11c,c,Dash-8,10,1524,475,2556.00,300 dpi raster RGB trace mask; per-column pixel median; fixed axis endpoints; no smoothing,128eeb1ea3ad30f5a2ecf9194e2b784be37e837982dec3bdcb7b9db48aa4e7e4
0.655654,114,114.333,109.333,119.333,resolved_positive_count_read,0.001 <= alpha_L <= 1,0.01,5,11c,c,Dash-8,10,1524,476,2553.00,300 dpi raster RGB trace mask; per-column pixel median; fixed axis endpoints; no smoothing,128eeb1ea3ad30f5a2ecf9194e2b784be37e837982dec3bdcb7b9db48aa4e7e4
0.663278,117,117.250,112.250,122.250,resolved_positive_count_read,0.001 <= alpha_L <= 1,0.01,5,11c,c,Dash-8,10,1524,477,2550.50,300 dpi raster RGB trace mask; per-column pixel median; fixed axis endpoints; no smoothing,128eeb1ea3ad30f5a2ecf9194e2b784be37e837982dec3bdcb7b9db48aa4e7e4
0.670902,120,119.583,114.583,124.583,resolved_positive_count_read,0.001 <= alpha_L <= 1,0.01,5,11c,c,Dash-8,10,1524,478,2548.50,300 dpi raster RGB trace mask; per-column pixel median; fixed axis endpoints; no smoothing,128eeb1ea3ad30f5a2ecf9194e2b784be37e837982dec3bdcb7b9db48aa4e7e4
0.678526,123,122.500,117.500,127.500,resolved_positive_count_read,0.001 <= alpha_L <= 1,0.01,5,11c,c,Dash-8,10,1524,479,2546.00,300 dpi raster RGB trace mask; per-column pixel median; fixed axis endpoints; no smoothing,128eeb1ea3ad30f5a2ecf9194e2b784be37e837982dec3bdcb7b9db48aa4e7e4
0.686150,125,124.833,119.833,129.833,resolved_positive_count_read,0.001 <= alpha_L <= 1,0.01,5,11c,c,Dash-8,10,1524,480,2544.00,300 dpi raster RGB trace mask; per-column pixel median; fixed axis endpoints; no smoothing,128eeb1ea3ad30f5a2ecf9194e2b784be37e837982dec3bdcb7b9db48aa4e7e4
0.693774,128,128.333,123.333,133.333,resolved_positive_count_read,0.001 <= alpha_L <= 1,0.01,5,11c,c,Dash-8,10,1524,481,2541.00,300 dpi raster RGB trace mask; per-column pixel median; fixed axis endpoints; no smoothing,128eeb1ea3ad30f5a2ecf9194e2b784be37e837982dec3bdcb7b9db48aa4e7e4
0.701398,131,131.250,126.250,136.250,resolved_positive_count_read,0.001 <= alpha_L <= 1,0.01,5,11c,c,Dash-8,10,1524,482,2538.50,300 dpi raster RGB trace mask; per-column pixel median; fixed axis endpoints; no smoothing,128eeb1ea3ad30f5a2ecf9194e2b784be37e837982dec3bdcb7b9db48aa4e7e4
0.709022,134,134.167,129.167,139.167,resolved_positive_count_read,0.001 <= alpha_L <= 1,0.01,5,11c,c,Dash-8,10,1524,483,2536.00,300 dpi raster RGB trace mask; per-column pixel median; fixed axis endpoints; no smoothing,128eeb1ea3ad30f5a2ecf9194e2b784be37e837982dec3bdcb7b9db48aa4e7e4
0.716645,137,136.500,131.500,141.500,resolved_positive_count_read,0.001 <= alpha_L <= 1,0.01,5,11c,c,Dash-8,10,1524,484,2534.00,300 dpi raster RGB trace mask; per-column pixel median; fixed axis endpoints; no smoothing,128eeb1ea3ad30f5a2ecf9194e2b784be37e837982dec3bdcb7b9db48aa4e7e4
0.724269,140,140.000,135.000,145.000,resolved_positive_count_read,0.001 <= alpha_L <= 1,0.01,5,11c,c,Dash-8,10,1524,485,2531.00,300 dpi raster RGB trace mask; per-column pixel median; fixed axis endpoints; no smoothing,128eeb1ea3ad30f5a2ecf9194e2b784be37e837982dec3bdcb7b9db48aa4e7e4
0.731893,142,142.333,137.333,147.333,resolved_positive_count_read,0.001 <= alpha_L <= 1,0.01,5,11c,c,Dash-8,10,1524,486,2529.00,300 dpi raster RGB trace mask; per-column pixel median; fixed axis endpoints; no smoothing,128eeb1ea3ad30f5a2ecf9194e2b784be37e837982dec3bdcb7b9db48aa4e7e4
0.739517,144,144.083,139.083,149.083,resolved_positive_count_read,0.001 <= alpha_L <= 1,0.01,5,11c,c,Dash-8,10,1524,487,2527.50,300 dpi raster RGB trace mask; per-column pixel median; fixed axis endpoints; no smoothing,128eeb1ea3ad30f5a2ecf9194e2b784be37e837982dec3bdcb7b9db48aa4e7e4
0.747141,147,147.000,142.000,152.000,resolved_positive_count_read,0.001 <= alpha_L <= 1,0.01,5,11c,c,Dash-8,10,1524,488,2525.00,300 dpi raster RGB trace mask; per-column pixel median; fixed axis endpoints; no smoothing,128eeb1ea3ad30f5a2ecf9194e2b784be37e837982dec3bdcb7b9db48aa4e7e4
0.754765,150,149.917,144.917,154.917,resolved_positive_count_read,0.001 <= alpha_L <= 1,0.01,5,11c,c,Dash-8,10,1524,489,2522.50,300 dpi raster RGB trace mask; per-column pixel median; fixed axis endpoints; no smoothing,128eeb1ea3ad30f5a2ecf9194e2b784be37e837982dec3bdcb7b9db48aa4e7e4
0.762389,152,152.250,147.250,157.250,resolved_positive_count_read,0.001 <= alpha_L <= 1,0.01,5,11c,c,Dash-8,10,1524,490,2520.50,300 dpi raster RGB trace mask; per-column pixel median; fixed axis endpoints; no smoothing,128eeb1ea3ad30f5a2ecf9194e2b784be37e837982dec3bdcb7b9db48aa4e7e4
0.770013,155,155.167,150.167,160.167,resolved_positive_count_read,0.001 <= alpha_L <= 1,0.01,5,11c,c,Dash-8,10,1524,491,2518.00,300 dpi raster RGB trace mask; per-column pixel median; fixed axis endpoints; no smoothing,128eeb1ea3ad30f5a2ecf9194e2b784be37e837982dec3bdcb7b9db48aa4e7e4
0.777637,158,157.500,152.500,162.500,resolved_positive_count_read,0.001 <= alpha_L <= 1,0.01,5,11c,c,Dash-8,10,1524,492,2516.00,300 dpi raster RGB trace mask; per-column pixel median; fixed axis endpoints; no smoothing,128eeb1ea3ad30f5a2ecf9194e2b784be37e837982dec3bdcb7b9db48aa4e7e4
0.785260,160,159.833,154.833,164.833,resolved_positive_count_read,0.001 <= alpha_L <= 1,0.01,5,11c,c,Dash-8,10,1524,493,2514.00,300 dpi raster RGB trace mask; per-column pixel median; fixed axis endpoints; no smoothing,128eeb1ea3ad30f5a2ecf9194e2b784be37e837982dec3bdcb7b9db48aa4e7e4
0.792884,163,162.750,157.750,167.750,resolved_positive_count_read,0.001 <= alpha_L <= 1,0.01,5,11c,c,Dash-8,10,1524,494,2511.50,300 dpi raster RGB trace mask; per-column pixel median; fixed axis endpoints; no smoothing,128eeb1ea3ad30f5a2ecf9194e2b784be37e837982dec3bdcb7b9db48aa4e7e4
0.800508,165,165.083,160.083,170.083,resolved_positive_count_read,0.001 <= alpha_L <= 1,0.01,5,11c,c,Dash-8,10,1524,495,2509.50,300 dpi raster RGB trace mask; per-column pixel median; fixed axis endpoints; no smoothing,128eeb1ea3ad30f5a2ecf9194e2b784be37e837982dec3bdcb7b9db48aa4e7e4
0.808132,168,168.000,163.000,173.000,resolved_positive_count_read,0.001 <= alpha_L <= 1,0.01,5,11c,c,Dash-8,10,1524,496,2507.00,300 dpi raster RGB trace mask; per-column pixel median; fixed axis endpoints; no smoothing,128eeb1ea3ad30f5a2ecf9194e2b784be37e837982dec3bdcb7b9db48aa4e7e4
0.815756,170,170.333,165.333,175.333,resolved_positive_count_read,0.001 <= alpha_L <= 1,0.01,5,11c,c,Dash-8,10,1524,497,2505.00,300 dpi raster RGB trace mask; per-column pixel median; fixed axis endpoints; no smoothing,128eeb1ea3ad30f5a2ecf9194e2b784be37e837982dec3bdcb7b9db48aa4e7e4
0.823380,173,172.667,167.667,177.667,resolved_positive_count_read,0.001 <= alpha_L <= 1,0.01,5,11c,c,Dash-8,10,1524,498,2503.00,300 dpi raster RGB trace mask; per-column pixel median; fixed axis endpoints; no smoothing,128eeb1ea3ad30f5a2ecf9194e2b784be37e837982dec3bdcb7b9db48aa4e7e4
0.831004,175,175.000,170.000,180.000,resolved_positive_count_read,0.001 <= alpha_L <= 1,0.01,5,11c,c,Dash-8,10,1524,499,2501.00,300 dpi raster RGB trace mask; per-column pixel median; fixed axis endpoints; no smoothing,128eeb1ea3ad30f5a2ecf9194e2b784be37e837982dec3bdcb7b9db48aa4e7e4
0.838628,178,177.917,172.917,182.917,resolved_positive_count_read,0.001 <= alpha_L <= 1,0.01,5,11c,c,Dash-8,10,1524,500,2498.50,300 dpi raster RGB trace mask; per-column pixel median; fixed axis endpoints; no smoothing,128eeb1ea3ad30f5a2ecf9194e2b784be37e837982dec3bdcb7b9db48aa4e7e4
0.846252,180,180.250,175.250,185.250,resolved_positive_count_read,0.001 <= alpha_L <= 1,0.01,5,11c,c,Dash-8,10,1524,501,2496.50,300 dpi raster RGB trace mask; per-column pixel median; fixed axis endpoints; no smoothing,128eeb1ea3ad30f5a2ecf9194e2b784be37e837982dec3bdcb7b9db48aa4e7e4
0.853875,181,181.417,176.417,186.417,resolved_positive_count_read,0.001 <= alpha_L <= 1,0.01,5,11c,c,Dash-8,10,1524,502,2495.50,300 dpi raster RGB trace mask; per-column pixel median; fixed axis endpoints; no smoothing,128eeb1ea3ad30f5a2ecf9194e2b784be37e837982dec3bdcb7b9db48aa4e7e4
0.861499,186,185.500,180.500,190.500,resolved_positive_count_read,0.001 <= alpha_L <= 1,0.01,5,11c,c,Dash-8,10,1524,503,2492.00,300 dpi raster RGB trace mask; per-column pixel median; fixed axis endpoints; no smoothing,128eeb1ea3ad30f5a2ecf9194e2b784be37e837982dec3bdcb7b9db48aa4e7e4
0.869123,188,187.833,182.833,192.833,resolved_positive_count_read,0.001 <= alpha_L <= 1,0.01,5,11c,c,Dash-8,10,1524,504,2490.00,300 dpi raster RGB trace mask; per-column pixel median; fixed axis endpoints; no smoothing,128eeb1ea3ad30f5a2ecf9194e2b784be37e837982dec3bdcb7b9db48aa4e7e4
0.876747,192,191.917,186.917,196.917,resolved_positive_count_read,0.001 <= alpha_L <= 1,0.01,5,11c,c,Dash-8,10,1524,505,2486.50,300 dpi raster RGB trace mask; per-column pixel median; fixed axis endpoints; no smoothing,128eeb1ea3ad30f5a2ecf9194e2b784be37e837982dec3bdcb7b9db48aa4e7e4
0.884371,196,196.000,191.000,201.000,resolved_positive_count_read,0.001 <= alpha_L <= 1,0.01,5,11c,c,Dash-8,10,1524,506,2483.00,300 dpi raster RGB trace mask; per-column pixel median; fixed axis endpoints; no smoothing,128eeb1ea3ad30f5a2ecf9194e2b784be37e837982dec3bdcb7b9db48aa4e7e4
0.891995,201,200.667,195.667,205.667,resolved_positive_count_read,0.001 <= alpha_L <= 1,0.01,5,11c,c,Dash-8,10,1524,507,2479.00,300 dpi raster RGB trace mask; per-column pixel median; fixed axis endpoints; no smoothing,128eeb1ea3ad30f5a2ecf9194e2b784be37e837982dec3bdcb7b9db48aa4e7e4
0.899619,204,203.583,198.583,208.583,resolved_positive_count_read,0.001 <= alpha_L <= 1,0.01,5,11c,c,Dash-8,10,1524,508,2476.50,300 dpi raster RGB trace mask; per-column pixel median; fixed axis endpoints; no smoothing,128eeb1ea3ad30f5a2ecf9194e2b784be37e837982dec3bdcb7b9db48aa4e7e4
0.907243,209,209.417,204.417,214.417,resolved_positive_count_read,0.001 <= alpha_L <= 1,0.01,5,11c,c,Dash-8,10,1524,509,2471.50,300 dpi raster RGB trace mask; per-column pixel median; fixed axis endpoints; no smoothing,128eeb1ea3ad30f5a2ecf9194e2b784be37e837982dec3bdcb7b9db48aa4e7e4
0.914867,213,212.917,207.917,217.917,resolved_positive_count_read,0.001 <= alpha_L <= 1,0.01,5,11c,c,Dash-8,10,1524,510,2468.50,300 dpi raster RGB trace mask; per-column pixel median; fixed axis endpoints; no smoothing,128eeb1ea3ad30f5a2ecf9194e2b784be37e837982dec3bdcb7b9db48aa4e7e4
0.922490,217,217.000,212.000,222.000,resolved_positive_count_read,0.001 <= alpha_L <= 1,0.01,5,11c,c,Dash-8,10,1524,511,2465.00,300 dpi raster RGB trace mask; per-column pixel median; fixed axis endpoints; no smoothing,128eeb1ea3ad30f5a2ecf9194e2b784be37e837982dec3bdcb7b9db48aa4e7e4
0.930114,225,224.583,219.583,229.583,resolved_positive_count_read,0.001 <= alpha_L <= 1,0.01,5,11c,c,Dash-8,10,1524,512,2458.50,300 dpi raster RGB trace mask; per-column pixel median; fixed axis endpoints; no smoothing,128eeb1ea3ad30f5a2ecf9194e2b784be37e837982dec3bdcb7b9db48aa4e7e4
0.937738,229,228.667,223.667,233.667,resolved_positive_count_read,0.001 <= alpha_L <= 1,0.01,5,11c,c,Dash-8,10,1524,513,2455.00,300 dpi raster RGB trace mask; per-column pixel median; fixed axis endpoints; no smoothing,128eeb1ea3ad30f5a2ecf9194e2b784be37e837982dec3bdcb7b9db48aa4e7e4
0.945362,235,234.500,229.500,239.500,resolved_positive_count_read,0.001 <= alpha_L <= 1,0.01,5,11c,c,Dash-8,10,1524,514,2450.00,300 dpi raster RGB trace mask; per-column pixel median; fixed axis endpoints; no smoothing,128eeb1ea3ad30f5a2ecf9194e2b784be37e837982dec3bdcb7b9db48aa4e7e4
0.952986,240,240.333,235.333,245.333,resolved_positive_count_read,0.001 <= alpha_L <= 1,0.01,5,11c,c,Dash-8,10,1524,515,2445.00,300 dpi raster RGB trace mask; per-column pixel median; fixed axis endpoints; no smoothing,128eeb1ea3ad30f5a2ecf9194e2b784be37e837982dec3bdcb7b9db48aa4e7e4
0.960610,247,246.750,241.750,251.750,resolved_positive_count_read,0.001 <= alpha_L <= 1,0.01,5,11c,c,Dash-8,10,1524,516,2439.50,300 dpi raster RGB trace mask; per-column pixel median; fixed axis endpoints; no smoothing,128eeb1ea3ad30f5a2ecf9194e2b784be37e837982dec3bdcb7b9db48aa4e7e4
0.968234,251,250.833,245.833,255.833,resolved_positive_count_read,0.001 <= alpha_L <= 1,0.01,5,11c,c,Dash-8,10,1524,517,2436.00,300 dpi raster RGB trace mask; per-column pixel median; fixed axis endpoints; no smoothing,128eeb1ea3ad30f5a2ecf9194e2b784be37e837982dec3bdcb7b9db48aa4e7e4
0.975858,256,256.083,251.083,261.083,resolved_positive_count_read,0.001 <= alpha_L <= 1,0.01,5,11c,c,Dash-8,10,1524,518,2431.50,300 dpi raster RGB trace mask; per-column pixel median; fixed axis endpoints; no smoothing,128eeb1ea3ad30f5a2ecf9194e2b784be37e837982dec3bdcb7b9db48aa4e7e4
0.983482,260,259.583,254.583,264.583,resolved_positive_count_read,0.001 <= alpha_L <= 1,0.01,5,11c,c,Dash-8,10,1524,519,2428.50,300 dpi raster RGB trace mask; per-column pixel median; fixed axis endpoints; no smoothing,128eeb1ea3ad30f5a2ecf9194e2b784be37e837982dec3bdcb7b9db48aa4e7e4
0.991105,262,261.917,256.917,266.917,resolved_positive_count_read,0.001 <= alpha_L <= 1,0.01,5,11c,c,Dash-8,10,1524,520,2426.50,300 dpi raster RGB trace mask; per-column pixel median; fixed axis endpoints; no smoothing,128eeb1ea3ad30f5a2ecf9194e2b784be37e837982dec3bdcb7b9db48aa4e7e4
0.998729,267,266.583,261.583,271.583,resolved_positive_count_read,0.001 <= alpha_L <= 1,0.01,5,11c,c,Dash-8,10,1524,521,2422.50,300 dpi raster RGB trace mask; per-column pixel median; fixed axis endpoints; no smoothing,128eeb1ea3ad30f5a2ecf9194e2b784be37e837982dec3bdcb7b9db48aa4e7e4
1.006353,270,270.083,265.083,275.083,resolved_positive_count_read,0.001 <= alpha_L <= 1,0.01,5,11c,c,Dash-8,10,1524,522,2419.50,300 dpi raster RGB trace mask; per-column pixel median; fixed axis endpoints; no smoothing,128eeb1ea3ad30f5a2ecf9194e2b784be37e837982dec3bdcb7b9db48aa4e7e4
1.013977,273,273.000,268.000,278.000,resolved_positive_count_read,0.001 <= alpha_L <= 1,0.01,5,11c,c,Dash-8,10,1524,523,2417.00,300 dpi raster RGB trace mask; per-column pixel median; fixed axis endpoints; no smoothing,128eeb1ea3ad30f5a2ecf9194e2b784be37e837982dec3bdcb7b9db48aa4e7e4
1.021601,276,275.917,270.917,280.917,resolved_positive_count_read,0.001 <= alpha_L <= 1,0.01,5,11c,c,Dash-8,10,1524,524,2414.50,300 dpi raster RGB trace mask; per-column pixel median; fixed axis endpoints; no smoothing,128eeb1ea3ad30f5a2ecf9194e2b784be37e837982dec3bdcb7b9db48aa4e7e4
1.029225,278,277.667,272.667,282.667,resolved_positive_count_read,0.001 <= alpha_L <= 1,0.01,5,11c,c,Dash-8,10,1524,525,2413.00,300 dpi raster RGB trace mask; per-column pixel median; fixed axis endpoints; no smoothing,128eeb1ea3ad30f5a2ecf9194e2b784be37e837982dec3bdcb7b9db48aa4e7e4
1.036849,279,278.833,273.833,283.833,resolved_positive_count_read,0.001 <= alpha_L <= 1,0.01,5,11c,c,Dash-8,10,1524,526,2412.00,300 dpi raster RGB trace mask; per-column pixel median; fixed axis endpoints; no smoothing,128eeb1ea3ad30f5a2ecf9194e2b784be37e837982dec3bdcb7b9db48aa4e7e4
1.044473,281,280.583,275.583,285.583,resolved_positive_count_read,0.001 <= alpha_L <= 1,0.01,5,11c,c,Dash-8,10,1524,527,2410.50,300 dpi raster RGB trace mask; per-column pixel median; fixed axis endpoints; no smoothing,128eeb1ea3ad30f5a2ecf9194e2b784be37e837982dec3bdcb7b9db48aa4e7e4
1.052097,282,282.333,277.333,287.333,resolved_positive_count_read,0.001 <= alpha_L <= 1,0.01,5,11c,c,Dash-8,10,1524,528,2409.00,300 dpi raster RGB trace mask; per-column pixel median; fixed axis endpoints; no smoothing,128eeb1ea3ad30f5a2ecf9194e2b784be37e837982dec3bdcb7b9db48aa4e7e4
1.059720,284,284.083,279.083,289.083,resolved_positive_count_read,0.001 <= alpha_L <= 1,0.01,5,11c,c,Dash-8,10,1524,529,2407.50,300 dpi raster RGB trace mask; per-column pixel median; fixed axis endpoints; no smoothing,128eeb1ea3ad30f5a2ecf9194e2b784be37e837982dec3bdcb7b9db48aa4e7e4
1.067344,286,286.417,281.417,291.417,resolved_positive_count_read,0.001 <= alpha_L <= 1,0.01,5,11c,c,Dash-8,10,1524,530,2405.50,300 dpi raster RGB trace mask; per-column pixel median; fixed axis endpoints; no smoothing,128eeb1ea3ad30f5a2ecf9194e2b784be37e837982dec3bdcb7b9db48aa4e7e4
1.074968,289,288.750,283.750,293.750,resolved_positive_count_read,0.001 <= alpha_L <= 1,0.01,5,11c,c,Dash-8,10,1524,531,2403.50,300 dpi raster RGB trace mask; per-column pixel median; fixed axis endpoints; no smoothing,128eeb1ea3ad30f5a2ecf9194e2b784be37e837982dec3bdcb7b9db48aa4e7e4
1.082592,292,292.250,287.250,297.250,resolved_positive_count_read,0.001 <= alpha_L <= 1,0.01,5,11c,c,Dash-8,10,1524,532,2400.50,300 dpi raster RGB trace mask; per-column pixel median; fixed axis endpoints; no smoothing,128eeb1ea3ad30f5a2ecf9194e2b784be37e837982dec3bdcb7b9db48aa4e7e4
1.090216,295,294.583,289.583,299.583,resolved_positive_count_read,0.001 <= alpha_L <= 1,0.01,5,11c,c,Dash-8,10,1524,533,2398.50,300 dpi raster RGB trace mask; per-column pixel median; fixed axis endpoints; no smoothing,128eeb1ea3ad30f5a2ecf9194e2b784be37e837982dec3bdcb7b9db48aa4e7e4
1.097840,298,298.083,293.083,303.083,resolved_positive_count_read,0.001 <= alpha_L <= 1,0.01,5,11c,c,Dash-8,10,1524,534,2395.50,300 dpi raster RGB trace mask; per-column pixel median; fixed axis endpoints; no smoothing,128eeb1ea3ad30f5a2ecf9194e2b784be37e837982dec3bdcb7b9db48aa4e7e4
1.105464,301,301.000,296.000,306.000,resolved_positive_count_read,0.001 <= alpha_L <= 1,0.01,5,11c,c,Dash-8,10,1524,535,2393.00,300 dpi raster RGB trace mask; per-column pixel median; fixed axis endpoints; no smoothing,128eeb1ea3ad30f5a2ecf9194e2b784be37e837982dec3bdcb7b9db48aa4e7e4
1.113088,303,303.333,298.333,308.333,resolved_positive_count_read,0.001 <= alpha_L <= 1,0.01,5,11c,c,Dash-8,10,1524,536,2391.00,300 dpi raster RGB trace mask; per-column pixel median; fixed axis endpoints; no smoothing,128eeb1ea3ad30f5a2ecf9194e2b784be37e837982dec3bdcb7b9db48aa4e7e4
1.120712,307,306.833,301.833,311.833,resolved_positive_count_read,0.001 <= alpha_L <= 1,0.01,5,11c,c,Dash-8,10,1524,537,2388.00,300 dpi raster RGB trace mask; per-column pixel median; fixed axis endpoints; no smoothing,128eeb1ea3ad30f5a2ecf9194e2b784be37e837982dec3bdcb7b9db48aa4e7e4
1.128335,312,312.083,307.083,317.083,resolved_positive_count_read,0.001 <= alpha_L <= 1,0.01,5,11c,c,Dash-8,10,1524,538,2383.50,300 dpi raster RGB trace mask; per-column pixel median; fixed axis endpoints; no smoothing,128eeb1ea3ad30f5a2ecf9194e2b784be37e837982dec3bdcb7b9db48aa4e7e4
1.135959,316,315.583,310.583,320.583,resolved_positive_count_read,0.001 <= alpha_L <= 1,0.01,5,11c,c,Dash-8,10,1524,539,2380.50,300 dpi raster RGB trace mask; per-column pixel median; fixed axis endpoints; no smoothing,128eeb1ea3ad30f5a2ecf9194e2b784be37e837982dec3bdcb7b9db48aa4e7e4
1.143583,320,320.250,315.250,325.250,resolved_positive_count_read,0.001 <= alpha_L <= 1,0.01,5,11c,c,Dash-8,10,1524,540,2376.50,300 dpi raster RGB trace mask; per-column pixel median; fixed axis endpoints; no smoothing,128eeb1ea3ad30f5a2ecf9194e2b784be37e837982dec3bdcb7b9db48aa4e7e4
1.151207,326,326.083,321.083,331.083,resolved_positive_count_read,0.001 <= alpha_L <= 1,0.01,5,11c,c,Dash-8,10,1524,541,2371.50,300 dpi raster RGB trace mask; per-column pixel median; fixed axis endpoints; no smoothing,128eeb1ea3ad30f5a2ecf9194e2b784be37e837982dec3bdcb7b9db48aa4e7e4
1.158831,330,329.583,324.583,334.583,resolved_positive_count_read,0.001 <= alpha_L <= 1,0.01,5,11c,c,Dash-8,10,1524,542,2368.50,300 dpi raster RGB trace mask; per-column pixel median; fixed axis endpoints; no smoothing,128eeb1ea3ad30f5a2ecf9194e2b784be37e837982dec3bdcb7b9db48aa4e7e4
1.166455,334,333.667,328.667,338.667,resolved_positive_count_read,0.001 <= alpha_L <= 1,0.01,5,11c,c,Dash-8,10,1524,543,2365.00,300 dpi raster RGB trace mask; per-column pixel median; fixed axis endpoints; no smoothing,128eeb1ea3ad30f5a2ecf9194e2b784be37e837982dec3bdcb7b9db48aa4e7e4
1.174079,341,340.667,335.667,345.667,resolved_positive_count_read,0.001 <= alpha_L <= 1,0.01,5,11c,c,Dash-8,10,1524,544,2359.00,300 dpi raster RGB trace mask; per-column pixel median; fixed axis endpoints; no smoothing,128eeb1ea3ad30f5a2ecf9194e2b784be37e837982dec3bdcb7b9db48aa4e7e4
1.181703,346,345.917,340.917,350.917,resolved_positive_count_read,0.001 <= alpha_L <= 1,0.01,5,11c,c,Dash-8,10,1524,545,2354.50,300 dpi raster RGB trace mask; per-column pixel median; fixed axis endpoints; no smoothing,128eeb1ea3ad30f5a2ecf9194e2b784be37e837982dec3bdcb7b9db48aa4e7e4
1.189327,349,349.417,344.417,354.417,resolved_positive_count_read,0.001 <= alpha_L <= 1,0.01,5,11c,c,Dash-8,10,1524,546,2351.50,300 dpi raster RGB trace mask; per-column pixel median; fixed axis endpoints; no smoothing,128eeb1ea3ad30f5a2ecf9194e2b784be37e837982dec3bdcb7b9db48aa4e7e4
1.196950,356,356.417,351.417,361.417,resolved_positive_count_read,0.001 <= alpha_L <= 1,0.01,5,11c,c,Dash-8,10,1524,547,2345.50,300 dpi raster RGB trace mask; per-column pixel median; fixed axis endpoints; no smoothing,128eeb1ea3ad30f5a2ecf9194e2b784be37e837982dec3bdcb7b9db48aa4e7e4
1.204574,362,362.250,357.250,367.250,resolved_positive_count_read,0.001 <= alpha_L <= 1,0.01,5,11c,c,Dash-8,10,1524,548,2340.50,300 dpi raster RGB trace mask; per-column pixel median; fixed axis endpoints; no smoothing,128eeb1ea3ad30f5a2ecf9194e2b784be37e837982dec3bdcb7b9db48aa4e7e4
1.212198,367,366.917,361.917,371.917,resolved_positive_count_read,0.001 <= alpha_L <= 1,0.01,5,11c,c,Dash-8,10,1524,549,2336.50,300 dpi raster RGB trace mask; per-column pixel median; fixed axis endpoints; no smoothing,128eeb1ea3ad30f5a2ecf9194e2b784be37e837982dec3bdcb7b9db48aa4e7e4
1.219822,373,373.333,368.333,378.333,resolved_positive_count_read,0.001 <= alpha_L <= 1,0.01,5,11c,c,Dash-8,10,1524,550,2331.00,300 dpi raster RGB trace mask; per-column pixel median; fixed axis endpoints; no smoothing,128eeb1ea3ad30f5a2ecf9194e2b784be37e837982dec3bdcb7b9db48aa4e7e4
1.227446,380,379.750,374.750,384.750,resolved_positive_count_read,0.001 <= alpha_L <= 1,0.01,5,11c,c,Dash-8,10,1524,551,2325.50,300 dpi raster RGB trace mask; per-column pixel median; fixed axis endpoints; no smoothing,128eeb1ea3ad30f5a2ecf9194e2b784be37e837982dec3bdcb7b9db48aa4e7e4
1.235070,384,383.833,378.833,388.833,resolved_positive_count_read,0.001 <= alpha_L <= 1,0.01,5,11c,c,Dash-8,10,1524,552,2322.00,300 dpi raster RGB trace mask; per-column pixel median; fixed axis endpoints; no smoothing,128eeb1ea3ad30f5a2ecf9194e2b784be37e837982dec3bdcb7b9db48aa4e7e4
1.242694,391,391.417,386.417,396.417,resolved_positive_count_read,0.001 <= alpha_L <= 1,0.01,5,11c,c,Dash-8,10,1524,553,2315.50,300 dpi raster RGB trace mask; per-column pixel median; fixed axis endpoints; no smoothing,128eeb1ea3ad30f5a2ecf9194e2b784be37e837982dec3bdcb7b9db48aa4e7e4
1.250318,398,397.833,392.833,402.833,resolved_positive_count_read,0.001 <= alpha_L <= 1,0.01,5,11c,c,Dash-8,10,1524,554,2310.00,300 dpi raster RGB trace mask; per-column pixel median; fixed axis endpoints; no smoothing,128eeb1ea3ad30f5a2ecf9194e2b784be37e837982dec3bdcb7b9db48aa4e7e4
1.257942,402,401.917,396.917,406.917,resolved_positive_count_read,0.001 <= alpha_L <= 1,0.01,5,11c,c,Dash-8,10,1524,555,2306.50,300 dpi raster RGB trace mask; per-column pixel median; fixed axis endpoints; no smoothing,128eeb1ea3ad30f5a2ecf9194e2b784be37e837982dec3bdcb7b9db48aa4e7e4
1.265565,410,409.500,404.500,414.500,resolved_positive_count_read,0.001 <= alpha_L <= 1,0.01,5,11c,c,Dash-8,10,1524,556,2300.00,300 dpi raster RGB trace mask; per-column pixel median; fixed axis endpoints; no smoothing,128eeb1ea3ad30f5a2ecf9194e2b784be37e837982dec3bdcb7b9db48aa4e7e4
1.273189,415,414.750,409.750,419.750,resolved_positive_count_read,0.001 <= alpha_L <= 1,0.01,5,11c,c,Dash-8,10,1524,557,2295.50,300 dpi raster RGB trace mask; per-column pixel median; fixed axis endpoints; no smoothing,128eeb1ea3ad30f5a2ecf9194e2b784be37e837982dec3bdcb7b9db48aa4e7e4
1.280813,419,419.417,414.417,424.417,resolved_positive_count_read,0.001 <= alpha_L <= 1,0.01,5,11c,c,Dash-8,10,1524,558,2291.50,300 dpi raster RGB trace mask; per-column pixel median; fixed axis endpoints; no smoothing,128eeb1ea3ad30f5a2ecf9194e2b784be37e837982dec3bdcb7b9db48aa4e7e4
1.288437,426,425.833,420.833,430.833,resolved_positive_count_read,0.001 <= alpha_L <= 1,0.01,5,11c,c,Dash-8,10,1524,559,2286.00,300 dpi raster RGB trace mask; per-column pixel median; fixed axis endpoints; no smoothing,128eeb1ea3ad30f5a2ecf9194e2b784be37e837982dec3bdcb7b9db48aa4e7e4
1.296061,432,431.667,426.667,436.667,resolved_positive_count_read,0.001 <= alpha_L <= 1,0.01,5,11c,c,Dash-8,10,1524,560,2281.00,300 dpi raster RGB trace mask; per-column pixel median; fixed axis endpoints; no smoothing,128eeb1ea3ad30f5a2ecf9194e2b784be37e837982dec3bdcb7b9db48aa4e7e4
1.303685,435,435.167,430.167,440.167,resolved_positive_count_read,0.001 <= alpha_L <= 1,0.01,5,11c,c,Dash-8,10,1524,561,2278.00,300 dpi raster RGB trace mask; per-column pixel median; fixed axis endpoints; no smoothing,128eeb1ea3ad30f5a2ecf9194e2b784be37e837982dec3bdcb7b9db48aa4e7e4
1.311309,443,442.750,437.750,447.750,resolved_positive_count_read,0.001 <= alpha_L <= 1,0.01,5,11c,c,Dash-8,10,1524,562,2271.50,300 dpi raster RGB trace mask; per-column pixel median; fixed axis endpoints; no smoothing,128eeb1ea3ad30f5a2ecf9194e2b784be37e837982dec3bdcb7b9db48aa4e7e4
1.318933,446,446.250,441.250,451.250,resolved_positive_count_read,0.001 <= alpha_L <= 1,0.01,5,11c,c,Dash-8,10,1524,563,2268.50,300 dpi raster RGB trace mask; per-column pixel median; fixed axis endpoints; no smoothing,128eeb1ea3ad30f5a2ecf9194e2b784be37e837982dec3bdcb7b9db48aa4e7e4
1.326557,452,452.083,447.083,457.083,resolved_positive_count_read,0.001 <= alpha_L <= 1,0.01,5,11c,c,Dash-8,10,1524,564,2263.50,300 dpi raster RGB trace mask; per-column pixel median; fixed axis endpoints; no smoothing,128eeb1ea3ad30f5a2ecf9194e2b784be37e837982dec3bdcb7b9db48aa4e7e4
1.334180,456,456.167,451.167,461.167,resolved_positive_count_read,0.001 <= alpha_L <= 1,0.01,5,11c,c,Dash-8,10,1524,565,2260.00,300 dpi raster RGB trace mask; per-column pixel median; fixed axis endpoints; no smoothing,128eeb1ea3ad30f5a2ecf9194e2b784be37e837982dec3bdcb7b9db48aa4e7e4
1.341804,461,461.417,456.417,466.417,resolved_positive_count_read,0.001 <= alpha_L <= 1,0.01,5,11c,c,Dash-8,10,1524,566,2255.50,300 dpi raster RGB trace mask; per-column pixel median; fixed axis endpoints; no smoothing,128eeb1ea3ad30f5a2ecf9194e2b784be37e837982dec3bdcb7b9db48aa4e7e4
1.349428,464,464.333,459.333,469.333,resolved_positive_count_read,0.001 <= alpha_L <= 1,0.01,5,11c,c,Dash-8,10,1524,567,2253.00,300 dpi raster RGB trace mask; per-column pixel median; fixed axis endpoints; no smoothing,128eeb1ea3ad30f5a2ecf9194e2b784be37e837982dec3bdcb7b9db48aa4e7e4
1.357052,471,470.750,465.750,475.750,resolved_positive_count_read,0.001 <= alpha_L <= 1,0.01,5,11c,c,Dash-8,10,1524,568,2247.50,300 dpi raster RGB trace mask; per-column pixel median; fixed axis endpoints; no smoothing,128eeb1ea3ad30f5a2ecf9194e2b784be37e837982dec3bdcb7b9db48aa4e7e4
1.364676,475,474.833,469.833,479.833,resolved_positive_count_read,0.001 <= alpha_L <= 1,0.01,5,11c,c,Dash-8,10,1524,569,2244.00,300 dpi raster RGB trace mask; per-column pixel median; fixed axis endpoints; no smoothing,128eeb1ea3ad30f5a2ecf9194e2b784be37e837982dec3bdcb7b9db48aa4e7e4
1.372300,478,478.333,473.333,483.333,resolved_positive_count_read,0.001 <= alpha_L <= 1,0.01,5,11c,c,Dash-8,10,1524,570,2241.00,300 dpi raster RGB trace mask; per-column pixel median; fixed axis endpoints; no smoothing,128eeb1ea3ad30f5a2ecf9194e2b784be37e837982dec3bdcb7b9db48aa4e7e4
1.379924,482,481.833,476.833,486.833,resolved_positive_count_read,0.001 <= alpha_L <= 1,0.01,5,11c,c,Dash-8,10,1524,571,2238.00,300 dpi raster RGB trace mask; per-column pixel median; fixed axis endpoints; no smoothing,128eeb1ea3ad30f5a2ecf9194e2b784be37e837982dec3bdcb7b9db48aa4e7e4
1.387548,485,484.750,479.750,489.750,resolved_positive_count_read,0.001 <= alpha_L <= 1,0.01,5,11c,c,Dash-8,10,1524,572,2235.50,300 dpi raster RGB trace mask; per-column pixel median; fixed axis endpoints; no smoothing,128eeb1ea3ad30f5a2ecf9194e2b784be37e837982dec3bdcb7b9db48aa4e7e4
1.395172,488,488.250,483.250,493.250,resolved_positive_count_read,0.001 <= alpha_L <= 1,0.01,5,11c,c,Dash-8,10,1524,573,2232.50,300 dpi raster RGB trace mask; per-column pixel median; fixed axis endpoints; no smoothing,128eeb1ea3ad30f5a2ecf9194e2b784be37e837982dec3bdcb7b9db48aa4e7e4
1.402795,491,490.583,485.583,495.583,resolved_positive_count_read,0.001 <= alpha_L <= 1,0.01,5,11c,c,Dash-8,10,1524,574,2230.50,300 dpi raster RGB trace mask; per-column pixel median; fixed axis endpoints; no smoothing,128eeb1ea3ad30f5a2ecf9194e2b784be37e837982dec3bdcb7b9db48aa4e7e4
1.410419,494,493.500,488.500,498.500,resolved_positive_count_read,0.001 <= alpha_L <= 1,0.01,5,11c,c,Dash-8,10,1524,575,2228.00,300 dpi raster RGB trace mask; per-column pixel median; fixed axis endpoints; no smoothing,128eeb1ea3ad30f5a2ecf9194e2b784be37e837982dec3bdcb7b9db48aa4e7e4
1.418043,496,495.833,490.833,500.833,resolved_positive_count_read,0.001 <= alpha_L <= 1,0.01,5,11c,c,Dash-8,10,1524,576,2226.00,300 dpi raster RGB trace mask; per-column pixel median; fixed axis endpoints; no smoothing,128eeb1ea3ad30f5a2ecf9194e2b784be37e837982dec3bdcb7b9db48aa4e7e4
1.425667,498,498.167,493.167,503.167,resolved_positive_count_read,0.001 <= alpha_L <= 1,0.01,5,11c,c,Dash-8,10,1524,577,2224.00,300 dpi raster RGB trace mask; per-column pixel median; fixed axis endpoints; no smoothing,128eeb1ea3ad30f5a2ecf9194e2b784be37e837982dec3bdcb7b9db48aa4e7e4
1.433291,499,499.333,494.333,504.333,resolved_positive_count_read,0.001 <= alpha_L <= 1,0.01,5,11c,c,Dash-8,10,1524,578,2223.00,300 dpi raster RGB trace mask; per-column pixel median; fixed axis endpoints; no smoothing,128eeb1ea3ad30f5a2ecf9194e2b784be37e837982dec3bdcb7b9db48aa4e7e4
1.440915,501,500.500,495.500,505.500,resolved_positive_count_read,0.001 <= alpha_L <= 1,0.01,5,11c,c,Dash-8,10,1524,579,2222.00,300 dpi raster RGB trace mask; per-column pixel median; fixed axis endpoints; no smoothing,128eeb1ea3ad30f5a2ecf9194e2b784be37e837982dec3bdcb7b9db48aa4e7e4
1.448539,502,502.250,497.250,507.250,resolved_positive_count_read,0.001 <= alpha_L <= 1,0.01,5,11c,c,Dash-8,10,1524,580,2220.50,300 dpi raster RGB trace mask; per-column pixel median; fixed axis endpoints; no smoothing,128eeb1ea3ad30f5a2ecf9194e2b784be37e837982dec3bdcb7b9db48aa4e7e4
1.456163,503,503.417,498.417,508.417,resolved_positive_count_read,0.001 <= alpha_L <= 1,0.01,5,11c,c,Dash-8,10,1524,581,2219.50,300 dpi raster RGB trace mask; per-column pixel median; fixed axis endpoints; no smoothing,128eeb1ea3ad30f5a2ecf9194e2b784be37e837982dec3bdcb7b9db48aa4e7e4
1.463787,505,504.583,499.583,509.583,resolved_positive_count_read,0.001 <= alpha_L <= 1,0.01,5,11c,c,Dash-8,10,1524,582,2218.50,300 dpi raster RGB trace mask; per-column pixel median; fixed axis endpoints; no smoothing,128eeb1ea3ad30f5a2ecf9194e2b784be37e837982dec3bdcb7b9db48aa4e7e4
1.471410,506,506.333,501.333,511.333,resolved_positive_count_read,0.001 <= alpha_L <= 1,0.01,5,11c,c,Dash-8,10,1524,583,2217.00,300 dpi raster RGB trace mask; per-column pixel median; fixed axis endpoints; no smoothing,128eeb1ea3ad30f5a2ecf9194e2b784be37e837982dec3bdcb7b9db48aa4e7e4
1.479034,508,508.083,503.083,513.083,resolved_positive_count_read,0.001 <= alpha_L <= 1,0.01,5,11c,c,Dash-8,10,1524,584,2215.50,300 dpi raster RGB trace mask; per-column pixel median; fixed axis endpoints; no smoothing,128eeb1ea3ad30f5a2ecf9194e2b784be37e837982dec3bdcb7b9db48aa4e7e4
1.486658,509,508.667,503.667,513.667,resolved_positive_count_read,0.001 <= alpha_L <= 1,0.01,5,11c,c,Dash-8,10,1524,585,2215.00,300 dpi raster RGB trace mask; per-column pixel median; fixed axis endpoints; no smoothing,128eeb1ea3ad30f5a2ecf9194e2b784be37e837982dec3bdcb7b9db48aa4e7e4
1.494282,512,511.583,506.583,516.583,resolved_positive_count_read,0.001 <= alpha_L <= 1,0.01,5,11c,c,Dash-8,10,1524,586,2212.50,300 dpi raster RGB trace mask; per-column pixel median; fixed axis endpoints; no smoothing,128eeb1ea3ad30f5a2ecf9194e2b784be37e837982dec3bdcb7b9db48aa4e7e4
1.501906,513,512.750,507.750,517.750,resolved_positive_count_read,0.001 <= alpha_L <= 1,0.01,5,11c,c,Dash-8,10,1524,587,2211.50,300 dpi raster RGB trace mask; per-column pixel median; fixed axis endpoints; no smoothing,128eeb1ea3ad30f5a2ecf9194e2b784be37e837982dec3bdcb7b9db48aa4e7e4
1.509530,515,514.500,509.500,519.500,resolved_positive_count_read,0.001 <= alpha_L <= 1,0.01,5,11c,c,Dash-8,10,1524,588,2210.00,300 dpi raster RGB trace mask; per-column pixel median; fixed axis endpoints; no smoothing,128eeb1ea3ad30f5a2ecf9194e2b784be37e837982dec3bdcb7b9db48aa4e7e4
1.517154,516,515.667,510.667,520.667,resolved_positive_count_read,0.001 <= alpha_L <= 1,0.01,5,11c,c,Dash-8,10,1524,589,2209.00,300 dpi raster RGB trace mask; per-column pixel median; fixed axis endpoints; no smoothing,128eeb1ea3ad30f5a2ecf9194e2b784be37e837982dec3bdcb7b9db48aa4e7e4
1.524778,518,518.000,513.000,523.000,resolved_positive_count_read,0.001 <= alpha_L <= 1,0.01,5,11c,c,Dash-8,10,1524,590,2207.00,300 dpi raster RGB trace mask; per-column pixel median; fixed axis endpoints; no smoothing,128eeb1ea3ad30f5a2ecf9194e2b784be37e837982dec3bdcb7b9db48aa4e7e4
1.532402,519,519.167,514.167,524.167,resolved_positive_count_read,0.001 <= alpha_L <= 1,0.01,5,11c,c,Dash-8,10,1524,591,2206.00,300 dpi raster RGB trace mask; per-column pixel median; fixed axis endpoints; no smoothing,128eeb1ea3ad30f5a2ecf9194e2b784be37e837982dec3bdcb7b9db48aa4e7e4
1.540025,522,522.083,517.083,527.083,resolved_positive_count_read,0.001 <= alpha_L <= 1,0.01,5,11c,c,Dash-8,10,1524,592,2203.50,300 dpi raster RGB trace mask; per-column pixel median; fixed axis endpoints; no smoothing,128eeb1ea3ad30f5a2ecf9194e2b784be37e837982dec3bdcb7b9db48aa4e7e4
1.547649,523,523.250,518.250,528.250,resolved_positive_count_read,0.001 <= alpha_L <= 1,0.01,5,11c,c,Dash-8,10,1524,593,2202.50,300 dpi raster RGB trace mask; per-column pixel median; fixed axis endpoints; no smoothing,128eeb1ea3ad30f5a2ecf9194e2b784be37e837982dec3bdcb7b9db48aa4e7e4
1.555273,525,525.000,520.000,530.000,resolved_positive_count_read,0.001 <= alpha_L <= 1,0.01,5,11c,c,Dash-8,10,1524,594,2201.00,300 dpi raster RGB trace mask; per-column pixel median; fixed axis endpoints; no smoothing,128eeb1ea3ad30f5a2ecf9194e2b784be37e837982dec3bdcb7b9db48aa4e7e4
1.562897,527,526.750,521.750,531.750,resolved_positive_count_read,0.001 <= alpha_L <= 1,0.01,5,11c,c,Dash-8,10,1524,595,2199.50,300 dpi raster RGB trace mask; per-column pixel median; fixed axis endpoints; no smoothing,128eeb1ea3ad30f5a2ecf9194e2b784be37e837982dec3bdcb7b9db48aa4e7e4
1.570521,529,528.500,523.500,533.500,resolved_positive_count_read,0.001 <= alpha_L <= 1,0.01,5,11c,c,Dash-8,10,1524,596,2198.00,300 dpi raster RGB trace mask; per-column pixel median; fixed axis endpoints; no smoothing,128eeb1ea3ad30f5a2ecf9194e2b784be37e837982dec3bdcb7b9db48aa4e7e4
1.578145,530,529.667,524.667,534.667,resolved_positive_count_read,0.001 <= alpha_L <= 1,0.01,5,11c,c,Dash-8,10,1524,597,2197.00,300 dpi raster RGB trace mask; per-column pixel median; fixed axis endpoints; no smoothing,128eeb1ea3ad30f5a2ecf9194e2b784be37e837982dec3bdcb7b9db48aa4e7e4
1.585769,531,530.833,525.833,535.833,resolved_positive_count_read,0.001 <= alpha_L <= 1,0.01,5,11c,c,Dash-8,10,1524,598,2196.00,300 dpi raster RGB trace mask; per-column pixel median; fixed axis endpoints; no smoothing,128eeb1ea3ad30f5a2ecf9194e2b784be37e837982dec3bdcb7b9db48aa4e7e4
1.593393,531,531.417,526.417,536.417,resolved_positive_count_read,0.001 <= alpha_L <= 1,0.01,5,11c,c,Dash-8,10,1524,599,2195.50,300 dpi raster RGB trace mask; per-column pixel median; fixed axis endpoints; no smoothing,128eeb1ea3ad30f5a2ecf9194e2b784be37e837982dec3bdcb7b9db48aa4e7e4
1.601017,533,532.583,527.583,537.583,resolved_positive_count_read,0.001 <= alpha_L <= 1,0.01,5,11c,c,Dash-8,10,1524,600,2194.50,300 dpi raster RGB trace mask; per-column pixel median; fixed axis endpoints; no smoothing,128eeb1ea3ad30f5a2ecf9194e2b784be37e837982dec3bdcb7b9db48aa4e7e4
1.608640,533,532.583,527.583,537.583,resolved_positive_count_read,0.001 <= alpha_L <= 1,0.01,5,11c,c,Dash-8,10,1524,601,2194.50,300 dpi raster RGB trace mask; per-column pixel median; fixed axis endpoints; no smoothing,128eeb1ea3ad30f5a2ecf9194e2b784be37e837982dec3bdcb7b9db48aa4e7e4
1.616264,533,532.583,527.583,537.583,resolved_positive_count_read,0.001 <= alpha_L <= 1,0.01,5,11c,c,Dash-8,10,1524,602,2194.50,300 dpi raster RGB trace mask; per-column pixel median; fixed axis endpoints; no smoothing,128eeb1ea3ad30f5a2ecf9194e2b784be37e837982dec3bdcb7b9db48aa4e7e4
1.623888,532,532.000,527.000,537.000,resolved_positive_count_read,0.001 <= alpha_L <= 1,0.01,5,11c,c,Dash-8,10,1524,603,2195.00,300 dpi raster RGB trace mask; per-column pixel median; fixed axis endpoints; no smoothing,128eeb1ea3ad30f5a2ecf9194e2b784be37e837982dec3bdcb7b9db48aa4e7e4
1.631512,531,531.417,526.417,536.417,resolved_positive_count_read,0.001 <= alpha_L <= 1,0.01,5,11c,c,Dash-8,10,1524,604,2195.50,300 dpi raster RGB trace mask; per-column pixel median; fixed axis endpoints; no smoothing,128eeb1ea3ad30f5a2ecf9194e2b784be37e837982dec3bdcb7b9db48aa4e7e4
1.639136,531,531.417,526.417,536.417,resolved_positive_count_read,0.001 <= alpha_L <= 1,0.01,5,11c,c,Dash-8,10,1524,605,2195.50,300 dpi raster RGB trace mask; per-column pixel median; fixed axis endpoints; no smoothing,128eeb1ea3ad30f5a2ecf9194e2b784be37e837982dec3bdcb7b9db48aa4e7e4
1.646760,531,530.833,525.833,535.833,resolved_positive_count_read,0.001 <= alpha_L <= 1,0.01,5,11c,c,Dash-8,10,1524,606,2196.00,300 dpi raster RGB trace mask; per-column pixel median; fixed axis endpoints; no smoothing,128eeb1ea3ad30f5a2ecf9194e2b784be37e837982dec3bdcb7b9db48aa4e7e4
1.654384,530,530.250,525.250,535.250,resolved_positive_count_read,0.001 <= alpha_L <= 1,0.01,5,11c,c,Dash-8,10,1524,607,2196.50,300 dpi raster RGB trace mask; per-column pixel median; fixed axis endpoints; no smoothing,128eeb1ea3ad30f5a2ecf9194e2b784be37e837982dec3bdcb7b9db48aa4e7e4
1.662008,530,529.667,524.667,534.667,resolved_positive_count_read,0.001 <= alpha_L <= 1,0.01,5,11c,c,Dash-8,10,1524,608,2197.00,300 dpi raster RGB trace mask; per-column pixel median; fixed axis endpoints; no smoothing,128eeb1ea3ad30f5a2ecf9194e2b784be37e837982dec3bdcb7b9db48aa4e7e4
1.669632,529,529.083,524.083,534.083,resolved_positive_count_read,0.001 <= alpha_L <= 1,0.01,5,11c,c,Dash-8,10,1524,609,2197.50,300 dpi raster RGB trace mask; per-column pixel median; fixed axis endpoints; no smoothing,128eeb1ea3ad30f5a2ecf9194e2b784be37e837982dec3bdcb7b9db48aa4e7e4
1.677255,527,527.333,522.333,532.333,resolved_positive_count_read,0.001 <= alpha_L <= 1,0.01,5,11c,c,Dash-8,10,1524,610,2199.00,300 dpi raster RGB trace mask; per-column pixel median; fixed axis endpoints; no smoothing,128eeb1ea3ad30f5a2ecf9194e2b784be37e837982dec3bdcb7b9db48aa4e7e4
1.684879,526,525.583,520.583,530.583,resolved_positive_count_read,0.001 <= alpha_L <= 1,0.01,5,11c,c,Dash-8,10,1524,611,2200.50,300 dpi raster RGB trace mask; per-column pixel median; fixed axis endpoints; no smoothing,128eeb1ea3ad30f5a2ecf9194e2b784be37e837982dec3bdcb7b9db48aa4e7e4
1.692503,524,523.833,518.833,528.833,resolved_positive_count_read,0.001 <= alpha_L <= 1,0.01,5,11c,c,Dash-8,10,1524,612,2202.00,300 dpi raster RGB trace mask; per-column pixel median; fixed axis endpoints; no smoothing,128eeb1ea3ad30f5a2ecf9194e2b784be37e837982dec3bdcb7b9db48aa4e7e4
1.700127,521,520.917,515.917,525.917,resolved_positive_count_read,0.001 <= alpha_L <= 1,0.01,5,11c,c,Dash-8,10,1524,613,2204.50,300 dpi raster RGB trace mask; per-column pixel median; fixed axis endpoints; no smoothing,128eeb1ea3ad30f5a2ecf9194e2b784be37e837982dec3bdcb7b9db48aa4e7e4
1.707751,519,518.583,513.583,523.583,resolved_positive_count_read,0.001 <= alpha_L <= 1,0.01,5,11c,c,Dash-8,10,1524,614,2206.50,300 dpi raster RGB trace mask; per-column pixel median; fixed axis endpoints; no smoothing,128eeb1ea3ad30f5a2ecf9194e2b784be37e837982dec3bdcb7b9db48aa4e7e4
1.715375,516,516.250,511.250,521.250,resolved_positive_count_read,0.001 <= alpha_L <= 1,0.01,5,11c,c,Dash-8,10,1524,615,2208.50,300 dpi raster RGB trace mask; per-column pixel median; fixed axis endpoints; no smoothing,128eeb1ea3ad30f5a2ecf9194e2b784be37e837982dec3bdcb7b9db48aa4e7e4
1.722999,513,513.333,508.333,518.333,resolved_positive_count_read,0.001 <= alpha_L <= 1,0.01,5,11c,c,Dash-8,10,1524,616,2211.00,300 dpi raster RGB trace mask; per-column pixel median; fixed axis endpoints; no smoothing,128eeb1ea3ad30f5a2ecf9194e2b784be37e837982dec3bdcb7b9db48aa4e7e4
1.730623,509,508.667,503.667,513.667,resolved_positive_count_read,0.001 <= alpha_L <= 1,0.01,5,11c,c,Dash-8,10,1524,617,2215.00,300 dpi raster RGB trace mask; per-column pixel median; fixed axis endpoints; no smoothing,128eeb1ea3ad30f5a2ecf9194e2b784be37e837982dec3bdcb7b9db48aa4e7e4
1.738247,506,506.333,501.333,511.333,resolved_positive_count_read,0.001 <= alpha_L <= 1,0.01,5,11c,c,Dash-8,10,1524,618,2217.00,300 dpi raster RGB trace mask; per-column pixel median; fixed axis endpoints; no smoothing,128eeb1ea3ad30f5a2ecf9194e2b784be37e837982dec3bdcb7b9db48aa4e7e4
1.745870,502,501.667,496.667,506.667,resolved_positive_count_read,0.001 <= alpha_L <= 1,0.01,5,11c,c,Dash-8,10,1524,619,2221.00,300 dpi raster RGB trace mask; per-column pixel median; fixed axis endpoints; no smoothing,128eeb1ea3ad30f5a2ecf9194e2b784be37e837982dec3bdcb7b9db48aa4e7e4
1.753494,498,497.583,492.583,502.583,resolved_positive_count_read,0.001 <= alpha_L <= 1,0.01,5,11c,c,Dash-8,10,1524,620,2224.50,300 dpi raster RGB trace mask; per-column pixel median; fixed axis endpoints; no smoothing,128eeb1ea3ad30f5a2ecf9194e2b784be37e837982dec3bdcb7b9db48aa4e7e4
1.761118,494,494.083,489.083,499.083,resolved_positive_count_read,0.001 <= alpha_L <= 1,0.01,5,11c,c,Dash-8,10,1524,621,2227.50,300 dpi raster RGB trace mask; per-column pixel median; fixed axis endpoints; no smoothing,128eeb1ea3ad30f5a2ecf9194e2b784be37e837982dec3bdcb7b9db48aa4e7e4
1.768742,491,491.167,486.167,496.167,resolved_positive_count_read,0.001 <= alpha_L <= 1,0.01,5,11c,c,Dash-8,10,1524,622,2230.00,300 dpi raster RGB trace mask; per-column pixel median; fixed axis endpoints; no smoothing,128eeb1ea3ad30f5a2ecf9194e2b784be37e837982dec3bdcb7b9db48aa4e7e4
1.776366,489,488.833,483.833,493.833,resolved_positive_count_read,0.001 <= alpha_L <= 1,0.01,5,11c,c,Dash-8,10,1524,623,2232.00,300 dpi raster RGB trace mask; per-column pixel median; fixed axis endpoints; no smoothing,128eeb1ea3ad30f5a2ecf9194e2b784be37e837982dec3bdcb7b9db48aa4e7e4
1.783990,487,486.500,481.500,491.500,resolved_positive_count_read,0.001 <= alpha_L <= 1,0.01,5,11c,c,Dash-8,10,1524,624,2234.00,300 dpi raster RGB trace mask; per-column pixel median; fixed axis endpoints; no smoothing,128eeb1ea3ad30f5a2ecf9194e2b784be37e837982dec3bdcb7b9db48aa4e7e4
1.791614,484,484.167,479.167,489.167,resolved_positive_count_read,0.001 <= alpha_L <= 1,0.01,5,11c,c,Dash-8,10,1524,625,2236.00,300 dpi raster RGB trace mask; per-column pixel median; fixed axis endpoints; no smoothing,128eeb1ea3ad30f5a2ecf9194e2b784be37e837982dec3bdcb7b9db48aa4e7e4
1.799238,481,481.250,476.250,486.250,resolved_positive_count_read,0.001 <= alpha_L <= 1,0.01,5,11c,c,Dash-8,10,1524,626,2238.50,300 dpi raster RGB trace mask; per-column pixel median; fixed axis endpoints; no smoothing,128eeb1ea3ad30f5a2ecf9194e2b784be37e837982dec3bdcb7b9db48aa4e7e4
1.806861,480,479.500,474.500,484.500,resolved_positive_count_read,0.001 <= alpha_L <= 1,0.01,5,11c,c,Dash-8,10,1524,627,2240.00,300 dpi raster RGB trace mask; per-column pixel median; fixed axis endpoints; no smoothing,128eeb1ea3ad30f5a2ecf9194e2b784be37e837982dec3bdcb7b9db48aa4e7e4
1.814485,478,477.750,472.750,482.750,resolved_positive_count_read,0.001 <= alpha_L <= 1,0.01,5,11c,c,Dash-8,10,1524,628,2241.50,300 dpi raster RGB trace mask; per-column pixel median; fixed axis endpoints; no smoothing,128eeb1ea3ad30f5a2ecf9194e2b784be37e837982dec3bdcb7b9db48aa4e7e4
1.822109,477,477.167,472.167,482.167,resolved_positive_count_read,0.001 <= alpha_L <= 1,0.01,5,11c,c,Dash-8,10,1524,629,2242.00,300 dpi raster RGB trace mask; per-column pixel median; fixed axis endpoints; no smoothing,128eeb1ea3ad30f5a2ecf9194e2b784be37e837982dec3bdcb7b9db48aa4e7e4
1.829733,477,476.583,471.583,481.583,resolved_positive_count_read,0.001 <= alpha_L <= 1,0.01,5,11c,c,Dash-8,10,1524,630,2242.50,300 dpi raster RGB trace mask; per-column pixel median; fixed axis endpoints; no smoothing,128eeb1ea3ad30f5a2ecf9194e2b784be37e837982dec3bdcb7b9db48aa4e7e4
1.837357,476,476.000,471.000,481.000,resolved_positive_count_read,0.001 <= alpha_L <= 1,0.01,5,11c,c,Dash-8,10,1524,631,2243.00,300 dpi raster RGB trace mask; per-column pixel median; fixed axis endpoints; no smoothing,128eeb1ea3ad30f5a2ecf9194e2b784be37e837982dec3bdcb7b9db48aa4e7e4
1.844981,475,475.417,470.417,480.417,resolved_positive_count_read,0.001 <= alpha_L <= 1,0.01,5,11c,c,Dash-8,10,1524,632,2243.50,300 dpi raster RGB trace mask; per-column pixel median; fixed axis endpoints; no smoothing,128eeb1ea3ad30f5a2ecf9194e2b784be37e837982dec3bdcb7b9db48aa4e7e4
1.852605,475,475.417,470.417,480.417,resolved_positive_count_read,0.001 <= alpha_L <= 1,0.01,5,11c,c,Dash-8,10,1524,633,2243.50,300 dpi raster RGB trace mask; per-column pixel median; fixed axis endpoints; no smoothing,128eeb1ea3ad30f5a2ecf9194e2b784be37e837982dec3bdcb7b9db48aa4e7e4
1.860229,475,474.833,469.833,479.833,resolved_positive_count_read,0.001 <= alpha_L <= 1,0.01,5,11c,c,Dash-8,10,1524,634,2244.00,300 dpi raster RGB trace mask; per-column pixel median; fixed axis endpoints; no smoothing,128eeb1ea3ad30f5a2ecf9194e2b784be37e837982dec3bdcb7b9db48aa4e7e4
1.867853,474,474.250,469.250,479.250,resolved_positive_count_read,0.001 <= alpha_L <= 1,0.01,5,11c,c,Dash-8,10,1524,635,2244.50,300 dpi raster RGB trace mask; per-column pixel median; fixed axis endpoints; no smoothing,128eeb1ea3ad30f5a2ecf9194e2b784be37e837982dec3bdcb7b9db48aa4e7e4
1.875476,474,473.667,468.667,478.667,resolved_positive_count_read,0.001 <= alpha_L <= 1,0.01,5,11c,c,Dash-8,10,1524,636,2245.00,300 dpi raster RGB trace mask; per-column pixel median; fixed axis endpoints; no smoothing,128eeb1ea3ad30f5a2ecf9194e2b784be37e837982dec3bdcb7b9db48aa4e7e4
1.883100,474,473.667,468.667,478.667,resolved_positive_count_read,0.001 <= alpha_L <= 1,0.01,5,11c,c,Dash-8,10,1524,637,2245.00,300 dpi raster RGB trace mask; per-column pixel median; fixed axis endpoints; no smoothing,128eeb1ea3ad30f5a2ecf9194e2b784be37e837982dec3bdcb7b9db48aa4e7e4
1.890724,474,473.667,468.667,478.667,resolved_positive_count_read,0.001 <= alpha_L <= 1,0.01,5,11c,c,Dash-8,10,1524,638,2245.00,300 dpi raster RGB trace mask; per-column pixel median; fixed axis endpoints; no smoothing,128eeb1ea3ad30f5a2ecf9194e2b784be37e837982dec3bdcb7b9db48aa4e7e4
1.898348,474,473.667,468.667,478.667,resolved_positive_count_read,0.001 <= alpha_L <= 1,0.01,5,11c,c,Dash-8,10,1524,639,2245.00,300 dpi raster RGB trace mask; per-column pixel median; fixed axis endpoints; no smoothing,128eeb1ea3ad30f5a2ecf9194e2b784be37e837982dec3bdcb7b9db48aa4e7e4
1.905972,474,473.667,468.667,478.667,resolved_positive_count_read,0.001 <= alpha_L <= 1,0.01,5,11c,c,Dash-8,10,1524,640,2245.00,300 dpi raster RGB trace mask; per-column pixel median; fixed axis endpoints; no smoothing,128eeb1ea3ad30f5a2ecf9194e2b784be37e837982dec3bdcb7b9db48aa4e7e4
1.913596,474,473.667,468.667,478.667,resolved_positive_count_read,0.001 <= alpha_L <= 1,0.01,5,11c,c,Dash-8,10,1524,641,2245.00,300 dpi raster RGB trace mask; per-column pixel median; fixed axis endpoints; no smoothing,128eeb1ea3ad30f5a2ecf9194e2b784be37e837982dec3bdcb7b9db48aa4e7e4
1.921220,474,474.250,469.250,479.250,resolved_positive_count_read,0.001 <= alpha_L <= 1,0.01,5,11c,c,Dash-8,10,1524,642,2244.50,300 dpi raster RGB trace mask; per-column pixel median; fixed axis endpoints; no smoothing,128eeb1ea3ad30f5a2ecf9194e2b784be37e837982dec3bdcb7b9db48aa4e7e4
1.928844,475,474.833,469.833,479.833,resolved_positive_count_read,0.001 <= alpha_L <= 1,0.01,5,11c,c,Dash-8,10,1524,643,2244.00,300 dpi raster RGB trace mask; per-column pixel median; fixed axis endpoints; no smoothing,128eeb1ea3ad30f5a2ecf9194e2b784be37e837982dec3bdcb7b9db48aa4e7e4
1.936468,475,475.417,470.417,480.417,resolved_positive_count_read,0.001 <= alpha_L <= 1,0.01,5,11c,c,Dash-8,10,1524,644,2243.50,300 dpi raster RGB trace mask; per-column pixel median; fixed axis endpoints; no smoothing,128eeb1ea3ad30f5a2ecf9194e2b784be37e837982dec3bdcb7b9db48aa4e7e4
1.944091,475,475.417,470.417,480.417,resolved_positive_count_read,0.001 <= alpha_L <= 1,0.01,5,11c,c,Dash-8,10,1524,645,2243.50,300 dpi raster RGB trace mask; per-column pixel median; fixed axis endpoints; no smoothing,128eeb1ea3ad30f5a2ecf9194e2b784be37e837982dec3bdcb7b9db48aa4e7e4
1.951715,477,476.583,471.583,481.583,resolved_positive_count_read,0.001 <= alpha_L <= 1,0.01,5,11c,c,Dash-8,10,1524,646,2242.50,300 dpi raster RGB trace mask; per-column pixel median; fixed axis endpoints; no smoothing,128eeb1ea3ad30f5a2ecf9194e2b784be37e837982dec3bdcb7b9db48aa4e7e4
1.959339,477,477.167,472.167,482.167,resolved_positive_count_read,0.001 <= alpha_L <= 1,0.01,5,11c,c,Dash-8,10,1524,647,2242.00,300 dpi raster RGB trace mask; per-column pixel median; fixed axis endpoints; no smoothing,128eeb1ea3ad30f5a2ecf9194e2b784be37e837982dec3bdcb7b9db48aa4e7e4
1.966963,478,477.750,472.750,482.750,resolved_positive_count_read,0.001 <= alpha_L <= 1,0.01,5,11c,c,Dash-8,10,1524,648,2241.50,300 dpi raster RGB trace mask; per-column pixel median; fixed axis endpoints; no smoothing,128eeb1ea3ad30f5a2ecf9194e2b784be37e837982dec3bdcb7b9db48aa4e7e4
1.974587,478,477.750,472.750,482.750,resolved_positive_count_read,0.001 <= alpha_L <= 1,0.01,5,11c,c,Dash-8,10,1524,649,2241.50,300 dpi raster RGB trace mask; per-column pixel median; fixed axis endpoints; no smoothing,128eeb1ea3ad30f5a2ecf9194e2b784be37e837982dec3bdcb7b9db48aa4e7e4
1.982211,478,477.750,472.750,482.750,resolved_positive_count_read,0.001 <= alpha_L <= 1,0.01,5,11c,c,Dash-8,10,1524,650,2241.50,300 dpi raster RGB trace mask; per-column pixel median; fixed axis endpoints; no smoothing,128eeb1ea3ad30f5a2ecf9194e2b784be37e837982dec3bdcb7b9db48aa4e7e4
1.989835,478,478.333,473.333,483.333,resolved_positive_count_read,0.001 <= alpha_L <= 1,0.01,5,11c,c,Dash-8,10,1524,651,2241.00,300 dpi raster RGB trace mask; per-column pixel median; fixed axis endpoints; no smoothing,128eeb1ea3ad30f5a2ecf9194e2b784be37e837982dec3bdcb7b9db48aa4e7e4
1.997459,480,479.500,474.500,484.500,resolved_positive_count_read,0.001 <= alpha_L <= 1,0.01,5,11c,c,Dash-8,10,1524,652,2240.00,300 dpi raster RGB trace mask; per-column pixel median; fixed axis endpoints; no smoothing,128eeb1ea3ad30f5a2ecf9194e2b784be37e837982dec3bdcb7b9db48aa4e7e4
2.005083,480,480.083,475.083,485.083,resolved_positive_count_read,0.001 <= alpha_L <= 1,0.01,5,11c,c,Dash-8,10,1524,653,2239.50,300 dpi raster RGB trace mask; per-column pixel median; fixed axis endpoints; no smoothing,128eeb1ea3ad30f5a2ecf9194e2b784be37e837982dec3bdcb7b9db48aa4e7e4
2.012706,481,481.250,476.250,486.250,resolved_positive_count_read,0.001 <= alpha_L <= 1,0.01,5,11c,c,Dash-8,10,1524,654,2238.50,300 dpi raster RGB trace mask; per-column pixel median; fixed axis endpoints; no smoothing,128eeb1ea3ad30f5a2ecf9194e2b784be37e837982dec3bdcb7b9db48aa4e7e4
2.020330,482,482.417,477.417,487.417,resolved_positive_count_read,0.001 <= alpha_L <= 1,0.01,5,11c,c,Dash-8,10,1524,655,2237.50,300 dpi raster RGB trace mask; per-column pixel median; fixed axis endpoints; no smoothing,128eeb1ea3ad30f5a2ecf9194e2b784be37e837982dec3bdcb7b9db48aa4e7e4
2.027954,483,483.000,478.000,488.000,resolved_positive_count_read,0.001 <= alpha_L <= 1,0.01,5,11c,c,Dash-8,10,1524,656,2237.00,300 dpi raster RGB trace mask; per-column pixel median; fixed axis endpoints; no smoothing,128eeb1ea3ad30f5a2ecf9194e2b784be37e837982dec3bdcb7b9db48aa4e7e4
2.035578,484,484.167,479.167,489.167,resolved_positive_count_read,0.001 <= alpha_L <= 1,0.01,5,11c,c,Dash-8,10,1524,657,2236.00,300 dpi raster RGB trace mask; per-column pixel median; fixed axis endpoints; no smoothing,128eeb1ea3ad30f5a2ecf9194e2b784be37e837982dec3bdcb7b9db48aa4e7e4
2.043202,485,485.333,480.333,490.333,resolved_positive_count_read,0.001 <= alpha_L <= 1,0.01,5,11c,c,Dash-8,10,1524,658,2235.00,300 dpi raster RGB trace mask; per-column pixel median; fixed axis endpoints; no smoothing,128eeb1ea3ad30f5a2ecf9194e2b784be37e837982dec3bdcb7b9db48aa4e7e4
2.050826,485,485.333,480.333,490.333,resolved_positive_count_read,0.001 <= alpha_L <= 1,0.01,5,11c,c,Dash-8,10,1524,659,2235.00,300 dpi raster RGB trace mask; per-column pixel median; fixed axis endpoints; no smoothing,128eeb1ea3ad30f5a2ecf9194e2b784be37e837982dec3bdcb7b9db48aa4e7e4
2.058450,487,486.500,481.500,491.500,resolved_positive_count_read,0.001 <= alpha_L <= 1,0.01,5,11c,c,Dash-8,10,1524,660,2234.00,300 dpi raster RGB trace mask; per-column pixel median; fixed axis endpoints; no smoothing,128eeb1ea3ad30f5a2ecf9194e2b784be37e837982dec3bdcb7b9db48aa4e7e4
2.066074,488,487.667,482.667,492.667,resolved_positive_count_read,0.001 <= alpha_L <= 1,0.01,5,11c,c,Dash-8,10,1524,661,2233.00,300 dpi raster RGB trace mask; per-column pixel median; fixed axis endpoints; no smoothing,128eeb1ea3ad30f5a2ecf9194e2b784be37e837982dec3bdcb7b9db48aa4e7e4
2.073698,488,488.250,483.250,493.250,resolved_positive_count_read,0.001 <= alpha_L <= 1,0.01,5,11c,c,Dash-8,10,1524,662,2232.50,300 dpi raster RGB trace mask; per-column pixel median; fixed axis endpoints; no smoothing,128eeb1ea3ad30f5a2ecf9194e2b784be37e837982dec3bdcb7b9db48aa4e7e4
2.081321,489,488.833,483.833,493.833,resolved_positive_count_read,0.001 <= alpha_L <= 1,0.01,5,11c,c,Dash-8,10,1524,663,2232.00,300 dpi raster RGB trace mask; per-column pixel median; fixed axis endpoints; no smoothing,128eeb1ea3ad30f5a2ecf9194e2b784be37e837982dec3bdcb7b9db48aa4e7e4
2.088945,488,487.667,482.667,492.667,resolved_positive_count_read,0.001 <= alpha_L <= 1,0.01,5,11c,c,Dash-8,10,1524,664,2233.00,300 dpi raster RGB trace mask; per-column pixel median; fixed axis endpoints; no smoothing,128eeb1ea3ad30f5a2ecf9194e2b784be37e837982dec3bdcb7b9db48aa4e7e4
2.096569,485,485.333,480.333,490.333,resolved_positive_count_read,0.001 <= alpha_L <= 1,0.01,5,11c,c,Dash-8,10,1524,665,2235.00,300 dpi raster RGB trace mask; per-column pixel median; fixed axis endpoints; no smoothing,128eeb1ea3ad30f5a2ecf9194e2b784be37e837982dec3bdcb7b9db48aa4e7e4
2.104193,484,484.167,479.167,489.167,resolved_positive_count_read,0.001 <= alpha_L <= 1,0.01,5,11c,c,Dash-8,10,1524,666,2236.00,300 dpi raster RGB trace mask; per-column pixel median; fixed axis endpoints; no smoothing,128eeb1ea3ad30f5a2ecf9194e2b784be37e837982dec3bdcb7b9db48aa4e7e4
2.111817,482,482.417,477.417,487.417,resolved_positive_count_read,0.001 <= alpha_L <= 1,0.01,5,11c,c,Dash-8,10,1524,667,2237.50,300 dpi raster RGB trace mask; per-column pixel median; fixed axis endpoints; no smoothing,128eeb1ea3ad30f5a2ecf9194e2b784be37e837982dec3bdcb7b9db48aa4e7e4
2.119441,480,480.083,475.083,485.083,resolved_positive_count_read,0.001 <= alpha_L <= 1,0.01,5,11c,c,Dash-8,10,1524,668,2239.50,300 dpi raster RGB trace mask; per-column pixel median; fixed axis endpoints; no smoothing,128eeb1ea3ad30f5a2ecf9194e2b784be37e837982dec3bdcb7b9db48aa4e7e4
2.127065,478,478.333,473.333,483.333,resolved_positive_count_read,0.001 <= alpha_L <= 1,0.01,5,11c,c,Dash-8,10,1524,669,2241.00,300 dpi raster RGB trace mask; per-column pixel median; fixed axis endpoints; no smoothing,128eeb1ea3ad30f5a2ecf9194e2b784be37e837982dec3bdcb7b9db48aa4e7e4
2.134689,475,474.833,469.833,479.833,resolved_positive_count_read,0.001 <= alpha_L <= 1,0.01,5,11c,c,Dash-8,10,1524,670,2244.00,300 dpi raster RGB trace mask; per-column pixel median; fixed axis endpoints; no smoothing,128eeb1ea3ad30f5a2ecf9194e2b784be37e837982dec3bdcb7b9db48aa4e7e4
2.142313,473,472.500,467.500,477.500,resolved_positive_count_read,0.001 <= alpha_L <= 1,0.01,5,11c,c,Dash-8,10,1524,671,2246.00,300 dpi raster RGB trace mask; per-column pixel median; fixed axis endpoints; no smoothing,128eeb1ea3ad30f5a2ecf9194e2b784be37e837982dec3bdcb7b9db48aa4e7e4
2.149936,469,469.000,464.000,474.000,resolved_positive_count_read,0.001 <= alpha_L <= 1,0.01,5,11c,c,Dash-8,10,1524,672,2249.00,300 dpi raster RGB trace mask; per-column pixel median; fixed axis endpoints; no smoothing,128eeb1ea3ad30f5a2ecf9194e2b784be37e837982dec3bdcb7b9db48aa4e7e4
2.157560,466,465.500,460.500,470.500,resolved_positive_count_read,0.001 <= alpha_L <= 1,0.01,5,11c,c,Dash-8,10,1524,673,2252.00,300 dpi raster RGB trace mask; per-column pixel median; fixed axis endpoints; no smoothing,128eeb1ea3ad30f5a2ecf9194e2b784be37e837982dec3bdcb7b9db48aa4e7e4
2.165184,463,463.167,458.167,468.167,resolved_positive_count_read,0.001 <= alpha_L <= 1,0.01,5,11c,c,Dash-8,10,1524,674,2254.00,300 dpi raster RGB trace mask; per-column pixel median; fixed axis endpoints; no smoothing,128eeb1ea3ad30f5a2ecf9194e2b784be37e837982dec3bdcb7b9db48aa4e7e4
2.172808,461,461.417,456.417,466.417,resolved_positive_count_read,0.001 <= alpha_L <= 1,0.01,5,11c,c,Dash-8,10,1524,675,2255.50,300 dpi raster RGB trace mask; per-column pixel median; fixed axis endpoints; no smoothing,128eeb1ea3ad30f5a2ecf9194e2b784be37e837982dec3bdcb7b9db48aa4e7e4
2.180432,458,457.917,452.917,462.917,resolved_positive_count_read,0.001 <= alpha_L <= 1,0.01,5,11c,c,Dash-8,10,1524,676,2258.50,300 dpi raster RGB trace mask; per-column pixel median; fixed axis endpoints; no smoothing,128eeb1ea3ad30f5a2ecf9194e2b784be37e837982dec3bdcb7b9db48aa4e7e4
2.188056,457,457.333,452.333,462.333,resolved_positive_count_read,0.001 <= alpha_L <= 1,0.01,5,11c,c,Dash-8,10,1524,677,2259.00,300 dpi raster RGB trace mask; per-column pixel median; fixed axis endpoints; no smoothing,128eeb1ea3ad30f5a2ecf9194e2b784be37e837982dec3bdcb7b9db48aa4e7e4
2.195680,456,455.583,450.583,460.583,resolved_positive_count_read,0.001 <= alpha_L <= 1,0.01,5,11c,c,Dash-8,10,1524,678,2260.50,300 dpi raster RGB trace mask; per-column pixel median; fixed axis endpoints; no smoothing,128eeb1ea3ad30f5a2ecf9194e2b784be37e837982dec3bdcb7b9db48aa4e7e4
2.203304,454,453.833,448.833,458.833,resolved_positive_count_read,0.001 <= alpha_L <= 1,0.01,5,11c,c,Dash-8,10,1524,679,2262.00,300 dpi raster RGB trace mask; per-column pixel median; fixed axis endpoints; no smoothing,128eeb1ea3ad30f5a2ecf9194e2b784be37e837982dec3bdcb7b9db48aa4e7e4
2.210928,453,452.667,447.667,457.667,resolved_positive_count_read,0.001 <= alpha_L <= 1,0.01,5,11c,c,Dash-8,10,1524,680,2263.00,300 dpi raster RGB trace mask; per-column pixel median; fixed axis endpoints; no smoothing,128eeb1ea3ad30f5a2ecf9194e2b784be37e837982dec3bdcb7b9db48aa4e7e4
2.218551,453,452.667,447.667,457.667,resolved_positive_count_read,0.001 <= alpha_L <= 1,0.01,5,11c,c,Dash-8,10,1524,681,2263.00,300 dpi raster RGB trace mask; per-column pixel median; fixed axis endpoints; no smoothing,128eeb1ea3ad30f5a2ecf9194e2b784be37e837982dec3bdcb7b9db48aa4e7e4
2.226175,453,452.667,447.667,457.667,resolved_positive_count_read,0.001 <= alpha_L <= 1,0.01,5,11c,c,Dash-8,10,1524,682,2263.00,300 dpi raster RGB trace mask; per-column pixel median; fixed axis endpoints; no smoothing,128eeb1ea3ad30f5a2ecf9194e2b784be37e837982dec3bdcb7b9db48aa4e7e4
2.233799,453,452.667,447.667,457.667,resolved_positive_count_read,0.001 <= alpha_L <= 1,0.01,5,11c,c,Dash-8,10,1524,683,2263.00,300 dpi raster RGB trace mask; per-column pixel median; fixed axis endpoints; no smoothing,128eeb1ea3ad30f5a2ecf9194e2b784be37e837982dec3bdcb7b9db48aa4e7e4
2.241423,453,452.667,447.667,457.667,resolved_positive_count_read,0.001 <= alpha_L <= 1,0.01,5,11c,c,Dash-8,10,1524,684,2263.00,300 dpi raster RGB trace mask; per-column pixel median; fixed axis endpoints; no smoothing,128eeb1ea3ad30f5a2ecf9194e2b784be37e837982dec3bdcb7b9db48aa4e7e4
2.249047,453,452.667,447.667,457.667,resolved_positive_count_read,0.001 <= alpha_L <= 1,0.01,5,11c,c,Dash-8,10,1524,685,2263.00,300 dpi raster RGB trace mask; per-column pixel median; fixed axis endpoints; no smoothing,128eeb1ea3ad30f5a2ecf9194e2b784be37e837982dec3bdcb7b9db48aa4e7e4
2.256671,453,452.667,447.667,457.667,resolved_positive_count_read,0.001 <= alpha_L <= 1,0.01,5,11c,c,Dash-8,10,1524,686,2263.00,300 dpi raster RGB trace mask; per-column pixel median; fixed axis endpoints; no smoothing,128eeb1ea3ad30f5a2ecf9194e2b784be37e837982dec3bdcb7b9db48aa4e7e4
2.264295,453,452.667,447.667,457.667,resolved_positive_count_read,0.001 <= alpha_L <= 1,0.01,5,11c,c,Dash-8,10,1524,687,2263.00,300 dpi raster RGB trace mask; per-column pixel median; fixed axis endpoints; no smoothing,128eeb1ea3ad30f5a2ecf9194e2b784be37e837982dec3bdcb7b9db48aa4e7e4
2.271919,453,452.667,447.667,457.667,resolved_positive_count_read,0.001 <= alpha_L <= 1,0.01,5,11c,c,Dash-8,10,1524,688,2263.00,300 dpi raster RGB trace mask; per-column pixel median; fixed axis endpoints; no smoothing,128eeb1ea3ad30f5a2ecf9194e2b784be37e837982dec3bdcb7b9db48aa4e7e4
2.279543,453,452.667,447.667,457.667,resolved_positive_count_read,0.001 <= alpha_L <= 1,0.01,5,11c,c,Dash-8,10,1524,689,2263.00,300 dpi raster RGB trace mask; per-column pixel median; fixed axis endpoints; no smoothing,128eeb1ea3ad30f5a2ecf9194e2b784be37e837982dec3bdcb7b9db48aa4e7e4
2.287166,453,452.667,447.667,457.667,resolved_positive_count_read,0.001 <= alpha_L <= 1,0.01,5,11c,c,Dash-8,10,1524,690,2263.00,300 dpi raster RGB trace mask; per-column pixel median; fixed axis endpoints; no smoothing,128eeb1ea3ad30f5a2ecf9194e2b784be37e837982dec3bdcb7b9db48aa4e7e4
2.294790,453,453.250,448.250,458.250,resolved_positive_count_read,0.001 <= alpha_L <= 1,0.01,5,11c,c,Dash-8,10,1524,691,2262.50,300 dpi raster RGB trace mask; per-column pixel median; fixed axis endpoints; no smoothing,128eeb1ea3ad30f5a2ecf9194e2b784be37e837982dec3bdcb7b9db48aa4e7e4
2.302414,453,453.250,448.250,458.250,resolved_positive_count_read,0.001 <= alpha_L <= 1,0.01,5,11c,c,Dash-8,10,1524,692,2262.50,300 dpi raster RGB trace mask; per-column pixel median; fixed axis endpoints; no smoothing,128eeb1ea3ad30f5a2ecf9194e2b784be37e837982dec3bdcb7b9db48aa4e7e4
2.310038,454,453.833,448.833,458.833,resolved_positive_count_read,0.001 <= alpha_L <= 1,0.01,5,11c,c,Dash-8,10,1524,693,2262.00,300 dpi raster RGB trace mask; per-column pixel median; fixed axis endpoints; no smoothing,128eeb1ea3ad30f5a2ecf9194e2b784be37e837982dec3bdcb7b9db48aa4e7e4
2.317662,454,454.417,449.417,459.417,resolved_positive_count_read,0.001 <= alpha_L <= 1,0.01,5,11c,c,Dash-8,10,1524,694,2261.50,300 dpi raster RGB trace mask; per-column pixel median; fixed axis endpoints; no smoothing,128eeb1ea3ad30f5a2ecf9194e2b784be37e837982dec3bdcb7b9db48aa4e7e4
2.325286,455,455.000,450.000,460.000,resolved_positive_count_read,0.001 <= alpha_L <= 1,0.01,5,11c,c,Dash-8,10,1524,695,2261.00,300 dpi raster RGB trace mask; per-column pixel median; fixed axis endpoints; no smoothing,128eeb1ea3ad30f5a2ecf9194e2b784be37e837982dec3bdcb7b9db48aa4e7e4
2.332910,456,455.583,450.583,460.583,resolved_positive_count_read,0.001 <= alpha_L <= 1,0.01,5,11c,c,Dash-8,10,1524,696,2260.50,300 dpi raster RGB trace mask; per-column pixel median; fixed axis endpoints; no smoothing,128eeb1ea3ad30f5a2ecf9194e2b784be37e837982dec3bdcb7b9db48aa4e7e4
2.340534,456,456.167,451.167,461.167,resolved_positive_count_read,0.001 <= alpha_L <= 1,0.01,5,11c,c,Dash-8,10,1524,697,2260.00,300 dpi raster RGB trace mask; per-column pixel median; fixed axis endpoints; no smoothing,128eeb1ea3ad30f5a2ecf9194e2b784be37e837982dec3bdcb7b9db48aa4e7e4
2.348158,457,456.750,451.750,461.750,resolved_positive_count_read,0.001 <= alpha_L <= 1,0.01,5,11c,c,Dash-8,10,1524,698,2259.50,300 dpi raster RGB trace mask; per-column pixel median; fixed axis endpoints; no smoothing,128eeb1ea3ad30f5a2ecf9194e2b784be37e837982dec3bdcb7b9db48aa4e7e4
2.355781,457,456.750,451.750,461.750,resolved_positive_count_read,0.001 <= alpha_L <= 1,0.01,5,11c,c,Dash-8,10,1524,699,2259.50,300 dpi raster RGB trace mask; per-column pixel median; fixed axis endpoints; no smoothing,128eeb1ea3ad30f5a2ecf9194e2b784be37e837982dec3bdcb7b9db48aa4e7e4
2.363405,458,457.917,452.917,462.917,resolved_positive_count_read,0.001 <= alpha_L <= 1,0.01,5,11c,c,Dash-8,10,1524,700,2258.50,300 dpi raster RGB trace mask; per-column pixel median; fixed axis endpoints; no smoothing,128eeb1ea3ad30f5a2ecf9194e2b784be37e837982dec3bdcb7b9db48aa4e7e4
2.371029,458,457.917,452.917,462.917,resolved_positive_count_read,0.001 <= alpha_L <= 1,0.01,5,11c,c,Dash-8,10,1524,701,2258.50,300 dpi raster RGB trace mask; per-column pixel median; fixed axis endpoints; no smoothing,128eeb1ea3ad30f5a2ecf9194e2b784be37e837982dec3bdcb7b9db48aa4e7e4
2.378653,459,458.500,453.500,463.500,resolved_positive_count_read,0.001 <= alpha_L <= 1,0.01,5,11c,c,Dash-8,10,1524,702,2258.00,300 dpi raster RGB trace mask; per-column pixel median; fixed axis endpoints; no smoothing,128eeb1ea3ad30f5a2ecf9194e2b784be37e837982dec3bdcb7b9db48aa4e7e4
2.386277,459,458.500,453.500,463.500,resolved_positive_count_read,0.001 <= alpha_L <= 1,0.01,5,11c,c,Dash-8,10,1524,703,2258.00,300 dpi raster RGB trace mask; per-column pixel median; fixed axis endpoints; no smoothing,128eeb1ea3ad30f5a2ecf9194e2b784be37e837982dec3bdcb7b9db48aa4e7e4
2.393901,458,457.917,452.917,462.917,resolved_positive_count_read,0.001 <= alpha_L <= 1,0.01,5,11c,c,Dash-8,10,1524,704,2258.50,300 dpi raster RGB trace mask; per-column pixel median; fixed axis endpoints; no smoothing,128eeb1ea3ad30f5a2ecf9194e2b784be37e837982dec3bdcb7b9db48aa4e7e4
2.401525,457,457.333,452.333,462.333,resolved_positive_count_read,0.001 <= alpha_L <= 1,0.01,5,11c,c,Dash-8,10,1524,705,2259.00,300 dpi raster RGB trace mask; per-column pixel median; fixed axis endpoints; no smoothing,128eeb1ea3ad30f5a2ecf9194e2b784be37e837982dec3bdcb7b9db48aa4e7e4
2.409149,456,456.167,451.167,461.167,resolved_positive_count_read,0.001 <= alpha_L <= 1,0.01,5,11c,c,Dash-8,10,1524,706,2260.00,300 dpi raster RGB trace mask; per-column pixel median; fixed axis endpoints; no smoothing,128eeb1ea3ad30f5a2ecf9194e2b784be37e837982dec3bdcb7b9db48aa4e7e4
2.416773,456,455.583,450.583,460.583,resolved_positive_count_read,0.001 <= alpha_L <= 1,0.01,5,11c,c,Dash-8,10,1524,707,2260.50,300 dpi raster RGB trace mask; per-column pixel median; fixed axis endpoints; no smoothing,128eeb1ea3ad30f5a2ecf9194e2b784be37e837982dec3bdcb7b9db48aa4e7e4
2.424396,454,454.417,449.417,459.417,resolved_positive_count_read,0.001 <= alpha_L <= 1,0.01,5,11c,c,Dash-8,10,1524,708,2261.50,300 dpi raster RGB trace mask; per-column pixel median; fixed axis endpoints; no smoothing,128eeb1ea3ad30f5a2ecf9194e2b784be37e837982dec3bdcb7b9db48aa4e7e4
2.432020,452,452.083,447.083,457.083,resolved_positive_count_read,0.001 <= alpha_L <= 1,0.01,5,11c,c,Dash-8,10,1524,709,2263.50,300 dpi raster RGB trace mask; per-column pixel median; fixed axis endpoints; no smoothing,128eeb1ea3ad30f5a2ecf9194e2b784be37e837982dec3bdcb7b9db48aa4e7e4
2.439644,452,451.500,446.500,456.500,resolved_positive_count_read,0.001 <= alpha_L <= 1,0.01,5,11c,c,Dash-8,10,1524,710,2264.00,300 dpi raster RGB trace mask; per-column pixel median; fixed axis endpoints; no smoothing,128eeb1ea3ad30f5a2ecf9194e2b784be37e837982dec3bdcb7b9db48aa4e7e4
2.447268,449,449.167,444.167,454.167,resolved_positive_count_read,0.001 <= alpha_L <= 1,0.01,5,11c,c,Dash-8,10,1524,711,2266.00,300 dpi raster RGB trace mask; per-column pixel median; fixed axis endpoints; no smoothing,128eeb1ea3ad30f5a2ecf9194e2b784be37e837982dec3bdcb7b9db48aa4e7e4
2.454892,448,448.000,443.000,453.000,resolved_positive_count_read,0.001 <= alpha_L <= 1,0.01,5,11c,c,Dash-8,10,1524,712,2267.00,300 dpi raster RGB trace mask; per-column pixel median; fixed axis endpoints; no smoothing,128eeb1ea3ad30f5a2ecf9194e2b784be37e837982dec3bdcb7b9db48aa4e7e4
2.462516,447,446.833,441.833,451.833,resolved_positive_count_read,0.001 <= alpha_L <= 1,0.01,5,11c,c,Dash-8,10,1524,713,2268.00,300 dpi raster RGB trace mask; per-column pixel median; fixed axis endpoints; no smoothing,128eeb1ea3ad30f5a2ecf9194e2b784be37e837982dec3bdcb7b9db48aa4e7e4
2.470140,445,444.500,439.500,449.500,resolved_positive_count_read,0.001 <= alpha_L <= 1,0.01,5,11c,c,Dash-8,10,1524,714,2270.00,300 dpi raster RGB trace mask; per-column pixel median; fixed axis endpoints; no smoothing,128eeb1ea3ad30f5a2ecf9194e2b784be37e837982dec3bdcb7b9db48aa4e7e4
2.477764,443,442.750,437.750,447.750,resolved_positive_count_read,0.001 <= alpha_L <= 1,0.01,5,11c,c,Dash-8,10,1524,715,2271.50,300 dpi raster RGB trace mask; per-column pixel median; fixed axis endpoints; no smoothing,128eeb1ea3ad30f5a2ecf9194e2b784be37e837982dec3bdcb7b9db48aa4e7e4
2.485388,442,441.583,436.583,446.583,resolved_positive_count_read,0.001 <= alpha_L <= 1,0.01,5,11c,c,Dash-8,10,1524,716,2272.50,300 dpi raster RGB trace mask; per-column pixel median; fixed axis endpoints; no smoothing,128eeb1ea3ad30f5a2ecf9194e2b784be37e837982dec3bdcb7b9db48aa4e7e4
2.493011,439,438.667,433.667,443.667,resolved_positive_count_read,0.001 <= alpha_L <= 1,0.01,5,11c,c,Dash-8,10,1524,717,2275.00,300 dpi raster RGB trace mask; per-column pixel median; fixed axis endpoints; no smoothing,128eeb1ea3ad30f5a2ecf9194e2b784be37e837982dec3bdcb7b9db48aa4e7e4
2.500635,436,436.333,431.333,441.333,resolved_positive_count_read,0.001 <= alpha_L <= 1,0.01,5,11c,c,Dash-8,10,1524,718,2277.00,300 dpi raster RGB trace mask; per-column pixel median; fixed axis endpoints; no smoothing,128eeb1ea3ad30f5a2ecf9194e2b784be37e837982dec3bdcb7b9db48aa4e7e4
2.508259,435,434.583,429.583,439.583,resolved_positive_count_read,0.001 <= alpha_L <= 1,0.01,5,11c,c,Dash-8,10,1524,719,2278.50,300 dpi raster RGB trace mask; per-column pixel median; fixed axis endpoints; no smoothing,128eeb1ea3ad30f5a2ecf9194e2b784be37e837982dec3bdcb7b9db48aa4e7e4
2.515883,432,431.667,426.667,436.667,resolved_positive_count_read,0.001 <= alpha_L <= 1,0.01,5,11c,c,Dash-8,10,1524,720,2281.00,300 dpi raster RGB trace mask; per-column pixel median; fixed axis endpoints; no smoothing,128eeb1ea3ad30f5a2ecf9194e2b784be37e837982dec3bdcb7b9db48aa4e7e4
2.523507,429,429.333,424.333,434.333,resolved_positive_count_read,0.001 <= alpha_L <= 1,0.01,5,11c,c,Dash-8,10,1524,721,2283.00,300 dpi raster RGB trace mask; per-column pixel median; fixed axis endpoints; no smoothing,128eeb1ea3ad30f5a2ecf9194e2b784be37e837982dec3bdcb7b9db48aa4e7e4
2.531131,428,427.583,422.583,432.583,resolved_positive_count_read,0.001 <= alpha_L <= 1,0.01,5,11c,c,Dash-8,10,1524,722,2284.50,300 dpi raster RGB trace mask; per-column pixel median; fixed axis endpoints; no smoothing,128eeb1ea3ad30f5a2ecf9194e2b784be37e837982dec3bdcb7b9db48aa4e7e4
2.538755,424,424.083,419.083,429.083,resolved_positive_count_read,0.001 <= alpha_L <= 1,0.01,5,11c,c,Dash-8,10,1524,723,2287.50,300 dpi raster RGB trace mask; per-column pixel median; fixed axis endpoints; no smoothing,128eeb1ea3ad30f5a2ecf9194e2b784be37e837982dec3bdcb7b9db48aa4e7e4
2.546379,421,421.167,416.167,426.167,resolved_positive_count_read,0.001 <= alpha_L <= 1,0.01,5,11c,c,Dash-8,10,1524,724,2290.00,300 dpi raster RGB trace mask; per-column pixel median; fixed axis endpoints; no smoothing,128eeb1ea3ad30f5a2ecf9194e2b784be37e837982dec3bdcb7b9db48aa4e7e4
2.554003,418,418.250,413.250,423.250,resolved_positive_count_read,0.001 <= alpha_L <= 1,0.01,5,11c,c,Dash-8,10,1524,725,2292.50,300 dpi raster RGB trace mask; per-column pixel median; fixed axis endpoints; no smoothing,128eeb1ea3ad30f5a2ecf9194e2b784be37e837982dec3bdcb7b9db48aa4e7e4
2.561626,415,415.333,410.333,420.333,resolved_positive_count_read,0.001 <= alpha_L <= 1,0.01,5,11c,c,Dash-8,10,1524,726,2295.00,300 dpi raster RGB trace mask; per-column pixel median; fixed axis endpoints; no smoothing,128eeb1ea3ad30f5a2ecf9194e2b784be37e837982dec3bdcb7b9db48aa4e7e4
2.569250,413,413.000,408.000,418.000,resolved_positive_count_read,0.001 <= alpha_L <= 1,0.01,5,11c,c,Dash-8,10,1524,727,2297.00,300 dpi raster RGB trace mask; per-column pixel median; fixed axis endpoints; no smoothing,128eeb1ea3ad30f5a2ecf9194e2b784be37e837982dec3bdcb7b9db48aa4e7e4
2.576874,411,410.667,405.667,415.667,resolved_positive_count_read,0.001 <= alpha_L <= 1,0.01,5,11c,c,Dash-8,10,1524,728,2299.00,300 dpi raster RGB trace mask; per-column pixel median; fixed axis endpoints; no smoothing,128eeb1ea3ad30f5a2ecf9194e2b784be37e837982dec3bdcb7b9db48aa4e7e4
2.584498,408,408.333,403.333,413.333,resolved_positive_count_read,0.001 <= alpha_L <= 1,0.01,5,11c,c,Dash-8,10,1524,729,2301.00,300 dpi raster RGB trace mask; per-column pixel median; fixed axis endpoints; no smoothing,128eeb1ea3ad30f5a2ecf9194e2b784be37e837982dec3bdcb7b9db48aa4e7e4
2.592122,407,407.167,402.167,412.167,resolved_positive_count_read,0.001 <= alpha_L <= 1,0.01,5,11c,c,Dash-8,10,1524,730,2302.00,300 dpi raster RGB trace mask; per-column pixel median; fixed axis endpoints; no smoothing,128eeb1ea3ad30f5a2ecf9194e2b784be37e837982dec3bdcb7b9db48aa4e7e4
2.599746,405,405.417,400.417,410.417,resolved_positive_count_read,0.001 <= alpha_L <= 1,0.01,5,11c,c,Dash-8,10,1524,731,2303.50,300 dpi raster RGB trace mask; per-column pixel median; fixed axis endpoints; no smoothing,128eeb1ea3ad30f5a2ecf9194e2b784be37e837982dec3bdcb7b9db48aa4e7e4
2.607370,404,404.250,399.250,409.250,resolved_positive_count_read,0.001 <= alpha_L <= 1,0.01,5,11c,c,Dash-8,10,1524,732,2304.50,300 dpi raster RGB trace mask; per-column pixel median; fixed axis endpoints; no smoothing,128eeb1ea3ad30f5a2ecf9194e2b784be37e837982dec3bdcb7b9db48aa4e7e4
2.614994,403,403.083,398.083,408.083,resolved_positive_count_read,0.001 <= alpha_L <= 1,0.01,5,11c,c,Dash-8,10,1524,733,2305.50,300 dpi raster RGB trace mask; per-column pixel median; fixed axis endpoints; no smoothing,128eeb1ea3ad30f5a2ecf9194e2b784be37e837982dec3bdcb7b9db48aa4e7e4
2.622618,403,402.500,397.500,407.500,resolved_positive_count_read,0.001 <= alpha_L <= 1,0.01,5,11c,c,Dash-8,10,1524,734,2306.00,300 dpi raster RGB trace mask; per-column pixel median; fixed axis endpoints; no smoothing,128eeb1ea3ad30f5a2ecf9194e2b784be37e837982dec3bdcb7b9db48aa4e7e4
2.630241,403,402.500,397.500,407.500,resolved_positive_count_read,0.001 <= alpha_L <= 1,0.01,5,11c,c,Dash-8,10,1524,735,2306.00,300 dpi raster RGB trace mask; per-column pixel median; fixed axis endpoints; no smoothing,128eeb1ea3ad30f5a2ecf9194e2b784be37e837982dec3bdcb7b9db48aa4e7e4
2.637865,403,402.500,397.500,407.500,resolved_positive_count_read,0.001 <= alpha_L <= 1,0.01,5,11c,c,Dash-8,10,1524,736,2306.00,300 dpi raster RGB trace mask; per-column pixel median; fixed axis endpoints; no smoothing,128eeb1ea3ad30f5a2ecf9194e2b784be37e837982dec3bdcb7b9db48aa4e7e4
2.645489,403,402.500,397.500,407.500,resolved_positive_count_read,0.001 <= alpha_L <= 1,0.01,5,11c,c,Dash-8,10,1524,737,2306.00,300 dpi raster RGB trace mask; per-column pixel median; fixed axis endpoints; no smoothing,128eeb1ea3ad30f5a2ecf9194e2b784be37e837982dec3bdcb7b9db48aa4e7e4
2.653113,403,402.500,397.500,407.500,resolved_positive_count_read,0.001 <= alpha_L <= 1,0.01,5,11c,c,Dash-8,10,1524,738,2306.00,300 dpi raster RGB trace mask; per-column pixel median; fixed axis endpoints; no smoothing,128eeb1ea3ad30f5a2ecf9194e2b784be37e837982dec3bdcb7b9db48aa4e7e4
2.660737,403,402.500,397.500,407.500,resolved_positive_count_read,0.001 <= alpha_L <= 1,0.01,5,11c,c,Dash-8,10,1524,739,2306.00,300 dpi raster RGB trace mask; per-column pixel median; fixed axis endpoints; no smoothing,128eeb1ea3ad30f5a2ecf9194e2b784be37e837982dec3bdcb7b9db48aa4e7e4
2.668361,403,402.500,397.500,407.500,resolved_positive_count_read,0.001 <= alpha_L <= 1,0.01,5,11c,c,Dash-8,10,1524,740,2306.00,300 dpi raster RGB trace mask; per-column pixel median; fixed axis endpoints; no smoothing,128eeb1ea3ad30f5a2ecf9194e2b784be37e837982dec3bdcb7b9db48aa4e7e4
2.675985,403,402.500,397.500,407.500,resolved_positive_count_read,0.001 <= alpha_L <= 1,0.01,5,11c,c,Dash-8,10,1524,741,2306.00,300 dpi raster RGB trace mask; per-column pixel median; fixed axis endpoints; no smoothing,128eeb1ea3ad30f5a2ecf9194e2b784be37e837982dec3bdcb7b9db48aa4e7e4
2.683609,403,402.500,397.500,407.500,resolved_positive_count_read,0.001 <= alpha_L <= 1,0.01,5,11c,c,Dash-8,10,1524,742,2306.00,300 dpi raster RGB trace mask; per-column pixel median; fixed axis endpoints; no smoothing,128eeb1ea3ad30f5a2ecf9194e2b784be37e837982dec3bdcb7b9db48aa4e7e4
2.691233,403,403.083,398.083,408.083,resolved_positive_count_read,0.001 <= alpha_L <= 1,0.01,5,11c,c,Dash-8,10,1524,743,2305.50,300 dpi raster RGB trace mask; per-column pixel median; fixed axis endpoints; no smoothing,128eeb1ea3ad30f5a2ecf9194e2b784be37e837982dec3bdcb7b9db48aa4e7e4
2.698856,404,404.250,399.250,409.250,resolved_positive_count_read,0.001 <= alpha_L <= 1,0.01,5,11c,c,Dash-8,10,1524,744,2304.50,300 dpi raster RGB trace mask; per-column pixel median; fixed axis endpoints; no smoothing,128eeb1ea3ad30f5a2ecf9194e2b784be37e837982dec3bdcb7b9db48aa4e7e4
2.706480,405,404.833,399.833,409.833,resolved_positive_count_read,0.001 <= alpha_L <= 1,0.01,5,11c,c,Dash-8,10,1524,745,2304.00,300 dpi raster RGB trace mask; per-column pixel median; fixed axis endpoints; no smoothing,128eeb1ea3ad30f5a2ecf9194e2b784be37e837982dec3bdcb7b9db48aa4e7e4
2.714104,405,404.833,399.833,409.833,resolved_positive_count_read,0.001 <= alpha_L <= 1,0.01,5,11c,c,Dash-8,10,1524,746,2304.00,300 dpi raster RGB trace mask; per-column pixel median; fixed axis endpoints; no smoothing,128eeb1ea3ad30f5a2ecf9194e2b784be37e837982dec3bdcb7b9db48aa4e7e4
2.721728,407,406.583,401.583,411.583,resolved_positive_count_read,0.001 <= alpha_L <= 1,0.01,5,11c,c,Dash-8,10,1524,747,2302.50,300 dpi raster RGB trace mask; per-column pixel median; fixed axis endpoints; no smoothing,128eeb1ea3ad30f5a2ecf9194e2b784be37e837982dec3bdcb7b9db48aa4e7e4
2.729352,408,407.750,402.750,412.750,resolved_positive_count_read,0.001 <= alpha_L <= 1,0.01,5,11c,c,Dash-8,10,1524,748,2301.50,300 dpi raster RGB trace mask; per-column pixel median; fixed axis endpoints; no smoothing,128eeb1ea3ad30f5a2ecf9194e2b784be37e837982dec3bdcb7b9db48aa4e7e4
2.736976,408,408.333,403.333,413.333,resolved_positive_count_read,0.001 <= alpha_L <= 1,0.01,5,11c,c,Dash-8,10,1524,749,2301.00,300 dpi raster RGB trace mask; per-column pixel median; fixed axis endpoints; no smoothing,128eeb1ea3ad30f5a2ecf9194e2b784be37e837982dec3bdcb7b9db48aa4e7e4
2.744600,410,409.500,404.500,414.500,resolved_positive_count_read,0.001 <= alpha_L <= 1,0.01,5,11c,c,Dash-8,10,1524,750,2300.00,300 dpi raster RGB trace mask; per-column pixel median; fixed axis endpoints; no smoothing,128eeb1ea3ad30f5a2ecf9194e2b784be37e837982dec3bdcb7b9db48aa4e7e4
2.752224,411,410.667,405.667,415.667,resolved_positive_count_read,0.001 <= alpha_L <= 1,0.01,5,11c,c,Dash-8,10,1524,751,2299.00,300 dpi raster RGB trace mask; per-column pixel median; fixed axis endpoints; no smoothing,128eeb1ea3ad30f5a2ecf9194e2b784be37e837982dec3bdcb7b9db48aa4e7e4
2.759848,412,411.833,406.833,416.833,resolved_positive_count_read,0.001 <= alpha_L <= 1,0.01,5,11c,c,Dash-8,10,1524,752,2298.00,300 dpi raster RGB trace mask; per-column pixel median; fixed axis endpoints; no smoothing,128eeb1ea3ad30f5a2ecf9194e2b784be37e837982dec3bdcb7b9db48aa4e7e4
2.767471,413,413.000,408.000,418.000,resolved_positive_count_read,0.001 <= alpha_L <= 1,0.01,5,11c,c,Dash-8,10,1524,753,2297.00,300 dpi raster RGB trace mask; per-column pixel median; fixed axis endpoints; no smoothing,128eeb1ea3ad30f5a2ecf9194e2b784be37e837982dec3bdcb7b9db48aa4e7e4
2.775095,414,414.167,409.167,419.167,resolved_positive_count_read,0.001 <= alpha_L <= 1,0.01,5,11c,c,Dash-8,10,1524,754,2296.00,300 dpi raster RGB trace mask; per-column pixel median; fixed axis endpoints; no smoothing,128eeb1ea3ad30f5a2ecf9194e2b784be37e837982dec3bdcb7b9db48aa4e7e4
2.782719,415,414.750,409.750,419.750,resolved_positive_count_read,0.001 <= alpha_L <= 1,0.01,5,11c,c,Dash-8,10,1524,755,2295.50,300 dpi raster RGB trace mask; per-column pixel median; fixed axis endpoints; no smoothing,128eeb1ea3ad30f5a2ecf9194e2b784be37e837982dec3bdcb7b9db48aa4e7e4
2.790343,415,415.333,410.333,420.333,resolved_positive_count_read,0.001 <= alpha_L <= 1,0.01,5,11c,c,Dash-8,10,1524,756,2295.00,300 dpi raster RGB trace mask; per-column pixel median; fixed axis endpoints; no smoothing,128eeb1ea3ad30f5a2ecf9194e2b784be37e837982dec3bdcb7b9db48aa4e7e4
2.797967,417,416.500,411.500,421.500,resolved_positive_count_read,0.001 <= alpha_L <= 1,0.01,5,11c,c,Dash-8,10,1524,757,2294.00,300 dpi raster RGB trace mask; per-column pixel median; fixed axis endpoints; no smoothing,128eeb1ea3ad30f5a2ecf9194e2b784be37e837982dec3bdcb7b9db48aa4e7e4
2.805591,418,417.667,412.667,422.667,resolved_positive_count_read,0.001 <= alpha_L <= 1,0.01,5,11c,c,Dash-8,10,1524,758,2293.00,300 dpi raster RGB trace mask; per-column pixel median; fixed axis endpoints; no smoothing,128eeb1ea3ad30f5a2ecf9194e2b784be37e837982dec3bdcb7b9db48aa4e7e4
2.813215,419,418.833,413.833,423.833,resolved_positive_count_read,0.001 <= alpha_L <= 1,0.01,5,11c,c,Dash-8,10,1524,759,2292.00,300 dpi raster RGB trace mask; per-column pixel median; fixed axis endpoints; no smoothing,128eeb1ea3ad30f5a2ecf9194e2b784be37e837982dec3bdcb7b9db48aa4e7e4
2.820839,420,420.000,415.000,425.000,resolved_positive_count_read,0.001 <= alpha_L <= 1,0.01,5,11c,c,Dash-8,10,1524,760,2291.00,300 dpi raster RGB trace mask; per-column pixel median; fixed axis endpoints; no smoothing,128eeb1ea3ad30f5a2ecf9194e2b784be37e837982dec3bdcb7b9db48aa4e7e4
2.828463,421,421.167,416.167,426.167,resolved_positive_count_read,0.001 <= alpha_L <= 1,0.01,5,11c,c,Dash-8,10,1524,761,2290.00,300 dpi raster RGB trace mask; per-column pixel median; fixed axis endpoints; no smoothing,128eeb1ea3ad30f5a2ecf9194e2b784be37e837982dec3bdcb7b9db48aa4e7e4
2.836086,422,422.333,417.333,427.333,resolved_positive_count_read,0.001 <= alpha_L <= 1,0.01,5,11c,c,Dash-8,10,1524,762,2289.00,300 dpi raster RGB trace mask; per-column pixel median; fixed axis endpoints; no smoothing,128eeb1ea3ad30f5a2ecf9194e2b784be37e837982dec3bdcb7b9db48aa4e7e4
2.843710,422,422.333,417.333,427.333,resolved_positive_count_read,0.001 <= alpha_L <= 1,0.01,5,11c,c,Dash-8,10,1524,763,2289.00,300 dpi raster RGB trace mask; per-column pixel median; fixed axis endpoints; no smoothing,128eeb1ea3ad30f5a2ecf9194e2b784be37e837982dec3bdcb7b9db48aa4e7e4
2.851334,424,423.500,418.500,428.500,resolved_positive_count_read,0.001 <= alpha_L <= 1,0.01,5,11c,c,Dash-8,10,1524,764,2288.00,300 dpi raster RGB trace mask; per-column pixel median; fixed axis endpoints; no smoothing,128eeb1ea3ad30f5a2ecf9194e2b784be37e837982dec3bdcb7b9db48aa4e7e4
2.858958,425,425.250,420.250,430.250,resolved_positive_count_read,0.001 <= alpha_L <= 1,0.01,5,11c,c,Dash-8,10,1524,765,2286.50,300 dpi raster RGB trace mask; per-column pixel median; fixed axis endpoints; no smoothing,128eeb1ea3ad30f5a2ecf9194e2b784be37e837982dec3bdcb7b9db48aa4e7e4
2.866582,426,425.833,420.833,430.833,resolved_positive_count_read,0.001 <= alpha_L <= 1,0.01,5,11c,c,Dash-8,10,1524,766,2286.00,300 dpi raster RGB trace mask; per-column pixel median; fixed axis endpoints; no smoothing,128eeb1ea3ad30f5a2ecf9194e2b784be37e837982dec3bdcb7b9db48aa4e7e4
2.874206,427,427.000,422.000,432.000,resolved_positive_count_read,0.001 <= alpha_L <= 1,0.01,5,11c,c,Dash-8,10,1524,767,2285.00,300 dpi raster RGB trace mask; per-column pixel median; fixed axis endpoints; no smoothing,128eeb1ea3ad30f5a2ecf9194e2b784be37e837982dec3bdcb7b9db48aa4e7e4
2.881830,429,428.750,423.750,433.750,resolved_positive_count_read,0.001 <= alpha_L <= 1,0.01,5,11c,c,Dash-8,10,1524,768,2283.50,300 dpi raster RGB trace mask; per-column pixel median; fixed axis endpoints; no smoothing,128eeb1ea3ad30f5a2ecf9194e2b784be37e837982dec3bdcb7b9db48aa4e7e4
2.889454,431,430.500,425.500,435.500,resolved_positive_count_read,0.001 <= alpha_L <= 1,0.01,5,11c,c,Dash-8,10,1524,769,2282.00,300 dpi raster RGB trace mask; per-column pixel median; fixed axis endpoints; no smoothing,128eeb1ea3ad30f5a2ecf9194e2b784be37e837982dec3bdcb7b9db48aa4e7e4
2.897078,431,431.083,426.083,436.083,resolved_positive_count_read,0.001 <= alpha_L <= 1,0.01,5,11c,c,Dash-8,10,1524,770,2281.50,300 dpi raster RGB trace mask; per-column pixel median; fixed axis endpoints; no smoothing,128eeb1ea3ad30f5a2ecf9194e2b784be37e837982dec3bdcb7b9db48aa4e7e4
2.904701,433,433.417,428.417,438.417,resolved_positive_count_read,0.001 <= alpha_L <= 1,0.01,5,11c,c,Dash-8,10,1524,771,2279.50,300 dpi raster RGB trace mask; per-column pixel median; fixed axis endpoints; no smoothing,128eeb1ea3ad30f5a2ecf9194e2b784be37e837982dec3bdcb7b9db48aa4e7e4
2.912325,435,434.583,429.583,439.583,resolved_positive_count_read,0.001 <= alpha_L <= 1,0.01,5,11c,c,Dash-8,10,1524,772,2278.50,300 dpi raster RGB trace mask; per-column pixel median; fixed axis endpoints; no smoothing,128eeb1ea3ad30f5a2ecf9194e2b784be37e837982dec3bdcb7b9db48aa4e7e4
2.919949,436,436.333,431.333,441.333,resolved_positive_count_read,0.001 <= alpha_L <= 1,0.01,5,11c,c,Dash-8,10,1524,773,2277.00,300 dpi raster RGB trace mask; per-column pixel median; fixed axis endpoints; no smoothing,128eeb1ea3ad30f5a2ecf9194e2b784be37e837982dec3bdcb7b9db48aa4e7e4
2.927573,440,439.833,434.833,444.833,resolved_positive_count_read,0.001 <= alpha_L <= 1,0.01,5,11c,c,Dash-8,10,1524,774,2274.00,300 dpi raster RGB trace mask; per-column pixel median; fixed axis endpoints; no smoothing,128eeb1ea3ad30f5a2ecf9194e2b784be37e837982dec3bdcb7b9db48aa4e7e4
2.935197,441,441.000,436.000,446.000,resolved_positive_count_read,0.001 <= alpha_L <= 1,0.01,5,11c,c,Dash-8,10,1524,775,2273.00,300 dpi raster RGB trace mask; per-column pixel median; fixed axis endpoints; no smoothing,128eeb1ea3ad30f5a2ecf9194e2b784be37e837982dec3bdcb7b9db48aa4e7e4
2.942821,443,443.333,438.333,448.333,resolved_positive_count_read,0.001 <= alpha_L <= 1,0.01,5,11c,c,Dash-8,10,1524,776,2271.00,300 dpi raster RGB trace mask; per-column pixel median; fixed axis endpoints; no smoothing,128eeb1ea3ad30f5a2ecf9194e2b784be37e837982dec3bdcb7b9db48aa4e7e4
2.950445,446,445.667,440.667,450.667,resolved_positive_count_read,0.001 <= alpha_L <= 1,0.01,5,11c,c,Dash-8,10,1524,777,2269.00,300 dpi raster RGB trace mask; per-column pixel median; fixed axis endpoints; no smoothing,128eeb1ea3ad30f5a2ecf9194e2b784be37e837982dec3bdcb7b9db48aa4e7e4
2.958069,448,448.000,443.000,453.000,resolved_positive_count_read,0.001 <= alpha_L <= 1,0.01,5,11c,c,Dash-8,10,1524,778,2267.00,300 dpi raster RGB trace mask; per-column pixel median; fixed axis endpoints; no smoothing,128eeb1ea3ad30f5a2ecf9194e2b784be37e837982dec3bdcb7b9db48aa4e7e4
2.965693,449,449.167,444.167,454.167,resolved_positive_count_read,0.001 <= alpha_L <= 1,0.01,5,11c,c,Dash-8,10,1524,779,2266.00,300 dpi raster RGB trace mask; per-column pixel median; fixed axis endpoints; no smoothing,128eeb1ea3ad30f5a2ecf9194e2b784be37e837982dec3bdcb7b9db48aa4e7e4
2.973316,452,452.083,447.083,457.083,resolved_positive_count_read,0.001 <= alpha_L <= 1,0.01,5,11c,c,Dash-8,10,1524,780,2263.50,300 dpi raster RGB trace mask; per-column pixel median; fixed axis endpoints; no smoothing,128eeb1ea3ad30f5a2ecf9194e2b784be37e837982dec3bdcb7b9db48aa4e7e4
2.980940,454,453.833,448.833,458.833,resolved_positive_count_read,0.001 <= alpha_L <= 1,0.01,5,11c,c,Dash-8,10,1524,781,2262.00,300 dpi raster RGB trace mask; per-column pixel median; fixed axis endpoints; no smoothing,128eeb1ea3ad30f5a2ecf9194e2b784be37e837982dec3bdcb7b9db48aa4e7e4
2.988564,456,456.167,451.167,461.167,resolved_positive_count_read,0.001 <= alpha_L <= 1,0.01,5,11c,c,Dash-8,10,1524,782,2260.00,300 dpi raster RGB trace mask; per-column pixel median; fixed axis endpoints; no smoothing,128eeb1ea3ad30f5a2ecf9194e2b784be37e837982dec3bdcb7b9db48aa4e7e4
2.996188,458,457.917,452.917,462.917,resolved_positive_count_read,0.001 <= alpha_L <= 1,0.01,5,11c,c,Dash-8,10,1524,783,2258.50,300 dpi raster RGB trace mask; per-column pixel median; fixed axis endpoints; no smoothing,128eeb1ea3ad30f5a2ecf9194e2b784be37e837982dec3bdcb7b9db48aa4e7e4
3.003812,460,460.250,455.250,465.250,resolved_positive_count_read,0.001 <= alpha_L <= 1,0.01,5,11c,c,Dash-8,10,1524,784,2256.50,300 dpi raster RGB trace mask; per-column pixel median; fixed axis endpoints; no smoothing,128eeb1ea3ad30f5a2ecf9194e2b784be37e837982dec3bdcb7b9db48aa4e7e4
3.011436,462,462.000,457.000,467.000,resolved_positive_count_read,0.001 <= alpha_L <= 1,0.01,5,11c,c,Dash-8,10,1524,785,2255.00,300 dpi raster RGB trace mask; per-column pixel median; fixed axis endpoints; no smoothing,128eeb1ea3ad30f5a2ecf9194e2b784be37e837982dec3bdcb7b9db48aa4e7e4
3.019060,465,464.917,459.917,469.917,resolved_positive_count_read,0.001 <= alpha_L <= 1,0.01,5,11c,c,Dash-8,10,1524,786,2252.50,300 dpi raster RGB trace mask; per-column pixel median; fixed axis endpoints; no smoothing,128eeb1ea3ad30f5a2ecf9194e2b784be37e837982dec3bdcb7b9db48aa4e7e4
3.026684,467,466.667,461.667,471.667,resolved_positive_count_read,0.001 <= alpha_L <= 1,0.01,5,11c,c,Dash-8,10,1524,787,2251.00,300 dpi raster RGB trace mask; per-column pixel median; fixed axis endpoints; no smoothing,128eeb1ea3ad30f5a2ecf9194e2b784be37e837982dec3bdcb7b9db48aa4e7e4
3.034307,468,468.417,463.417,473.417,resolved_positive_count_read,0.001 <= alpha_L <= 1,0.01,5,11c,c,Dash-8,10,1524,788,2249.50,300 dpi raster RGB trace mask; per-column pixel median; fixed axis endpoints; no smoothing,128eeb1ea3ad30f5a2ecf9194e2b784be37e837982dec3bdcb7b9db48aa4e7e4
3.041931,471,470.750,465.750,475.750,resolved_positive_count_read,0.001 <= alpha_L <= 1,0.01,5,11c,c,Dash-8,10,1524,789,2247.50,300 dpi raster RGB trace mask; per-column pixel median; fixed axis endpoints; no smoothing,128eeb1ea3ad30f5a2ecf9194e2b784be37e837982dec3bdcb7b9db48aa4e7e4
3.049555,472,471.917,466.917,476.917,resolved_positive_count_read,0.001 <= alpha_L <= 1,0.01,5,11c,c,Dash-8,10,1524,790,2246.50,300 dpi raster RGB trace mask; per-column pixel median; fixed axis endpoints; no smoothing,128eeb1ea3ad30f5a2ecf9194e2b784be37e837982dec3bdcb7b9db48aa4e7e4
3.057179,474,474.250,469.250,479.250,resolved_positive_count_read,0.001 <= alpha_L <= 1,0.01,5,11c,c,Dash-8,10,1524,791,2244.50,300 dpi raster RGB trace mask; per-column pixel median; fixed axis endpoints; no smoothing,128eeb1ea3ad30f5a2ecf9194e2b784be37e837982dec3bdcb7b9db48aa4e7e4
3.064803,477,476.583,471.583,481.583,resolved_positive_count_read,0.001 <= alpha_L <= 1,0.01,5,11c,c,Dash-8,10,1524,792,2242.50,300 dpi raster RGB trace mask; per-column pixel median; fixed axis endpoints; no smoothing,128eeb1ea3ad30f5a2ecf9194e2b784be37e837982dec3bdcb7b9db48aa4e7e4
3.072427,478,478.333,473.333,483.333,resolved_positive_count_read,0.001 <= alpha_L <= 1,0.01,5,11c,c,Dash-8,10,1524,793,2241.00,300 dpi raster RGB trace mask; per-column pixel median; fixed axis endpoints; no smoothing,128eeb1ea3ad30f5a2ecf9194e2b784be37e837982dec3bdcb7b9db48aa4e7e4
3.080051,480,479.500,474.500,484.500,resolved_positive_count_read,0.001 <= alpha_L <= 1,0.01,5,11c,c,Dash-8,10,1524,794,2240.00,300 dpi raster RGB trace mask; per-column pixel median; fixed axis endpoints; no smoothing,128eeb1ea3ad30f5a2ecf9194e2b784be37e837982dec3bdcb7b9db48aa4e7e4
3.087675,481,480.667,475.667,485.667,resolved_positive_count_read,0.001 <= alpha_L <= 1,0.01,5,11c,c,Dash-8,10,1524,795,2239.00,300 dpi raster RGB trace mask; per-column pixel median; fixed axis endpoints; no smoothing,128eeb1ea3ad30f5a2ecf9194e2b784be37e837982dec3bdcb7b9db48aa4e7e4
3.095299,482,481.833,476.833,486.833,resolved_positive_count_read,0.001 <= alpha_L <= 1,0.01,5,11c,c,Dash-8,10,1524,796,2238.00,300 dpi raster RGB trace mask; per-column pixel median; fixed axis endpoints; no smoothing,128eeb1ea3ad30f5a2ecf9194e2b784be37e837982dec3bdcb7b9db48aa4e7e4
3.102922,482,481.833,476.833,486.833,resolved_positive_count_read,0.001 <= alpha_L <= 1,0.01,5,11c,c,Dash-8,10,1524,797,2238.00,300 dpi raster RGB trace mask; per-column pixel median; fixed axis endpoints; no smoothing,128eeb1ea3ad30f5a2ecf9194e2b784be37e837982dec3bdcb7b9db48aa4e7e4
3.110546,482,481.833,476.833,486.833,resolved_positive_count_read,0.001 <= alpha_L <= 1,0.01,5,11c,c,Dash-8,10,1524,798,2238.00,300 dpi raster RGB trace mask; per-column pixel median; fixed axis endpoints; no smoothing,128eeb1ea3ad30f5a2ecf9194e2b784be37e837982dec3bdcb7b9db48aa4e7e4
3.118170,481,481.250,476.250,486.250,resolved_positive_count_read,0.001 <= alpha_L <= 1,0.01,5,11c,c,Dash-8,10,1524,799,2238.50,300 dpi raster RGB trace mask; per-column pixel median; fixed axis endpoints; no smoothing,128eeb1ea3ad30f5a2ecf9194e2b784be37e837982dec3bdcb7b9db48aa4e7e4
3.125794,480,480.083,475.083,485.083,resolved_positive_count_read,0.001 <= alpha_L <= 1,0.01,5,11c,c,Dash-8,10,1524,800,2239.50,300 dpi raster RGB trace mask; per-column pixel median; fixed axis endpoints; no smoothing,128eeb1ea3ad30f5a2ecf9194e2b784be37e837982dec3bdcb7b9db48aa4e7e4
3.133418,479,478.917,473.917,483.917,resolved_positive_count_read,0.001 <= alpha_L <= 1,0.01,5,11c,c,Dash-8,10,1524,801,2240.50,300 dpi raster RGB trace mask; per-column pixel median; fixed axis endpoints; no smoothing,128eeb1ea3ad30f5a2ecf9194e2b784be37e837982dec3bdcb7b9db48aa4e7e4
3.141042,478,477.750,472.750,482.750,resolved_positive_count_read,0.001 <= alpha_L <= 1,0.01,5,11c,c,Dash-8,10,1524,802,2241.50,300 dpi raster RGB trace mask; per-column pixel median; fixed axis endpoints; no smoothing,128eeb1ea3ad30f5a2ecf9194e2b784be37e837982dec3bdcb7b9db48aa4e7e4
3.148666,477,476.583,471.583,481.583,resolved_positive_count_read,0.001 <= alpha_L <= 1,0.01,5,11c,c,Dash-8,10,1524,803,2242.50,300 dpi raster RGB trace mask; per-column pixel median; fixed axis endpoints; no smoothing,128eeb1ea3ad30f5a2ecf9194e2b784be37e837982dec3bdcb7b9db48aa4e7e4
3.156290,475,475.417,470.417,480.417,resolved_positive_count_read,0.001 <= alpha_L <= 1,0.01,5,11c,c,Dash-8,10,1524,804,2243.50,300 dpi raster RGB trace mask; per-column pixel median; fixed axis endpoints; no smoothing,128eeb1ea3ad30f5a2ecf9194e2b784be37e837982dec3bdcb7b9db48aa4e7e4
3.163914,474,474.250,469.250,479.250,resolved_positive_count_read,0.001 <= alpha_L <= 1,0.01,5,11c,c,Dash-8,10,1524,805,2244.50,300 dpi raster RGB trace mask; per-column pixel median; fixed axis endpoints; no smoothing,128eeb1ea3ad30f5a2ecf9194e2b784be37e837982dec3bdcb7b9db48aa4e7e4
3.171537,473,473.083,468.083,478.083,resolved_positive_count_read,0.001 <= alpha_L <= 1,0.01,5,11c,c,Dash-8,10,1524,806,2245.50,300 dpi raster RGB trace mask; per-column pixel median; fixed axis endpoints; no smoothing,128eeb1ea3ad30f5a2ecf9194e2b784be37e837982dec3bdcb7b9db48aa4e7e4
3.179161,472,471.917,466.917,476.917,resolved_positive_count_read,0.001 <= alpha_L <= 1,0.01,5,11c,c,Dash-8,10,1524,807,2246.50,300 dpi raster RGB trace mask; per-column pixel median; fixed axis endpoints; no smoothing,128eeb1ea3ad30f5a2ecf9194e2b784be37e837982dec3bdcb7b9db48aa4e7e4
3.186785,471,471.333,466.333,476.333,resolved_positive_count_read,0.001 <= alpha_L <= 1,0.01,5,11c,c,Dash-8,10,1524,808,2247.00,300 dpi raster RGB trace mask; per-column pixel median; fixed axis endpoints; no smoothing,128eeb1ea3ad30f5a2ecf9194e2b784be37e837982dec3bdcb7b9db48aa4e7e4
3.194409,471,471.333,466.333,476.333,resolved_positive_count_read,0.001 <= alpha_L <= 1,0.01,5,11c,c,Dash-8,10,1524,809,2247.00,300 dpi raster RGB trace mask; per-column pixel median; fixed axis endpoints; no smoothing,128eeb1ea3ad30f5a2ecf9194e2b784be37e837982dec3bdcb7b9db48aa4e7e4
3.202033,473,473.083,468.083,478.083,resolved_positive_count_read,0.001 <= alpha_L <= 1,0.01,5,11c,c,Dash-8,10,1524,810,2245.50,300 dpi raster RGB trace mask; per-column pixel median; fixed axis endpoints; no smoothing,128eeb1ea3ad30f5a2ecf9194e2b784be37e837982dec3bdcb7b9db48aa4e7e4
3.209657,474,474.250,469.250,479.250,resolved_positive_count_read,0.001 <= alpha_L <= 1,0.01,5,11c,c,Dash-8,10,1524,811,2244.50,300 dpi raster RGB trace mask; per-column pixel median; fixed axis endpoints; no smoothing,128eeb1ea3ad30f5a2ecf9194e2b784be37e837982dec3bdcb7b9db48aa4e7e4
3.217281,475,475.417,470.417,480.417,resolved_positive_count_read,0.001 <= alpha_L <= 1,0.01,5,11c,c,Dash-8,10,1524,812,2243.50,300 dpi raster RGB trace mask; per-column pixel median; fixed axis endpoints; no smoothing,128eeb1ea3ad30f5a2ecf9194e2b784be37e837982dec3bdcb7b9db48aa4e7e4
3.224905,477,477.167,472.167,482.167,resolved_positive_count_read,0.001 <= alpha_L <= 1,0.01,5,11c,c,Dash-8,10,1524,813,2242.00,300 dpi raster RGB trace mask; per-column pixel median; fixed axis endpoints; no smoothing,128eeb1ea3ad30f5a2ecf9194e2b784be37e837982dec3bdcb7b9db48aa4e7e4
3.232529,480,480.083,475.083,485.083,resolved_positive_count_read,0.001 <= alpha_L <= 1,0.01,5,11c,c,Dash-8,10,1524,814,2239.50,300 dpi raster RGB trace mask; per-column pixel median; fixed axis endpoints; no smoothing,128eeb1ea3ad30f5a2ecf9194e2b784be37e837982dec3bdcb7b9db48aa4e7e4
3.240152,481,481.250,476.250,486.250,resolved_positive_count_read,0.001 <= alpha_L <= 1,0.01,5,11c,c,Dash-8,10,1524,815,2238.50,300 dpi raster RGB trace mask; per-column pixel median; fixed axis endpoints; no smoothing,128eeb1ea3ad30f5a2ecf9194e2b784be37e837982dec3bdcb7b9db48aa4e7e4
3.247776,484,484.167,479.167,489.167,resolved_positive_count_read,0.001 <= alpha_L <= 1,0.01,5,11c,c,Dash-8,10,1524,816,2236.00,300 dpi raster RGB trace mask; per-column pixel median; fixed axis endpoints; no smoothing,128eeb1ea3ad30f5a2ecf9194e2b784be37e837982dec3bdcb7b9db48aa4e7e4
3.255400,487,486.500,481.500,491.500,resolved_positive_count_read,0.001 <= alpha_L <= 1,0.01,5,11c,c,Dash-8,10,1524,817,2234.00,300 dpi raster RGB trace mask; per-column pixel median; fixed axis endpoints; no smoothing,128eeb1ea3ad30f5a2ecf9194e2b784be37e837982dec3bdcb7b9db48aa4e7e4
3.263024,489,488.833,483.833,493.833,resolved_positive_count_read,0.001 <= alpha_L <= 1,0.01,5,11c,c,Dash-8,10,1524,818,2232.00,300 dpi raster RGB trace mask; per-column pixel median; fixed axis endpoints; no smoothing,128eeb1ea3ad30f5a2ecf9194e2b784be37e837982dec3bdcb7b9db48aa4e7e4
3.270648,491,491.167,486.167,496.167,resolved_positive_count_read,0.001 <= alpha_L <= 1,0.01,5,11c,c,Dash-8,10,1524,819,2230.00,300 dpi raster RGB trace mask; per-column pixel median; fixed axis endpoints; no smoothing,128eeb1ea3ad30f5a2ecf9194e2b784be37e837982dec3bdcb7b9db48aa4e7e4
3.278272,494,493.500,488.500,498.500,resolved_positive_count_read,0.001 <= alpha_L <= 1,0.01,5,11c,c,Dash-8,10,1524,820,2228.00,300 dpi raster RGB trace mask; per-column pixel median; fixed axis endpoints; no smoothing,128eeb1ea3ad30f5a2ecf9194e2b784be37e837982dec3bdcb7b9db48aa4e7e4
3.285896,495,495.250,490.250,500.250,resolved_positive_count_read,0.001 <= alpha_L <= 1,0.01,5,11c,c,Dash-8,10,1524,821,2226.50,300 dpi raster RGB trace mask; per-column pixel median; fixed axis endpoints; no smoothing,128eeb1ea3ad30f5a2ecf9194e2b784be37e837982dec3bdcb7b9db48aa4e7e4
3.293520,499,499.333,494.333,504.333,resolved_positive_count_read,0.001 <= alpha_L <= 1,0.01,5,11c,c,Dash-8,10,1524,822,2223.00,300 dpi raster RGB trace mask; per-column pixel median; fixed axis endpoints; no smoothing,128eeb1ea3ad30f5a2ecf9194e2b784be37e837982dec3bdcb7b9db48aa4e7e4
3.301144,502,501.667,496.667,506.667,resolved_positive_count_read,0.001 <= alpha_L <= 1,0.01,5,11c,c,Dash-8,10,1524,823,2221.00,300 dpi raster RGB trace mask; per-column pixel median; fixed axis endpoints; no smoothing,128eeb1ea3ad30f5a2ecf9194e2b784be37e837982dec3bdcb7b9db48aa4e7e4
3.308767,505,505.167,500.167,510.167,resolved_positive_count_read,0.001 <= alpha_L <= 1,0.01,5,11c,c,Dash-8,10,1524,824,2218.00,300 dpi raster RGB trace mask; per-column pixel median; fixed axis endpoints; no smoothing,128eeb1ea3ad30f5a2ecf9194e2b784be37e837982dec3bdcb7b9db48aa4e7e4
3.316391,508,508.083,503.083,513.083,resolved_positive_count_read,0.001 <= alpha_L <= 1,0.01,5,11c,c,Dash-8,10,1524,825,2215.50,300 dpi raster RGB trace mask; per-column pixel median; fixed axis endpoints; no smoothing,128eeb1ea3ad30f5a2ecf9194e2b784be37e837982dec3bdcb7b9db48aa4e7e4
3.324015,511,511.000,506.000,516.000,resolved_positive_count_read,0.001 <= alpha_L <= 1,0.01,5,11c,c,Dash-8,10,1524,826,2213.00,300 dpi raster RGB trace mask; per-column pixel median; fixed axis endpoints; no smoothing,128eeb1ea3ad30f5a2ecf9194e2b784be37e837982dec3bdcb7b9db48aa4e7e4
3.331639,515,514.500,509.500,519.500,resolved_positive_count_read,0.001 <= alpha_L <= 1,0.01,5,11c,c,Dash-8,10,1524,827,2210.00,300 dpi raster RGB trace mask; per-column pixel median; fixed axis endpoints; no smoothing,128eeb1ea3ad30f5a2ecf9194e2b784be37e837982dec3bdcb7b9db48aa4e7e4
3.339263,519,518.583,513.583,523.583,resolved_positive_count_read,0.001 <= alpha_L <= 1,0.01,5,11c,c,Dash-8,10,1524,828,2206.50,300 dpi raster RGB trace mask; per-column pixel median; fixed axis endpoints; no smoothing,128eeb1ea3ad30f5a2ecf9194e2b784be37e837982dec3bdcb7b9db48aa4e7e4
3.346887,522,522.083,517.083,527.083,resolved_positive_count_read,0.001 <= alpha_L <= 1,0.01,5,11c,c,Dash-8,10,1524,829,2203.50,300 dpi raster RGB trace mask; per-column pixel median; fixed axis endpoints; no smoothing,128eeb1ea3ad30f5a2ecf9194e2b784be37e837982dec3bdcb7b9db48aa4e7e4
3.354511,525,525.000,520.000,530.000,resolved_positive_count_read,0.001 <= alpha_L <= 1,0.01,5,11c,c,Dash-8,10,1524,830,2201.00,300 dpi raster RGB trace mask; per-column pixel median; fixed axis endpoints; no smoothing,128eeb1ea3ad30f5a2ecf9194e2b784be37e837982dec3bdcb7b9db48aa4e7e4
3.362135,529,529.083,524.083,534.083,resolved_positive_count_read,0.001 <= alpha_L <= 1,0.01,5,11c,c,Dash-8,10,1524,831,2197.50,300 dpi raster RGB trace mask; per-column pixel median; fixed axis endpoints; no smoothing,128eeb1ea3ad30f5a2ecf9194e2b784be37e837982dec3bdcb7b9db48aa4e7e4
3.369759,533,532.583,527.583,537.583,resolved_positive_count_read,0.001 <= alpha_L <= 1,0.01,5,11c,c,Dash-8,10,1524,832,2194.50,300 dpi raster RGB trace mask; per-column pixel median; fixed axis endpoints; no smoothing,128eeb1ea3ad30f5a2ecf9194e2b784be37e837982dec3bdcb7b9db48aa4e7e4
3.377382,536,536.083,531.083,541.083,resolved_positive_count_read,0.001 <= alpha_L <= 1,0.01,5,11c,c,Dash-8,10,1524,833,2191.50,300 dpi raster RGB trace mask; per-column pixel median; fixed axis endpoints; no smoothing,128eeb1ea3ad30f5a2ecf9194e2b784be37e837982dec3bdcb7b9db48aa4e7e4
3.385006,540,539.583,534.583,544.583,resolved_positive_count_read,0.001 <= alpha_L <= 1,0.01,5,11c,c,Dash-8,10,1524,834,2188.50,300 dpi raster RGB trace mask; per-column pixel median; fixed axis endpoints; no smoothing,128eeb1ea3ad30f5a2ecf9194e2b784be37e837982dec3bdcb7b9db48aa4e7e4
3.392630,543,543.083,538.083,548.083,resolved_positive_count_read,0.001 <= alpha_L <= 1,0.01,5,11c,c,Dash-8,10,1524,835,2185.50,300 dpi raster RGB trace mask; per-column pixel median; fixed axis endpoints; no smoothing,128eeb1ea3ad30f5a2ecf9194e2b784be37e837982dec3bdcb7b9db48aa4e7e4
3.400254,545,545.417,540.417,550.417,resolved_positive_count_read,0.001 <= alpha_L <= 1,0.01,5,11c,c,Dash-8,10,1524,836,2183.50,300 dpi raster RGB trace mask; per-column pixel median; fixed axis endpoints; no smoothing,128eeb1ea3ad30f5a2ecf9194e2b784be37e837982dec3bdcb7b9db48aa4e7e4
3.407878,550,550.083,545.083,555.083,resolved_positive_count_read,0.001 <= alpha_L <= 1,0.01,5,11c,c,Dash-8,10,1524,837,2179.50,300 dpi raster RGB trace mask; per-column pixel median; fixed axis endpoints; no smoothing,128eeb1ea3ad30f5a2ecf9194e2b784be37e837982dec3bdcb7b9db48aa4e7e4
3.415502,552,551.833,546.833,556.833,resolved_positive_count_read,0.001 <= alpha_L <= 1,0.01,5,11c,c,Dash-8,10,1524,838,2178.00,300 dpi raster RGB trace mask; per-column pixel median; fixed axis endpoints; no smoothing,128eeb1ea3ad30f5a2ecf9194e2b784be37e837982dec3bdcb7b9db48aa4e7e4
3.423126,555,555.333,550.333,560.333,resolved_positive_count_read,0.001 <= alpha_L <= 1,0.01,5,11c,c,Dash-8,10,1524,839,2175.00,300 dpi raster RGB trace mask; per-column pixel median; fixed axis endpoints; no smoothing,128eeb1ea3ad30f5a2ecf9194e2b784be37e837982dec3bdcb7b9db48aa4e7e4
3.430750,558,558.250,553.250,563.250,resolved_positive_count_read,0.001 <= alpha_L <= 1,0.01,5,11c,c,Dash-8,10,1524,840,2172.50,300 dpi raster RGB trace mask; per-column pixel median; fixed axis endpoints; no smoothing,128eeb1ea3ad30f5a2ecf9194e2b784be37e837982dec3bdcb7b9db48aa4e7e4
3.438374,561,561.167,556.167,566.167,resolved_positive_count_read,0.001 <= alpha_L <= 1,0.01,5,11c,c,Dash-8,10,1524,841,2170.00,300 dpi raster RGB trace mask; per-column pixel median; fixed axis endpoints; no smoothing,128eeb1ea3ad30f5a2ecf9194e2b784be37e837982dec3bdcb7b9db48aa4e7e4
3.445997,564,564.083,559.083,569.083,resolved_positive_count_read,0.001 <= alpha_L <= 1,0.01,5,11c,c,Dash-8,10,1524,842,2167.50,300 dpi raster RGB trace mask; per-column pixel median; fixed axis endpoints; no smoothing,128eeb1ea3ad30f5a2ecf9194e2b784be37e837982dec3bdcb7b9db48aa4e7e4
3.453621,567,567.000,562.000,572.000,resolved_positive_count_read,0.001 <= alpha_L <= 1,0.01,5,11c,c,Dash-8,10,1524,843,2165.00,300 dpi raster RGB trace mask; per-column pixel median; fixed axis endpoints; no smoothing,128eeb1ea3ad30f5a2ecf9194e2b784be37e837982dec3bdcb7b9db48aa4e7e4
3.461245,569,569.333,564.333,574.333,resolved_positive_count_read,0.001 <= alpha_L <= 1,0.01,5,11c,c,Dash-8,10,1524,844,2163.00,300 dpi raster RGB trace mask; per-column pixel median; fixed axis endpoints; no smoothing,128eeb1ea3ad30f5a2ecf9194e2b784be37e837982dec3bdcb7b9db48aa4e7e4
3.468869,573,572.833,567.833,577.833,resolved_positive_count_read,0.001 <= alpha_L <= 1,0.01,5,11c,c,Dash-8,10,1524,845,2160.00,300 dpi raster RGB trace mask; per-column pixel median; fixed axis endpoints; no smoothing,128eeb1ea3ad30f5a2ecf9194e2b784be37e837982dec3bdcb7b9db48aa4e7e4
3.476493,575,575.167,570.167,580.167,resolved_positive_count_read,0.001 <= alpha_L <= 1,0.01,5,11c,c,Dash-8,10,1524,846,2158.00,300 dpi raster RGB trace mask; per-column pixel median; fixed axis endpoints; no smoothing,128eeb1ea3ad30f5a2ecf9194e2b784be37e837982dec3bdcb7b9db48aa4e7e4
3.484117,578,577.500,572.500,582.500,resolved_positive_count_read,0.001 <= alpha_L <= 1,0.01,5,11c,c,Dash-8,10,1524,847,2156.00,300 dpi raster RGB trace mask; per-column pixel median; fixed axis endpoints; no smoothing,128eeb1ea3ad30f5a2ecf9194e2b784be37e837982dec3bdcb7b9db48aa4e7e4
3.491741,579,579.250,574.250,584.250,resolved_positive_count_read,0.001 <= alpha_L <= 1,0.01,5,11c,c,Dash-8,10,1524,848,2154.50,300 dpi raster RGB trace mask; per-column pixel median; fixed axis endpoints; no smoothing,128eeb1ea3ad30f5a2ecf9194e2b784be37e837982dec3bdcb7b9db48aa4e7e4
3.499365,580,580.417,575.417,585.417,resolved_positive_count_read,0.001 <= alpha_L <= 1,0.01,5,11c,c,Dash-8,10,1524,849,2153.50,300 dpi raster RGB trace mask; per-column pixel median; fixed axis endpoints; no smoothing,128eeb1ea3ad30f5a2ecf9194e2b784be37e837982dec3bdcb7b9db48aa4e7e4
3.506989,581,581.000,576.000,586.000,resolved_positive_count_read,0.001 <= alpha_L <= 1,0.01,5,11c,c,Dash-8,10,1524,850,2153.00,300 dpi raster RGB trace mask; per-column pixel median; fixed axis endpoints; no smoothing,128eeb1ea3ad30f5a2ecf9194e2b784be37e837982dec3bdcb7b9db48aa4e7e4
3.514612,582,581.583,576.583,586.583,resolved_positive_count_read,0.001 <= alpha_L <= 1,0.01,5,11c,c,Dash-8,10,1524,851,2152.50,300 dpi raster RGB trace mask; per-column pixel median; fixed axis endpoints; no smoothing,128eeb1ea3ad30f5a2ecf9194e2b784be37e837982dec3bdcb7b9db48aa4e7e4
3.522236,581,581.000,576.000,586.000,resolved_positive_count_read,0.001 <= alpha_L <= 1,0.01,5,11c,c,Dash-8,10,1524,852,2153.00,300 dpi raster RGB trace mask; per-column pixel median; fixed axis endpoints; no smoothing,128eeb1ea3ad30f5a2ecf9194e2b784be37e837982dec3bdcb7b9db48aa4e7e4
3.529860,580,579.833,574.833,584.833,resolved_positive_count_read,0.001 <= alpha_L <= 1,0.01,5,11c,c,Dash-8,10,1524,853,2154.00,300 dpi raster RGB trace mask; per-column pixel median; fixed axis endpoints; no smoothing,128eeb1ea3ad30f5a2ecf9194e2b784be37e837982dec3bdcb7b9db48aa4e7e4
3.537484,579,578.667,573.667,583.667,resolved_positive_count_read,0.001 <= alpha_L <= 1,0.01,5,11c,c,Dash-8,10,1524,854,2155.00,300 dpi raster RGB trace mask; per-column pixel median; fixed axis endpoints; no smoothing,128eeb1ea3ad30f5a2ecf9194e2b784be37e837982dec3bdcb7b9db48aa4e7e4
3.545108,576,576.333,571.333,581.333,resolved_positive_count_read,0.001 <= alpha_L <= 1,0.01,5,11c,c,Dash-8,10,1524,855,2157.00,300 dpi raster RGB trace mask; per-column pixel median; fixed axis endpoints; no smoothing,128eeb1ea3ad30f5a2ecf9194e2b784be37e837982dec3bdcb7b9db48aa4e7e4
3.552732,575,575.167,570.167,580.167,resolved_positive_count_read,0.001 <= alpha_L <= 1,0.01,5,11c,c,Dash-8,10,1524,856,2158.00,300 dpi raster RGB trace mask; per-column pixel median; fixed axis endpoints; no smoothing,128eeb1ea3ad30f5a2ecf9194e2b784be37e837982dec3bdcb7b9db48aa4e7e4
3.560356,573,573.417,568.417,578.417,resolved_positive_count_read,0.001 <= alpha_L <= 1,0.01,5,11c,c,Dash-8,10,1524,857,2159.50,300 dpi raster RGB trace mask; per-column pixel median; fixed axis endpoints; no smoothing,128eeb1ea3ad30f5a2ecf9194e2b784be37e837982dec3bdcb7b9db48aa4e7e4
3.567980,573,572.833,567.833,577.833,resolved_positive_count_read,0.001 <= alpha_L <= 1,0.01,5,11c,c,Dash-8,10,1524,858,2160.00,300 dpi raster RGB trace mask; per-column pixel median; fixed axis endpoints; no smoothing,128eeb1ea3ad30f5a2ecf9194e2b784be37e837982dec3bdcb7b9db48aa4e7e4
3.575604,571,570.500,565.500,575.500,resolved_positive_count_read,0.001 <= alpha_L <= 1,0.01,5,11c,c,Dash-8,10,1524,859,2162.00,300 dpi raster RGB trace mask; per-column pixel median; fixed axis endpoints; no smoothing,128eeb1ea3ad30f5a2ecf9194e2b784be37e837982dec3bdcb7b9db48aa4e7e4
3.583227,569,569.333,564.333,574.333,resolved_positive_count_read,0.001 <= alpha_L <= 1,0.01,5,11c,c,Dash-8,10,1524,860,2163.00,300 dpi raster RGB trace mask; per-column pixel median; fixed axis endpoints; no smoothing,128eeb1ea3ad30f5a2ecf9194e2b784be37e837982dec3bdcb7b9db48aa4e7e4
3.590851,569,568.750,563.750,573.750,resolved_positive_count_read,0.001 <= alpha_L <= 1,0.01,5,11c,c,Dash-8,10,1524,861,2163.50,300 dpi raster RGB trace mask; per-column pixel median; fixed axis endpoints; no smoothing,128eeb1ea3ad30f5a2ecf9194e2b784be37e837982dec3bdcb7b9db48aa4e7e4
3.598475,568,568.167,563.167,573.167,resolved_positive_count_read,0.001 <= alpha_L <= 1,0.01,5,11c,c,Dash-8,10,1524,862,2164.00,300 dpi raster RGB trace mask; per-column pixel median; fixed axis endpoints; no smoothing,128eeb1ea3ad30f5a2ecf9194e2b784be37e837982dec3bdcb7b9db48aa4e7e4
3.606099,566,566.417,561.417,571.417,resolved_positive_count_read,0.001 <= alpha_L <= 1,0.01,5,11c,c,Dash-8,10,1524,863,2165.50,300 dpi raster RGB trace mask; per-column pixel median; fixed axis endpoints; no smoothing,128eeb1ea3ad30f5a2ecf9194e2b784be37e837982dec3bdcb7b9db48aa4e7e4
3.613723,566,565.833,560.833,570.833,resolved_positive_count_read,0.001 <= alpha_L <= 1,0.01,5,11c,c,Dash-8,10,1524,864,2166.00,300 dpi raster RGB trace mask; per-column pixel median; fixed axis endpoints; no smoothing,128eeb1ea3ad30f5a2ecf9194e2b784be37e837982dec3bdcb7b9db48aa4e7e4
3.621347,566,565.833,560.833,570.833,resolved_positive_count_read,0.001 <= alpha_L <= 1,0.01,5,11c,c,Dash-8,10,1524,865,2166.00,300 dpi raster RGB trace mask; per-column pixel median; fixed axis endpoints; no smoothing,128eeb1ea3ad30f5a2ecf9194e2b784be37e837982dec3bdcb7b9db48aa4e7e4
3.628971,566,565.833,560.833,570.833,resolved_positive_count_read,0.001 <= alpha_L <= 1,0.01,5,11c,c,Dash-8,10,1524,866,2166.00,300 dpi raster RGB trace mask; per-column pixel median; fixed axis endpoints; no smoothing,128eeb1ea3ad30f5a2ecf9194e2b784be37e837982dec3bdcb7b9db48aa4e7e4
3.636595,566,565.833,560.833,570.833,resolved_positive_count_read,0.001 <= alpha_L <= 1,0.01,5,11c,c,Dash-8,10,1524,867,2166.00,300 dpi raster RGB trace mask; per-column pixel median; fixed axis endpoints; no smoothing,128eeb1ea3ad30f5a2ecf9194e2b784be37e837982dec3bdcb7b9db48aa4e7e4
3.644219,566,565.833,560.833,570.833,resolved_positive_count_read,0.001 <= alpha_L <= 1,0.01,5,11c,c,Dash-8,10,1524,868,2166.00,300 dpi raster RGB trace mask; per-column pixel median; fixed axis endpoints; no smoothing,128eeb1ea3ad30f5a2ecf9194e2b784be37e837982dec3bdcb7b9db48aa4e7e4
3.651842,565,565.250,560.250,570.250,resolved_positive_count_read,0.001 <= alpha_L <= 1,0.01,5,11c,c,Dash-8,10,1524,869,2166.50,300 dpi raster RGB trace mask; per-column pixel median; fixed axis endpoints; no smoothing,128eeb1ea3ad30f5a2ecf9194e2b784be37e837982dec3bdcb7b9db48aa4e7e4
3.659466,565,564.667,559.667,569.667,resolved_positive_count_read,0.001 <= alpha_L <= 1,0.01,5,11c,c,Dash-8,10,1524,870,2167.00,300 dpi raster RGB trace mask; per-column pixel median; fixed axis endpoints; no smoothing,128eeb1ea3ad30f5a2ecf9194e2b784be37e837982dec3bdcb7b9db48aa4e7e4
3.667090,565,564.667,559.667,569.667,resolved_positive_count_read,0.001 <= alpha_L <= 1,0.01,5,11c,c,Dash-8,10,1524,871,2167.00,300 dpi raster RGB trace mask; per-column pixel median; fixed axis endpoints; no smoothing,128eeb1ea3ad30f5a2ecf9194e2b784be37e837982dec3bdcb7b9db48aa4e7e4
3.674714,565,564.667,559.667,569.667,resolved_positive_count_read,0.001 <= alpha_L <= 1,0.01,5,11c,c,Dash-8,10,1524,872,2167.00,300 dpi raster RGB trace mask; per-column pixel median; fixed axis endpoints; no smoothing,128eeb1ea3ad30f5a2ecf9194e2b784be37e837982dec3bdcb7b9db48aa4e7e4
3.682338,565,565.250,560.250,570.250,resolved_positive_count_read,0.001 <= alpha_L <= 1,0.01,5,11c,c,Dash-8,10,1524,873,2166.50,300 dpi raster RGB trace mask; per-column pixel median; fixed axis endpoints; no smoothing,128eeb1ea3ad30f5a2ecf9194e2b784be37e837982dec3bdcb7b9db48aa4e7e4
3.689962,566,565.833,560.833,570.833,resolved_positive_count_read,0.001 <= alpha_L <= 1,0.01,5,11c,c,Dash-8,10,1524,874,2166.00,300 dpi raster RGB trace mask; per-column pixel median; fixed axis endpoints; no smoothing,128eeb1ea3ad30f5a2ecf9194e2b784be37e837982dec3bdcb7b9db48aa4e7e4
3.697586,568,567.583,562.583,572.583,resolved_positive_count_read,0.001 <= alpha_L <= 1,0.01,5,11c,c,Dash-8,10,1524,875,2164.50,300 dpi raster RGB trace mask; per-column pixel median; fixed axis endpoints; no smoothing,128eeb1ea3ad30f5a2ecf9194e2b784be37e837982dec3bdcb7b9db48aa4e7e4
3.705210,569,569.333,564.333,574.333,resolved_positive_count_read,0.001 <= alpha_L <= 1,0.01,5,11c,c,Dash-8,10,1524,876,2163.00,300 dpi raster RGB trace mask; per-column pixel median; fixed axis endpoints; no smoothing,128eeb1ea3ad30f5a2ecf9194e2b784be37e837982dec3bdcb7b9db48aa4e7e4
3.712834,571,570.500,565.500,575.500,resolved_positive_count_read,0.001 <= alpha_L <= 1,0.01,5,11c,c,Dash-8,10,1524,877,2162.00,300 dpi raster RGB trace mask; per-column pixel median; fixed axis endpoints; no smoothing,128eeb1ea3ad30f5a2ecf9194e2b784be37e837982dec3bdcb7b9db48aa4e7e4
3.720457,573,572.833,567.833,577.833,resolved_positive_count_read,0.001 <= alpha_L <= 1,0.01,5,11c,c,Dash-8,10,1524,878,2160.00,300 dpi raster RGB trace mask; per-column pixel median; fixed axis endpoints; no smoothing,128eeb1ea3ad30f5a2ecf9194e2b784be37e837982dec3bdcb7b9db48aa4e7e4
3.728081,574,574.000,569.000,579.000,resolved_positive_count_read,0.001 <= alpha_L <= 1,0.01,5,11c,c,Dash-8,10,1524,879,2159.00,300 dpi raster RGB trace mask; per-column pixel median; fixed axis endpoints; no smoothing,128eeb1ea3ad30f5a2ecf9194e2b784be37e837982dec3bdcb7b9db48aa4e7e4
3.735705,577,576.917,571.917,581.917,resolved_positive_count_read,0.001 <= alpha_L <= 1,0.01,5,11c,c,Dash-8,10,1524,880,2156.50,300 dpi raster RGB trace mask; per-column pixel median; fixed axis endpoints; no smoothing,128eeb1ea3ad30f5a2ecf9194e2b784be37e837982dec3bdcb7b9db48aa4e7e4
3.743329,580,580.417,575.417,585.417,resolved_positive_count_read,0.001 <= alpha_L <= 1,0.01,5,11c,c,Dash-8,10,1524,881,2153.50,300 dpi raster RGB trace mask; per-column pixel median; fixed axis endpoints; no smoothing,128eeb1ea3ad30f5a2ecf9194e2b784be37e837982dec3bdcb7b9db48aa4e7e4
3.750953,583,583.333,578.333,588.333,resolved_positive_count_read,0.001 <= alpha_L <= 1,0.01,5,11c,c,Dash-8,10,1524,882,2151.00,300 dpi raster RGB trace mask; per-column pixel median; fixed axis endpoints; no smoothing,128eeb1ea3ad30f5a2ecf9194e2b784be37e837982dec3bdcb7b9db48aa4e7e4
3.758577,585,585.083,580.083,590.083,resolved_positive_count_read,0.001 <= alpha_L <= 1,0.01,5,11c,c,Dash-8,10,1524,883,2149.50,300 dpi raster RGB trace mask; per-column pixel median; fixed axis endpoints; no smoothing,128eeb1ea3ad30f5a2ecf9194e2b784be37e837982dec3bdcb7b9db48aa4e7e4
3.766201,589,588.583,583.583,593.583,resolved_positive_count_read,0.001 <= alpha_L <= 1,0.01,5,11c,c,Dash-8,10,1524,884,2146.50,300 dpi raster RGB trace mask; per-column pixel median; fixed axis endpoints; no smoothing,128eeb1ea3ad30f5a2ecf9194e2b784be37e837982dec3bdcb7b9db48aa4e7e4
3.773825,591,590.917,585.917,595.917,resolved_positive_count_read,0.001 <= alpha_L <= 1,0.01,5,11c,c,Dash-8,10,1524,885,2144.50,300 dpi raster RGB trace mask; per-column pixel median; fixed axis endpoints; no smoothing,128eeb1ea3ad30f5a2ecf9194e2b784be37e837982dec3bdcb7b9db48aa4e7e4
3.781449,593,593.250,588.250,598.250,resolved_positive_count_read,0.001 <= alpha_L <= 1,0.01,5,11c,c,Dash-8,10,1524,886,2142.50,300 dpi raster RGB trace mask; per-column pixel median; fixed axis endpoints; no smoothing,128eeb1ea3ad30f5a2ecf9194e2b784be37e837982dec3bdcb7b9db48aa4e7e4
3.789072,595,595.000,590.000,600.000,resolved_positive_count_read,0.001 <= alpha_L <= 1,0.01,5,11c,c,Dash-8,10,1524,887,2141.00,300 dpi raster RGB trace mask; per-column pixel median; fixed axis endpoints; no smoothing,128eeb1ea3ad30f5a2ecf9194e2b784be37e837982dec3bdcb7b9db48aa4e7e4
3.796696,597,596.750,591.750,601.750,resolved_positive_count_read,0.001 <= alpha_L <= 1,0.01,5,11c,c,Dash-8,10,1524,888,2139.50,300 dpi raster RGB trace mask; per-column pixel median; fixed axis endpoints; no smoothing,128eeb1ea3ad30f5a2ecf9194e2b784be37e837982dec3bdcb7b9db48aa4e7e4
3.804320,599,598.500,593.500,603.500,resolved_positive_count_read,0.001 <= alpha_L <= 1,0.01,5,11c,c,Dash-8,10,1524,889,2138.00,300 dpi raster RGB trace mask; per-column pixel median; fixed axis endpoints; no smoothing,128eeb1ea3ad30f5a2ecf9194e2b784be37e837982dec3bdcb7b9db48aa4e7e4
3.811944,601,600.833,595.833,605.833,resolved_positive_count_read,0.001 <= alpha_L <= 1,0.01,5,11c,c,Dash-8,10,1524,890,2136.00,300 dpi raster RGB trace mask; per-column pixel median; fixed axis endpoints; no smoothing,128eeb1ea3ad30f5a2ecf9194e2b784be37e837982dec3bdcb7b9db48aa4e7e4
3.819568,603,602.583,597.583,607.583,resolved_positive_count_read,0.001 <= alpha_L <= 1,0.01,5,11c,c,Dash-8,10,1524,891,2134.50,300 dpi raster RGB trace mask; per-column pixel median; fixed axis endpoints; no smoothing,128eeb1ea3ad30f5a2ecf9194e2b784be37e837982dec3bdcb7b9db48aa4e7e4
3.827192,603,603.167,598.167,608.167,resolved_positive_count_read,0.001 <= alpha_L <= 1,0.01,5,11c,c,Dash-8,10,1524,892,2134.00,300 dpi raster RGB trace mask; per-column pixel median; fixed axis endpoints; no smoothing,128eeb1ea3ad30f5a2ecf9194e2b784be37e837982dec3bdcb7b9db48aa4e7e4
3.834816,604,604.333,599.333,609.333,resolved_positive_count_read,0.001 <= alpha_L <= 1,0.01,5,11c,c,Dash-8,10,1524,893,2133.00,300 dpi raster RGB trace mask; per-column pixel median; fixed axis endpoints; no smoothing,128eeb1ea3ad30f5a2ecf9194e2b784be37e837982dec3bdcb7b9db48aa4e7e4
3.842440,606,605.500,600.500,610.500,resolved_positive_count_read,0.001 <= alpha_L <= 1,0.01,5,11c,c,Dash-8,10,1524,894,2132.00,300 dpi raster RGB trace mask; per-column pixel median; fixed axis endpoints; no smoothing,128eeb1ea3ad30f5a2ecf9194e2b784be37e837982dec3bdcb7b9db48aa4e7e4
3.850064,607,606.667,601.667,611.667,resolved_positive_count_read,0.001 <= alpha_L <= 1,0.01,5,11c,c,Dash-8,10,1524,895,2131.00,300 dpi raster RGB trace mask; per-column pixel median; fixed axis endpoints; no smoothing,128eeb1ea3ad30f5a2ecf9194e2b784be37e837982dec3bdcb7b9db48aa4e7e4
3.857687,607,607.250,602.250,612.250,resolved_positive_count_read,0.001 <= alpha_L <= 1,0.01,5,11c,c,Dash-8,10,1524,896,2130.50,300 dpi raster RGB trace mask; per-column pixel median; fixed axis endpoints; no smoothing,128eeb1ea3ad30f5a2ecf9194e2b784be37e837982dec3bdcb7b9db48aa4e7e4
3.865311,608,607.833,602.833,612.833,resolved_positive_count_read,0.001 <= alpha_L <= 1,0.01,5,11c,c,Dash-8,10,1524,897,2130.00,300 dpi raster RGB trace mask; per-column pixel median; fixed axis endpoints; no smoothing,128eeb1ea3ad30f5a2ecf9194e2b784be37e837982dec3bdcb7b9db48aa4e7e4
3.872935,609,609.000,604.000,614.000,resolved_positive_count_read,0.001 <= alpha_L <= 1,0.01,5,11c,c,Dash-8,10,1524,898,2129.00,300 dpi raster RGB trace mask; per-column pixel median; fixed axis endpoints; no smoothing,128eeb1ea3ad30f5a2ecf9194e2b784be37e837982dec3bdcb7b9db48aa4e7e4
3.880559,610,610.167,605.167,615.167,resolved_positive_count_read,0.001 <= alpha_L <= 1,0.01,5,11c,c,Dash-8,10,1524,899,2128.00,300 dpi raster RGB trace mask; per-column pixel median; fixed axis endpoints; no smoothing,128eeb1ea3ad30f5a2ecf9194e2b784be37e837982dec3bdcb7b9db48aa4e7e4
3.888183,611,611.333,606.333,616.333,resolved_positive_count_read,0.001 <= alpha_L <= 1,0.01,5,11c,c,Dash-8,10,1524,900,2127.00,300 dpi raster RGB trace mask; per-column pixel median; fixed axis endpoints; no smoothing,128eeb1ea3ad30f5a2ecf9194e2b784be37e837982dec3bdcb7b9db48aa4e7e4
3.895807,613,612.500,607.500,617.500,resolved_positive_count_read,0.001 <= alpha_L <= 1,0.01,5,11c,c,Dash-8,10,1524,901,2126.00,300 dpi raster RGB trace mask; per-column pixel median; fixed axis endpoints; no smoothing,128eeb1ea3ad30f5a2ecf9194e2b784be37e837982dec3bdcb7b9db48aa4e7e4
3.903431,614,614.250,609.250,619.250,resolved_positive_count_read,0.001 <= alpha_L <= 1,0.01,5,11c,c,Dash-8,10,1524,902,2124.50,300 dpi raster RGB trace mask; per-column pixel median; fixed axis endpoints; no smoothing,128eeb1ea3ad30f5a2ecf9194e2b784be37e837982dec3bdcb7b9db48aa4e7e4
3.911055,615,615.417,610.417,620.417,resolved_positive_count_read,0.001 <= alpha_L <= 1,0.01,5,11c,c,Dash-8,10,1524,903,2123.50,300 dpi raster RGB trace mask; per-column pixel median; fixed axis endpoints; no smoothing,128eeb1ea3ad30f5a2ecf9194e2b784be37e837982dec3bdcb7b9db48aa4e7e4
3.918679,617,617.167,612.167,622.167,resolved_positive_count_read,0.001 <= alpha_L <= 1,0.01,5,11c,c,Dash-8,10,1524,904,2122.00,300 dpi raster RGB trace mask; per-column pixel median; fixed axis endpoints; no smoothing,128eeb1ea3ad30f5a2ecf9194e2b784be37e837982dec3bdcb7b9db48aa4e7e4
3.926302,620,619.500,614.500,624.500,resolved_positive_count_read,0.001 <= alpha_L <= 1,0.01,5,11c,c,Dash-8,10,1524,905,2120.00,300 dpi raster RGB trace mask; per-column pixel median; fixed axis endpoints; no smoothing,128eeb1ea3ad30f5a2ecf9194e2b784be37e837982dec3bdcb7b9db48aa4e7e4
3.933926,620,620.083,615.083,625.083,resolved_positive_count_read,0.001 <= alpha_L <= 1,0.01,5,11c,c,Dash-8,10,1524,906,2119.50,300 dpi raster RGB trace mask; per-column pixel median; fixed axis endpoints; no smoothing,128eeb1ea3ad30f5a2ecf9194e2b784be37e837982dec3bdcb7b9db48aa4e7e4
3.941550,622,622.417,617.417,627.417,resolved_positive_count_read,0.001 <= alpha_L <= 1,0.01,5,11c,c,Dash-8,10,1524,907,2117.50,300 dpi raster RGB trace mask; per-column pixel median; fixed axis endpoints; no smoothing,128eeb1ea3ad30f5a2ecf9194e2b784be37e837982dec3bdcb7b9db48aa4e7e4
3.949174,625,624.750,619.750,629.750,resolved_positive_count_read,0.001 <= alpha_L <= 1,0.01,5,11c,c,Dash-8,10,1524,908,2115.50,300 dpi raster RGB trace mask; per-column pixel median; fixed axis endpoints; no smoothing,128eeb1ea3ad30f5a2ecf9194e2b784be37e837982dec3bdcb7b9db48aa4e7e4
3.956798,627,626.500,621.500,631.500,resolved_positive_count_read,0.001 <= alpha_L <= 1,0.01,5,11c,c,Dash-8,10,1524,909,2114.00,300 dpi raster RGB trace mask; per-column pixel median; fixed axis endpoints; no smoothing,128eeb1ea3ad30f5a2ecf9194e2b784be37e837982dec3bdcb7b9db48aa4e7e4
3.964422,628,628.250,623.250,633.250,resolved_positive_count_read,0.001 <= alpha_L <= 1,0.01,5,11c,c,Dash-8,10,1524,910,2112.50,300 dpi raster RGB trace mask; per-column pixel median; fixed axis endpoints; no smoothing,128eeb1ea3ad30f5a2ecf9194e2b784be37e837982dec3bdcb7b9db48aa4e7e4
3.972046,631,630.583,625.583,635.583,resolved_positive_count_read,0.001 <= alpha_L <= 1,0.01,5,11c,c,Dash-8,10,1524,911,2110.50,300 dpi raster RGB trace mask; per-column pixel median; fixed axis endpoints; no smoothing,128eeb1ea3ad30f5a2ecf9194e2b784be37e837982dec3bdcb7b9db48aa4e7e4
3.979670,632,631.750,626.750,636.750,resolved_positive_count_read,0.001 <= alpha_L <= 1,0.01,5,11c,c,Dash-8,10,1524,912,2109.50,300 dpi raster RGB trace mask; per-column pixel median; fixed axis endpoints; no smoothing,128eeb1ea3ad30f5a2ecf9194e2b784be37e837982dec3bdcb7b9db48aa4e7e4
3.987294,634,634.083,629.083,639.083,resolved_positive_count_read,0.001 <= alpha_L <= 1,0.01,5,11c,c,Dash-8,10,1524,913,2107.50,300 dpi raster RGB trace mask; per-column pixel median; fixed axis endpoints; no smoothing,128eeb1ea3ad30f5a2ecf9194e2b784be37e837982dec3bdcb7b9db48aa4e7e4
3.994917,636,636.417,631.417,641.417,resolved_positive_count_read,0.001 <= alpha_L <= 1,0.01,5,11c,c,Dash-8,10,1524,914,2105.50,300 dpi raster RGB trace mask; per-column pixel median; fixed axis endpoints; no smoothing,128eeb1ea3ad30f5a2ecf9194e2b784be37e837982dec3bdcb7b9db48aa4e7e4
4.002541,639,638.750,633.750,643.750,resolved_positive_count_read,0.001 <= alpha_L <= 1,0.01,5,11c,c,Dash-8,10,1524,915,2103.50,300 dpi raster RGB trace mask; per-column pixel median; fixed axis endpoints; no smoothing,128eeb1ea3ad30f5a2ecf9194e2b784be37e837982dec3bdcb7b9db48aa4e7e4
4.010165,640,639.917,634.917,644.917,resolved_positive_count_read,0.001 <= alpha_L <= 1,0.01,5,11c,c,Dash-8,10,1524,916,2102.50,300 dpi raster RGB trace mask; per-column pixel median; fixed axis endpoints; no smoothing,128eeb1ea3ad30f5a2ecf9194e2b784be37e837982dec3bdcb7b9db48aa4e7e4
4.017789,643,642.833,637.833,647.833,resolved_positive_count_read,0.001 <= alpha_L <= 1,0.01,5,11c,c,Dash-8,10,1524,917,2100.00,300 dpi raster RGB trace mask; per-column pixel median; fixed axis endpoints; no smoothing,128eeb1ea3ad30f5a2ecf9194e2b784be37e837982dec3bdcb7b9db48aa4e7e4
4.025413,645,644.583,639.583,649.583,resolved_positive_count_read,0.001 <= alpha_L <= 1,0.01,5,11c,c,Dash-8,10,1524,918,2098.50,300 dpi raster RGB trace mask; per-column pixel median; fixed axis endpoints; no smoothing,128eeb1ea3ad30f5a2ecf9194e2b784be37e837982dec3bdcb7b9db48aa4e7e4
4.033037,646,646.333,641.333,651.333,resolved_positive_count_read,0.001 <= alpha_L <= 1,0.01,5,11c,c,Dash-8,10,1524,919,2097.00,300 dpi raster RGB trace mask; per-column pixel median; fixed axis endpoints; no smoothing,128eeb1ea3ad30f5a2ecf9194e2b784be37e837982dec3bdcb7b9db48aa4e7e4
4.040661,649,648.667,643.667,653.667,resolved_positive_count_read,0.001 <= alpha_L <= 1,0.01,5,11c,c,Dash-8,10,1524,920,2095.00,300 dpi raster RGB trace mask; per-column pixel median; fixed axis endpoints; no smoothing,128eeb1ea3ad30f5a2ecf9194e2b784be37e837982dec3bdcb7b9db48aa4e7e4
4.048285,652,651.583,646.583,656.583,resolved_positive_count_read,0.001 <= alpha_L <= 1,0.01,5,11c,c,Dash-8,10,1524,921,2092.50,300 dpi raster RGB trace mask; per-column pixel median; fixed axis endpoints; no smoothing,128eeb1ea3ad30f5a2ecf9194e2b784be37e837982dec3bdcb7b9db48aa4e7e4
4.055909,653,653.333,648.333,658.333,resolved_positive_count_read,0.001 <= alpha_L <= 1,0.01,5,11c,c,Dash-8,10,1524,922,2091.00,300 dpi raster RGB trace mask; per-column pixel median; fixed axis endpoints; no smoothing,128eeb1ea3ad30f5a2ecf9194e2b784be37e837982dec3bdcb7b9db48aa4e7e4
4.063532,656,655.667,650.667,660.667,resolved_positive_count_read,0.001 <= alpha_L <= 1,0.01,5,11c,c,Dash-8,10,1524,923,2089.00,300 dpi raster RGB trace mask; per-column pixel median; fixed axis endpoints; no smoothing,128eeb1ea3ad30f5a2ecf9194e2b784be37e837982dec3bdcb7b9db48aa4e7e4
4.071156,658,658.000,653.000,663.000,resolved_positive_count_read,0.001 <= alpha_L <= 1,0.01,5,11c,c,Dash-8,10,1524,924,2087.00,300 dpi raster RGB trace mask; per-column pixel median; fixed axis endpoints; no smoothing,128eeb1ea3ad30f5a2ecf9194e2b784be37e837982dec3bdcb7b9db48aa4e7e4
4.078780,660,659.750,654.750,664.750,resolved_positive_count_read,0.001 <= alpha_L <= 1,0.01,5,11c,c,Dash-8,10,1524,925,2085.50,300 dpi raster RGB trace mask; per-column pixel median; fixed axis endpoints; no smoothing,128eeb1ea3ad30f5a2ecf9194e2b784be37e837982dec3bdcb7b9db48aa4e7e4
4.086404,660,660.333,655.333,665.333,resolved_positive_count_read,0.001 <= alpha_L <= 1,0.01,5,11c,c,Dash-8,10,1524,926,2085.00,300 dpi raster RGB trace mask; per-column pixel median; fixed axis endpoints; no smoothing,128eeb1ea3ad30f5a2ecf9194e2b784be37e837982dec3bdcb7b9db48aa4e7e4
4.094028,660,660.333,655.333,665.333,resolved_positive_count_read,0.001 <= alpha_L <= 1,0.01,5,11c,c,Dash-8,10,1524,927,2085.00,300 dpi raster RGB trace mask; per-column pixel median; fixed axis endpoints; no smoothing,128eeb1ea3ad30f5a2ecf9194e2b784be37e837982dec3bdcb7b9db48aa4e7e4
4.101652,657,657.417,652.417,662.417,resolved_positive_count_read,0.001 <= alpha_L <= 1,0.01,5,11c,c,Dash-8,10,1524,928,2087.50,300 dpi raster RGB trace mask; per-column pixel median; fixed axis endpoints; no smoothing,128eeb1ea3ad30f5a2ecf9194e2b784be37e837982dec3bdcb7b9db48aa4e7e4
4.109276,655,655.083,650.083,660.083,resolved_positive_count_read,0.001 <= alpha_L <= 1,0.01,5,11c,c,Dash-8,10,1524,929,2089.50,300 dpi raster RGB trace mask; per-column pixel median; fixed axis endpoints; no smoothing,128eeb1ea3ad30f5a2ecf9194e2b784be37e837982dec3bdcb7b9db48aa4e7e4
4.116900,653,652.750,647.750,657.750,resolved_positive_count_read,0.001 <= alpha_L <= 1,0.01,5,11c,c,Dash-8,10,1524,930,2091.50,300 dpi raster RGB trace mask; per-column pixel median; fixed axis endpoints; no smoothing,128eeb1ea3ad30f5a2ecf9194e2b784be37e837982dec3bdcb7b9db48aa4e7e4
4.124524,650,650.417,645.417,655.417,resolved_positive_count_read,0.001 <= alpha_L <= 1,0.01,5,11c,c,Dash-8,10,1524,931,2093.50,300 dpi raster RGB trace mask; per-column pixel median; fixed axis endpoints; no smoothing,128eeb1ea3ad30f5a2ecf9194e2b784be37e837982dec3bdcb7b9db48aa4e7e4
4.132147,646,645.750,640.750,650.750,resolved_positive_count_read,0.001 <= alpha_L <= 1,0.01,5,11c,c,Dash-8,10,1524,932,2097.50,300 dpi raster RGB trace mask; per-column pixel median; fixed axis endpoints; no smoothing,128eeb1ea3ad30f5a2ecf9194e2b784be37e837982dec3bdcb7b9db48aa4e7e4
4.139771,641,641.083,636.083,646.083,resolved_positive_count_read,0.001 <= alpha_L <= 1,0.01,5,11c,c,Dash-8,10,1524,933,2101.50,300 dpi raster RGB trace mask; per-column pixel median; fixed axis endpoints; no smoothing,128eeb1ea3ad30f5a2ecf9194e2b784be37e837982dec3bdcb7b9db48aa4e7e4
4.147395,637,637.000,632.000,642.000,resolved_positive_count_read,0.001 <= alpha_L <= 1,0.01,5,11c,c,Dash-8,10,1524,934,2105.00,300 dpi raster RGB trace mask; per-column pixel median; fixed axis endpoints; no smoothing,128eeb1ea3ad30f5a2ecf9194e2b784be37e837982dec3bdcb7b9db48aa4e7e4
4.155019,631,631.167,626.167,636.167,resolved_positive_count_read,0.001 <= alpha_L <= 1,0.01,5,11c,c,Dash-8,10,1524,935,2110.00,300 dpi raster RGB trace mask; per-column pixel median; fixed axis endpoints; no smoothing,128eeb1ea3ad30f5a2ecf9194e2b784be37e837982dec3bdcb7b9db48aa4e7e4
4.162643,627,626.500,621.500,631.500,resolved_positive_count_read,0.001 <= alpha_L <= 1,0.01,5,11c,c,Dash-8,10,1524,936,2114.00,300 dpi raster RGB trace mask; per-column pixel median; fixed axis endpoints; no smoothing,128eeb1ea3ad30f5a2ecf9194e2b784be37e837982dec3bdcb7b9db48aa4e7e4
4.170267,622,622.417,617.417,627.417,resolved_positive_count_read,0.001 <= alpha_L <= 1,0.01,5,11c,c,Dash-8,10,1524,937,2117.50,300 dpi raster RGB trace mask; per-column pixel median; fixed axis endpoints; no smoothing,128eeb1ea3ad30f5a2ecf9194e2b784be37e837982dec3bdcb7b9db48aa4e7e4
4.177891,618,617.750,612.750,622.750,resolved_positive_count_read,0.001 <= alpha_L <= 1,0.01,5,11c,c,Dash-8,10,1524,938,2121.50,300 dpi raster RGB trace mask; per-column pixel median; fixed axis endpoints; no smoothing,128eeb1ea3ad30f5a2ecf9194e2b784be37e837982dec3bdcb7b9db48aa4e7e4
4.185515,615,615.417,610.417,620.417,resolved_positive_count_read,0.001 <= alpha_L <= 1,0.01,5,11c,c,Dash-8,10,1524,939,2123.50,300 dpi raster RGB trace mask; per-column pixel median; fixed axis endpoints; no smoothing,128eeb1ea3ad30f5a2ecf9194e2b784be37e837982dec3bdcb7b9db48aa4e7e4
4.193139,613,613.083,608.083,618.083,resolved_positive_count_read,0.001 <= alpha_L <= 1,0.01,5,11c,c,Dash-8,10,1524,940,2125.50,300 dpi raster RGB trace mask; per-column pixel median; fixed axis endpoints; no smoothing,128eeb1ea3ad30f5a2ecf9194e2b784be37e837982dec3bdcb7b9db48aa4e7e4
4.200762,610,609.583,604.583,614.583,resolved_positive_count_read,0.001 <= alpha_L <= 1,0.01,5,11c,c,Dash-8,10,1524,941,2128.50,300 dpi raster RGB trace mask; per-column pixel median; fixed axis endpoints; no smoothing,128eeb1ea3ad30f5a2ecf9194e2b784be37e837982dec3bdcb7b9db48aa4e7e4
4.208386,608,607.833,602.833,612.833,resolved_positive_count_read,0.001 <= alpha_L <= 1,0.01,5,11c,c,Dash-8,10,1524,942,2130.00,300 dpi raster RGB trace mask; per-column pixel median; fixed axis endpoints; no smoothing,128eeb1ea3ad30f5a2ecf9194e2b784be37e837982dec3bdcb7b9db48aa4e7e4
4.216010,607,606.667,601.667,611.667,resolved_positive_count_read,0.001 <= alpha_L <= 1,0.01,5,11c,c,Dash-8,10,1524,943,2131.00,300 dpi raster RGB trace mask; per-column pixel median; fixed axis endpoints; no smoothing,128eeb1ea3ad30f5a2ecf9194e2b784be37e837982dec3bdcb7b9db48aa4e7e4
4.223634,606,606.083,601.083,611.083,resolved_positive_count_read,0.001 <= alpha_L <= 1,0.01,5,11c,c,Dash-8,10,1524,944,2131.50,300 dpi raster RGB trace mask; per-column pixel median; fixed axis endpoints; no smoothing,128eeb1ea3ad30f5a2ecf9194e2b784be37e837982dec3bdcb7b9db48aa4e7e4
4.231258,607,607.250,602.250,612.250,resolved_positive_count_read,0.001 <= alpha_L <= 1,0.01,5,11c,c,Dash-8,10,1524,945,2130.50,300 dpi raster RGB trace mask; per-column pixel median; fixed axis endpoints; no smoothing,128eeb1ea3ad30f5a2ecf9194e2b784be37e837982dec3bdcb7b9db48aa4e7e4
4.238882,608,607.833,602.833,612.833,resolved_positive_count_read,0.001 <= alpha_L <= 1,0.01,5,11c,c,Dash-8,10,1524,946,2130.00,300 dpi raster RGB trace mask; per-column pixel median; fixed axis endpoints; no smoothing,128eeb1ea3ad30f5a2ecf9194e2b784be37e837982dec3bdcb7b9db48aa4e7e4
4.246506,610,609.583,604.583,614.583,resolved_positive_count_read,0.001 <= alpha_L <= 1,0.01,5,11c,c,Dash-8,10,1524,947,2128.50,300 dpi raster RGB trace mask; per-column pixel median; fixed axis endpoints; no smoothing,128eeb1ea3ad30f5a2ecf9194e2b784be37e837982dec3bdcb7b9db48aa4e7e4
4.254130,611,610.750,605.750,615.750,resolved_positive_count_read,0.001 <= alpha_L <= 1,0.01,5,11c,c,Dash-8,10,1524,948,2127.50,300 dpi raster RGB trace mask; per-column pixel median; fixed axis endpoints; no smoothing,128eeb1ea3ad30f5a2ecf9194e2b784be37e837982dec3bdcb7b9db48aa4e7e4
4.261753,612,611.917,606.917,616.917,resolved_positive_count_read,0.001 <= alpha_L <= 1,0.01,5,11c,c,Dash-8,10,1524,949,2126.50,300 dpi raster RGB trace mask; per-column pixel median; fixed axis endpoints; no smoothing,128eeb1ea3ad30f5a2ecf9194e2b784be37e837982dec3bdcb7b9db48aa4e7e4
4.269377,613,613.083,608.083,618.083,resolved_positive_count_read,0.001 <= alpha_L <= 1,0.01,5,11c,c,Dash-8,10,1524,950,2125.50,300 dpi raster RGB trace mask; per-column pixel median; fixed axis endpoints; no smoothing,128eeb1ea3ad30f5a2ecf9194e2b784be37e837982dec3bdcb7b9db48aa4e7e4
4.277001,614,614.250,609.250,619.250,resolved_positive_count_read,0.001 <= alpha_L <= 1,0.01,5,11c,c,Dash-8,10,1524,951,2124.50,300 dpi raster RGB trace mask; per-column pixel median; fixed axis endpoints; no smoothing,128eeb1ea3ad30f5a2ecf9194e2b784be37e837982dec3bdcb7b9db48aa4e7e4
4.284625,615,614.833,609.833,619.833,resolved_positive_count_read,0.001 <= alpha_L <= 1,0.01,5,11c,c,Dash-8,10,1524,952,2124.00,300 dpi raster RGB trace mask; per-column pixel median; fixed axis endpoints; no smoothing,128eeb1ea3ad30f5a2ecf9194e2b784be37e837982dec3bdcb7b9db48aa4e7e4
4.292249,614,614.250,609.250,619.250,resolved_positive_count_read,0.001 <= alpha_L <= 1,0.01,5,11c,c,Dash-8,10,1524,953,2124.50,300 dpi raster RGB trace mask; per-column pixel median; fixed axis endpoints; no smoothing,128eeb1ea3ad30f5a2ecf9194e2b784be37e837982dec3bdcb7b9db48aa4e7e4
4.299873,611,610.750,605.750,615.750,resolved_positive_count_read,0.001 <= alpha_L <= 1,0.01,5,11c,c,Dash-8,10,1524,954,2127.50,300 dpi raster RGB trace mask; per-column pixel median; fixed axis endpoints; no smoothing,128eeb1ea3ad30f5a2ecf9194e2b784be37e837982dec3bdcb7b9db48aa4e7e4
4.307497,610,609.583,604.583,614.583,resolved_positive_count_read,0.001 <= alpha_L <= 1,0.01,5,11c,c,Dash-8,10,1524,955,2128.50,300 dpi raster RGB trace mask; per-column pixel median; fixed axis endpoints; no smoothing,128eeb1ea3ad30f5a2ecf9194e2b784be37e837982dec3bdcb7b9db48aa4e7e4
4.315121,607,606.667,601.667,611.667,resolved_positive_count_read,0.001 <= alpha_L <= 1,0.01,5,11c,c,Dash-8,10,1524,956,2131.00,300 dpi raster RGB trace mask; per-column pixel median; fixed axis endpoints; no smoothing,128eeb1ea3ad30f5a2ecf9194e2b784be37e837982dec3bdcb7b9db48aa4e7e4
4.322745,604,604.333,599.333,609.333,resolved_positive_count_read,0.001 <= alpha_L <= 1,0.01,5,11c,c,Dash-8,10,1524,957,2133.00,300 dpi raster RGB trace mask; per-column pixel median; fixed axis endpoints; no smoothing,128eeb1ea3ad30f5a2ecf9194e2b784be37e837982dec3bdcb7b9db48aa4e7e4
4.330368,602,602.000,597.000,607.000,resolved_positive_count_read,0.001 <= alpha_L <= 1,0.01,5,11c,c,Dash-8,10,1524,958,2135.00,300 dpi raster RGB trace mask; per-column pixel median; fixed axis endpoints; no smoothing,128eeb1ea3ad30f5a2ecf9194e2b784be37e837982dec3bdcb7b9db48aa4e7e4
4.337992,597,597.333,592.333,602.333,resolved_positive_count_read,0.001 <= alpha_L <= 1,0.01,5,11c,c,Dash-8,10,1524,959,2139.00,300 dpi raster RGB trace mask; per-column pixel median; fixed axis endpoints; no smoothing,128eeb1ea3ad30f5a2ecf9194e2b784be37e837982dec3bdcb7b9db48aa4e7e4
4.345616,592,592.083,587.083,597.083,resolved_positive_count_read,0.001 <= alpha_L <= 1,0.01,5,11c,c,Dash-8,10,1524,960,2143.50,300 dpi raster RGB trace mask; per-column pixel median; fixed axis endpoints; no smoothing,128eeb1ea3ad30f5a2ecf9194e2b784be37e837982dec3bdcb7b9db48aa4e7e4
4.353240,589,589.167,584.167,594.167,resolved_positive_count_read,0.001 <= alpha_L <= 1,0.01,5,11c,c,Dash-8,10,1524,961,2146.00,300 dpi raster RGB trace mask; per-column pixel median; fixed axis endpoints; no smoothing,128eeb1ea3ad30f5a2ecf9194e2b784be37e837982dec3bdcb7b9db48aa4e7e4
4.360864,584,583.917,578.917,588.917,resolved_positive_count_read,0.001 <= alpha_L <= 1,0.01,5,11c,c,Dash-8,10,1524,962,2150.50,300 dpi raster RGB trace mask; per-column pixel median; fixed axis endpoints; no smoothing,128eeb1ea3ad30f5a2ecf9194e2b784be37e837982dec3bdcb7b9db48aa4e7e4
4.368488,580,579.833,574.833,584.833,resolved_positive_count_read,0.001 <= alpha_L <= 1,0.01,5,11c,c,Dash-8,10,1524,963,2154.00,300 dpi raster RGB trace mask; per-column pixel median; fixed axis endpoints; no smoothing,128eeb1ea3ad30f5a2ecf9194e2b784be37e837982dec3bdcb7b9db48aa4e7e4
4.376112,576,575.750,570.750,580.750,resolved_positive_count_read,0.001 <= alpha_L <= 1,0.01,5,11c,c,Dash-8,10,1524,964,2157.50,300 dpi raster RGB trace mask; per-column pixel median; fixed axis endpoints; no smoothing,128eeb1ea3ad30f5a2ecf9194e2b784be37e837982dec3bdcb7b9db48aa4e7e4
4.383736,572,572.250,567.250,577.250,resolved_positive_count_read,0.001 <= alpha_L <= 1,0.01,5,11c,c,Dash-8,10,1524,965,2160.50,300 dpi raster RGB trace mask; per-column pixel median; fixed axis endpoints; no smoothing,128eeb1ea3ad30f5a2ecf9194e2b784be37e837982dec3bdcb7b9db48aa4e7e4
4.391360,568,567.583,562.583,572.583,resolved_positive_count_read,0.001 <= alpha_L <= 1,0.01,5,11c,c,Dash-8,10,1524,966,2164.50,300 dpi raster RGB trace mask; per-column pixel median; fixed axis endpoints; no smoothing,128eeb1ea3ad30f5a2ecf9194e2b784be37e837982dec3bdcb7b9db48aa4e7e4
4.398983,566,565.833,560.833,570.833,resolved_positive_count_read,0.001 <= alpha_L <= 1,0.01,5,11c,c,Dash-8,10,1524,967,2166.00,300 dpi raster RGB trace mask; per-column pixel median; fixed axis endpoints; no smoothing,128eeb1ea3ad30f5a2ecf9194e2b784be37e837982dec3bdcb7b9db48aa4e7e4
4.406607,561,561.167,556.167,566.167,resolved_positive_count_read,0.001 <= alpha_L <= 1,0.01,5,11c,c,Dash-8,10,1524,968,2170.00,300 dpi raster RGB trace mask; per-column pixel median; fixed axis endpoints; no smoothing,128eeb1ea3ad30f5a2ecf9194e2b784be37e837982dec3bdcb7b9db48aa4e7e4
4.414231,557,557.083,552.083,562.083,resolved_positive_count_read,0.001 <= alpha_L <= 1,0.01,5,11c,c,Dash-8,10,1524,969,2173.50,300 dpi raster RGB trace mask; per-column pixel median; fixed axis endpoints; no smoothing,128eeb1ea3ad30f5a2ecf9194e2b784be37e837982dec3bdcb7b9db48aa4e7e4
4.421855,554,553.583,548.583,558.583,resolved_positive_count_read,0.001 <= alpha_L <= 1,0.01,5,11c,c,Dash-8,10,1524,970,2176.50,300 dpi raster RGB trace mask; per-column pixel median; fixed axis endpoints; no smoothing,128eeb1ea3ad30f5a2ecf9194e2b784be37e837982dec3bdcb7b9db48aa4e7e4
4.429479,549,548.917,543.917,553.917,resolved_positive_count_read,0.001 <= alpha_L <= 1,0.01,5,11c,c,Dash-8,10,1524,971,2180.50,300 dpi raster RGB trace mask; per-column pixel median; fixed axis endpoints; no smoothing,128eeb1ea3ad30f5a2ecf9194e2b784be37e837982dec3bdcb7b9db48aa4e7e4
4.437103,547,546.583,541.583,551.583,resolved_positive_count_read,0.001 <= alpha_L <= 1,0.01,5,11c,c,Dash-8,10,1524,972,2182.50,300 dpi raster RGB trace mask; per-column pixel median; fixed axis endpoints; no smoothing,128eeb1ea3ad30f5a2ecf9194e2b784be37e837982dec3bdcb7b9db48aa4e7e4
4.444727,543,542.500,537.500,547.500,resolved_positive_count_read,0.001 <= alpha_L <= 1,0.01,5,11c,c,Dash-8,10,1524,973,2186.00,300 dpi raster RGB trace mask; per-column pixel median; fixed axis endpoints; no smoothing,128eeb1ea3ad30f5a2ecf9194e2b784be37e837982dec3bdcb7b9db48aa4e7e4
4.452351,538,538.417,533.417,543.417,resolved_positive_count_read,0.001 <= alpha_L <= 1,0.01,5,11c,c,Dash-8,10,1524,974,2189.50,300 dpi raster RGB trace mask; per-column pixel median; fixed axis endpoints; no smoothing,128eeb1ea3ad30f5a2ecf9194e2b784be37e837982dec3bdcb7b9db48aa4e7e4
4.459975,536,536.083,531.083,541.083,resolved_positive_count_read,0.001 <= alpha_L <= 1,0.01,5,11c,c,Dash-8,10,1524,975,2191.50,300 dpi raster RGB trace mask; per-column pixel median; fixed axis endpoints; no smoothing,128eeb1ea3ad30f5a2ecf9194e2b784be37e837982dec3bdcb7b9db48aa4e7e4
4.467598,532,532.000,527.000,537.000,resolved_positive_count_read,0.001 <= alpha_L <= 1,0.01,5,11c,c,Dash-8,10,1524,976,2195.00,300 dpi raster RGB trace mask; per-column pixel median; fixed axis endpoints; no smoothing,128eeb1ea3ad30f5a2ecf9194e2b784be37e837982dec3bdcb7b9db48aa4e7e4
4.475222,529,528.500,523.500,533.500,resolved_positive_count_read,0.001 <= alpha_L <= 1,0.01,5,11c,c,Dash-8,10,1524,977,2198.00,300 dpi raster RGB trace mask; per-column pixel median; fixed axis endpoints; no smoothing,128eeb1ea3ad30f5a2ecf9194e2b784be37e837982dec3bdcb7b9db48aa4e7e4
4.482846,524,523.833,518.833,528.833,resolved_positive_count_read,0.001 <= alpha_L <= 1,0.01,5,11c,c,Dash-8,10,1524,978,2202.00,300 dpi raster RGB trace mask; per-column pixel median; fixed axis endpoints; no smoothing,128eeb1ea3ad30f5a2ecf9194e2b784be37e837982dec3bdcb7b9db48aa4e7e4
4.490470,520,520.333,515.333,525.333,resolved_positive_count_read,0.001 <= alpha_L <= 1,0.01,5,11c,c,Dash-8,10,1524,979,2205.00,300 dpi raster RGB trace mask; per-column pixel median; fixed axis endpoints; no smoothing,128eeb1ea3ad30f5a2ecf9194e2b784be37e837982dec3bdcb7b9db48aa4e7e4
4.498094,514,513.917,508.917,518.917,resolved_positive_count_read,0.001 <= alpha_L <= 1,0.01,5,11c,c,Dash-8,10,1524,980,2210.50,300 dpi raster RGB trace mask; per-column pixel median; fixed axis endpoints; no smoothing,128eeb1ea3ad30f5a2ecf9194e2b784be37e837982dec3bdcb7b9db48aa4e7e4
4.505718,511,511.000,506.000,516.000,resolved_positive_count_read,0.001 <= alpha_L <= 1,0.01,5,11c,c,Dash-8,10,1524,981,2213.00,300 dpi raster RGB trace mask; per-column pixel median; fixed axis endpoints; no smoothing,128eeb1ea3ad30f5a2ecf9194e2b784be37e837982dec3bdcb7b9db48aa4e7e4
4.513342,507,506.917,501.917,511.917,resolved_positive_count_read,0.001 <= alpha_L <= 1,0.01,5,11c,c,Dash-8,10,1524,982,2216.50,300 dpi raster RGB trace mask; per-column pixel median; fixed axis endpoints; no smoothing,128eeb1ea3ad30f5a2ecf9194e2b784be37e837982dec3bdcb7b9db48aa4e7e4
4.520966,501,500.500,495.500,505.500,resolved_positive_count_read,0.001 <= alpha_L <= 1,0.01,5,11c,c,Dash-8,10,1524,983,2222.00,300 dpi raster RGB trace mask; per-column pixel median; fixed axis endpoints; no smoothing,128eeb1ea3ad30f5a2ecf9194e2b784be37e837982dec3bdcb7b9db48aa4e7e4
4.528590,497,497.000,492.000,502.000,resolved_positive_count_read,0.001 <= alpha_L <= 1,0.01,5,11c,c,Dash-8,10,1524,984,2225.00,300 dpi raster RGB trace mask; per-column pixel median; fixed axis endpoints; no smoothing,128eeb1ea3ad30f5a2ecf9194e2b784be37e837982dec3bdcb7b9db48aa4e7e4
4.536213,491,491.167,486.167,496.167,resolved_positive_count_read,0.001 <= alpha_L <= 1,0.01,5,11c,c,Dash-8,10,1524,985,2230.00,300 dpi raster RGB trace mask; per-column pixel median; fixed axis endpoints; no smoothing,128eeb1ea3ad30f5a2ecf9194e2b784be37e837982dec3bdcb7b9db48aa4e7e4
4.543837,485,484.750,479.750,489.750,resolved_positive_count_read,0.001 <= alpha_L <= 1,0.01,5,11c,c,Dash-8,10,1524,986,2235.50,300 dpi raster RGB trace mask; per-column pixel median; fixed axis endpoints; no smoothing,128eeb1ea3ad30f5a2ecf9194e2b784be37e837982dec3bdcb7b9db48aa4e7e4
4.551461,479,478.917,473.917,483.917,resolved_positive_count_read,0.001 <= alpha_L <= 1,0.01,5,11c,c,Dash-8,10,1524,987,2240.50,300 dpi raster RGB trace mask; per-column pixel median; fixed axis endpoints; no smoothing,128eeb1ea3ad30f5a2ecf9194e2b784be37e837982dec3bdcb7b9db48aa4e7e4
4.559085,475,474.833,469.833,479.833,resolved_positive_count_read,0.001 <= alpha_L <= 1,0.01,5,11c,c,Dash-8,10,1524,988,2244.00,300 dpi raster RGB trace mask; per-column pixel median; fixed axis endpoints; no smoothing,128eeb1ea3ad30f5a2ecf9194e2b784be37e837982dec3bdcb7b9db48aa4e7e4
4.566709,468,467.833,462.833,472.833,resolved_positive_count_read,0.001 <= alpha_L <= 1,0.01,5,11c,c,Dash-8,10,1524,989,2250.00,300 dpi raster RGB trace mask; per-column pixel median; fixed axis endpoints; no smoothing,128eeb1ea3ad30f5a2ecf9194e2b784be37e837982dec3bdcb7b9db48aa4e7e4
4.574333,462,462.000,457.000,467.000,resolved_positive_count_read,0.001 <= alpha_L <= 1,0.01,5,11c,c,Dash-8,10,1524,990,2255.00,300 dpi raster RGB trace mask; per-column pixel median; fixed axis endpoints; no smoothing,128eeb1ea3ad30f5a2ecf9194e2b784be37e837982dec3bdcb7b9db48aa4e7e4
4.581957,459,459.083,454.083,464.083,resolved_positive_count_read,0.001 <= alpha_L <= 1,0.01,5,11c,c,Dash-8,10,1524,991,2257.50,300 dpi raster RGB trace mask; per-column pixel median; fixed axis endpoints; no smoothing,128eeb1ea3ad30f5a2ecf9194e2b784be37e837982dec3bdcb7b9db48aa4e7e4
4.589581,455,455.000,450.000,460.000,resolved_positive_count_read,0.001 <= alpha_L <= 1,0.01,5,11c,c,Dash-8,10,1524,992,2261.00,300 dpi raster RGB trace mask; per-column pixel median; fixed axis endpoints; no smoothing,128eeb1ea3ad30f5a2ecf9194e2b784be37e837982dec3bdcb7b9db48aa4e7e4
4.597205,450,450.333,445.333,455.333,resolved_positive_count_read,0.001 <= alpha_L <= 1,0.01,5,11c,c,Dash-8,10,1524,993,2265.00,300 dpi raster RGB trace mask; per-column pixel median; fixed axis endpoints; no smoothing,128eeb1ea3ad30f5a2ecf9194e2b784be37e837982dec3bdcb7b9db48aa4e7e4
4.604828,446,445.667,440.667,450.667,resolved_positive_count_read,0.001 <= alpha_L <= 1,0.01,5,11c,c,Dash-8,10,1524,994,2269.00,300 dpi raster RGB trace mask; per-column pixel median; fixed axis endpoints; no smoothing,128eeb1ea3ad30f5a2ecf9194e2b784be37e837982dec3bdcb7b9db48aa4e7e4
4.612452,442,441.583,436.583,446.583,resolved_positive_count_read,0.001 <= alpha_L <= 1,0.01,5,11c,c,Dash-8,10,1524,995,2272.50,300 dpi raster RGB trace mask; per-column pixel median; fixed axis endpoints; no smoothing,128eeb1ea3ad30f5a2ecf9194e2b784be37e837982dec3bdcb7b9db48aa4e7e4
4.620076,437,436.917,431.917,441.917,resolved_positive_count_read,0.001 <= alpha_L <= 1,0.01,5,11c,c,Dash-8,10,1524,996,2276.50,300 dpi raster RGB trace mask; per-column pixel median; fixed axis endpoints; no smoothing,128eeb1ea3ad30f5a2ecf9194e2b784be37e837982dec3bdcb7b9db48aa4e7e4
4.627700,434,434.000,429.000,439.000,resolved_positive_count_read,0.001 <= alpha_L <= 1,0.01,5,11c,c,Dash-8,10,1524,997,2279.00,300 dpi raster RGB trace mask; per-column pixel median; fixed axis endpoints; no smoothing,128eeb1ea3ad30f5a2ecf9194e2b784be37e837982dec3bdcb7b9db48aa4e7e4
4.635324,429,429.333,424.333,434.333,resolved_positive_count_read,0.001 <= alpha_L <= 1,0.01,5,11c,c,Dash-8,10,1524,998,2283.00,300 dpi raster RGB trace mask; per-column pixel median; fixed axis endpoints; no smoothing,128eeb1ea3ad30f5a2ecf9194e2b784be37e837982dec3bdcb7b9db48aa4e7e4
4.642948,427,427.000,422.000,432.000,resolved_positive_count_read,0.001 <= alpha_L <= 1,0.01,5,11c,c,Dash-8,10,1524,999,2285.00,300 dpi raster RGB trace mask; per-column pixel median; fixed axis endpoints; no smoothing,128eeb1ea3ad30f5a2ecf9194e2b784be37e837982dec3bdcb7b9db48aa4e7e4
4.650572,423,422.917,417.917,427.917,resolved_positive_count_read,0.001 <= alpha_L <= 1,0.01,5,11c,c,Dash-8,10,1524,1000,2288.50,300 dpi raster RGB trace mask; per-column pixel median; fixed axis endpoints; no smoothing,128eeb1ea3ad30f5a2ecf9194e2b784be37e837982dec3bdcb7b9db48aa4e7e4
4.658196,421,420.583,415.583,425.583,resolved_positive_count_read,0.001 <= alpha_L <= 1,0.01,5,11c,c,Dash-8,10,1524,1001,2290.50,300 dpi raster RGB trace mask; per-column pixel median; fixed axis endpoints; no smoothing,128eeb1ea3ad30f5a2ecf9194e2b784be37e837982dec3bdcb7b9db48aa4e7e4
4.665820,417,417.083,412.083,422.083,resolved_positive_count_read,0.001 <= alpha_L <= 1,0.01,5,11c,c,Dash-8,10,1524,1002,2293.50,300 dpi raster RGB trace mask; per-column pixel median; fixed axis endpoints; no smoothing,128eeb1ea3ad30f5a2ecf9194e2b784be37e837982dec3bdcb7b9db48aa4e7e4
4.673443,414,413.583,408.583,418.583,resolved_positive_count_read,0.001 <= alpha_L <= 1,0.01,5,11c,c,Dash-8,10,1524,1003,2296.50,300 dpi raster RGB trace mask; per-column pixel median; fixed axis endpoints; no smoothing,128eeb1ea3ad30f5a2ecf9194e2b784be37e837982dec3bdcb7b9db48aa4e7e4
4.681067,410,409.500,404.500,414.500,resolved_positive_count_read,0.001 <= alpha_L <= 1,0.01,5,11c,c,Dash-8,10,1524,1004,2300.00,300 dpi raster RGB trace mask; per-column pixel median; fixed axis endpoints; no smoothing,128eeb1ea3ad30f5a2ecf9194e2b784be37e837982dec3bdcb7b9db48aa4e7e4
4.688691,404,404.250,399.250,409.250,resolved_positive_count_read,0.001 <= alpha_L <= 1,0.01,5,11c,c,Dash-8,10,1524,1005,2304.50,300 dpi raster RGB trace mask; per-column pixel median; fixed axis endpoints; no smoothing,128eeb1ea3ad30f5a2ecf9194e2b784be37e837982dec3bdcb7b9db48aa4e7e4
4.696315,399,399.000,394.000,404.000,resolved_positive_count_read,0.001 <= alpha_L <= 1,0.01,5,11c,c,Dash-8,10,1524,1006,2309.00,300 dpi raster RGB trace mask; per-column pixel median; fixed axis endpoints; no smoothing,128eeb1ea3ad30f5a2ecf9194e2b784be37e837982dec3bdcb7b9db48aa4e7e4
4.703939,394,394.333,389.333,399.333,resolved_positive_count_read,0.001 <= alpha_L <= 1,0.01,5,11c,c,Dash-8,10,1524,1007,2313.00,300 dpi raster RGB trace mask; per-column pixel median; fixed axis endpoints; no smoothing,128eeb1ea3ad30f5a2ecf9194e2b784be37e837982dec3bdcb7b9db48aa4e7e4
4.711563,390,390.250,385.250,395.250,resolved_positive_count_read,0.001 <= alpha_L <= 1,0.01,5,11c,c,Dash-8,10,1524,1008,2316.50,300 dpi raster RGB trace mask; per-column pixel median; fixed axis endpoints; no smoothing,128eeb1ea3ad30f5a2ecf9194e2b784be37e837982dec3bdcb7b9db48aa4e7e4
4.719187,383,383.250,378.250,388.250,resolved_positive_count_read,0.001 <= alpha_L <= 1,0.01,5,11c,c,Dash-8,10,1524,1009,2322.50,300 dpi raster RGB trace mask; per-column pixel median; fixed axis endpoints; no smoothing,128eeb1ea3ad30f5a2ecf9194e2b784be37e837982dec3bdcb7b9db48aa4e7e4
4.726811,380,379.750,374.750,384.750,resolved_positive_count_read,0.001 <= alpha_L <= 1,0.01,5,11c,c,Dash-8,10,1524,1010,2325.50,300 dpi raster RGB trace mask; per-column pixel median; fixed axis endpoints; no smoothing,128eeb1ea3ad30f5a2ecf9194e2b784be37e837982dec3bdcb7b9db48aa4e7e4
4.734435,375,374.500,369.500,379.500,resolved_positive_count_read,0.001 <= alpha_L <= 1,0.01,5,11c,c,Dash-8,10,1524,1011,2330.00,300 dpi raster RGB trace mask; per-column pixel median; fixed axis endpoints; no smoothing,128eeb1ea3ad30f5a2ecf9194e2b784be37e837982dec3bdcb7b9db48aa4e7e4
4.742058,365,364.583,359.583,369.583,resolved_positive_count_read,0.001 <= alpha_L <= 1,0.01,5,11c,c,Dash-8,10,1524,1012,2338.50,300 dpi raster RGB trace mask; per-column pixel median; fixed axis endpoints; no smoothing,128eeb1ea3ad30f5a2ecf9194e2b784be37e837982dec3bdcb7b9db48aa4e7e4
4.749682,360,359.917,354.917,364.917,resolved_positive_count_read,0.001 <= alpha_L <= 1,0.01,5,11c,c,Dash-8,10,1524,1013,2342.50,300 dpi raster RGB trace mask; per-column pixel median; fixed axis endpoints; no smoothing,128eeb1ea3ad30f5a2ecf9194e2b784be37e837982dec3bdcb7b9db48aa4e7e4
4.757306,354,354.083,349.083,359.083,resolved_positive_count_read,0.001 <= alpha_L <= 1,0.01,5,11c,c,Dash-8,10,1524,1014,2347.50,300 dpi raster RGB trace mask; per-column pixel median; fixed axis endpoints; no smoothing,128eeb1ea3ad30f5a2ecf9194e2b784be37e837982dec3bdcb7b9db48aa4e7e4
4.764930,345,345.333,340.333,350.333,resolved_positive_count_read,0.001 <= alpha_L <= 1,0.01,5,11c,c,Dash-8,10,1524,1015,2355.00,300 dpi raster RGB trace mask; per-column pixel median; fixed axis endpoints; no smoothing,128eeb1ea3ad30f5a2ecf9194e2b784be37e837982dec3bdcb7b9db48aa4e7e4
4.772554,339,338.917,333.917,343.917,resolved_positive_count_read,0.001 <= alpha_L <= 1,0.01,5,11c,c,Dash-8,10,1524,1016,2360.50,300 dpi raster RGB trace mask; per-column pixel median; fixed axis endpoints; no smoothing,128eeb1ea3ad30f5a2ecf9194e2b784be37e837982dec3bdcb7b9db48aa4e7e4
4.780178,333,332.500,327.500,337.500,resolved_positive_count_read,0.001 <= alpha_L <= 1,0.01,5,11c,c,Dash-8,10,1524,1017,2366.00,300 dpi raster RGB trace mask; per-column pixel median; fixed axis endpoints; no smoothing,128eeb1ea3ad30f5a2ecf9194e2b784be37e837982dec3bdcb7b9db48aa4e7e4
4.787802,324,324.333,319.333,329.333,resolved_positive_count_read,0.001 <= alpha_L <= 1,0.01,5,11c,c,Dash-8,10,1524,1018,2373.00,300 dpi raster RGB trace mask; per-column pixel median; fixed axis endpoints; no smoothing,128eeb1ea3ad30f5a2ecf9194e2b784be37e837982dec3bdcb7b9db48aa4e7e4
4.795426,314,314.417,309.417,319.417,resolved_positive_count_read,0.001 <= alpha_L <= 1,0.01,5,11c,c,Dash-8,10,1524,1019,2381.50,300 dpi raster RGB trace mask; per-column pixel median; fixed axis endpoints; no smoothing,128eeb1ea3ad30f5a2ecf9194e2b784be37e837982dec3bdcb7b9db48aa4e7e4
4.803050,309,308.583,303.583,313.583,resolved_positive_count_read,0.001 <= alpha_L <= 1,0.01,5,11c,c,Dash-8,10,1524,1020,2386.50,300 dpi raster RGB trace mask; per-column pixel median; fixed axis endpoints; no smoothing,128eeb1ea3ad30f5a2ecf9194e2b784be37e837982dec3bdcb7b9db48aa4e7e4
4.810673,299,298.667,293.667,303.667,resolved_positive_count_read,0.001 <= alpha_L <= 1,0.01,5,11c,c,Dash-8,10,1524,1021,2395.00,300 dpi raster RGB trace mask; per-column pixel median; fixed axis endpoints; no smoothing,128eeb1ea3ad30f5a2ecf9194e2b784be37e837982dec3bdcb7b9db48aa4e7e4
4.818297,292,291.667,286.667,296.667,resolved_positive_count_read,0.001 <= alpha_L <= 1,0.01,5,11c,c,Dash-8,10,1524,1022,2401.00,300 dpi raster RGB trace mask; per-column pixel median; fixed axis endpoints; no smoothing,128eeb1ea3ad30f5a2ecf9194e2b784be37e837982dec3bdcb7b9db48aa4e7e4
4.825921,284,284.083,279.083,289.083,resolved_positive_count_read,0.001 <= alpha_L <= 1,0.01,5,11c,c,Dash-8,10,1524,1023,2407.50,300 dpi raster RGB trace mask; per-column pixel median; fixed axis endpoints; no smoothing,128eeb1ea3ad30f5a2ecf9194e2b784be37e837982dec3bdcb7b9db48aa4e7e4
4.833545,274,274.167,269.167,279.167,resolved_positive_count_read,0.001 <= alpha_L <= 1,0.01,5,11c,c,Dash-8,10,1524,1024,2416.00,300 dpi raster RGB trace mask; per-column pixel median; fixed axis endpoints; no smoothing,128eeb1ea3ad30f5a2ecf9194e2b784be37e837982dec3bdcb7b9db48aa4e7e4
4.841169,264,264.250,259.250,269.250,resolved_positive_count_read,0.001 <= alpha_L <= 1,0.01,5,11c,c,Dash-8,10,1524,1025,2424.50,300 dpi raster RGB trace mask; per-column pixel median; fixed axis endpoints; no smoothing,128eeb1ea3ad30f5a2ecf9194e2b784be37e837982dec3bdcb7b9db48aa4e7e4
4.848793,256,256.083,251.083,261.083,resolved_positive_count_read,0.001 <= alpha_L <= 1,0.01,5,11c,c,Dash-8,10,1524,1026,2431.50,300 dpi raster RGB trace mask; per-column pixel median; fixed axis endpoints; no smoothing,128eeb1ea3ad30f5a2ecf9194e2b784be37e837982dec3bdcb7b9db48aa4e7e4
4.856417,244,244.417,239.417,249.417,resolved_positive_count_read,0.001 <= alpha_L <= 1,0.01,5,11c,c,Dash-8,10,1524,1027,2441.50,300 dpi raster RGB trace mask; per-column pixel median; fixed axis endpoints; no smoothing,128eeb1ea3ad30f5a2ecf9194e2b784be37e837982dec3bdcb7b9db48aa4e7e4
4.864041,235,235.083,230.083,240.083,resolved_positive_count_read,0.001 <= alpha_L <= 1,0.01,5,11c,c,Dash-8,10,1524,1028,2449.50,300 dpi raster RGB trace mask; per-column pixel median; fixed axis endpoints; no smoothing,128eeb1ea3ad30f5a2ecf9194e2b784be37e837982dec3bdcb7b9db48aa4e7e4
4.871665,229,228.667,223.667,233.667,resolved_positive_count_read,0.001 <= alpha_L <= 1,0.01,5,11c,c,Dash-8,10,1524,1029,2455.00,300 dpi raster RGB trace mask; per-column pixel median; fixed axis endpoints; no smoothing,128eeb1ea3ad30f5a2ecf9194e2b784be37e837982dec3bdcb7b9db48aa4e7e4
4.879288,217,217.000,212.000,222.000,resolved_positive_count_read,0.001 <= alpha_L <= 1,0.01,5,11c,c,Dash-8,10,1524,1030,2465.00,300 dpi raster RGB trace mask; per-column pixel median; fixed axis endpoints; no smoothing,128eeb1ea3ad30f5a2ecf9194e2b784be37e837982dec3bdcb7b9db48aa4e7e4
4.886912,209,209.417,204.417,214.417,resolved_positive_count_read,0.001 <= alpha_L <= 1,0.01,5,11c,c,Dash-8,10,1524,1031,2471.50,300 dpi raster RGB trace mask; per-column pixel median; fixed axis endpoints; no smoothing,128eeb1ea3ad30f5a2ecf9194e2b784be37e837982dec3bdcb7b9db48aa4e7e4
4.894536,200,200.083,195.083,205.083,resolved_positive_count_read,0.001 <= alpha_L <= 1,0.01,5,11c,c,Dash-8,10,1524,1032,2479.50,300 dpi raster RGB trace mask; per-column pixel median; fixed axis endpoints; no smoothing,128eeb1ea3ad30f5a2ecf9194e2b784be37e837982dec3bdcb7b9db48aa4e7e4
4.902160,191,190.750,185.750,195.750,resolved_positive_count_read,0.001 <= alpha_L <= 1,0.01,5,11c,c,Dash-8,10,1524,1033,2487.50,300 dpi raster RGB trace mask; per-column pixel median; fixed axis endpoints; no smoothing,128eeb1ea3ad30f5a2ecf9194e2b784be37e837982dec3bdcb7b9db48aa4e7e4
4.909784,183,182.583,177.583,187.583,resolved_positive_count_read,0.001 <= alpha_L <= 1,0.01,5,11c,c,Dash-8,10,1524,1034,2494.50,300 dpi raster RGB trace mask; per-column pixel median; fixed axis endpoints; no smoothing,128eeb1ea3ad30f5a2ecf9194e2b784be37e837982dec3bdcb7b9db48aa4e7e4
4.917408,174,174.417,169.417,179.417,resolved_positive_count_read,0.001 <= alpha_L <= 1,0.01,5,11c,c,Dash-8,10,1524,1035,2501.50,300 dpi raster RGB trace mask; per-column pixel median; fixed axis endpoints; no smoothing,128eeb1ea3ad30f5a2ecf9194e2b784be37e837982dec3bdcb7b9db48aa4e7e4
4.925032,161,161.000,156.000,166.000,resolved_positive_count_read,0.001 <= alpha_L <= 1,0.01,5,11c,c,Dash-8,10,1524,1036,2513.00,300 dpi raster RGB trace mask; per-column pixel median; fixed axis endpoints; no smoothing,128eeb1ea3ad30f5a2ecf9194e2b784be37e837982dec3bdcb7b9db48aa4e7e4
4.932656,153,153.417,148.417,158.417,resolved_positive_count_read,0.001 <= alpha_L <= 1,0.01,5,11c,c,Dash-8,10,1524,1037,2519.50,300 dpi raster RGB trace mask; per-column pixel median; fixed axis endpoints; no smoothing,128eeb1ea3ad30f5a2ecf9194e2b784be37e837982dec3bdcb7b9db48aa4e7e4
4.940280,145,145.250,140.250,150.250,resolved_positive_count_read,0.001 <= alpha_L <= 1,0.01,5,11c,c,Dash-8,10,1524,1038,2526.50,300 dpi raster RGB trace mask; per-column pixel median; fixed axis endpoints; no smoothing,128eeb1ea3ad30f5a2ecf9194e2b784be37e837982dec3bdcb7b9db48aa4e7e4
4.947903,136,135.917,130.917,140.917,resolved_positive_count_read,0.001 <= alpha_L <= 1,0.01,5,11c,c,Dash-8,10,1524,1039,2534.50,300 dpi raster RGB trace mask; per-column pixel median; fixed axis endpoints; no smoothing,128eeb1ea3ad30f5a2ecf9194e2b784be37e837982dec3bdcb7b9db48aa4e7e4
4.955527,128,128.333,123.333,133.333,resolved_positive_count_read,0.001 <= alpha_L <= 1,0.01,5,11c,c,Dash-8,10,1524,1040,2541.00,300 dpi raster RGB trace mask; per-column pixel median; fixed axis endpoints; no smoothing,128eeb1ea3ad30f5a2ecf9194e2b784be37e837982dec3bdcb7b9db48aa4e7e4
4.963151,120,119.583,114.583,124.583,resolved_positive_count_read,0.001 <= alpha_L <= 1,0.01,5,11c,c,Dash-8,10,1524,1041,2548.50,300 dpi raster RGB trace mask; per-column pixel median; fixed axis endpoints; no smoothing,128eeb1ea3ad30f5a2ecf9194e2b784be37e837982dec3bdcb7b9db48aa4e7e4
4.970775,110,110.250,105.250,115.250,resolved_positive_count_read,0.001 <= alpha_L <= 1,0.01,5,11c,c,Dash-8,10,1524,1042,2556.50,300 dpi raster RGB trace mask; per-column pixel median; fixed axis endpoints; no smoothing,128eeb1ea3ad30f5a2ecf9194e2b784be37e837982dec3bdcb7b9db48aa4e7e4
4.978399,103,102.667,97.667,107.667,resolved_positive_count_read,0.001 <= alpha_L <= 1,0.01,5,11c,c,Dash-8,10,1524,1043,2563.00,300 dpi raster RGB trace mask; per-column pixel median; fixed axis endpoints; no smoothing,128eeb1ea3ad30f5a2ecf9194e2b784be37e837982dec3bdcb7b9db48aa4e7e4
4.986023,97,96.833,91.833,101.833,resolved_positive_count_read,0.001 <= alpha_L <= 1,0.01,5,11c,c,Dash-8,10,1524,1044,2568.00,300 dpi raster RGB trace mask; per-column pixel median; fixed axis endpoints; no smoothing,128eeb1ea3ad30f5a2ecf9194e2b784be37e837982dec3bdcb7b9db48aa4e7e4
4.993647,90,89.833,84.833,94.833,resolved_positive_count_read,0.001 <= alpha_L <= 1,0.01,5,11c,c,Dash-8,10,1524,1045,2574.00,300 dpi raster RGB trace mask; per-column pixel median; fixed axis endpoints; no smoothing,128eeb1ea3ad30f5a2ecf9194e2b784be37e837982dec3bdcb7b9db48aa4e7e4
5.001271,83,83.417,78.417,88.417,resolved_positive_count_read,0.001 <= alpha_L <= 1,0.01,5,11c,c,Dash-8,10,1524,1046,2579.50,300 dpi raster RGB trace mask; per-column pixel median; fixed axis endpoints; no smoothing,128eeb1ea3ad30f5a2ecf9194e2b784be37e837982dec3bdcb7b9db48aa4e7e4
5.008895,78,77.583,72.583,82.583,resolved_positive_count_read,0.001 <= alpha_L <= 1,0.01,5,11c,c,Dash-8,10,1524,1047,2584.50,300 dpi raster RGB trace mask; per-column pixel median; fixed axis endpoints; no smoothing,128eeb1ea3ad30f5a2ecf9194e2b784be37e837982dec3bdcb7b9db48aa4e7e4
5.016518,71,70.583,65.583,75.583,resolved_positive_count_read,0.001 <= alpha_L <= 1,0.01,5,11c,c,Dash-8,10,1524,1048,2590.50,300 dpi raster RGB trace mask; per-column pixel median; fixed axis endpoints; no smoothing,128eeb1ea3ad30f5a2ecf9194e2b784be37e837982dec3bdcb7b9db48aa4e7e4
5.024142,64,63.583,58.583,68.583,resolved_positive_count_read,0.001 <= alpha_L <= 1,0.01,5,11c,c,Dash-8,10,1524,1049,2596.50,300 dpi raster RGB trace mask; per-column pixel median; fixed axis endpoints; no smoothing,128eeb1ea3ad30f5a2ecf9194e2b784be37e837982dec3bdcb7b9db48aa4e7e4
5.031766,60,59.500,54.500,64.500,resolved_positive_count_read,0.001 <= alpha_L <= 1,0.01,5,11c,c,Dash-8,10,1524,1050,2600.00,300 dpi raster RGB trace mask; per-column pixel median; fixed axis endpoints; no smoothing,128eeb1ea3ad30f5a2ecf9194e2b784be37e837982dec3bdcb7b9db48aa4e7e4
5.039390,53,53.083,48.083,58.083,resolved_positive_count_read,0.001 <= alpha_L <= 1,0.01,5,11c,c,Dash-8,10,1524,1051,2605.50,300 dpi raster RGB trace mask; per-column pixel median; fixed axis endpoints; no smoothing,128eeb1ea3ad30f5a2ecf9194e2b784be37e837982dec3bdcb7b9db48aa4e7e4
5.047014,50,49.583,44.583,54.583,resolved_positive_count_read,0.001 <= alpha_L <= 1,0.01,5,11c,c,Dash-8,10,1524,1052,2608.50,300 dpi raster RGB trace mask; per-column pixel median; fixed axis endpoints; no smoothing,128eeb1ea3ad30f5a2ecf9194e2b784be37e837982dec3bdcb7b9db48aa4e7e4
5.054638,45,44.917,39.917,49.917,resolved_positive_count_read,0.001 <= alpha_L <= 1,0.01,5,11c,c,Dash-8,10,1524,1053,2612.50,300 dpi raster RGB trace mask; per-column pixel median; fixed axis endpoints; no smoothing,128eeb1ea3ad30f5a2ecf9194e2b784be37e837982dec3bdcb7b9db48aa4e7e4
5.062262,40,40.250,35.250,45.250,resolved_positive_count_read,0.001 <= alpha_L <= 1,0.01,5,11c,c,Dash-8,10,1524,1054,2616.50,300 dpi raster RGB trace mask; per-column pixel median; fixed axis endpoints; no smoothing,128eeb1ea3ad30f5a2ecf9194e2b784be37e837982dec3bdcb7b9db48aa4e7e4
5.069886,35,35.000,30.000,40.000,resolved_positive_count_read,0.001 <= alpha_L <= 1,0.01,5,11c,c,Dash-8,10,1524,1055,2621.00,300 dpi raster RGB trace mask; per-column pixel median; fixed axis endpoints; no smoothing,128eeb1ea3ad30f5a2ecf9194e2b784be37e837982dec3bdcb7b9db48aa4e7e4
5.077510,33,32.667,27.667,37.667,resolved_positive_count_read,0.001 <= alpha_L <= 1,0.01,5,11c,c,Dash-8,10,1524,1056,2623.00,300 dpi raster RGB trace mask; per-column pixel median; fixed axis endpoints; no smoothing,128eeb1ea3ad30f5a2ecf9194e2b784be37e837982dec3bdcb7b9db48aa4e7e4
5.085133,28,28.000,23.000,33.000,resolved_positive_count_read,0.001 <= alpha_L <= 1,0.01,5,11c,c,Dash-8,10,1524,1057,2627.00,300 dpi raster RGB trace mask; per-column pixel median; fixed axis endpoints; no smoothing,128eeb1ea3ad30f5a2ecf9194e2b784be37e837982dec3bdcb7b9db48aa4e7e4
5.092757,26,26.250,21.250,31.250,resolved_positive_count_read,0.001 <= alpha_L <= 1,0.01,5,11c,c,Dash-8,10,1524,1058,2628.50,300 dpi raster RGB trace mask; per-column pixel median; fixed axis endpoints; no smoothing,128eeb1ea3ad30f5a2ecf9194e2b784be37e837982dec3bdcb7b9db48aa4e7e4
5.100381,23,23.333,18.333,28.333,resolved_positive_count_read,0.001 <= alpha_L <= 1,0.01,5,11c,c,Dash-8,10,1524,1059,2631.00,300 dpi raster RGB trace mask; per-column pixel median; fixed axis endpoints; no smoothing,128eeb1ea3ad30f5a2ecf9194e2b784be37e837982dec3bdcb7b9db48aa4e7e4
5.108005,20,20.417,15.417,25.417,resolved_positive_count_read,0.001 <= alpha_L <= 1,0.01,5,11c,c,Dash-8,10,1524,1060,2633.50,300 dpi raster RGB trace mask; per-column pixel median; fixed axis endpoints; no smoothing,128eeb1ea3ad30f5a2ecf9194e2b784be37e837982dec3bdcb7b9db48aa4e7e4
5.115629,18,18.083,13.083,23.083,resolved_positive_count_read,0.001 <= alpha_L <= 1,0.01,5,11c,c,Dash-8,10,1524,1061,2635.50,300 dpi raster RGB trace mask; per-column pixel median; fixed axis endpoints; no smoothing,128eeb1ea3ad30f5a2ecf9194e2b784be37e837982dec3bdcb7b9db48aa4e7e4
5.123253,16,15.750,10.750,20.750,resolved_positive_count_read,0.001 <= alpha_L <= 1,0.01,5,11c,c,Dash-8,10,1524,1062,2637.50,300 dpi raster RGB trace mask; per-column pixel median; fixed axis endpoints; no smoothing,128eeb1ea3ad30f5a2ecf9194e2b784be37e837982dec3bdcb7b9db48aa4e7e4
5.130877,14,14.000,9.000,19.000,resolved_positive_count_read,0.001 <= alpha_L <= 1,0.01,5,11c,c,Dash-8,10,1524,1063,2639.00,300 dpi raster RGB trace mask; per-column pixel median; fixed axis endpoints; no smoothing,128eeb1ea3ad30f5a2ecf9194e2b784be37e837982dec3bdcb7b9db48aa4e7e4
5.138501,13,13.417,8.417,18.417,resolved_positive_count_read,0.001 <= alpha_L <= 1,0.01,5,11c,c,Dash-8,10,1524,1064,2639.50,300 dpi raster RGB trace mask; per-column pixel median; fixed axis endpoints; no smoothing,128eeb1ea3ad30f5a2ecf9194e2b784be37e837982dec3bdcb7b9db48aa4e7e4
5.146125,12,12.250,7.250,17.250,resolved_positive_count_read,0.001 <= alpha_L <= 1,0.01,5,11c,c,Dash-8,10,1524,1065,2640.50,300 dpi raster RGB trace mask; per-column pixel median; fixed axis endpoints; no smoothing,128eeb1ea3ad30f5a2ecf9194e2b784be37e837982dec3bdcb7b9db48aa4e7e4
5.153748,12,12.250,7.250,17.250,resolved_positive_count_read,0.001 <= alpha_L <= 1,0.01,5,11c,c,Dash-8,10,1524,1066,2640.50,300 dpi raster RGB trace mask; per-column pixel median; fixed axis endpoints; no smoothing,128eeb1ea3ad30f5a2ecf9194e2b784be37e837982dec3bdcb7b9db48aa4e7e4
5.161372,11,11.083,6.083,16.083,resolved_positive_count_read,0.001 <= alpha_L <= 1,0.01,5,11c,c,Dash-8,10,1524,1067,2641.50,300 dpi raster RGB trace mask; per-column pixel median; fixed axis endpoints; no smoothing,128eeb1ea3ad30f5a2ecf9194e2b784be37e837982dec3bdcb7b9db48aa4e7e4
5.168996,10,9.917,4.917,14.917,resolved_positive_count_read,0.001 <= alpha_L <= 1,0.01,5,11c,c,Dash-8,10,1524,1068,2642.50,300 dpi raster RGB trace mask; per-column pixel median; fixed axis endpoints; no smoothing,128eeb1ea3ad30f5a2ecf9194e2b784be37e837982dec3bdcb7b9db48aa4e7e4
5.176620,10,9.917,4.917,14.917,resolved_positive_count_read,0.001 <= alpha_L <= 1,0.01,5,11c,c,Dash-8,10,1524,1069,2642.50,300 dpi raster RGB trace mask; per-column pixel median; fixed axis endpoints; no smoothing,128eeb1ea3ad30f5a2ecf9194e2b784be37e837982dec3bdcb7b9db48aa4e7e4
5.184244,9,9.333,4.333,14.333,resolved_positive_count_read,0.001 <= alpha_L <= 1,0.01,5,11c,c,Dash-8,10,1524,1070,2643.00,300 dpi raster RGB trace mask; per-column pixel median; fixed axis endpoints; no smoothing,128eeb1ea3ad30f5a2ecf9194e2b784be37e837982dec3bdcb7b9db48aa4e7e4
5.191868,9,8.750,3.750,13.750,resolved_positive_count_read,0.001 <= alpha_L <= 1,0.01,5,11c,c,Dash-8,10,1524,1071,2643.50,300 dpi raster RGB trace mask; per-column pixel median; fixed axis endpoints; no smoothing,128eeb1ea3ad30f5a2ecf9194e2b784be37e837982dec3bdcb7b9db48aa4e7e4
5.199492,8,7.583,2.583,12.583,resolved_positive_count_read,0.001 <= alpha_L <= 1,0.01,5,11c,c,Dash-8,10,1524,1072,2644.50,300 dpi raster RGB trace mask; per-column pixel median; fixed axis endpoints; no smoothing,128eeb1ea3ad30f5a2ecf9194e2b784be37e837982dec3bdcb7b9db48aa4e7e4
5.207116,8,7.583,2.583,12.583,resolved_positive_count_read,0.001 <= alpha_L <= 1,0.01,5,11c,c,Dash-8,10,1524,1073,2644.50,300 dpi raster RGB trace mask; per-column pixel median; fixed axis endpoints; no smoothing,128eeb1ea3ad30f5a2ecf9194e2b784be37e837982dec3bdcb7b9db48aa4e7e4
5.214740,7,7.000,2.000,12.000,resolved_positive_count_read,0.001 <= alpha_L <= 1,0.01,5,11c,c,Dash-8,10,1524,1074,2645.00,300 dpi raster RGB trace mask; per-column pixel median; fixed axis endpoints; no smoothing,128eeb1ea3ad30f5a2ecf9194e2b784be37e837982dec3bdcb7b9db48aa4e7e4
5.222363,7,7.000,2.000,12.000,resolved_positive_count_read,0.001 <= alpha_L <= 1,0.01,5,11c,c,Dash-8,10,1524,1075,2645.00,300 dpi raster RGB trace mask; per-column pixel median; fixed axis endpoints; no smoothing,128eeb1ea3ad30f5a2ecf9194e2b784be37e837982dec3bdcb7b9db48aa4e7e4
5.229987,6,6.417,1.417,11.417,resolved_positive_count_read,0.001 <= alpha_L <= 1,0.01,5,11c,c,Dash-8,10,1524,1076,2645.50,300 dpi raster RGB trace mask; per-column pixel median; fixed axis endpoints; no smoothing,128eeb1ea3ad30f5a2ecf9194e2b784be37e837982dec3bdcb7b9db48aa4e7e4
5.237611,6,6.417,1.417,11.417,resolved_positive_count_read,0.001 <= alpha_L <= 1,0.01,5,11c,c,Dash-8,10,1524,1077,2645.50,300 dpi raster RGB trace mask; per-column pixel median; fixed axis endpoints; no smoothing,128eeb1ea3ad30f5a2ecf9194e2b784be37e837982dec3bdcb7b9db48aa4e7e4
5.245235,6,5.833,0.833,10.833,resolved_positive_count_read,0.001 <= alpha_L <= 1,0.01,5,11c,c,Dash-8,10,1524,1078,2646.00,300 dpi raster RGB trace mask; per-column pixel median; fixed axis endpoints; no smoothing,128eeb1ea3ad30f5a2ecf9194e2b784be37e837982dec3bdcb7b9db48aa4e7e4
5.252859,6,5.833,0.833,10.833,resolved_positive_count_read,0.001 <= alpha_L <= 1,0.01,5,11c,c,Dash-8,10,1524,1079,2646.00,300 dpi raster RGB trace mask; per-column pixel median; fixed axis endpoints; no smoothing,128eeb1ea3ad30f5a2ecf9194e2b784be37e837982dec3bdcb7b9db48aa4e7e4
5.260483,5,5.250,0.250,10.250,resolved_positive_count_read,0.001 <= alpha_L <= 1,0.01,5,11c,c,Dash-8,10,1524,1080,2646.50,300 dpi raster RGB trace mask; per-column pixel median; fixed axis endpoints; no smoothing,128eeb1ea3ad30f5a2ecf9194e2b784be37e837982dec3bdcb7b9db48aa4e7e4
5.268107,5,5.250,0.250,10.250,resolved_positive_count_read,0.001 <= alpha_L <= 1,0.01,5,11c,c,Dash-8,10,1524,1081,2646.50,300 dpi raster RGB trace mask; per-column pixel median; fixed axis endpoints; no smoothing,128eeb1ea3ad30f5a2ecf9194e2b784be37e837982dec3bdcb7b9db48aa4e7e4
5.275731,,4.667,0.000,9.667,near_zero_unresolved_within_read_allowance,0.001 <= alpha_L <= 1,0.01,5,11c,c,Dash-8,10,1524,1082,2647.00,300 dpi raster RGB trace mask; per-column pixel median; fixed axis endpoints; no smoothing,128eeb1ea3ad30f5a2ecf9194e2b784be37e837982dec3bdcb7b9db48aa4e7e4
5.283355,,4.667,0.000,9.667,near_zero_unresolved_within_read_allowance,0.001 <= alpha_L <= 1,0.01,5,11c,c,Dash-8,10,1524,1083,2647.00,300 dpi raster RGB trace mask; per-column pixel median; fixed axis endpoints; no smoothing,128eeb1ea3ad30f5a2ecf9194e2b784be37e837982dec3bdcb7b9db48aa4e7e4
5.290978,,4.083,0.000,9.083,near_zero_unresolved_within_read_allowance,0.001 <= alpha_L <= 1,0.01,5,11c,c,Dash-8,10,1524,1084,2647.50,300 dpi raster RGB trace mask; per-column pixel median; fixed axis endpoints; no smoothing,128eeb1ea3ad30f5a2ecf9194e2b784be37e837982dec3bdcb7b9db48aa4e7e4
5.298602,,4.083,0.000,9.083,near_zero_unresolved_within_read_allowance,0.001 <= alpha_L <= 1,0.01,5,11c,c,Dash-8,10,1524,1085,2647.50,300 dpi raster RGB trace mask; per-column pixel median; fixed axis endpoints; no smoothing,128eeb1ea3ad30f5a2ecf9194e2b784be37e837982dec3bdcb7b9db48aa4e7e4
0.083863,,-0.583,0.000,4.417,near_zero_unresolved_within_read_allowance,0.9 <= alpha_L <= 1,0.01,5,11c,c,Dash-8,10,1524,401,2651.50,300 dpi raster RGB trace mask; per-column pixel median; fixed axis endpoints; no smoothing,128eeb1ea3ad30f5a2ecf9194e2b784be37e837982dec3bdcb7b9db48aa4e7e4
0.091487,,0.000,0.000,5.000,near_zero_unresolved_within_read_allowance,0.9 <= alpha_L <= 1,0.01,5,11c,c,Dash-8,10,1524,402,2651.00,300 dpi raster RGB trace mask; per-column pixel median; fixed axis endpoints; no smoothing,128eeb1ea3ad30f5a2ecf9194e2b784be37e837982dec3bdcb7b9db48aa4e7e4
0.099111,,-0.583,0.000,4.417,near_zero_unresolved_within_read_allowance,0.9 <= alpha_L <= 1,0.01,5,11c,c,Dash-8,10,1524,403,2651.50,300 dpi raster RGB trace mask; per-column pixel median; fixed axis endpoints; no smoothing,128eeb1ea3ad30f5a2ecf9194e2b784be37e837982dec3bdcb7b9db48aa4e7e4
0.106734,,-1.167,0.000,3.833,near_zero_unresolved_within_read_allowance,0.9 <= alpha_L <= 1,0.01,5,11c,c,Dash-8,10,1524,404,2652.00,300 dpi raster RGB trace mask; per-column pixel median; fixed axis endpoints; no smoothing,128eeb1ea3ad30f5a2ecf9194e2b784be37e837982dec3bdcb7b9db48aa4e7e4
0.114358,,-1.167,0.000,3.833,near_zero_unresolved_within_read_allowance,0.9 <= alpha_L <= 1,0.01,5,11c,c,Dash-8,10,1524,405,2652.00,300 dpi raster RGB trace mask; per-column pixel median; fixed axis endpoints; no smoothing,128eeb1ea3ad30f5a2ecf9194e2b784be37e837982dec3bdcb7b9db48aa4e7e4
0.121982,,-1.167,0.000,3.833,near_zero_unresolved_within_read_allowance,0.9 <= alpha_L <= 1,0.01,5,11c,c,Dash-8,10,1524,406,2652.00,300 dpi raster RGB trace mask; per-column pixel median; fixed axis endpoints; no smoothing,128eeb1ea3ad30f5a2ecf9194e2b784be37e837982dec3bdcb7b9db48aa4e7e4
0.129606,,-1.167,0.000,3.833,near_zero_unresolved_within_read_allowance,0.9 <= alpha_L <= 1,0.01,5,11c,c,Dash-8,10,1524,407,2652.00,300 dpi raster RGB trace mask; per-column pixel median; fixed axis endpoints; no smoothing,128eeb1ea3ad30f5a2ecf9194e2b784be37e837982dec3bdcb7b9db48aa4e7e4
0.137230,,-1.167,0.000,3.833,near_zero_unresolved_within_read_allowance,0.9 <= alpha_L <= 1,0.01,5,11c,c,Dash-8,10,1524,408,2652.00,300 dpi raster RGB trace mask; per-column pixel median; fixed axis endpoints; no smoothing,128eeb1ea3ad30f5a2ecf9194e2b784be37e837982dec3bdcb7b9db48aa4e7e4
0.144854,,-1.167,0.000,3.833,near_zero_unresolved_within_read_allowance,0.9 <= alpha_L <= 1,0.01,5,11c,c,Dash-8,10,1524,409,2652.00,300 dpi raster RGB trace mask; per-column pixel median; fixed axis endpoints; no smoothing,128eeb1ea3ad30f5a2ecf9194e2b784be37e837982dec3bdcb7b9db48aa4e7e4
0.152478,,-1.167,0.000,3.833,near_zero_unresolved_within_read_allowance,0.9 <= alpha_L <= 1,0.01,5,11c,c,Dash-8,10,1524,410,2652.00,300 dpi raster RGB trace mask; per-column pixel median; fixed axis endpoints; no smoothing,128eeb1ea3ad30f5a2ecf9194e2b784be37e837982dec3bdcb7b9db48aa4e7e4
0.160102,,-1.167,0.000,3.833,near_zero_unresolved_within_read_allowance,0.9 <= alpha_L <= 1,0.01,5,11c,c,Dash-8,10,1524,411,2652.00,300 dpi raster RGB trace mask; per-column pixel median; fixed axis endpoints; no smoothing,128eeb1ea3ad30f5a2ecf9194e2b784be37e837982dec3bdcb7b9db48aa4e7e4
0.167726,,-1.167,0.000,3.833,near_zero_unresolved_within_read_allowance,0.9 <= alpha_L <= 1,0.01,5,11c,c,Dash-8,10,1524,412,2652.00,300 dpi raster RGB trace mask; per-column pixel median; fixed axis endpoints; no smoothing,128eeb1ea3ad30f5a2ecf9194e2b784be37e837982dec3bdcb7b9db48aa4e7e4
0.175349,,-1.167,0.000,3.833,near_zero_unresolved_within_read_allowance,0.9 <= alpha_L <= 1,0.01,5,11c,c,Dash-8,10,1524,413,2652.00,300 dpi raster RGB trace mask; per-column pixel median; fixed axis endpoints; no smoothing,128eeb1ea3ad30f5a2ecf9194e2b784be37e837982dec3bdcb7b9db48aa4e7e4
0.182973,,-1.167,0.000,3.833,near_zero_unresolved_within_read_allowance,0.9 <= alpha_L <= 1,0.01,5,11c,c,Dash-8,10,1524,414,2652.00,300 dpi raster RGB trace mask; per-column pixel median; fixed axis endpoints; no smoothing,128eeb1ea3ad30f5a2ecf9194e2b784be37e837982dec3bdcb7b9db48aa4e7e4
0.190597,,-1.167,0.000,3.833,near_zero_unresolved_within_read_allowance,0.9 <= alpha_L <= 1,0.01,5,11c,c,Dash-8,10,1524,415,2652.00,300 dpi raster RGB trace mask; per-column pixel median; fixed axis endpoints; no smoothing,128eeb1ea3ad30f5a2ecf9194e2b784be37e837982dec3bdcb7b9db48aa4e7e4
0.198221,,-1.167,0.000,3.833,near_zero_unresolved_within_read_allowance,0.9 <= alpha_L <= 1,0.01,5,11c,c,Dash-8,10,1524,416,2652.00,300 dpi raster RGB trace mask; per-column pixel median; fixed axis endpoints; no smoothing,128eeb1ea3ad30f5a2ecf9194e2b784be37e837982dec3bdcb7b9db48aa4e7e4
0.205845,,-1.167,0.000,3.833,near_zero_unresolved_within_read_allowance,0.9 <= alpha_L <= 1,0.01,5,11c,c,Dash-8,10,1524,417,2652.00,300 dpi raster RGB trace mask; per-column pixel median; fixed axis endpoints; no smoothing,128eeb1ea3ad30f5a2ecf9194e2b784be37e837982dec3bdcb7b9db48aa4e7e4
0.213469,,-1.167,0.000,3.833,near_zero_unresolved_within_read_allowance,0.9 <= alpha_L <= 1,0.01,5,11c,c,Dash-8,10,1524,418,2652.00,300 dpi raster RGB trace mask; per-column pixel median; fixed axis endpoints; no smoothing,128eeb1ea3ad30f5a2ecf9194e2b784be37e837982dec3bdcb7b9db48aa4e7e4
0.221093,,-1.167,0.000,3.833,near_zero_unresolved_within_read_allowance,0.9 <= alpha_L <= 1,0.01,5,11c,c,Dash-8,10,1524,419,2652.00,300 dpi raster RGB trace mask; per-column pixel median; fixed axis endpoints; no smoothing,128eeb1ea3ad30f5a2ecf9194e2b784be37e837982dec3bdcb7b9db48aa4e7e4
0.228717,,-1.167,0.000,3.833,near_zero_unresolved_within_read_allowance,0.9 <= alpha_L <= 1,0.01,5,11c,c,Dash-8,10,1524,420,2652.00,300 dpi raster RGB trace mask; per-column pixel median; fixed axis endpoints; no smoothing,128eeb1ea3ad30f5a2ecf9194e2b784be37e837982dec3bdcb7b9db48aa4e7e4
0.236341,,-1.167,0.000,3.833,near_zero_unresolved_within_read_allowance,0.9 <= alpha_L <= 1,0.01,5,11c,c,Dash-8,10,1524,421,2652.00,300 dpi raster RGB trace mask; per-column pixel median; fixed axis endpoints; no smoothing,128eeb1ea3ad30f5a2ecf9194e2b784be37e837982dec3bdcb7b9db48aa4e7e4
0.243964,,-1.167,0.000,3.833,near_zero_unresolved_within_read_allowance,0.9 <= alpha_L <= 1,0.01,5,11c,c,Dash-8,10,1524,422,2652.00,300 dpi raster RGB trace mask; per-column pixel median; fixed axis endpoints; no smoothing,128eeb1ea3ad30f5a2ecf9194e2b784be37e837982dec3bdcb7b9db48aa4e7e4
0.251588,,-1.167,0.000,3.833,near_zero_unresolved_within_read_allowance,0.9 <= alpha_L <= 1,0.01,5,11c,c,Dash-8,10,1524,423,2652.00,300 dpi raster RGB trace mask; per-column pixel median; fixed axis endpoints; no smoothing,128eeb1ea3ad30f5a2ecf9194e2b784be37e837982dec3bdcb7b9db48aa4e7e4
0.259212,,-1.167,0.000,3.833,near_zero_unresolved_within_read_allowance,0.9 <= alpha_L <= 1,0.01,5,11c,c,Dash-8,10,1524,424,2652.00,300 dpi raster RGB trace mask; per-column pixel median; fixed axis endpoints; no smoothing,128eeb1ea3ad30f5a2ecf9194e2b784be37e837982dec3bdcb7b9db48aa4e7e4
0.266836,,-1.167,0.000,3.833,near_zero_unresolved_within_read_allowance,0.9 <= alpha_L <= 1,0.01,5,11c,c,Dash-8,10,1524,425,2652.00,300 dpi raster RGB trace mask; per-column pixel median; fixed axis endpoints; no smoothing,128eeb1ea3ad30f5a2ecf9194e2b784be37e837982dec3bdcb7b9db48aa4e7e4
0.274460,,-1.167,0.000,3.833,near_zero_unresolved_within_read_allowance,0.9 <= alpha_L <= 1,0.01,5,11c,c,Dash-8,10,1524,426,2652.00,300 dpi raster RGB trace mask; per-column pixel median; fixed axis endpoints; no smoothing,128eeb1ea3ad30f5a2ecf9194e2b784be37e837982dec3bdcb7b9db48aa4e7e4
0.282084,,-1.167,0.000,3.833,near_zero_unresolved_within_read_allowance,0.9 <= alpha_L <= 1,0.01,5,11c,c,Dash-8,10,1524,427,2652.00,300 dpi raster RGB trace mask; per-column pixel median; fixed axis endpoints; no smoothing,128eeb1ea3ad30f5a2ecf9194e2b784be37e837982dec3bdcb7b9db48aa4e7e4
0.289708,,-1.167,0.000,3.833,near_zero_unresolved_within_read_allowance,0.9 <= alpha_L <= 1,0.01,5,11c,c,Dash-8,10,1524,428,2652.00,300 dpi raster RGB trace mask; per-column pixel median; fixed axis endpoints; no smoothing,128eeb1ea3ad30f5a2ecf9194e2b784be37e837982dec3bdcb7b9db48aa4e7e4
0.297332,,-1.167,0.000,3.833,near_zero_unresolved_within_read_allowance,0.9 <= alpha_L <= 1,0.01,5,11c,c,Dash-8,10,1524,429,2652.00,300 dpi raster RGB trace mask; per-column pixel median; fixed axis endpoints; no smoothing,128eeb1ea3ad30f5a2ecf9194e2b784be37e837982dec3bdcb7b9db48aa4e7e4
0.304956,,-1.167,0.000,3.833,near_zero_unresolved_within_read_allowance,0.9 <= alpha_L <= 1,0.01,5,11c,c,Dash-8,10,1524,430,2652.00,300 dpi raster RGB trace mask; per-column pixel median; fixed axis endpoints; no smoothing,128eeb1ea3ad30f5a2ecf9194e2b784be37e837982dec3bdcb7b9db48aa4e7e4
0.312579,,-1.167,0.000,3.833,near_zero_unresolved_within_read_allowance,0.9 <= alpha_L <= 1,0.01,5,11c,c,Dash-8,10,1524,431,2652.00,300 dpi raster RGB trace mask; per-column pixel median; fixed axis endpoints; no smoothing,128eeb1ea3ad30f5a2ecf9194e2b784be37e837982dec3bdcb7b9db48aa4e7e4
0.320203,,-1.167,0.000,3.833,near_zero_unresolved_within_read_allowance,0.9 <= alpha_L <= 1,0.01,5,11c,c,Dash-8,10,1524,432,2652.00,300 dpi raster RGB trace mask; per-column pixel median; fixed axis endpoints; no smoothing,128eeb1ea3ad30f5a2ecf9194e2b784be37e837982dec3bdcb7b9db48aa4e7e4
0.327827,,-1.167,0.000,3.833,near_zero_unresolved_within_read_allowance,0.9 <= alpha_L <= 1,0.01,5,11c,c,Dash-8,10,1524,433,2652.00,300 dpi raster RGB trace mask; per-column pixel median; fixed axis endpoints; no smoothing,128eeb1ea3ad30f5a2ecf9194e2b784be37e837982dec3bdcb7b9db48aa4e7e4
0.335451,,-0.583,0.000,4.417,near_zero_unresolved_within_read_allowance,0.9 <= alpha_L <= 1,0.01,5,11c,c,Dash-8,10,1524,434,2651.50,300 dpi raster RGB trace mask; per-column pixel median; fixed axis endpoints; no smoothing,128eeb1ea3ad30f5a2ecf9194e2b784be37e837982dec3bdcb7b9db48aa4e7e4
0.343075,,-0.583,0.000,4.417,near_zero_unresolved_within_read_allowance,0.9 <= alpha_L <= 1,0.01,5,11c,c,Dash-8,10,1524,435,2651.50,300 dpi raster RGB trace mask; per-column pixel median; fixed axis endpoints; no smoothing,128eeb1ea3ad30f5a2ecf9194e2b784be37e837982dec3bdcb7b9db48aa4e7e4
0.350699,,-0.583,0.000,4.417,near_zero_unresolved_within_read_allowance,0.9 <= alpha_L <= 1,0.01,5,11c,c,Dash-8,10,1524,436,2651.50,300 dpi raster RGB trace mask; per-column pixel median; fixed axis endpoints; no smoothing,128eeb1ea3ad30f5a2ecf9194e2b784be37e837982dec3bdcb7b9db48aa4e7e4
0.358323,,-0.583,0.000,4.417,near_zero_unresolved_within_read_allowance,0.9 <= alpha_L <= 1,0.01,5,11c,c,Dash-8,10,1524,437,2651.50,300 dpi raster RGB trace mask; per-column pixel median; fixed axis endpoints; no smoothing,128eeb1ea3ad30f5a2ecf9194e2b784be37e837982dec3bdcb7b9db48aa4e7e4
0.365947,,-0.583,0.000,4.417,near_zero_unresolved_within_read_allowance,0.9 <= alpha_L <= 1,0.01,5,11c,c,Dash-8,10,1524,438,2651.50,300 dpi raster RGB trace mask; per-column pixel median; fixed axis endpoints; no smoothing,128eeb1ea3ad30f5a2ecf9194e2b784be37e837982dec3bdcb7b9db48aa4e7e4
0.373571,,-0.583,0.000,4.417,near_zero_unresolved_within_read_allowance,0.9 <= alpha_L <= 1,0.01,5,11c,c,Dash-8,10,1524,439,2651.50,300 dpi raster RGB trace mask; per-column pixel median; fixed axis endpoints; no smoothing,128eeb1ea3ad30f5a2ecf9194e2b784be37e837982dec3bdcb7b9db48aa4e7e4
0.381194,,-0.583,0.000,4.417,near_zero_unresolved_within_read_allowance,0.9 <= alpha_L <= 1,0.01,5,11c,c,Dash-8,10,1524,440,2651.50,300 dpi raster RGB trace mask; per-column pixel median; fixed axis endpoints; no smoothing,128eeb1ea3ad30f5a2ecf9194e2b784be37e837982dec3bdcb7b9db48aa4e7e4
0.388818,,-0.583,0.000,4.417,near_zero_unresolved_within_read_allowance,0.9 <= alpha_L <= 1,0.01,5,11c,c,Dash-8,10,1524,441,2651.50,300 dpi raster RGB trace mask; per-column pixel median; fixed axis endpoints; no smoothing,128eeb1ea3ad30f5a2ecf9194e2b784be37e837982dec3bdcb7b9db48aa4e7e4
0.396442,,-0.583,0.000,4.417,near_zero_unresolved_within_read_allowance,0.9 <= alpha_L <= 1,0.01,5,11c,c,Dash-8,10,1524,442,2651.50,300 dpi raster RGB trace mask; per-column pixel median; fixed axis endpoints; no smoothing,128eeb1ea3ad30f5a2ecf9194e2b784be37e837982dec3bdcb7b9db48aa4e7e4
0.404066,,-0.583,0.000,4.417,near_zero_unresolved_within_read_allowance,0.9 <= alpha_L <= 1,0.01,5,11c,c,Dash-8,10,1524,443,2651.50,300 dpi raster RGB trace mask; per-column pixel median; fixed axis endpoints; no smoothing,128eeb1ea3ad30f5a2ecf9194e2b784be37e837982dec3bdcb7b9db48aa4e7e4
0.411690,,-0.583,0.000,4.417,near_zero_unresolved_within_read_allowance,0.9 <= alpha_L <= 1,0.01,5,11c,c,Dash-8,10,1524,444,2651.50,300 dpi raster RGB trace mask; per-column pixel median; fixed axis endpoints; no smoothing,128eeb1ea3ad30f5a2ecf9194e2b784be37e837982dec3bdcb7b9db48aa4e7e4
0.419314,,-0.583,0.000,4.417,near_zero_unresolved_within_read_allowance,0.9 <= alpha_L <= 1,0.01,5,11c,c,Dash-8,10,1524,445,2651.50,300 dpi raster RGB trace mask; per-column pixel median; fixed axis endpoints; no smoothing,128eeb1ea3ad30f5a2ecf9194e2b784be37e837982dec3bdcb7b9db48aa4e7e4
0.426938,,-0.583,0.000,4.417,near_zero_unresolved_within_read_allowance,0.9 <= alpha_L <= 1,0.01,5,11c,c,Dash-8,10,1524,446,2651.50,300 dpi raster RGB trace mask; per-column pixel median; fixed axis endpoints; no smoothing,128eeb1ea3ad30f5a2ecf9194e2b784be37e837982dec3bdcb7b9db48aa4e7e4
0.434562,,-0.583,0.000,4.417,near_zero_unresolved_within_read_allowance,0.9 <= alpha_L <= 1,0.01,5,11c,c,Dash-8,10,1524,447,2651.50,300 dpi raster RGB trace mask; per-column pixel median; fixed axis endpoints; no smoothing,128eeb1ea3ad30f5a2ecf9194e2b784be37e837982dec3bdcb7b9db48aa4e7e4
0.442186,,-0.583,0.000,4.417,near_zero_unresolved_within_read_allowance,0.9 <= alpha_L <= 1,0.01,5,11c,c,Dash-8,10,1524,448,2651.50,300 dpi raster RGB trace mask; per-column pixel median; fixed axis endpoints; no smoothing,128eeb1ea3ad30f5a2ecf9194e2b784be37e837982dec3bdcb7b9db48aa4e7e4
0.449809,,-0.583,0.000,4.417,near_zero_unresolved_within_read_allowance,0.9 <= alpha_L <= 1,0.01,5,11c,c,Dash-8,10,1524,449,2651.50,300 dpi raster RGB trace mask; per-column pixel median; fixed axis endpoints; no smoothing,128eeb1ea3ad30f5a2ecf9194e2b784be37e837982dec3bdcb7b9db48aa4e7e4
0.457433,,-0.583,0.000,4.417,near_zero_unresolved_within_read_allowance,0.9 <= alpha_L <= 1,0.01,5,11c,c,Dash-8,10,1524,450,2651.50,300 dpi raster RGB trace mask; per-column pixel median; fixed axis endpoints; no smoothing,128eeb1ea3ad30f5a2ecf9194e2b784be37e837982dec3bdcb7b9db48aa4e7e4
0.465057,,-0.583,0.000,4.417,near_zero_unresolved_within_read_allowance,0.9 <= alpha_L <= 1,0.01,5,11c,c,Dash-8,10,1524,451,2651.50,300 dpi raster RGB trace mask; per-column pixel median; fixed axis endpoints; no smoothing,128eeb1ea3ad30f5a2ecf9194e2b784be37e837982dec3bdcb7b9db48aa4e7e4
0.472681,,-0.583,0.000,4.417,near_zero_unresolved_within_read_allowance,0.9 <= alpha_L <= 1,0.01,5,11c,c,Dash-8,10,1524,452,2651.50,300 dpi raster RGB trace mask; per-column pixel median; fixed axis endpoints; no smoothing,128eeb1ea3ad30f5a2ecf9194e2b784be37e837982dec3bdcb7b9db48aa4e7e4
0.480305,,-0.583,0.000,4.417,near_zero_unresolved_within_read_allowance,0.9 <= alpha_L <= 1,0.01,5,11c,c,Dash-8,10,1524,453,2651.50,300 dpi raster RGB trace mask; per-column pixel median; fixed axis endpoints; no smoothing,128eeb1ea3ad30f5a2ecf9194e2b784be37e837982dec3bdcb7b9db48aa4e7e4
0.487929,,-0.583,0.000,4.417,near_zero_unresolved_within_read_allowance,0.9 <= alpha_L <= 1,0.01,5,11c,c,Dash-8,10,1524,454,2651.50,300 dpi raster RGB trace mask; per-column pixel median; fixed axis endpoints; no smoothing,128eeb1ea3ad30f5a2ecf9194e2b784be37e837982dec3bdcb7b9db48aa4e7e4
0.495553,,-0.583,0.000,4.417,near_zero_unresolved_within_read_allowance,0.9 <= alpha_L <= 1,0.01,5,11c,c,Dash-8,10,1524,455,2651.50,300 dpi raster RGB trace mask; per-column pixel median; fixed axis endpoints; no smoothing,128eeb1ea3ad30f5a2ecf9194e2b784be37e837982dec3bdcb7b9db48aa4e7e4
0.503177,,-0.583,0.000,4.417,near_zero_unresolved_within_read_allowance,0.9 <= alpha_L <= 1,0.01,5,11c,c,Dash-8,10,1524,456,2651.50,300 dpi raster RGB trace mask; per-column pixel median; fixed axis endpoints; no smoothing,128eeb1ea3ad30f5a2ecf9194e2b784be37e837982dec3bdcb7b9db48aa4e7e4
0.510801,,-0.583,0.000,4.417,near_zero_unresolved_within_read_allowance,0.9 <= alpha_L <= 1,0.01,5,11c,c,Dash-8,10,1524,457,2651.50,300 dpi raster RGB trace mask; per-column pixel median; fixed axis endpoints; no smoothing,128eeb1ea3ad30f5a2ecf9194e2b784be37e837982dec3bdcb7b9db48aa4e7e4
0.518424,,-0.583,0.000,4.417,near_zero_unresolved_within_read_allowance,0.9 <= alpha_L <= 1,0.01,5,11c,c,Dash-8,10,1524,458,2651.50,300 dpi raster RGB trace mask; per-column pixel median; fixed axis endpoints; no smoothing,128eeb1ea3ad30f5a2ecf9194e2b784be37e837982dec3bdcb7b9db48aa4e7e4
0.526048,,-0.583,0.000,4.417,near_zero_unresolved_within_read_allowance,0.9 <= alpha_L <= 1,0.01,5,11c,c,Dash-8,10,1524,459,2651.50,300 dpi raster RGB trace mask; per-column pixel median; fixed axis endpoints; no smoothing,128eeb1ea3ad30f5a2ecf9194e2b784be37e837982dec3bdcb7b9db48aa4e7e4
0.533672,,-0.583,0.000,4.417,near_zero_unresolved_within_read_allowance,0.9 <= alpha_L <= 1,0.01,5,11c,c,Dash-8,10,1524,460,2651.50,300 dpi raster RGB trace mask; per-column pixel median; fixed axis endpoints; no smoothing,128eeb1ea3ad30f5a2ecf9194e2b784be37e837982dec3bdcb7b9db48aa4e7e4
0.541296,,-0.583,0.000,4.417,near_zero_unresolved_within_read_allowance,0.9 <= alpha_L <= 1,0.01,5,11c,c,Dash-8,10,1524,461,2651.50,300 dpi raster RGB trace mask; per-column pixel median; fixed axis endpoints; no smoothing,128eeb1ea3ad30f5a2ecf9194e2b784be37e837982dec3bdcb7b9db48aa4e7e4
0.548920,,-0.583,0.000,4.417,near_zero_unresolved_within_read_allowance,0.9 <= alpha_L <= 1,0.01,5,11c,c,Dash-8,10,1524,462,2651.50,300 dpi raster RGB trace mask; per-column pixel median; fixed axis endpoints; no smoothing,128eeb1ea3ad30f5a2ecf9194e2b784be37e837982dec3bdcb7b9db48aa4e7e4
0.556544,,-0.583,0.000,4.417,near_zero_unresolved_within_read_allowance,0.9 <= alpha_L <= 1,0.01,5,11c,c,Dash-8,10,1524,463,2651.50,300 dpi raster RGB trace mask; per-column pixel median; fixed axis endpoints; no smoothing,128eeb1ea3ad30f5a2ecf9194e2b784be37e837982dec3bdcb7b9db48aa4e7e4
0.564168,,-0.583,0.000,4.417,near_zero_unresolved_within_read_allowance,0.9 <= alpha_L <= 1,0.01,5,11c,c,Dash-8,10,1524,464,2651.50,300 dpi raster RGB trace mask; per-column pixel median; fixed axis endpoints; no smoothing,128eeb1ea3ad30f5a2ecf9194e2b784be37e837982dec3bdcb7b9db48aa4e7e4
0.571792,,-0.583,0.000,4.417,near_zero_unresolved_within_read_allowance,0.9 <= alpha_L <= 1,0.01,5,11c,c,Dash-8,10,1524,465,2651.50,300 dpi raster RGB trace mask; per-column pixel median; fixed axis endpoints; no smoothing,128eeb1ea3ad30f5a2ecf9194e2b784be37e837982dec3bdcb7b9db48aa4e7e4
0.579416,,-0.583,0.000,4.417,near_zero_unresolved_within_read_allowance,0.9 <= alpha_L <= 1,0.01,5,11c,c,Dash-8,10,1524,466,2651.50,300 dpi raster RGB trace mask; per-column pixel median; fixed axis endpoints; no smoothing,128eeb1ea3ad30f5a2ecf9194e2b784be37e837982dec3bdcb7b9db48aa4e7e4
0.587039,,-0.583,0.000,4.417,near_zero_unresolved_within_read_allowance,0.9 <= alpha_L <= 1,0.01,5,11c,c,Dash-8,10,1524,467,2651.50,300 dpi raster RGB trace mask; per-column pixel median; fixed axis endpoints; no smoothing,128eeb1ea3ad30f5a2ecf9194e2b784be37e837982dec3bdcb7b9db48aa4e7e4
0.594663,,-0.583,0.000,4.417,near_zero_unresolved_within_read_allowance,0.9 <= alpha_L <= 1,0.01,5,11c,c,Dash-8,10,1524,468,2651.50,300 dpi raster RGB trace mask; per-column pixel median; fixed axis endpoints; no smoothing,128eeb1ea3ad30f5a2ecf9194e2b784be37e837982dec3bdcb7b9db48aa4e7e4
0.602287,,0.000,0.000,5.000,near_zero_unresolved_within_read_allowance,0.9 <= alpha_L <= 1,0.01,5,11c,c,Dash-8,10,1524,469,2651.00,300 dpi raster RGB trace mask; per-column pixel median; fixed axis endpoints; no smoothing,128eeb1ea3ad30f5a2ecf9194e2b784be37e837982dec3bdcb7b9db48aa4e7e4
0.609911,,0.000,0.000,5.000,near_zero_unresolved_within_read_allowance,0.9 <= alpha_L <= 1,0.01,5,11c,c,Dash-8,10,1524,470,2651.00,300 dpi raster RGB trace mask; per-column pixel median; fixed axis endpoints; no smoothing,128eeb1ea3ad30f5a2ecf9194e2b784be37e837982dec3bdcb7b9db48aa4e7e4
0.617535,,0.000,0.000,5.000,near_zero_unresolved_within_read_allowance,0.9 <= alpha_L <= 1,0.01,5,11c,c,Dash-8,10,1524,471,2651.00,300 dpi raster RGB trace mask; per-column pixel median; fixed axis endpoints; no smoothing,128eeb1ea3ad30f5a2ecf9194e2b784be37e837982dec3bdcb7b9db48aa4e7e4
0.625159,,0.000,0.000,5.000,near_zero_unresolved_within_read_allowance,0.9 <= alpha_L <= 1,0.01,5,11c,c,Dash-8,10,1524,472,2651.00,300 dpi raster RGB trace mask; per-column pixel median; fixed axis endpoints; no smoothing,128eeb1ea3ad30f5a2ecf9194e2b784be37e837982dec3bdcb7b9db48aa4e7e4
0.632783,,0.000,0.000,5.000,near_zero_unresolved_within_read_allowance,0.9 <= alpha_L <= 1,0.01,5,11c,c,Dash-8,10,1524,473,2651.00,300 dpi raster RGB trace mask; per-column pixel median; fixed axis endpoints; no smoothing,128eeb1ea3ad30f5a2ecf9194e2b784be37e837982dec3bdcb7b9db48aa4e7e4
0.640407,,0.000,0.000,5.000,near_zero_unresolved_within_read_allowance,0.9 <= alpha_L <= 1,0.01,5,11c,c,Dash-8,10,1524,474,2651.00,300 dpi raster RGB trace mask; per-column pixel median; fixed axis endpoints; no smoothing,128eeb1ea3ad30f5a2ecf9194e2b784be37e837982dec3bdcb7b9db48aa4e7e4
0.648030,,0.000,0.000,5.000,near_zero_unresolved_within_read_allowance,0.9 <= alpha_L <= 1,0.01,5,11c,c,Dash-8,10,1524,475,2651.00,300 dpi raster RGB trace mask; per-column pixel median; fixed axis endpoints; no smoothing,128eeb1ea3ad30f5a2ecf9194e2b784be37e837982dec3bdcb7b9db48aa4e7e4
0.655654,,0.000,0.000,5.000,near_zero_unresolved_within_read_allowance,0.9 <= alpha_L <= 1,0.01,5,11c,c,Dash-8,10,1524,476,2651.00,300 dpi raster RGB trace mask; per-column pixel median; fixed axis endpoints; no smoothing,128eeb1ea3ad30f5a2ecf9194e2b784be37e837982dec3bdcb7b9db48aa4e7e4
0.663278,,0.000,0.000,5.000,near_zero_unresolved_within_read_allowance,0.9 <= alpha_L <= 1,0.01,5,11c,c,Dash-8,10,1524,477,2651.00,300 dpi raster RGB trace mask; per-column pixel median; fixed axis endpoints; no smoothing,128eeb1ea3ad30f5a2ecf9194e2b784be37e837982dec3bdcb7b9db48aa4e7e4
0.670902,,0.000,0.000,5.000,near_zero_unresolved_within_read_allowance,0.9 <= alpha_L <= 1,0.01,5,11c,c,Dash-8,10,1524,478,2651.00,300 dpi raster RGB trace mask; per-column pixel median; fixed axis endpoints; no smoothing,128eeb1ea3ad30f5a2ecf9194e2b784be37e837982dec3bdcb7b9db48aa4e7e4
0.678526,,0.000,0.000,5.000,near_zero_unresolved_within_read_allowance,0.9 <= alpha_L <= 1,0.01,5,11c,c,Dash-8,10,1524,479,2651.00,300 dpi raster RGB trace mask; per-column pixel median; fixed axis endpoints; no smoothing,128eeb1ea3ad30f5a2ecf9194e2b784be37e837982dec3bdcb7b9db48aa4e7e4
0.686150,,0.000,0.000,5.000,near_zero_unresolved_within_read_allowance,0.9 <= alpha_L <= 1,0.01,5,11c,c,Dash-8,10,1524,480,2651.00,300 dpi raster RGB trace mask; per-column pixel median; fixed axis endpoints; no smoothing,128eeb1ea3ad30f5a2ecf9194e2b784be37e837982dec3bdcb7b9db48aa4e7e4
0.693774,,0.000,0.000,5.000,near_zero_unresolved_within_read_allowance,0.9 <= alpha_L <= 1,0.01,5,11c,c,Dash-8,10,1524,481,2651.00,300 dpi raster RGB trace mask; per-column pixel median; fixed axis endpoints; no smoothing,128eeb1ea3ad30f5a2ecf9194e2b784be37e837982dec3bdcb7b9db48aa4e7e4
0.701398,,0.000,0.000,5.000,near_zero_unresolved_within_read_allowance,0.9 <= alpha_L <= 1,0.01,5,11c,c,Dash-8,10,1524,482,2651.00,300 dpi raster RGB trace mask; per-column pixel median; fixed axis endpoints; no smoothing,128eeb1ea3ad30f5a2ecf9194e2b784be37e837982dec3bdcb7b9db48aa4e7e4
0.709022,,0.000,0.000,5.000,near_zero_unresolved_within_read_allowance,0.9 <= alpha_L <= 1,0.01,5,11c,c,Dash-8,10,1524,483,2651.00,300 dpi raster RGB trace mask; per-column pixel median; fixed axis endpoints; no smoothing,128eeb1ea3ad30f5a2ecf9194e2b784be37e837982dec3bdcb7b9db48aa4e7e4
0.716645,,0.583,0.000,5.583,near_zero_unresolved_within_read_allowance,0.9 <= alpha_L <= 1,0.01,5,11c,c,Dash-8,10,1524,484,2650.50,300 dpi raster RGB trace mask; per-column pixel median; fixed axis endpoints; no smoothing,128eeb1ea3ad30f5a2ecf9194e2b784be37e837982dec3bdcb7b9db48aa4e7e4
0.724269,,0.583,0.000,5.583,near_zero_unresolved_within_read_allowance,0.9 <= alpha_L <= 1,0.01,5,11c,c,Dash-8,10,1524,485,2650.50,300 dpi raster RGB trace mask; per-column pixel median; fixed axis endpoints; no smoothing,128eeb1ea3ad30f5a2ecf9194e2b784be37e837982dec3bdcb7b9db48aa4e7e4
0.731893,,1.167,0.000,6.167,near_zero_unresolved_within_read_allowance,0.9 <= alpha_L <= 1,0.01,5,11c,c,Dash-8,10,1524,486,2650.00,300 dpi raster RGB trace mask; per-column pixel median; fixed axis endpoints; no smoothing,128eeb1ea3ad30f5a2ecf9194e2b784be37e837982dec3bdcb7b9db48aa4e7e4
0.739517,,1.167,0.000,6.167,near_zero_unresolved_within_read_allowance,0.9 <= alpha_L <= 1,0.01,5,11c,c,Dash-8,10,1524,487,2650.00,300 dpi raster RGB trace mask; per-column pixel median; fixed axis endpoints; no smoothing,128eeb1ea3ad30f5a2ecf9194e2b784be37e837982dec3bdcb7b9db48aa4e7e4
0.747141,,1.167,0.000,6.167,near_zero_unresolved_within_read_allowance,0.9 <= alpha_L <= 1,0.01,5,11c,c,Dash-8,10,1524,488,2650.00,300 dpi raster RGB trace mask; per-column pixel median; fixed axis endpoints; no smoothing,128eeb1ea3ad30f5a2ecf9194e2b784be37e837982dec3bdcb7b9db48aa4e7e4
0.754765,,1.167,0.000,6.167,near_zero_unresolved_within_read_allowance,0.9 <= alpha_L <= 1,0.01,5,11c,c,Dash-8,10,1524,489,2650.00,300 dpi raster RGB trace mask; per-column pixel median; fixed axis endpoints; no smoothing,128eeb1ea3ad30f5a2ecf9194e2b784be37e837982dec3bdcb7b9db48aa4e7e4
0.762389,,1.167,0.000,6.167,near_zero_unresolved_within_read_allowance,0.9 <= alpha_L <= 1,0.01,5,11c,c,Dash-8,10,1524,490,2650.00,300 dpi raster RGB trace mask; per-column pixel median; fixed axis endpoints; no smoothing,128eeb1ea3ad30f5a2ecf9194e2b784be37e837982dec3bdcb7b9db48aa4e7e4
0.770013,,1.167,0.000,6.167,near_zero_unresolved_within_read_allowance,0.9 <= alpha_L <= 1,0.01,5,11c,c,Dash-8,10,1524,491,2650.00,300 dpi raster RGB trace mask; per-column pixel median; fixed axis endpoints; no smoothing,128eeb1ea3ad30f5a2ecf9194e2b784be37e837982dec3bdcb7b9db48aa4e7e4
0.777637,,1.167,0.000,6.167,near_zero_unresolved_within_read_allowance,0.9 <= alpha_L <= 1,0.01,5,11c,c,Dash-8,10,1524,492,2650.00,300 dpi raster RGB trace mask; per-column pixel median; fixed axis endpoints; no smoothing,128eeb1ea3ad30f5a2ecf9194e2b784be37e837982dec3bdcb7b9db48aa4e7e4
0.785260,,1.167,0.000,6.167,near_zero_unresolved_within_read_allowance,0.9 <= alpha_L <= 1,0.01,5,11c,c,Dash-8,10,1524,493,2650.00,300 dpi raster RGB trace mask; per-column pixel median; fixed axis endpoints; no smoothing,128eeb1ea3ad30f5a2ecf9194e2b784be37e837982dec3bdcb7b9db48aa4e7e4
0.792884,,1.750,0.000,6.750,near_zero_unresolved_within_read_allowance,0.9 <= alpha_L <= 1,0.01,5,11c,c,Dash-8,10,1524,494,2649.50,300 dpi raster RGB trace mask; per-column pixel median; fixed axis endpoints; no smoothing,128eeb1ea3ad30f5a2ecf9194e2b784be37e837982dec3bdcb7b9db48aa4e7e4
0.800508,,1.750,0.000,6.750,near_zero_unresolved_within_read_allowance,0.9 <= alpha_L <= 1,0.01,5,11c,c,Dash-8,10,1524,495,2649.50,300 dpi raster RGB trace mask; per-column pixel median; fixed axis endpoints; no smoothing,128eeb1ea3ad30f5a2ecf9194e2b784be37e837982dec3bdcb7b9db48aa4e7e4
0.808132,,1.750,0.000,6.750,near_zero_unresolved_within_read_allowance,0.9 <= alpha_L <= 1,0.01,5,11c,c,Dash-8,10,1524,496,2649.50,300 dpi raster RGB trace mask; per-column pixel median; fixed axis endpoints; no smoothing,128eeb1ea3ad30f5a2ecf9194e2b784be37e837982dec3bdcb7b9db48aa4e7e4
0.815756,,2.917,0.000,7.917,near_zero_unresolved_within_read_allowance,0.9 <= alpha_L <= 1,0.01,5,11c,c,Dash-8,10,1524,497,2648.50,300 dpi raster RGB trace mask; per-column pixel median; fixed axis endpoints; no smoothing,128eeb1ea3ad30f5a2ecf9194e2b784be37e837982dec3bdcb7b9db48aa4e7e4
0.823380,,2.917,0.000,7.917,near_zero_unresolved_within_read_allowance,0.9 <= alpha_L <= 1,0.01,5,11c,c,Dash-8,10,1524,498,2648.50,300 dpi raster RGB trace mask; per-column pixel median; fixed axis endpoints; no smoothing,128eeb1ea3ad30f5a2ecf9194e2b784be37e837982dec3bdcb7b9db48aa4e7e4
0.831004,,2.917,0.000,7.917,near_zero_unresolved_within_read_allowance,0.9 <= alpha_L <= 1,0.01,5,11c,c,Dash-8,10,1524,499,2648.50,300 dpi raster RGB trace mask; per-column pixel median; fixed axis endpoints; no smoothing,128eeb1ea3ad30f5a2ecf9194e2b784be37e837982dec3bdcb7b9db48aa4e7e4
0.838628,,3.500,0.000,8.500,near_zero_unresolved_within_read_allowance,0.9 <= alpha_L <= 1,0.01,5,11c,c,Dash-8,10,1524,500,2648.00,300 dpi raster RGB trace mask; per-column pixel median; fixed axis endpoints; no smoothing,128eeb1ea3ad30f5a2ecf9194e2b784be37e837982dec3bdcb7b9db48aa4e7e4
0.846252,,4.083,0.000,9.083,near_zero_unresolved_within_read_allowance,0.9 <= alpha_L <= 1,0.01,5,11c,c,Dash-8,10,1524,501,2647.50,300 dpi raster RGB trace mask; per-column pixel median; fixed axis endpoints; no smoothing,128eeb1ea3ad30f5a2ecf9194e2b784be37e837982dec3bdcb7b9db48aa4e7e4
0.853875,,4.083,0.000,9.083,near_zero_unresolved_within_read_allowance,0.9 <= alpha_L <= 1,0.01,5,11c,c,Dash-8,10,1524,502,2647.50,300 dpi raster RGB trace mask; per-column pixel median; fixed axis endpoints; no smoothing,128eeb1ea3ad30f5a2ecf9194e2b784be37e837982dec3bdcb7b9db48aa4e7e4
0.861499,,4.083,0.000,9.083,near_zero_unresolved_within_read_allowance,0.9 <= alpha_L <= 1,0.01,5,11c,c,Dash-8,10,1524,503,2647.50,300 dpi raster RGB trace mask; per-column pixel median; fixed axis endpoints; no smoothing,128eeb1ea3ad30f5a2ecf9194e2b784be37e837982dec3bdcb7b9db48aa4e7e4
0.869123,5,5.250,0.250,10.250,resolved_positive_count_read,0.9 <= alpha_L <= 1,0.01,5,11c,c,Dash-8,10,1524,504,2646.50,300 dpi raster RGB trace mask; per-column pixel median; fixed axis endpoints; no smoothing,128eeb1ea3ad30f5a2ecf9194e2b784be37e837982dec3bdcb7b9db48aa4e7e4
0.876747,5,5.250,0.250,10.250,resolved_positive_count_read,0.9 <= alpha_L <= 1,0.01,5,11c,c,Dash-8,10,1524,505,2646.50,300 dpi raster RGB trace mask; per-column pixel median; fixed axis endpoints; no smoothing,128eeb1ea3ad30f5a2ecf9194e2b784be37e837982dec3bdcb7b9db48aa4e7e4
0.884371,6,5.833,0.833,10.833,resolved_positive_count_read,0.9 <= alpha_L <= 1,0.01,5,11c,c,Dash-8,10,1524,506,2646.00,300 dpi raster RGB trace mask; per-column pixel median; fixed axis endpoints; no smoothing,128eeb1ea3ad30f5a2ecf9194e2b784be37e837982dec3bdcb7b9db48aa4e7e4
0.891995,6,6.417,1.417,11.417,resolved_positive_count_read,0.9 <= alpha_L <= 1,0.01,5,11c,c,Dash-8,10,1524,507,2645.50,300 dpi raster RGB trace mask; per-column pixel median; fixed axis endpoints; no smoothing,128eeb1ea3ad30f5a2ecf9194e2b784be37e837982dec3bdcb7b9db48aa4e7e4
0.899619,8,7.583,2.583,12.583,resolved_positive_count_read,0.9 <= alpha_L <= 1,0.01,5,11c,c,Dash-8,10,1524,508,2644.50,300 dpi raster RGB trace mask; per-column pixel median; fixed axis endpoints; no smoothing,128eeb1ea3ad30f5a2ecf9194e2b784be37e837982dec3bdcb7b9db48aa4e7e4
0.907243,8,7.583,2.583,12.583,resolved_positive_count_read,0.9 <= alpha_L <= 1,0.01,5,11c,c,Dash-8,10,1524,509,2644.50,300 dpi raster RGB trace mask; per-column pixel median; fixed axis endpoints; no smoothing,128eeb1ea3ad30f5a2ecf9194e2b784be37e837982dec3bdcb7b9db48aa4e7e4
0.914867,9,8.750,3.750,13.750,resolved_positive_count_read,0.9 <= alpha_L <= 1,0.01,5,11c,c,Dash-8,10,1524,510,2643.50,300 dpi raster RGB trace mask; per-column pixel median; fixed axis endpoints; no smoothing,128eeb1ea3ad30f5a2ecf9194e2b784be37e837982dec3bdcb7b9db48aa4e7e4
0.922490,9,8.750,3.750,13.750,resolved_positive_count_read,0.9 <= alpha_L <= 1,0.01,5,11c,c,Dash-8,10,1524,511,2643.50,300 dpi raster RGB trace mask; per-column pixel median; fixed axis endpoints; no smoothing,128eeb1ea3ad30f5a2ecf9194e2b784be37e837982dec3bdcb7b9db48aa4e7e4
0.930114,9,9.333,4.333,14.333,resolved_positive_count_read,0.9 <= alpha_L <= 1,0.01,5,11c,c,Dash-8,10,1524,512,2643.00,300 dpi raster RGB trace mask; per-column pixel median; fixed axis endpoints; no smoothing,128eeb1ea3ad30f5a2ecf9194e2b784be37e837982dec3bdcb7b9db48aa4e7e4
0.937738,9,9.333,4.333,14.333,resolved_positive_count_read,0.9 <= alpha_L <= 1,0.01,5,11c,c,Dash-8,10,1524,513,2643.00,300 dpi raster RGB trace mask; per-column pixel median; fixed axis endpoints; no smoothing,128eeb1ea3ad30f5a2ecf9194e2b784be37e837982dec3bdcb7b9db48aa4e7e4
0.945362,10,9.917,4.917,14.917,resolved_positive_count_read,0.9 <= alpha_L <= 1,0.01,5,11c,c,Dash-8,10,1524,514,2642.50,300 dpi raster RGB trace mask; per-column pixel median; fixed axis endpoints; no smoothing,128eeb1ea3ad30f5a2ecf9194e2b784be37e837982dec3bdcb7b9db48aa4e7e4
0.952986,11,11.083,6.083,16.083,resolved_positive_count_read,0.9 <= alpha_L <= 1,0.01,5,11c,c,Dash-8,10,1524,515,2641.50,300 dpi raster RGB trace mask; per-column pixel median; fixed axis endpoints; no smoothing,128eeb1ea3ad30f5a2ecf9194e2b784be37e837982dec3bdcb7b9db48aa4e7e4
0.960610,11,11.083,6.083,16.083,resolved_positive_count_read,0.9 <= alpha_L <= 1,0.01,5,11c,c,Dash-8,10,1524,516,2641.50,300 dpi raster RGB trace mask; per-column pixel median; fixed axis endpoints; no smoothing,128eeb1ea3ad30f5a2ecf9194e2b784be37e837982dec3bdcb7b9db48aa4e7e4
0.968234,12,12.250,7.250,17.250,resolved_positive_count_read,0.9 <= alpha_L <= 1,0.01,5,11c,c,Dash-8,10,1524,517,2640.50,300 dpi raster RGB trace mask; per-column pixel median; fixed axis endpoints; no smoothing,128eeb1ea3ad30f5a2ecf9194e2b784be37e837982dec3bdcb7b9db48aa4e7e4
0.975858,12,12.250,7.250,17.250,resolved_positive_count_read,0.9 <= alpha_L <= 1,0.01,5,11c,c,Dash-8,10,1524,518,2640.50,300 dpi raster RGB trace mask; per-column pixel median; fixed axis endpoints; no smoothing,128eeb1ea3ad30f5a2ecf9194e2b784be37e837982dec3bdcb7b9db48aa4e7e4
0.983482,13,12.833,7.833,17.833,resolved_positive_count_read,0.9 <= alpha_L <= 1,0.01,5,11c,c,Dash-8,10,1524,519,2640.00,300 dpi raster RGB trace mask; per-column pixel median; fixed axis endpoints; no smoothing,128eeb1ea3ad30f5a2ecf9194e2b784be37e837982dec3bdcb7b9db48aa4e7e4
0.991105,13,13.417,8.417,18.417,resolved_positive_count_read,0.9 <= alpha_L <= 1,0.01,5,11c,c,Dash-8,10,1524,520,2639.50,300 dpi raster RGB trace mask; per-column pixel median; fixed axis endpoints; no smoothing,128eeb1ea3ad30f5a2ecf9194e2b784be37e837982dec3bdcb7b9db48aa4e7e4
0.998729,14,14.000,9.000,19.000,resolved_positive_count_read,0.9 <= alpha_L <= 1,0.01,5,11c,c,Dash-8,10,1524,521,2639.00,300 dpi raster RGB trace mask; per-column pixel median; fixed axis endpoints; no smoothing,128eeb1ea3ad30f5a2ecf9194e2b784be37e837982dec3bdcb7b9db48aa4e7e4
1.006353,15,14.583,9.583,19.583,resolved_positive_count_read,0.9 <= alpha_L <= 1,0.01,5,11c,c,Dash-8,10,1524,522,2638.50,300 dpi raster RGB trace mask; per-column pixel median; fixed axis endpoints; no smoothing,128eeb1ea3ad30f5a2ecf9194e2b784be37e837982dec3bdcb7b9db48aa4e7e4
1.013977,16,15.750,10.750,20.750,resolved_positive_count_read,0.9 <= alpha_L <= 1,0.01,5,11c,c,Dash-8,10,1524,523,2637.50,300 dpi raster RGB trace mask; per-column pixel median; fixed axis endpoints; no smoothing,128eeb1ea3ad30f5a2ecf9194e2b784be37e837982dec3bdcb7b9db48aa4e7e4
1.021601,16,16.333,11.333,21.333,resolved_positive_count_read,0.9 <= alpha_L <= 1,0.01,5,11c,c,Dash-8,10,1524,524,2637.00,300 dpi raster RGB trace mask; per-column pixel median; fixed axis endpoints; no smoothing,128eeb1ea3ad30f5a2ecf9194e2b784be37e837982dec3bdcb7b9db48aa4e7e4
1.029225,16,16.333,11.333,21.333,resolved_positive_count_read,0.9 <= alpha_L <= 1,0.01,5,11c,c,Dash-8,10,1524,525,2637.00,300 dpi raster RGB trace mask; per-column pixel median; fixed axis endpoints; no smoothing,128eeb1ea3ad30f5a2ecf9194e2b784be37e837982dec3bdcb7b9db48aa4e7e4
1.036849,17,16.917,11.917,21.917,resolved_positive_count_read,0.9 <= alpha_L <= 1,0.01,5,11c,c,Dash-8,10,1524,526,2636.50,300 dpi raster RGB trace mask; per-column pixel median; fixed axis endpoints; no smoothing,128eeb1ea3ad30f5a2ecf9194e2b784be37e837982dec3bdcb7b9db48aa4e7e4
1.044473,18,18.083,13.083,23.083,resolved_positive_count_read,0.9 <= alpha_L <= 1,0.01,5,11c,c,Dash-8,10,1524,527,2635.50,300 dpi raster RGB trace mask; per-column pixel median; fixed axis endpoints; no smoothing,128eeb1ea3ad30f5a2ecf9194e2b784be37e837982dec3bdcb7b9db48aa4e7e4
1.052097,19,18.667,13.667,23.667,resolved_positive_count_read,0.9 <= alpha_L <= 1,0.01,5,11c,c,Dash-8,10,1524,528,2635.00,300 dpi raster RGB trace mask; per-column pixel median; fixed axis endpoints; no smoothing,128eeb1ea3ad30f5a2ecf9194e2b784be37e837982dec3bdcb7b9db48aa4e7e4
1.059720,19,19.250,14.250,24.250,resolved_positive_count_read,0.9 <= alpha_L <= 1,0.01,5,11c,c,Dash-8,10,1524,529,2634.50,300 dpi raster RGB trace mask; per-column pixel median; fixed axis endpoints; no smoothing,128eeb1ea3ad30f5a2ecf9194e2b784be37e837982dec3bdcb7b9db48aa4e7e4
1.067344,20,19.833,14.833,24.833,resolved_positive_count_read,0.9 <= alpha_L <= 1,0.01,5,11c,c,Dash-8,10,1524,530,2634.00,300 dpi raster RGB trace mask; per-column pixel median; fixed axis endpoints; no smoothing,128eeb1ea3ad30f5a2ecf9194e2b784be37e837982dec3bdcb7b9db48aa4e7e4
1.074968,20,19.833,14.833,24.833,resolved_positive_count_read,0.9 <= alpha_L <= 1,0.01,5,11c,c,Dash-8,10,1524,531,2634.00,300 dpi raster RGB trace mask; per-column pixel median; fixed axis endpoints; no smoothing,128eeb1ea3ad30f5a2ecf9194e2b784be37e837982dec3bdcb7b9db48aa4e7e4
1.082592,21,21.000,16.000,26.000,resolved_positive_count_read,0.9 <= alpha_L <= 1,0.01,5,11c,c,Dash-8,10,1524,532,2633.00,300 dpi raster RGB trace mask; per-column pixel median; fixed axis endpoints; no smoothing,128eeb1ea3ad30f5a2ecf9194e2b784be37e837982dec3bdcb7b9db48aa4e7e4
1.090216,22,21.583,16.583,26.583,resolved_positive_count_read,0.9 <= alpha_L <= 1,0.01,5,11c,c,Dash-8,10,1524,533,2632.50,300 dpi raster RGB trace mask; per-column pixel median; fixed axis endpoints; no smoothing,128eeb1ea3ad30f5a2ecf9194e2b784be37e837982dec3bdcb7b9db48aa4e7e4
1.097840,22,22.167,17.167,27.167,resolved_positive_count_read,0.9 <= alpha_L <= 1,0.01,5,11c,c,Dash-8,10,1524,534,2632.00,300 dpi raster RGB trace mask; per-column pixel median; fixed axis endpoints; no smoothing,128eeb1ea3ad30f5a2ecf9194e2b784be37e837982dec3bdcb7b9db48aa4e7e4
1.105464,23,22.750,17.750,27.750,resolved_positive_count_read,0.9 <= alpha_L <= 1,0.01,5,11c,c,Dash-8,10,1524,535,2631.50,300 dpi raster RGB trace mask; per-column pixel median; fixed axis endpoints; no smoothing,128eeb1ea3ad30f5a2ecf9194e2b784be37e837982dec3bdcb7b9db48aa4e7e4
1.113088,23,23.333,18.333,28.333,resolved_positive_count_read,0.9 <= alpha_L <= 1,0.01,5,11c,c,Dash-8,10,1524,536,2631.00,300 dpi raster RGB trace mask; per-column pixel median; fixed axis endpoints; no smoothing,128eeb1ea3ad30f5a2ecf9194e2b784be37e837982dec3bdcb7b9db48aa4e7e4
1.120712,24,23.917,18.917,28.917,resolved_positive_count_read,0.9 <= alpha_L <= 1,0.01,5,11c,c,Dash-8,10,1524,537,2630.50,300 dpi raster RGB trace mask; per-column pixel median; fixed axis endpoints; no smoothing,128eeb1ea3ad30f5a2ecf9194e2b784be37e837982dec3bdcb7b9db48aa4e7e4
1.128335,24,23.917,18.917,28.917,resolved_positive_count_read,0.9 <= alpha_L <= 1,0.01,5,11c,c,Dash-8,10,1524,538,2630.50,300 dpi raster RGB trace mask; per-column pixel median; fixed axis endpoints; no smoothing,128eeb1ea3ad30f5a2ecf9194e2b784be37e837982dec3bdcb7b9db48aa4e7e4
1.135959,24,23.917,18.917,28.917,resolved_positive_count_read,0.9 <= alpha_L <= 1,0.01,5,11c,c,Dash-8,10,1524,539,2630.50,300 dpi raster RGB trace mask; per-column pixel median; fixed axis endpoints; no smoothing,128eeb1ea3ad30f5a2ecf9194e2b784be37e837982dec3bdcb7b9db48aa4e7e4
1.143583,25,25.083,20.083,30.083,resolved_positive_count_read,0.9 <= alpha_L <= 1,0.01,5,11c,c,Dash-8,10,1524,540,2629.50,300 dpi raster RGB trace mask; per-column pixel median; fixed axis endpoints; no smoothing,128eeb1ea3ad30f5a2ecf9194e2b784be37e837982dec3bdcb7b9db48aa4e7e4
1.151207,26,25.667,20.667,30.667,resolved_positive_count_read,0.9 <= alpha_L <= 1,0.01,5,11c,c,Dash-8,10,1524,541,2629.00,300 dpi raster RGB trace mask; per-column pixel median; fixed axis endpoints; no smoothing,128eeb1ea3ad30f5a2ecf9194e2b784be37e837982dec3bdcb7b9db48aa4e7e4
1.158831,26,26.250,21.250,31.250,resolved_positive_count_read,0.9 <= alpha_L <= 1,0.01,5,11c,c,Dash-8,10,1524,542,2628.50,300 dpi raster RGB trace mask; per-column pixel median; fixed axis endpoints; no smoothing,128eeb1ea3ad30f5a2ecf9194e2b784be37e837982dec3bdcb7b9db48aa4e7e4
1.166455,26,26.250,21.250,31.250,resolved_positive_count_read,0.9 <= alpha_L <= 1,0.01,5,11c,c,Dash-8,10,1524,543,2628.50,300 dpi raster RGB trace mask; per-column pixel median; fixed axis endpoints; no smoothing,128eeb1ea3ad30f5a2ecf9194e2b784be37e837982dec3bdcb7b9db48aa4e7e4
1.174079,27,27.417,22.417,32.417,resolved_positive_count_read,0.9 <= alpha_L <= 1,0.01,5,11c,c,Dash-8,10,1524,544,2627.50,300 dpi raster RGB trace mask; per-column pixel median; fixed axis endpoints; no smoothing,128eeb1ea3ad30f5a2ecf9194e2b784be37e837982dec3bdcb7b9db48aa4e7e4
1.181703,27,27.417,22.417,32.417,resolved_positive_count_read,0.9 <= alpha_L <= 1,0.01,5,11c,c,Dash-8,10,1524,545,2627.50,300 dpi raster RGB trace mask; per-column pixel median; fixed axis endpoints; no smoothing,128eeb1ea3ad30f5a2ecf9194e2b784be37e837982dec3bdcb7b9db48aa4e7e4
1.189327,28,28.000,23.000,33.000,resolved_positive_count_read,0.9 <= alpha_L <= 1,0.01,5,11c,c,Dash-8,10,1524,546,2627.00,300 dpi raster RGB trace mask; per-column pixel median; fixed axis endpoints; no smoothing,128eeb1ea3ad30f5a2ecf9194e2b784be37e837982dec3bdcb7b9db48aa4e7e4
1.196950,28,28.000,23.000,33.000,resolved_positive_count_read,0.9 <= alpha_L <= 1,0.01,5,11c,c,Dash-8,10,1524,547,2627.00,300 dpi raster RGB trace mask; per-column pixel median; fixed axis endpoints; no smoothing,128eeb1ea3ad30f5a2ecf9194e2b784be37e837982dec3bdcb7b9db48aa4e7e4
1.204574,28,28.000,23.000,33.000,resolved_positive_count_read,0.9 <= alpha_L <= 1,0.01,5,11c,c,Dash-8,10,1524,548,2627.00,300 dpi raster RGB trace mask; per-column pixel median; fixed axis endpoints; no smoothing,128eeb1ea3ad30f5a2ecf9194e2b784be37e837982dec3bdcb7b9db48aa4e7e4
1.212198,28,28.000,23.000,33.000,resolved_positive_count_read,0.9 <= alpha_L <= 1,0.01,5,11c,c,Dash-8,10,1524,549,2627.00,300 dpi raster RGB trace mask; per-column pixel median; fixed axis endpoints; no smoothing,128eeb1ea3ad30f5a2ecf9194e2b784be37e837982dec3bdcb7b9db48aa4e7e4
1.219822,28,28.000,23.000,33.000,resolved_positive_count_read,0.9 <= alpha_L <= 1,0.01,5,11c,c,Dash-8,10,1524,550,2627.00,300 dpi raster RGB trace mask; per-column pixel median; fixed axis endpoints; no smoothing,128eeb1ea3ad30f5a2ecf9194e2b784be37e837982dec3bdcb7b9db48aa4e7e4
1.227446,27,27.417,22.417,32.417,resolved_positive_count_read,0.9 <= alpha_L <= 1,0.01,5,11c,c,Dash-8,10,1524,551,2627.50,300 dpi raster RGB trace mask; per-column pixel median; fixed axis endpoints; no smoothing,128eeb1ea3ad30f5a2ecf9194e2b784be37e837982dec3bdcb7b9db48aa4e7e4
1.235070,27,27.417,22.417,32.417,resolved_positive_count_read,0.9 <= alpha_L <= 1,0.01,5,11c,c,Dash-8,10,1524,552,2627.50,300 dpi raster RGB trace mask; per-column pixel median; fixed axis endpoints; no smoothing,128eeb1ea3ad30f5a2ecf9194e2b784be37e837982dec3bdcb7b9db48aa4e7e4
1.242694,27,27.417,22.417,32.417,resolved_positive_count_read,0.9 <= alpha_L <= 1,0.01,5,11c,c,Dash-8,10,1524,553,2627.50,300 dpi raster RGB trace mask; per-column pixel median; fixed axis endpoints; no smoothing,128eeb1ea3ad30f5a2ecf9194e2b784be37e837982dec3bdcb7b9db48aa4e7e4
1.250318,27,27.417,22.417,32.417,resolved_positive_count_read,0.9 <= alpha_L <= 1,0.01,5,11c,c,Dash-8,10,1524,554,2627.50,300 dpi raster RGB trace mask; per-column pixel median; fixed axis endpoints; no smoothing,128eeb1ea3ad30f5a2ecf9194e2b784be37e837982dec3bdcb7b9db48aa4e7e4
1.257942,27,26.833,21.833,31.833,resolved_positive_count_read,0.9 <= alpha_L <= 1,0.01,5,11c,c,Dash-8,10,1524,555,2628.00,300 dpi raster RGB trace mask; per-column pixel median; fixed axis endpoints; no smoothing,128eeb1ea3ad30f5a2ecf9194e2b784be37e837982dec3bdcb7b9db48aa4e7e4
1.265565,26,26.250,21.250,31.250,resolved_positive_count_read,0.9 <= alpha_L <= 1,0.01,5,11c,c,Dash-8,10,1524,556,2628.50,300 dpi raster RGB trace mask; per-column pixel median; fixed axis endpoints; no smoothing,128eeb1ea3ad30f5a2ecf9194e2b784be37e837982dec3bdcb7b9db48aa4e7e4
1.273189,26,26.250,21.250,31.250,resolved_positive_count_read,0.9 <= alpha_L <= 1,0.01,5,11c,c,Dash-8,10,1524,557,2628.50,300 dpi raster RGB trace mask; per-column pixel median; fixed axis endpoints; no smoothing,128eeb1ea3ad30f5a2ecf9194e2b784be37e837982dec3bdcb7b9db48aa4e7e4
1.280813,26,26.250,21.250,31.250,resolved_positive_count_read,0.9 <= alpha_L <= 1,0.01,5,11c,c,Dash-8,10,1524,558,2628.50,300 dpi raster RGB trace mask; per-column pixel median; fixed axis endpoints; no smoothing,128eeb1ea3ad30f5a2ecf9194e2b784be37e837982dec3bdcb7b9db48aa4e7e4
1.288437,26,25.667,20.667,30.667,resolved_positive_count_read,0.9 <= alpha_L <= 1,0.01,5,11c,c,Dash-8,10,1524,559,2629.00,300 dpi raster RGB trace mask; per-column pixel median; fixed axis endpoints; no smoothing,128eeb1ea3ad30f5a2ecf9194e2b784be37e837982dec3bdcb7b9db48aa4e7e4
1.296061,25,25.083,20.083,30.083,resolved_positive_count_read,0.9 <= alpha_L <= 1,0.01,5,11c,c,Dash-8,10,1524,560,2629.50,300 dpi raster RGB trace mask; per-column pixel median; fixed axis endpoints; no smoothing,128eeb1ea3ad30f5a2ecf9194e2b784be37e837982dec3bdcb7b9db48aa4e7e4
1.303685,25,25.083,20.083,30.083,resolved_positive_count_read,0.9 <= alpha_L <= 1,0.01,5,11c,c,Dash-8,10,1524,561,2629.50,300 dpi raster RGB trace mask; per-column pixel median; fixed axis endpoints; no smoothing,128eeb1ea3ad30f5a2ecf9194e2b784be37e837982dec3bdcb7b9db48aa4e7e4
1.311309,24,23.917,18.917,28.917,resolved_positive_count_read,0.9 <= alpha_L <= 1,0.01,5,11c,c,Dash-8,10,1524,562,2630.50,300 dpi raster RGB trace mask; per-column pixel median; fixed axis endpoints; no smoothing,128eeb1ea3ad30f5a2ecf9194e2b784be37e837982dec3bdcb7b9db48aa4e7e4
1.318933,24,23.917,18.917,28.917,resolved_positive_count_read,0.9 <= alpha_L <= 1,0.01,5,11c,c,Dash-8,10,1524,563,2630.50,300 dpi raster RGB trace mask; per-column pixel median; fixed axis endpoints; no smoothing,128eeb1ea3ad30f5a2ecf9194e2b784be37e837982dec3bdcb7b9db48aa4e7e4
1.326557,23,23.333,18.333,28.333,resolved_positive_count_read,0.9 <= alpha_L <= 1,0.01,5,11c,c,Dash-8,10,1524,564,2631.00,300 dpi raster RGB trace mask; per-column pixel median; fixed axis endpoints; no smoothing,128eeb1ea3ad30f5a2ecf9194e2b784be37e837982dec3bdcb7b9db48aa4e7e4
1.334180,23,22.750,17.750,27.750,resolved_positive_count_read,0.9 <= alpha_L <= 1,0.01,5,11c,c,Dash-8,10,1524,565,2631.50,300 dpi raster RGB trace mask; per-column pixel median; fixed axis endpoints; no smoothing,128eeb1ea3ad30f5a2ecf9194e2b784be37e837982dec3bdcb7b9db48aa4e7e4
1.341804,22,22.167,17.167,27.167,resolved_positive_count_read,0.9 <= alpha_L <= 1,0.01,5,11c,c,Dash-8,10,1524,566,2632.00,300 dpi raster RGB trace mask; per-column pixel median; fixed axis endpoints; no smoothing,128eeb1ea3ad30f5a2ecf9194e2b784be37e837982dec3bdcb7b9db48aa4e7e4
1.349428,22,21.583,16.583,26.583,resolved_positive_count_read,0.9 <= alpha_L <= 1,0.01,5,11c,c,Dash-8,10,1524,567,2632.50,300 dpi raster RGB trace mask; per-column pixel median; fixed axis endpoints; no smoothing,128eeb1ea3ad30f5a2ecf9194e2b784be37e837982dec3bdcb7b9db48aa4e7e4
1.357052,21,21.000,16.000,26.000,resolved_positive_count_read,0.9 <= alpha_L <= 1,0.01,5,11c,c,Dash-8,10,1524,568,2633.00,300 dpi raster RGB trace mask; per-column pixel median; fixed axis endpoints; no smoothing,128eeb1ea3ad30f5a2ecf9194e2b784be37e837982dec3bdcb7b9db48aa4e7e4
1.364676,20,20.417,15.417,25.417,resolved_positive_count_read,0.9 <= alpha_L <= 1,0.01,5,11c,c,Dash-8,10,1524,569,2633.50,300 dpi raster RGB trace mask; per-column pixel median; fixed axis endpoints; no smoothing,128eeb1ea3ad30f5a2ecf9194e2b784be37e837982dec3bdcb7b9db48aa4e7e4
1.372300,20,20.417,15.417,25.417,resolved_positive_count_read,0.9 <= alpha_L <= 1,0.01,5,11c,c,Dash-8,10,1524,570,2633.50,300 dpi raster RGB trace mask; per-column pixel median; fixed axis endpoints; no smoothing,128eeb1ea3ad30f5a2ecf9194e2b784be37e837982dec3bdcb7b9db48aa4e7e4
1.379924,19,19.250,14.250,24.250,resolved_positive_count_read,0.9 <= alpha_L <= 1,0.01,5,11c,c,Dash-8,10,1524,571,2634.50,300 dpi raster RGB trace mask; per-column pixel median; fixed axis endpoints; no smoothing,128eeb1ea3ad30f5a2ecf9194e2b784be37e837982dec3bdcb7b9db48aa4e7e4
1.387548,19,19.250,14.250,24.250,resolved_positive_count_read,0.9 <= alpha_L <= 1,0.01,5,11c,c,Dash-8,10,1524,572,2634.50,300 dpi raster RGB trace mask; per-column pixel median; fixed axis endpoints; no smoothing,128eeb1ea3ad30f5a2ecf9194e2b784be37e837982dec3bdcb7b9db48aa4e7e4
1.395172,20,19.833,14.833,24.833,resolved_positive_count_read,0.9 <= alpha_L <= 1,0.01,5,11c,c,Dash-8,10,1524,573,2634.00,300 dpi raster RGB trace mask; per-column pixel median; fixed axis endpoints; no smoothing,128eeb1ea3ad30f5a2ecf9194e2b784be37e837982dec3bdcb7b9db48aa4e7e4
1.402795,20,20.417,15.417,25.417,resolved_positive_count_read,0.9 <= alpha_L <= 1,0.01,5,11c,c,Dash-8,10,1524,574,2633.50,300 dpi raster RGB trace mask; per-column pixel median; fixed axis endpoints; no smoothing,128eeb1ea3ad30f5a2ecf9194e2b784be37e837982dec3bdcb7b9db48aa4e7e4
1.410419,21,21.000,16.000,26.000,resolved_positive_count_read,0.9 <= alpha_L <= 1,0.01,5,11c,c,Dash-8,10,1524,575,2633.00,300 dpi raster RGB trace mask; per-column pixel median; fixed axis endpoints; no smoothing,128eeb1ea3ad30f5a2ecf9194e2b784be37e837982dec3bdcb7b9db48aa4e7e4
1.418043,22,21.583,16.583,26.583,resolved_positive_count_read,0.9 <= alpha_L <= 1,0.01,5,11c,c,Dash-8,10,1524,576,2632.50,300 dpi raster RGB trace mask; per-column pixel median; fixed axis endpoints; no smoothing,128eeb1ea3ad30f5a2ecf9194e2b784be37e837982dec3bdcb7b9db48aa4e7e4
1.425667,23,22.750,17.750,27.750,resolved_positive_count_read,0.9 <= alpha_L <= 1,0.01,5,11c,c,Dash-8,10,1524,577,2631.50,300 dpi raster RGB trace mask; per-column pixel median; fixed axis endpoints; no smoothing,128eeb1ea3ad30f5a2ecf9194e2b784be37e837982dec3bdcb7b9db48aa4e7e4
1.433291,24,23.917,18.917,28.917,resolved_positive_count_read,0.9 <= alpha_L <= 1,0.01,5,11c,c,Dash-8,10,1524,578,2630.50,300 dpi raster RGB trace mask; per-column pixel median; fixed axis endpoints; no smoothing,128eeb1ea3ad30f5a2ecf9194e2b784be37e837982dec3bdcb7b9db48aa4e7e4
1.440915,25,25.083,20.083,30.083,resolved_positive_count_read,0.9 <= alpha_L <= 1,0.01,5,11c,c,Dash-8,10,1524,579,2629.50,300 dpi raster RGB trace mask; per-column pixel median; fixed axis endpoints; no smoothing,128eeb1ea3ad30f5a2ecf9194e2b784be37e837982dec3bdcb7b9db48aa4e7e4
1.448539,26,26.250,21.250,31.250,resolved_positive_count_read,0.9 <= alpha_L <= 1,0.01,5,11c,c,Dash-8,10,1524,580,2628.50,300 dpi raster RGB trace mask; per-column pixel median; fixed axis endpoints; no smoothing,128eeb1ea3ad30f5a2ecf9194e2b784be37e837982dec3bdcb7b9db48aa4e7e4
1.456163,27,27.417,22.417,32.417,resolved_positive_count_read,0.9 <= alpha_L <= 1,0.01,5,11c,c,Dash-8,10,1524,581,2627.50,300 dpi raster RGB trace mask; per-column pixel median; fixed axis endpoints; no smoothing,128eeb1ea3ad30f5a2ecf9194e2b784be37e837982dec3bdcb7b9db48aa4e7e4
1.463787,29,28.583,23.583,33.583,resolved_positive_count_read,0.9 <= alpha_L <= 1,0.01,5,11c,c,Dash-8,10,1524,582,2626.50,300 dpi raster RGB trace mask; per-column pixel median; fixed axis endpoints; no smoothing,128eeb1ea3ad30f5a2ecf9194e2b784be37e837982dec3bdcb7b9db48aa4e7e4
1.471410,30,29.750,24.750,34.750,resolved_positive_count_read,0.9 <= alpha_L <= 1,0.01,5,11c,c,Dash-8,10,1524,583,2625.50,300 dpi raster RGB trace mask; per-column pixel median; fixed axis endpoints; no smoothing,128eeb1ea3ad30f5a2ecf9194e2b784be37e837982dec3bdcb7b9db48aa4e7e4
1.479034,30,30.333,25.333,35.333,resolved_positive_count_read,0.9 <= alpha_L <= 1,0.01,5,11c,c,Dash-8,10,1524,584,2625.00,300 dpi raster RGB trace mask; per-column pixel median; fixed axis endpoints; no smoothing,128eeb1ea3ad30f5a2ecf9194e2b784be37e837982dec3bdcb7b9db48aa4e7e4
1.486658,30,30.333,25.333,35.333,resolved_positive_count_read,0.9 <= alpha_L <= 1,0.01,5,11c,c,Dash-8,10,1524,585,2625.00,300 dpi raster RGB trace mask; per-column pixel median; fixed axis endpoints; no smoothing,128eeb1ea3ad30f5a2ecf9194e2b784be37e837982dec3bdcb7b9db48aa4e7e4
1.494282,30,30.333,25.333,35.333,resolved_positive_count_read,0.9 <= alpha_L <= 1,0.01,5,11c,c,Dash-8,10,1524,586,2625.00,300 dpi raster RGB trace mask; per-column pixel median; fixed axis endpoints; no smoothing,128eeb1ea3ad30f5a2ecf9194e2b784be37e837982dec3bdcb7b9db48aa4e7e4
1.501906,30,30.333,25.333,35.333,resolved_positive_count_read,0.9 <= alpha_L <= 1,0.01,5,11c,c,Dash-8,10,1524,587,2625.00,300 dpi raster RGB trace mask; per-column pixel median; fixed axis endpoints; no smoothing,128eeb1ea3ad30f5a2ecf9194e2b784be37e837982dec3bdcb7b9db48aa4e7e4
1.509530,30,30.333,25.333,35.333,resolved_positive_count_read,0.9 <= alpha_L <= 1,0.01,5,11c,c,Dash-8,10,1524,588,2625.00,300 dpi raster RGB trace mask; per-column pixel median; fixed axis endpoints; no smoothing,128eeb1ea3ad30f5a2ecf9194e2b784be37e837982dec3bdcb7b9db48aa4e7e4
1.517154,29,28.583,23.583,33.583,resolved_positive_count_read,0.9 <= alpha_L <= 1,0.01,5,11c,c,Dash-8,10,1524,589,2626.50,300 dpi raster RGB trace mask; per-column pixel median; fixed axis endpoints; no smoothing,128eeb1ea3ad30f5a2ecf9194e2b784be37e837982dec3bdcb7b9db48aa4e7e4
1.524778,27,27.417,22.417,32.417,resolved_positive_count_read,0.9 <= alpha_L <= 1,0.01,5,11c,c,Dash-8,10,1524,590,2627.50,300 dpi raster RGB trace mask; per-column pixel median; fixed axis endpoints; no smoothing,128eeb1ea3ad30f5a2ecf9194e2b784be37e837982dec3bdcb7b9db48aa4e7e4
1.532402,27,27.417,22.417,32.417,resolved_positive_count_read,0.9 <= alpha_L <= 1,0.01,5,11c,c,Dash-8,10,1524,591,2627.50,300 dpi raster RGB trace mask; per-column pixel median; fixed axis endpoints; no smoothing,128eeb1ea3ad30f5a2ecf9194e2b784be37e837982dec3bdcb7b9db48aa4e7e4
1.540025,26,25.667,20.667,30.667,resolved_positive_count_read,0.9 <= alpha_L <= 1,0.01,5,11c,c,Dash-8,10,1524,592,2629.00,300 dpi raster RGB trace mask; per-column pixel median; fixed axis endpoints; no smoothing,128eeb1ea3ad30f5a2ecf9194e2b784be37e837982dec3bdcb7b9db48aa4e7e4
1.547649,25,25.083,20.083,30.083,resolved_positive_count_read,0.9 <= alpha_L <= 1,0.01,5,11c,c,Dash-8,10,1524,593,2629.50,300 dpi raster RGB trace mask; per-column pixel median; fixed axis endpoints; no smoothing,128eeb1ea3ad30f5a2ecf9194e2b784be37e837982dec3bdcb7b9db48aa4e7e4
1.555273,24,23.917,18.917,28.917,resolved_positive_count_read,0.9 <= alpha_L <= 1,0.01,5,11c,c,Dash-8,10,1524,594,2630.50,300 dpi raster RGB trace mask; per-column pixel median; fixed axis endpoints; no smoothing,128eeb1ea3ad30f5a2ecf9194e2b784be37e837982dec3bdcb7b9db48aa4e7e4
1.562897,23,22.750,17.750,27.750,resolved_positive_count_read,0.9 <= alpha_L <= 1,0.01,5,11c,c,Dash-8,10,1524,595,2631.50,300 dpi raster RGB trace mask; per-column pixel median; fixed axis endpoints; no smoothing,128eeb1ea3ad30f5a2ecf9194e2b784be37e837982dec3bdcb7b9db48aa4e7e4
1.570521,22,21.583,16.583,26.583,resolved_positive_count_read,0.9 <= alpha_L <= 1,0.01,5,11c,c,Dash-8,10,1524,596,2632.50,300 dpi raster RGB trace mask; per-column pixel median; fixed axis endpoints; no smoothing,128eeb1ea3ad30f5a2ecf9194e2b784be37e837982dec3bdcb7b9db48aa4e7e4
1.578145,21,21.000,16.000,26.000,resolved_positive_count_read,0.9 <= alpha_L <= 1,0.01,5,11c,c,Dash-8,10,1524,597,2633.00,300 dpi raster RGB trace mask; per-column pixel median; fixed axis endpoints; no smoothing,128eeb1ea3ad30f5a2ecf9194e2b784be37e837982dec3bdcb7b9db48aa4e7e4
1.585769,20,19.833,14.833,24.833,resolved_positive_count_read,0.9 <= alpha_L <= 1,0.01,5,11c,c,Dash-8,10,1524,598,2634.00,300 dpi raster RGB trace mask; per-column pixel median; fixed axis endpoints; no smoothing,128eeb1ea3ad30f5a2ecf9194e2b784be37e837982dec3bdcb7b9db48aa4e7e4
1.593393,20,19.833,14.833,24.833,resolved_positive_count_read,0.9 <= alpha_L <= 1,0.01,5,11c,c,Dash-8,10,1524,599,2634.00,300 dpi raster RGB trace mask; per-column pixel median; fixed axis endpoints; no smoothing,128eeb1ea3ad30f5a2ecf9194e2b784be37e837982dec3bdcb7b9db48aa4e7e4
1.601017,19,19.250,14.250,24.250,resolved_positive_count_read,0.9 <= alpha_L <= 1,0.01,5,11c,c,Dash-8,10,1524,600,2634.50,300 dpi raster RGB trace mask; per-column pixel median; fixed axis endpoints; no smoothing,128eeb1ea3ad30f5a2ecf9194e2b784be37e837982dec3bdcb7b9db48aa4e7e4
1.608640,19,19.250,14.250,24.250,resolved_positive_count_read,0.9 <= alpha_L <= 1,0.01,5,11c,c,Dash-8,10,1524,601,2634.50,300 dpi raster RGB trace mask; per-column pixel median; fixed axis endpoints; no smoothing,128eeb1ea3ad30f5a2ecf9194e2b784be37e837982dec3bdcb7b9db48aa4e7e4
1.616264,19,19.250,14.250,24.250,resolved_positive_count_read,0.9 <= alpha_L <= 1,0.01,5,11c,c,Dash-8,10,1524,602,2634.50,300 dpi raster RGB trace mask; per-column pixel median; fixed axis endpoints; no smoothing,128eeb1ea3ad30f5a2ecf9194e2b784be37e837982dec3bdcb7b9db48aa4e7e4
1.623888,20,20.417,15.417,25.417,resolved_positive_count_read,0.9 <= alpha_L <= 1,0.01,5,11c,c,Dash-8,10,1524,603,2633.50,300 dpi raster RGB trace mask; per-column pixel median; fixed axis endpoints; no smoothing,128eeb1ea3ad30f5a2ecf9194e2b784be37e837982dec3bdcb7b9db48aa4e7e4
1.631512,20,20.417,15.417,25.417,resolved_positive_count_read,0.9 <= alpha_L <= 1,0.01,5,11c,c,Dash-8,10,1524,604,2633.50,300 dpi raster RGB trace mask; per-column pixel median; fixed axis endpoints; no smoothing,128eeb1ea3ad30f5a2ecf9194e2b784be37e837982dec3bdcb7b9db48aa4e7e4
1.639136,22,21.583,16.583,26.583,resolved_positive_count_read,0.9 <= alpha_L <= 1,0.01,5,11c,c,Dash-8,10,1524,605,2632.50,300 dpi raster RGB trace mask; per-column pixel median; fixed axis endpoints; no smoothing,128eeb1ea3ad30f5a2ecf9194e2b784be37e837982dec3bdcb7b9db48aa4e7e4
1.646760,22,21.583,16.583,26.583,resolved_positive_count_read,0.9 <= alpha_L <= 1,0.01,5,11c,c,Dash-8,10,1524,606,2632.50,300 dpi raster RGB trace mask; per-column pixel median; fixed axis endpoints; no smoothing,128eeb1ea3ad30f5a2ecf9194e2b784be37e837982dec3bdcb7b9db48aa4e7e4
1.654384,23,22.750,17.750,27.750,resolved_positive_count_read,0.9 <= alpha_L <= 1,0.01,5,11c,c,Dash-8,10,1524,607,2631.50,300 dpi raster RGB trace mask; per-column pixel median; fixed axis endpoints; no smoothing,128eeb1ea3ad30f5a2ecf9194e2b784be37e837982dec3bdcb7b9db48aa4e7e4
1.662008,23,22.750,17.750,27.750,resolved_positive_count_read,0.9 <= alpha_L <= 1,0.01,5,11c,c,Dash-8,10,1524,608,2631.50,300 dpi raster RGB trace mask; per-column pixel median; fixed axis endpoints; no smoothing,128eeb1ea3ad30f5a2ecf9194e2b784be37e837982dec3bdcb7b9db48aa4e7e4
1.669632,23,22.750,17.750,27.750,resolved_positive_count_read,0.9 <= alpha_L <= 1,0.01,5,11c,c,Dash-8,10,1524,609,2631.50,300 dpi raster RGB trace mask; per-column pixel median; fixed axis endpoints; no smoothing,128eeb1ea3ad30f5a2ecf9194e2b784be37e837982dec3bdcb7b9db48aa4e7e4
1.677255,24,23.917,18.917,28.917,resolved_positive_count_read,0.9 <= alpha_L <= 1,0.01,5,11c,c,Dash-8,10,1524,610,2630.50,300 dpi raster RGB trace mask; per-column pixel median; fixed axis endpoints; no smoothing,128eeb1ea3ad30f5a2ecf9194e2b784be37e837982dec3bdcb7b9db48aa4e7e4
1.684879,24,23.917,18.917,28.917,resolved_positive_count_read,0.9 <= alpha_L <= 1,0.01,5,11c,c,Dash-8,10,1524,611,2630.50,300 dpi raster RGB trace mask; per-column pixel median; fixed axis endpoints; no smoothing,128eeb1ea3ad30f5a2ecf9194e2b784be37e837982dec3bdcb7b9db48aa4e7e4
1.692503,24,23.917,18.917,28.917,resolved_positive_count_read,0.9 <= alpha_L <= 1,0.01,5,11c,c,Dash-8,10,1524,612,2630.50,300 dpi raster RGB trace mask; per-column pixel median; fixed axis endpoints; no smoothing,128eeb1ea3ad30f5a2ecf9194e2b784be37e837982dec3bdcb7b9db48aa4e7e4
1.700127,25,25.083,20.083,30.083,resolved_positive_count_read,0.9 <= alpha_L <= 1,0.01,5,11c,c,Dash-8,10,1524,613,2629.50,300 dpi raster RGB trace mask; per-column pixel median; fixed axis endpoints; no smoothing,128eeb1ea3ad30f5a2ecf9194e2b784be37e837982dec3bdcb7b9db48aa4e7e4
1.707751,26,26.250,21.250,31.250,resolved_positive_count_read,0.9 <= alpha_L <= 1,0.01,5,11c,c,Dash-8,10,1524,614,2628.50,300 dpi raster RGB trace mask; per-column pixel median; fixed axis endpoints; no smoothing,128eeb1ea3ad30f5a2ecf9194e2b784be37e837982dec3bdcb7b9db48aa4e7e4
1.715375,26,26.250,21.250,31.250,resolved_positive_count_read,0.9 <= alpha_L <= 1,0.01,5,11c,c,Dash-8,10,1524,615,2628.50,300 dpi raster RGB trace mask; per-column pixel median; fixed axis endpoints; no smoothing,128eeb1ea3ad30f5a2ecf9194e2b784be37e837982dec3bdcb7b9db48aa4e7e4
1.722999,27,26.833,21.833,31.833,resolved_positive_count_read,0.9 <= alpha_L <= 1,0.01,5,11c,c,Dash-8,10,1524,616,2628.00,300 dpi raster RGB trace mask; per-column pixel median; fixed axis endpoints; no smoothing,128eeb1ea3ad30f5a2ecf9194e2b784be37e837982dec3bdcb7b9db48aa4e7e4
1.730623,27,27.417,22.417,32.417,resolved_positive_count_read,0.9 <= alpha_L <= 1,0.01,5,11c,c,Dash-8,10,1524,617,2627.50,300 dpi raster RGB trace mask; per-column pixel median; fixed axis endpoints; no smoothing,128eeb1ea3ad30f5a2ecf9194e2b784be37e837982dec3bdcb7b9db48aa4e7e4
1.738247,28,28.000,23.000,33.000,resolved_positive_count_read,0.9 <= alpha_L <= 1,0.01,5,11c,c,Dash-8,10,1524,618,2627.00,300 dpi raster RGB trace mask; per-column pixel median; fixed axis endpoints; no smoothing,128eeb1ea3ad30f5a2ecf9194e2b784be37e837982dec3bdcb7b9db48aa4e7e4
1.745870,29,28.583,23.583,33.583,resolved_positive_count_read,0.9 <= alpha_L <= 1,0.01,5,11c,c,Dash-8,10,1524,619,2626.50,300 dpi raster RGB trace mask; per-column pixel median; fixed axis endpoints; no smoothing,128eeb1ea3ad30f5a2ecf9194e2b784be37e837982dec3bdcb7b9db48aa4e7e4
1.753494,29,29.167,24.167,34.167,resolved_positive_count_read,0.9 <= alpha_L <= 1,0.01,5,11c,c,Dash-8,10,1524,620,2626.00,300 dpi raster RGB trace mask; per-column pixel median; fixed axis endpoints; no smoothing,128eeb1ea3ad30f5a2ecf9194e2b784be37e837982dec3bdcb7b9db48aa4e7e4
1.761118,30,30.333,25.333,35.333,resolved_positive_count_read,0.9 <= alpha_L <= 1,0.01,5,11c,c,Dash-8,10,1524,621,2625.00,300 dpi raster RGB trace mask; per-column pixel median; fixed axis endpoints; no smoothing,128eeb1ea3ad30f5a2ecf9194e2b784be37e837982dec3bdcb7b9db48aa4e7e4
1.768742,30,30.333,25.333,35.333,resolved_positive_count_read,0.9 <= alpha_L <= 1,0.01,5,11c,c,Dash-8,10,1524,622,2625.00,300 dpi raster RGB trace mask; per-column pixel median; fixed axis endpoints; no smoothing,128eeb1ea3ad30f5a2ecf9194e2b784be37e837982dec3bdcb7b9db48aa4e7e4
1.776366,31,30.917,25.917,35.917,resolved_positive_count_read,0.9 <= alpha_L <= 1,0.01,5,11c,c,Dash-8,10,1524,623,2624.50,300 dpi raster RGB trace mask; per-column pixel median; fixed axis endpoints; no smoothing,128eeb1ea3ad30f5a2ecf9194e2b784be37e837982dec3bdcb7b9db48aa4e7e4
1.783990,31,30.917,25.917,35.917,resolved_positive_count_read,0.9 <= alpha_L <= 1,0.01,5,11c,c,Dash-8,10,1524,624,2624.50,300 dpi raster RGB trace mask; per-column pixel median; fixed axis endpoints; no smoothing,128eeb1ea3ad30f5a2ecf9194e2b784be37e837982dec3bdcb7b9db48aa4e7e4
1.791614,32,31.500,26.500,36.500,resolved_positive_count_read,0.9 <= alpha_L <= 1,0.01,5,11c,c,Dash-8,10,1524,625,2624.00,300 dpi raster RGB trace mask; per-column pixel median; fixed axis endpoints; no smoothing,128eeb1ea3ad30f5a2ecf9194e2b784be37e837982dec3bdcb7b9db48aa4e7e4
1.799238,32,31.500,26.500,36.500,resolved_positive_count_read,0.9 <= alpha_L <= 1,0.01,5,11c,c,Dash-8,10,1524,626,2624.00,300 dpi raster RGB trace mask; per-column pixel median; fixed axis endpoints; no smoothing,128eeb1ea3ad30f5a2ecf9194e2b784be37e837982dec3bdcb7b9db48aa4e7e4
1.806861,31,30.917,25.917,35.917,resolved_positive_count_read,0.9 <= alpha_L <= 1,0.01,5,11c,c,Dash-8,10,1524,627,2624.50,300 dpi raster RGB trace mask; per-column pixel median; fixed axis endpoints; no smoothing,128eeb1ea3ad30f5a2ecf9194e2b784be37e837982dec3bdcb7b9db48aa4e7e4
1.814485,31,30.917,25.917,35.917,resolved_positive_count_read,0.9 <= alpha_L <= 1,0.01,5,11c,c,Dash-8,10,1524,628,2624.50,300 dpi raster RGB trace mask; per-column pixel median; fixed axis endpoints; no smoothing,128eeb1ea3ad30f5a2ecf9194e2b784be37e837982dec3bdcb7b9db48aa4e7e4
1.822109,31,30.917,25.917,35.917,resolved_positive_count_read,0.9 <= alpha_L <= 1,0.01,5,11c,c,Dash-8,10,1524,629,2624.50,300 dpi raster RGB trace mask; per-column pixel median; fixed axis endpoints; no smoothing,128eeb1ea3ad30f5a2ecf9194e2b784be37e837982dec3bdcb7b9db48aa4e7e4
1.829733,30,29.750,24.750,34.750,resolved_positive_count_read,0.9 <= alpha_L <= 1,0.01,5,11c,c,Dash-8,10,1524,630,2625.50,300 dpi raster RGB trace mask; per-column pixel median; fixed axis endpoints; no smoothing,128eeb1ea3ad30f5a2ecf9194e2b784be37e837982dec3bdcb7b9db48aa4e7e4
1.837357,30,29.750,24.750,34.750,resolved_positive_count_read,0.9 <= alpha_L <= 1,0.01,5,11c,c,Dash-8,10,1524,631,2625.50,300 dpi raster RGB trace mask; per-column pixel median; fixed axis endpoints; no smoothing,128eeb1ea3ad30f5a2ecf9194e2b784be37e837982dec3bdcb7b9db48aa4e7e4
1.844981,29,28.583,23.583,33.583,resolved_positive_count_read,0.9 <= alpha_L <= 1,0.01,5,11c,c,Dash-8,10,1524,632,2626.50,300 dpi raster RGB trace mask; per-column pixel median; fixed axis endpoints; no smoothing,128eeb1ea3ad30f5a2ecf9194e2b784be37e837982dec3bdcb7b9db48aa4e7e4
1.852605,29,28.583,23.583,33.583,resolved_positive_count_read,0.9 <= alpha_L <= 1,0.01,5,11c,c,Dash-8,10,1524,633,2626.50,300 dpi raster RGB trace mask; per-column pixel median; fixed axis endpoints; no smoothing,128eeb1ea3ad30f5a2ecf9194e2b784be37e837982dec3bdcb7b9db48aa4e7e4
1.860229,27,27.417,22.417,32.417,resolved_positive_count_read,0.9 <= alpha_L <= 1,0.01,5,11c,c,Dash-8,10,1524,634,2627.50,300 dpi raster RGB trace mask; per-column pixel median; fixed axis endpoints; no smoothing,128eeb1ea3ad30f5a2ecf9194e2b784be37e837982dec3bdcb7b9db48aa4e7e4
1.867853,27,27.417,22.417,32.417,resolved_positive_count_read,0.9 <= alpha_L <= 1,0.01,5,11c,c,Dash-8,10,1524,635,2627.50,300 dpi raster RGB trace mask; per-column pixel median; fixed axis endpoints; no smoothing,128eeb1ea3ad30f5a2ecf9194e2b784be37e837982dec3bdcb7b9db48aa4e7e4
1.875476,27,26.833,21.833,31.833,resolved_positive_count_read,0.9 <= alpha_L <= 1,0.01,5,11c,c,Dash-8,10,1524,636,2628.00,300 dpi raster RGB trace mask; per-column pixel median; fixed axis endpoints; no smoothing,128eeb1ea3ad30f5a2ecf9194e2b784be37e837982dec3bdcb7b9db48aa4e7e4
1.883100,26,26.250,21.250,31.250,resolved_positive_count_read,0.9 <= alpha_L <= 1,0.01,5,11c,c,Dash-8,10,1524,637,2628.50,300 dpi raster RGB trace mask; per-column pixel median; fixed axis endpoints; no smoothing,128eeb1ea3ad30f5a2ecf9194e2b784be37e837982dec3bdcb7b9db48aa4e7e4
1.890724,26,25.667,20.667,30.667,resolved_positive_count_read,0.9 <= alpha_L <= 1,0.01,5,11c,c,Dash-8,10,1524,638,2629.00,300 dpi raster RGB trace mask; per-column pixel median; fixed axis endpoints; no smoothing,128eeb1ea3ad30f5a2ecf9194e2b784be37e837982dec3bdcb7b9db48aa4e7e4
1.898348,25,25.083,20.083,30.083,resolved_positive_count_read,0.9 <= alpha_L <= 1,0.01,5,11c,c,Dash-8,10,1524,639,2629.50,300 dpi raster RGB trace mask; per-column pixel median; fixed axis endpoints; no smoothing,128eeb1ea3ad30f5a2ecf9194e2b784be37e837982dec3bdcb7b9db48aa4e7e4
1.905972,25,24.500,19.500,29.500,resolved_positive_count_read,0.9 <= alpha_L <= 1,0.01,5,11c,c,Dash-8,10,1524,640,2630.00,300 dpi raster RGB trace mask; per-column pixel median; fixed axis endpoints; no smoothing,128eeb1ea3ad30f5a2ecf9194e2b784be37e837982dec3bdcb7b9db48aa4e7e4
1.913596,24,23.917,18.917,28.917,resolved_positive_count_read,0.9 <= alpha_L <= 1,0.01,5,11c,c,Dash-8,10,1524,641,2630.50,300 dpi raster RGB trace mask; per-column pixel median; fixed axis endpoints; no smoothing,128eeb1ea3ad30f5a2ecf9194e2b784be37e837982dec3bdcb7b9db48aa4e7e4
1.921220,23,23.333,18.333,28.333,resolved_positive_count_read,0.9 <= alpha_L <= 1,0.01,5,11c,c,Dash-8,10,1524,642,2631.00,300 dpi raster RGB trace mask; per-column pixel median; fixed axis endpoints; no smoothing,128eeb1ea3ad30f5a2ecf9194e2b784be37e837982dec3bdcb7b9db48aa4e7e4
1.928844,23,22.750,17.750,27.750,resolved_positive_count_read,0.9 <= alpha_L <= 1,0.01,5,11c,c,Dash-8,10,1524,643,2631.50,300 dpi raster RGB trace mask; per-column pixel median; fixed axis endpoints; no smoothing,128eeb1ea3ad30f5a2ecf9194e2b784be37e837982dec3bdcb7b9db48aa4e7e4
1.936468,22,22.167,17.167,27.167,resolved_positive_count_read,0.9 <= alpha_L <= 1,0.01,5,11c,c,Dash-8,10,1524,644,2632.00,300 dpi raster RGB trace mask; per-column pixel median; fixed axis endpoints; no smoothing,128eeb1ea3ad30f5a2ecf9194e2b784be37e837982dec3bdcb7b9db48aa4e7e4
1.944091,22,21.583,16.583,26.583,resolved_positive_count_read,0.9 <= alpha_L <= 1,0.01,5,11c,c,Dash-8,10,1524,645,2632.50,300 dpi raster RGB trace mask; per-column pixel median; fixed axis endpoints; no smoothing,128eeb1ea3ad30f5a2ecf9194e2b784be37e837982dec3bdcb7b9db48aa4e7e4
1.951715,21,21.000,16.000,26.000,resolved_positive_count_read,0.9 <= alpha_L <= 1,0.01,5,11c,c,Dash-8,10,1524,646,2633.00,300 dpi raster RGB trace mask; per-column pixel median; fixed axis endpoints; no smoothing,128eeb1ea3ad30f5a2ecf9194e2b784be37e837982dec3bdcb7b9db48aa4e7e4
1.959339,20,19.833,14.833,24.833,resolved_positive_count_read,0.9 <= alpha_L <= 1,0.01,5,11c,c,Dash-8,10,1524,647,2634.00,300 dpi raster RGB trace mask; per-column pixel median; fixed axis endpoints; no smoothing,128eeb1ea3ad30f5a2ecf9194e2b784be37e837982dec3bdcb7b9db48aa4e7e4
1.966963,20,19.833,14.833,24.833,resolved_positive_count_read,0.9 <= alpha_L <= 1,0.01,5,11c,c,Dash-8,10,1524,648,2634.00,300 dpi raster RGB trace mask; per-column pixel median; fixed axis endpoints; no smoothing,128eeb1ea3ad30f5a2ecf9194e2b784be37e837982dec3bdcb7b9db48aa4e7e4
1.974587,19,19.250,14.250,24.250,resolved_positive_count_read,0.9 <= alpha_L <= 1,0.01,5,11c,c,Dash-8,10,1524,649,2634.50,300 dpi raster RGB trace mask; per-column pixel median; fixed axis endpoints; no smoothing,128eeb1ea3ad30f5a2ecf9194e2b784be37e837982dec3bdcb7b9db48aa4e7e4
1.982211,18,18.083,13.083,23.083,resolved_positive_count_read,0.9 <= alpha_L <= 1,0.01,5,11c,c,Dash-8,10,1524,650,2635.50,300 dpi raster RGB trace mask; per-column pixel median; fixed axis endpoints; no smoothing,128eeb1ea3ad30f5a2ecf9194e2b784be37e837982dec3bdcb7b9db48aa4e7e4
1.989835,18,18.083,13.083,23.083,resolved_positive_count_read,0.9 <= alpha_L <= 1,0.01,5,11c,c,Dash-8,10,1524,651,2635.50,300 dpi raster RGB trace mask; per-column pixel median; fixed axis endpoints; no smoothing,128eeb1ea3ad30f5a2ecf9194e2b784be37e837982dec3bdcb7b9db48aa4e7e4
1.997459,18,17.500,12.500,22.500,resolved_positive_count_read,0.9 <= alpha_L <= 1,0.01,5,11c,c,Dash-8,10,1524,652,2636.00,300 dpi raster RGB trace mask; per-column pixel median; fixed axis endpoints; no smoothing,128eeb1ea3ad30f5a2ecf9194e2b784be37e837982dec3bdcb7b9db48aa4e7e4
2.005083,18,17.500,12.500,22.500,resolved_positive_count_read,0.9 <= alpha_L <= 1,0.01,5,11c,c,Dash-8,10,1524,653,2636.00,300 dpi raster RGB trace mask; per-column pixel median; fixed axis endpoints; no smoothing,128eeb1ea3ad30f5a2ecf9194e2b784be37e837982dec3bdcb7b9db48aa4e7e4
2.012706,18,17.500,12.500,22.500,resolved_positive_count_read,0.9 <= alpha_L <= 1,0.01,5,11c,c,Dash-8,10,1524,654,2636.00,300 dpi raster RGB trace mask; per-column pixel median; fixed axis endpoints; no smoothing,128eeb1ea3ad30f5a2ecf9194e2b784be37e837982dec3bdcb7b9db48aa4e7e4
2.020330,17,16.917,11.917,21.917,resolved_positive_count_read,0.9 <= alpha_L <= 1,0.01,5,11c,c,Dash-8,10,1524,655,2636.50,300 dpi raster RGB trace mask; per-column pixel median; fixed axis endpoints; no smoothing,128eeb1ea3ad30f5a2ecf9194e2b784be37e837982dec3bdcb7b9db48aa4e7e4
2.027954,17,16.917,11.917,21.917,resolved_positive_count_read,0.9 <= alpha_L <= 1,0.01,5,11c,c,Dash-8,10,1524,656,2636.50,300 dpi raster RGB trace mask; per-column pixel median; fixed axis endpoints; no smoothing,128eeb1ea3ad30f5a2ecf9194e2b784be37e837982dec3bdcb7b9db48aa4e7e4
2.035578,17,16.917,11.917,21.917,resolved_positive_count_read,0.9 <= alpha_L <= 1,0.01,5,11c,c,Dash-8,10,1524,657,2636.50,300 dpi raster RGB trace mask; per-column pixel median; fixed axis endpoints; no smoothing,128eeb1ea3ad30f5a2ecf9194e2b784be37e837982dec3bdcb7b9db48aa4e7e4
2.043202,17,16.917,11.917,21.917,resolved_positive_count_read,0.9 <= alpha_L <= 1,0.01,5,11c,c,Dash-8,10,1524,658,2636.50,300 dpi raster RGB trace mask; per-column pixel median; fixed axis endpoints; no smoothing,128eeb1ea3ad30f5a2ecf9194e2b784be37e837982dec3bdcb7b9db48aa4e7e4
2.050826,17,16.917,11.917,21.917,resolved_positive_count_read,0.9 <= alpha_L <= 1,0.01,5,11c,c,Dash-8,10,1524,659,2636.50,300 dpi raster RGB trace mask; per-column pixel median; fixed axis endpoints; no smoothing,128eeb1ea3ad30f5a2ecf9194e2b784be37e837982dec3bdcb7b9db48aa4e7e4
2.058450,17,16.917,11.917,21.917,resolved_positive_count_read,0.9 <= alpha_L <= 1,0.01,5,11c,c,Dash-8,10,1524,660,2636.50,300 dpi raster RGB trace mask; per-column pixel median; fixed axis endpoints; no smoothing,128eeb1ea3ad30f5a2ecf9194e2b784be37e837982dec3bdcb7b9db48aa4e7e4
2.066074,17,16.917,11.917,21.917,resolved_positive_count_read,0.9 <= alpha_L <= 1,0.01,5,11c,c,Dash-8,10,1524,661,2636.50,300 dpi raster RGB trace mask; per-column pixel median; fixed axis endpoints; no smoothing,128eeb1ea3ad30f5a2ecf9194e2b784be37e837982dec3bdcb7b9db48aa4e7e4
2.073698,17,16.917,11.917,21.917,resolved_positive_count_read,0.9 <= alpha_L <= 1,0.01,5,11c,c,Dash-8,10,1524,662,2636.50,300 dpi raster RGB trace mask; per-column pixel median; fixed axis endpoints; no smoothing,128eeb1ea3ad30f5a2ecf9194e2b784be37e837982dec3bdcb7b9db48aa4e7e4
2.081321,17,16.917,11.917,21.917,resolved_positive_count_read,0.9 <= alpha_L <= 1,0.01,5,11c,c,Dash-8,10,1524,663,2636.50,300 dpi raster RGB trace mask; per-column pixel median; fixed axis endpoints; no smoothing,128eeb1ea3ad30f5a2ecf9194e2b784be37e837982dec3bdcb7b9db48aa4e7e4
2.088945,17,16.917,11.917,21.917,resolved_positive_count_read,0.9 <= alpha_L <= 1,0.01,5,11c,c,Dash-8,10,1524,664,2636.50,300 dpi raster RGB trace mask; per-column pixel median; fixed axis endpoints; no smoothing,128eeb1ea3ad30f5a2ecf9194e2b784be37e837982dec3bdcb7b9db48aa4e7e4
2.096569,17,16.917,11.917,21.917,resolved_positive_count_read,0.9 <= alpha_L <= 1,0.01,5,11c,c,Dash-8,10,1524,665,2636.50,300 dpi raster RGB trace mask; per-column pixel median; fixed axis endpoints; no smoothing,128eeb1ea3ad30f5a2ecf9194e2b784be37e837982dec3bdcb7b9db48aa4e7e4
2.104193,17,16.917,11.917,21.917,resolved_positive_count_read,0.9 <= alpha_L <= 1,0.01,5,11c,c,Dash-8,10,1524,666,2636.50,300 dpi raster RGB trace mask; per-column pixel median; fixed axis endpoints; no smoothing,128eeb1ea3ad30f5a2ecf9194e2b784be37e837982dec3bdcb7b9db48aa4e7e4
2.111817,17,16.917,11.917,21.917,resolved_positive_count_read,0.9 <= alpha_L <= 1,0.01,5,11c,c,Dash-8,10,1524,667,2636.50,300 dpi raster RGB trace mask; per-column pixel median; fixed axis endpoints; no smoothing,128eeb1ea3ad30f5a2ecf9194e2b784be37e837982dec3bdcb7b9db48aa4e7e4
2.119441,18,17.500,12.500,22.500,resolved_positive_count_read,0.9 <= alpha_L <= 1,0.01,5,11c,c,Dash-8,10,1524,668,2636.00,300 dpi raster RGB trace mask; per-column pixel median; fixed axis endpoints; no smoothing,128eeb1ea3ad30f5a2ecf9194e2b784be37e837982dec3bdcb7b9db48aa4e7e4
2.127065,18,18.083,13.083,23.083,resolved_positive_count_read,0.9 <= alpha_L <= 1,0.01,5,11c,c,Dash-8,10,1524,669,2635.50,300 dpi raster RGB trace mask; per-column pixel median; fixed axis endpoints; no smoothing,128eeb1ea3ad30f5a2ecf9194e2b784be37e837982dec3bdcb7b9db48aa4e7e4
2.134689,19,19.250,14.250,24.250,resolved_positive_count_read,0.9 <= alpha_L <= 1,0.01,5,11c,c,Dash-8,10,1524,670,2634.50,300 dpi raster RGB trace mask; per-column pixel median; fixed axis endpoints; no smoothing,128eeb1ea3ad30f5a2ecf9194e2b784be37e837982dec3bdcb7b9db48aa4e7e4
2.142313,19,19.250,14.250,24.250,resolved_positive_count_read,0.9 <= alpha_L <= 1,0.01,5,11c,c,Dash-8,10,1524,671,2634.50,300 dpi raster RGB trace mask; per-column pixel median; fixed axis endpoints; no smoothing,128eeb1ea3ad30f5a2ecf9194e2b784be37e837982dec3bdcb7b9db48aa4e7e4
2.149936,19,19.250,14.250,24.250,resolved_positive_count_read,0.9 <= alpha_L <= 1,0.01,5,11c,c,Dash-8,10,1524,672,2634.50,300 dpi raster RGB trace mask; per-column pixel median; fixed axis endpoints; no smoothing,128eeb1ea3ad30f5a2ecf9194e2b784be37e837982dec3bdcb7b9db48aa4e7e4
2.157560,19,19.250,14.250,24.250,resolved_positive_count_read,0.9 <= alpha_L <= 1,0.01,5,11c,c,Dash-8,10,1524,673,2634.50,300 dpi raster RGB trace mask; per-column pixel median; fixed axis endpoints; no smoothing,128eeb1ea3ad30f5a2ecf9194e2b784be37e837982dec3bdcb7b9db48aa4e7e4
2.165184,20,19.833,14.833,24.833,resolved_positive_count_read,0.9 <= alpha_L <= 1,0.01,5,11c,c,Dash-8,10,1524,674,2634.00,300 dpi raster RGB trace mask; per-column pixel median; fixed axis endpoints; no smoothing,128eeb1ea3ad30f5a2ecf9194e2b784be37e837982dec3bdcb7b9db48aa4e7e4
2.172808,20,20.417,15.417,25.417,resolved_positive_count_read,0.9 <= alpha_L <= 1,0.01,5,11c,c,Dash-8,10,1524,675,2633.50,300 dpi raster RGB trace mask; per-column pixel median; fixed axis endpoints; no smoothing,128eeb1ea3ad30f5a2ecf9194e2b784be37e837982dec3bdcb7b9db48aa4e7e4
2.180432,21,21.000,16.000,26.000,resolved_positive_count_read,0.9 <= alpha_L <= 1,0.01,5,11c,c,Dash-8,10,1524,676,2633.00,300 dpi raster RGB trace mask; per-column pixel median; fixed axis endpoints; no smoothing,128eeb1ea3ad30f5a2ecf9194e2b784be37e837982dec3bdcb7b9db48aa4e7e4
2.188056,22,21.583,16.583,26.583,resolved_positive_count_read,0.9 <= alpha_L <= 1,0.01,5,11c,c,Dash-8,10,1524,677,2632.50,300 dpi raster RGB trace mask; per-column pixel median; fixed axis endpoints; no smoothing,128eeb1ea3ad30f5a2ecf9194e2b784be37e837982dec3bdcb7b9db48aa4e7e4
2.195680,22,21.583,16.583,26.583,resolved_positive_count_read,0.9 <= alpha_L <= 1,0.01,5,11c,c,Dash-8,10,1524,678,2632.50,300 dpi raster RGB trace mask; per-column pixel median; fixed axis endpoints; no smoothing,128eeb1ea3ad30f5a2ecf9194e2b784be37e837982dec3bdcb7b9db48aa4e7e4
2.203304,23,22.750,17.750,27.750,resolved_positive_count_read,0.9 <= alpha_L <= 1,0.01,5,11c,c,Dash-8,10,1524,679,2631.50,300 dpi raster RGB trace mask; per-column pixel median; fixed axis endpoints; no smoothing,128eeb1ea3ad30f5a2ecf9194e2b784be37e837982dec3bdcb7b9db48aa4e7e4
2.210928,23,23.333,18.333,28.333,resolved_positive_count_read,0.9 <= alpha_L <= 1,0.01,5,11c,c,Dash-8,10,1524,680,2631.00,300 dpi raster RGB trace mask; per-column pixel median; fixed axis endpoints; no smoothing,128eeb1ea3ad30f5a2ecf9194e2b784be37e837982dec3bdcb7b9db48aa4e7e4
2.218551,24,23.917,18.917,28.917,resolved_positive_count_read,0.9 <= alpha_L <= 1,0.01,5,11c,c,Dash-8,10,1524,681,2630.50,300 dpi raster RGB trace mask; per-column pixel median; fixed axis endpoints; no smoothing,128eeb1ea3ad30f5a2ecf9194e2b784be37e837982dec3bdcb7b9db48aa4e7e4
2.226175,25,24.500,19.500,29.500,resolved_positive_count_read,0.9 <= alpha_L <= 1,0.01,5,11c,c,Dash-8,10,1524,682,2630.00,300 dpi raster RGB trace mask; per-column pixel median; fixed axis endpoints; no smoothing,128eeb1ea3ad30f5a2ecf9194e2b784be37e837982dec3bdcb7b9db48aa4e7e4
2.233799,25,25.083,20.083,30.083,resolved_positive_count_read,0.9 <= alpha_L <= 1,0.01,5,11c,c,Dash-8,10,1524,683,2629.50,300 dpi raster RGB trace mask; per-column pixel median; fixed axis endpoints; no smoothing,128eeb1ea3ad30f5a2ecf9194e2b784be37e837982dec3bdcb7b9db48aa4e7e4
2.241423,26,25.667,20.667,30.667,resolved_positive_count_read,0.9 <= alpha_L <= 1,0.01,5,11c,c,Dash-8,10,1524,684,2629.00,300 dpi raster RGB trace mask; per-column pixel median; fixed axis endpoints; no smoothing,128eeb1ea3ad30f5a2ecf9194e2b784be37e837982dec3bdcb7b9db48aa4e7e4
2.249047,27,26.833,21.833,31.833,resolved_positive_count_read,0.9 <= alpha_L <= 1,0.01,5,11c,c,Dash-8,10,1524,685,2628.00,300 dpi raster RGB trace mask; per-column pixel median; fixed axis endpoints; no smoothing,128eeb1ea3ad30f5a2ecf9194e2b784be37e837982dec3bdcb7b9db48aa4e7e4
2.256671,27,26.833,21.833,31.833,resolved_positive_count_read,0.9 <= alpha_L <= 1,0.01,5,11c,c,Dash-8,10,1524,686,2628.00,300 dpi raster RGB trace mask; per-column pixel median; fixed axis endpoints; no smoothing,128eeb1ea3ad30f5a2ecf9194e2b784be37e837982dec3bdcb7b9db48aa4e7e4
2.264295,28,28.000,23.000,33.000,resolved_positive_count_read,0.9 <= alpha_L <= 1,0.01,5,11c,c,Dash-8,10,1524,687,2627.00,300 dpi raster RGB trace mask; per-column pixel median; fixed axis endpoints; no smoothing,128eeb1ea3ad30f5a2ecf9194e2b784be37e837982dec3bdcb7b9db48aa4e7e4
2.271919,29,28.583,23.583,33.583,resolved_positive_count_read,0.9 <= alpha_L <= 1,0.01,5,11c,c,Dash-8,10,1524,688,2626.50,300 dpi raster RGB trace mask; per-column pixel median; fixed axis endpoints; no smoothing,128eeb1ea3ad30f5a2ecf9194e2b784be37e837982dec3bdcb7b9db48aa4e7e4
2.279543,29,29.167,24.167,34.167,resolved_positive_count_read,0.9 <= alpha_L <= 1,0.01,5,11c,c,Dash-8,10,1524,689,2626.00,300 dpi raster RGB trace mask; per-column pixel median; fixed axis endpoints; no smoothing,128eeb1ea3ad30f5a2ecf9194e2b784be37e837982dec3bdcb7b9db48aa4e7e4
2.287166,30,29.750,24.750,34.750,resolved_positive_count_read,0.9 <= alpha_L <= 1,0.01,5,11c,c,Dash-8,10,1524,690,2625.50,300 dpi raster RGB trace mask; per-column pixel median; fixed axis endpoints; no smoothing,128eeb1ea3ad30f5a2ecf9194e2b784be37e837982dec3bdcb7b9db48aa4e7e4
2.294790,30,29.750,24.750,34.750,resolved_positive_count_read,0.9 <= alpha_L <= 1,0.01,5,11c,c,Dash-8,10,1524,691,2625.50,300 dpi raster RGB trace mask; per-column pixel median; fixed axis endpoints; no smoothing,128eeb1ea3ad30f5a2ecf9194e2b784be37e837982dec3bdcb7b9db48aa4e7e4
2.302414,30,29.750,24.750,34.750,resolved_positive_count_read,0.9 <= alpha_L <= 1,0.01,5,11c,c,Dash-8,10,1524,692,2625.50,300 dpi raster RGB trace mask; per-column pixel median; fixed axis endpoints; no smoothing,128eeb1ea3ad30f5a2ecf9194e2b784be37e837982dec3bdcb7b9db48aa4e7e4
2.310038,30,29.750,24.750,34.750,resolved_positive_count_read,0.9 <= alpha_L <= 1,0.01,5,11c,c,Dash-8,10,1524,693,2625.50,300 dpi raster RGB trace mask; per-column pixel median; fixed axis endpoints; no smoothing,128eeb1ea3ad30f5a2ecf9194e2b784be37e837982dec3bdcb7b9db48aa4e7e4
2.317662,29,29.167,24.167,34.167,resolved_positive_count_read,0.9 <= alpha_L <= 1,0.01,5,11c,c,Dash-8,10,1524,694,2626.00,300 dpi raster RGB trace mask; per-column pixel median; fixed axis endpoints; no smoothing,128eeb1ea3ad30f5a2ecf9194e2b784be37e837982dec3bdcb7b9db48aa4e7e4
2.325286,29,28.583,23.583,33.583,resolved_positive_count_read,0.9 <= alpha_L <= 1,0.01,5,11c,c,Dash-8,10,1524,695,2626.50,300 dpi raster RGB trace mask; per-column pixel median; fixed axis endpoints; no smoothing,128eeb1ea3ad30f5a2ecf9194e2b784be37e837982dec3bdcb7b9db48aa4e7e4
2.332910,29,28.583,23.583,33.583,resolved_positive_count_read,0.9 <= alpha_L <= 1,0.01,5,11c,c,Dash-8,10,1524,696,2626.50,300 dpi raster RGB trace mask; per-column pixel median; fixed axis endpoints; no smoothing,128eeb1ea3ad30f5a2ecf9194e2b784be37e837982dec3bdcb7b9db48aa4e7e4
2.340534,28,28.000,23.000,33.000,resolved_positive_count_read,0.9 <= alpha_L <= 1,0.01,5,11c,c,Dash-8,10,1524,697,2627.00,300 dpi raster RGB trace mask; per-column pixel median; fixed axis endpoints; no smoothing,128eeb1ea3ad30f5a2ecf9194e2b784be37e837982dec3bdcb7b9db48aa4e7e4
2.348158,27,27.417,22.417,32.417,resolved_positive_count_read,0.9 <= alpha_L <= 1,0.01,5,11c,c,Dash-8,10,1524,698,2627.50,300 dpi raster RGB trace mask; per-column pixel median; fixed axis endpoints; no smoothing,128eeb1ea3ad30f5a2ecf9194e2b784be37e837982dec3bdcb7b9db48aa4e7e4
2.355781,27,27.417,22.417,32.417,resolved_positive_count_read,0.9 <= alpha_L <= 1,0.01,5,11c,c,Dash-8,10,1524,699,2627.50,300 dpi raster RGB trace mask; per-column pixel median; fixed axis endpoints; no smoothing,128eeb1ea3ad30f5a2ecf9194e2b784be37e837982dec3bdcb7b9db48aa4e7e4
2.363405,26,26.250,21.250,31.250,resolved_positive_count_read,0.9 <= alpha_L <= 1,0.01,5,11c,c,Dash-8,10,1524,700,2628.50,300 dpi raster RGB trace mask; per-column pixel median; fixed axis endpoints; no smoothing,128eeb1ea3ad30f5a2ecf9194e2b784be37e837982dec3bdcb7b9db48aa4e7e4
2.371029,26,26.250,21.250,31.250,resolved_positive_count_read,0.9 <= alpha_L <= 1,0.01,5,11c,c,Dash-8,10,1524,701,2628.50,300 dpi raster RGB trace mask; per-column pixel median; fixed axis endpoints; no smoothing,128eeb1ea3ad30f5a2ecf9194e2b784be37e837982dec3bdcb7b9db48aa4e7e4
2.378653,25,25.083,20.083,30.083,resolved_positive_count_read,0.9 <= alpha_L <= 1,0.01,5,11c,c,Dash-8,10,1524,702,2629.50,300 dpi raster RGB trace mask; per-column pixel median; fixed axis endpoints; no smoothing,128eeb1ea3ad30f5a2ecf9194e2b784be37e837982dec3bdcb7b9db48aa4e7e4
2.386277,25,25.083,20.083,30.083,resolved_positive_count_read,0.9 <= alpha_L <= 1,0.01,5,11c,c,Dash-8,10,1524,703,2629.50,300 dpi raster RGB trace mask; per-column pixel median; fixed axis endpoints; no smoothing,128eeb1ea3ad30f5a2ecf9194e2b784be37e837982dec3bdcb7b9db48aa4e7e4
2.393901,25,25.083,20.083,30.083,resolved_positive_count_read,0.9 <= alpha_L <= 1,0.01,5,11c,c,Dash-8,10,1524,704,2629.50,300 dpi raster RGB trace mask; per-column pixel median; fixed axis endpoints; no smoothing,128eeb1ea3ad30f5a2ecf9194e2b784be37e837982dec3bdcb7b9db48aa4e7e4
2.401525,25,24.500,19.500,29.500,resolved_positive_count_read,0.9 <= alpha_L <= 1,0.01,5,11c,c,Dash-8,10,1524,705,2630.00,300 dpi raster RGB trace mask; per-column pixel median; fixed axis endpoints; no smoothing,128eeb1ea3ad30f5a2ecf9194e2b784be37e837982dec3bdcb7b9db48aa4e7e4
2.409149,25,24.500,19.500,29.500,resolved_positive_count_read,0.9 <= alpha_L <= 1,0.01,5,11c,c,Dash-8,10,1524,706,2630.00,300 dpi raster RGB trace mask; per-column pixel median; fixed axis endpoints; no smoothing,128eeb1ea3ad30f5a2ecf9194e2b784be37e837982dec3bdcb7b9db48aa4e7e4
2.416773,25,24.500,19.500,29.500,resolved_positive_count_read,0.9 <= alpha_L <= 1,0.01,5,11c,c,Dash-8,10,1524,707,2630.00,300 dpi raster RGB trace mask; per-column pixel median; fixed axis endpoints; no smoothing,128eeb1ea3ad30f5a2ecf9194e2b784be37e837982dec3bdcb7b9db48aa4e7e4
2.424396,25,24.500,19.500,29.500,resolved_positive_count_read,0.9 <= alpha_L <= 1,0.01,5,11c,c,Dash-8,10,1524,708,2630.00,300 dpi raster RGB trace mask; per-column pixel median; fixed axis endpoints; no smoothing,128eeb1ea3ad30f5a2ecf9194e2b784be37e837982dec3bdcb7b9db48aa4e7e4
2.432020,25,24.500,19.500,29.500,resolved_positive_count_read,0.9 <= alpha_L <= 1,0.01,5,11c,c,Dash-8,10,1524,709,2630.00,300 dpi raster RGB trace mask; per-column pixel median; fixed axis endpoints; no smoothing,128eeb1ea3ad30f5a2ecf9194e2b784be37e837982dec3bdcb7b9db48aa4e7e4
2.439644,25,24.500,19.500,29.500,resolved_positive_count_read,0.9 <= alpha_L <= 1,0.01,5,11c,c,Dash-8,10,1524,710,2630.00,300 dpi raster RGB trace mask; per-column pixel median; fixed axis endpoints; no smoothing,128eeb1ea3ad30f5a2ecf9194e2b784be37e837982dec3bdcb7b9db48aa4e7e4
2.447268,25,24.500,19.500,29.500,resolved_positive_count_read,0.9 <= alpha_L <= 1,0.01,5,11c,c,Dash-8,10,1524,711,2630.00,300 dpi raster RGB trace mask; per-column pixel median; fixed axis endpoints; no smoothing,128eeb1ea3ad30f5a2ecf9194e2b784be37e837982dec3bdcb7b9db48aa4e7e4
2.454892,25,24.500,19.500,29.500,resolved_positive_count_read,0.9 <= alpha_L <= 1,0.01,5,11c,c,Dash-8,10,1524,712,2630.00,300 dpi raster RGB trace mask; per-column pixel median; fixed axis endpoints; no smoothing,128eeb1ea3ad30f5a2ecf9194e2b784be37e837982dec3bdcb7b9db48aa4e7e4
2.462516,25,24.500,19.500,29.500,resolved_positive_count_read,0.9 <= alpha_L <= 1,0.01,5,11c,c,Dash-8,10,1524,713,2630.00,300 dpi raster RGB trace mask; per-column pixel median; fixed axis endpoints; no smoothing,128eeb1ea3ad30f5a2ecf9194e2b784be37e837982dec3bdcb7b9db48aa4e7e4
2.470140,25,24.500,19.500,29.500,resolved_positive_count_read,0.9 <= alpha_L <= 1,0.01,5,11c,c,Dash-8,10,1524,714,2630.00,300 dpi raster RGB trace mask; per-column pixel median; fixed axis endpoints; no smoothing,128eeb1ea3ad30f5a2ecf9194e2b784be37e837982dec3bdcb7b9db48aa4e7e4
2.477764,25,24.500,19.500,29.500,resolved_positive_count_read,0.9 <= alpha_L <= 1,0.01,5,11c,c,Dash-8,10,1524,715,2630.00,300 dpi raster RGB trace mask; per-column pixel median; fixed axis endpoints; no smoothing,128eeb1ea3ad30f5a2ecf9194e2b784be37e837982dec3bdcb7b9db48aa4e7e4
2.485388,25,24.500,19.500,29.500,resolved_positive_count_read,0.9 <= alpha_L <= 1,0.01,5,11c,c,Dash-8,10,1524,716,2630.00,300 dpi raster RGB trace mask; per-column pixel median; fixed axis endpoints; no smoothing,128eeb1ea3ad30f5a2ecf9194e2b784be37e837982dec3bdcb7b9db48aa4e7e4
2.493011,25,24.500,19.500,29.500,resolved_positive_count_read,0.9 <= alpha_L <= 1,0.01,5,11c,c,Dash-8,10,1524,717,2630.00,300 dpi raster RGB trace mask; per-column pixel median; fixed axis endpoints; no smoothing,128eeb1ea3ad30f5a2ecf9194e2b784be37e837982dec3bdcb7b9db48aa4e7e4
2.500635,25,24.500,19.500,29.500,resolved_positive_count_read,0.9 <= alpha_L <= 1,0.01,5,11c,c,Dash-8,10,1524,718,2630.00,300 dpi raster RGB trace mask; per-column pixel median; fixed axis endpoints; no smoothing,128eeb1ea3ad30f5a2ecf9194e2b784be37e837982dec3bdcb7b9db48aa4e7e4
2.508259,25,24.500,19.500,29.500,resolved_positive_count_read,0.9 <= alpha_L <= 1,0.01,5,11c,c,Dash-8,10,1524,719,2630.00,300 dpi raster RGB trace mask; per-column pixel median; fixed axis endpoints; no smoothing,128eeb1ea3ad30f5a2ecf9194e2b784be37e837982dec3bdcb7b9db48aa4e7e4
2.515883,24,23.917,18.917,28.917,resolved_positive_count_read,0.9 <= alpha_L <= 1,0.01,5,11c,c,Dash-8,10,1524,720,2630.50,300 dpi raster RGB trace mask; per-column pixel median; fixed axis endpoints; no smoothing,128eeb1ea3ad30f5a2ecf9194e2b784be37e837982dec3bdcb7b9db48aa4e7e4
2.523507,24,23.917,18.917,28.917,resolved_positive_count_read,0.9 <= alpha_L <= 1,0.01,5,11c,c,Dash-8,10,1524,721,2630.50,300 dpi raster RGB trace mask; per-column pixel median; fixed axis endpoints; no smoothing,128eeb1ea3ad30f5a2ecf9194e2b784be37e837982dec3bdcb7b9db48aa4e7e4
2.531131,24,23.917,18.917,28.917,resolved_positive_count_read,0.9 <= alpha_L <= 1,0.01,5,11c,c,Dash-8,10,1524,722,2630.50,300 dpi raster RGB trace mask; per-column pixel median; fixed axis endpoints; no smoothing,128eeb1ea3ad30f5a2ecf9194e2b784be37e837982dec3bdcb7b9db48aa4e7e4
2.538755,23,23.333,18.333,28.333,resolved_positive_count_read,0.9 <= alpha_L <= 1,0.01,5,11c,c,Dash-8,10,1524,723,2631.00,300 dpi raster RGB trace mask; per-column pixel median; fixed axis endpoints; no smoothing,128eeb1ea3ad30f5a2ecf9194e2b784be37e837982dec3bdcb7b9db48aa4e7e4
2.546379,23,22.750,17.750,27.750,resolved_positive_count_read,0.9 <= alpha_L <= 1,0.01,5,11c,c,Dash-8,10,1524,724,2631.50,300 dpi raster RGB trace mask; per-column pixel median; fixed axis endpoints; no smoothing,128eeb1ea3ad30f5a2ecf9194e2b784be37e837982dec3bdcb7b9db48aa4e7e4
2.554003,23,22.750,17.750,27.750,resolved_positive_count_read,0.9 <= alpha_L <= 1,0.01,5,11c,c,Dash-8,10,1524,725,2631.50,300 dpi raster RGB trace mask; per-column pixel median; fixed axis endpoints; no smoothing,128eeb1ea3ad30f5a2ecf9194e2b784be37e837982dec3bdcb7b9db48aa4e7e4
2.561626,23,22.750,17.750,27.750,resolved_positive_count_read,0.9 <= alpha_L <= 1,0.01,5,11c,c,Dash-8,10,1524,726,2631.50,300 dpi raster RGB trace mask; per-column pixel median; fixed axis endpoints; no smoothing,128eeb1ea3ad30f5a2ecf9194e2b784be37e837982dec3bdcb7b9db48aa4e7e4
2.569250,22,22.167,17.167,27.167,resolved_positive_count_read,0.9 <= alpha_L <= 1,0.01,5,11c,c,Dash-8,10,1524,727,2632.00,300 dpi raster RGB trace mask; per-column pixel median; fixed axis endpoints; no smoothing,128eeb1ea3ad30f5a2ecf9194e2b784be37e837982dec3bdcb7b9db48aa4e7e4
2.576874,22,22.167,17.167,27.167,resolved_positive_count_read,0.9 <= alpha_L <= 1,0.01,5,11c,c,Dash-8,10,1524,728,2632.00,300 dpi raster RGB trace mask; per-column pixel median; fixed axis endpoints; no smoothing,128eeb1ea3ad30f5a2ecf9194e2b784be37e837982dec3bdcb7b9db48aa4e7e4
2.584498,22,22.167,17.167,27.167,resolved_positive_count_read,0.9 <= alpha_L <= 1,0.01,5,11c,c,Dash-8,10,1524,729,2632.00,300 dpi raster RGB trace mask; per-column pixel median; fixed axis endpoints; no smoothing,128eeb1ea3ad30f5a2ecf9194e2b784be37e837982dec3bdcb7b9db48aa4e7e4
2.592122,22,22.167,17.167,27.167,resolved_positive_count_read,0.9 <= alpha_L <= 1,0.01,5,11c,c,Dash-8,10,1524,730,2632.00,300 dpi raster RGB trace mask; per-column pixel median; fixed axis endpoints; no smoothing,128eeb1ea3ad30f5a2ecf9194e2b784be37e837982dec3bdcb7b9db48aa4e7e4
2.599746,22,22.167,17.167,27.167,resolved_positive_count_read,0.9 <= alpha_L <= 1,0.01,5,11c,c,Dash-8,10,1524,731,2632.00,300 dpi raster RGB trace mask; per-column pixel median; fixed axis endpoints; no smoothing,128eeb1ea3ad30f5a2ecf9194e2b784be37e837982dec3bdcb7b9db48aa4e7e4
2.607370,23,22.750,17.750,27.750,resolved_positive_count_read,0.9 <= alpha_L <= 1,0.01,5,11c,c,Dash-8,10,1524,732,2631.50,300 dpi raster RGB trace mask; per-column pixel median; fixed axis endpoints; no smoothing,128eeb1ea3ad30f5a2ecf9194e2b784be37e837982dec3bdcb7b9db48aa4e7e4
2.614994,23,22.750,17.750,27.750,resolved_positive_count_read,0.9 <= alpha_L <= 1,0.01,5,11c,c,Dash-8,10,1524,733,2631.50,300 dpi raster RGB trace mask; per-column pixel median; fixed axis endpoints; no smoothing,128eeb1ea3ad30f5a2ecf9194e2b784be37e837982dec3bdcb7b9db48aa4e7e4
2.622618,23,22.750,17.750,27.750,resolved_positive_count_read,0.9 <= alpha_L <= 1,0.01,5,11c,c,Dash-8,10,1524,734,2631.50,300 dpi raster RGB trace mask; per-column pixel median; fixed axis endpoints; no smoothing,128eeb1ea3ad30f5a2ecf9194e2b784be37e837982dec3bdcb7b9db48aa4e7e4
2.630241,24,23.917,18.917,28.917,resolved_positive_count_read,0.9 <= alpha_L <= 1,0.01,5,11c,c,Dash-8,10,1524,735,2630.50,300 dpi raster RGB trace mask; per-column pixel median; fixed axis endpoints; no smoothing,128eeb1ea3ad30f5a2ecf9194e2b784be37e837982dec3bdcb7b9db48aa4e7e4
2.637865,24,23.917,18.917,28.917,resolved_positive_count_read,0.9 <= alpha_L <= 1,0.01,5,11c,c,Dash-8,10,1524,736,2630.50,300 dpi raster RGB trace mask; per-column pixel median; fixed axis endpoints; no smoothing,128eeb1ea3ad30f5a2ecf9194e2b784be37e837982dec3bdcb7b9db48aa4e7e4
2.645489,24,23.917,18.917,28.917,resolved_positive_count_read,0.9 <= alpha_L <= 1,0.01,5,11c,c,Dash-8,10,1524,737,2630.50,300 dpi raster RGB trace mask; per-column pixel median; fixed axis endpoints; no smoothing,128eeb1ea3ad30f5a2ecf9194e2b784be37e837982dec3bdcb7b9db48aa4e7e4
2.653113,25,25.083,20.083,30.083,resolved_positive_count_read,0.9 <= alpha_L <= 1,0.01,5,11c,c,Dash-8,10,1524,738,2629.50,300 dpi raster RGB trace mask; per-column pixel median; fixed axis endpoints; no smoothing,128eeb1ea3ad30f5a2ecf9194e2b784be37e837982dec3bdcb7b9db48aa4e7e4
2.660737,25,25.083,20.083,30.083,resolved_positive_count_read,0.9 <= alpha_L <= 1,0.01,5,11c,c,Dash-8,10,1524,739,2629.50,300 dpi raster RGB trace mask; per-column pixel median; fixed axis endpoints; no smoothing,128eeb1ea3ad30f5a2ecf9194e2b784be37e837982dec3bdcb7b9db48aa4e7e4
2.668361,26,26.250,21.250,31.250,resolved_positive_count_read,0.9 <= alpha_L <= 1,0.01,5,11c,c,Dash-8,10,1524,740,2628.50,300 dpi raster RGB trace mask; per-column pixel median; fixed axis endpoints; no smoothing,128eeb1ea3ad30f5a2ecf9194e2b784be37e837982dec3bdcb7b9db48aa4e7e4
2.675985,26,26.250,21.250,31.250,resolved_positive_count_read,0.9 <= alpha_L <= 1,0.01,5,11c,c,Dash-8,10,1524,741,2628.50,300 dpi raster RGB trace mask; per-column pixel median; fixed axis endpoints; no smoothing,128eeb1ea3ad30f5a2ecf9194e2b784be37e837982dec3bdcb7b9db48aa4e7e4
2.683609,27,27.417,22.417,32.417,resolved_positive_count_read,0.9 <= alpha_L <= 1,0.01,5,11c,c,Dash-8,10,1524,742,2627.50,300 dpi raster RGB trace mask; per-column pixel median; fixed axis endpoints; no smoothing,128eeb1ea3ad30f5a2ecf9194e2b784be37e837982dec3bdcb7b9db48aa4e7e4
2.691233,27,27.417,22.417,32.417,resolved_positive_count_read,0.9 <= alpha_L <= 1,0.01,5,11c,c,Dash-8,10,1524,743,2627.50,300 dpi raster RGB trace mask; per-column pixel median; fixed axis endpoints; no smoothing,128eeb1ea3ad30f5a2ecf9194e2b784be37e837982dec3bdcb7b9db48aa4e7e4
2.698856,27,27.417,22.417,32.417,resolved_positive_count_read,0.9 <= alpha_L <= 1,0.01,5,11c,c,Dash-8,10,1524,744,2627.50,300 dpi raster RGB trace mask; per-column pixel median; fixed axis endpoints; no smoothing,128eeb1ea3ad30f5a2ecf9194e2b784be37e837982dec3bdcb7b9db48aa4e7e4
2.706480,27,27.417,22.417,32.417,resolved_positive_count_read,0.9 <= alpha_L <= 1,0.01,5,11c,c,Dash-8,10,1524,745,2627.50,300 dpi raster RGB trace mask; per-column pixel median; fixed axis endpoints; no smoothing,128eeb1ea3ad30f5a2ecf9194e2b784be37e837982dec3bdcb7b9db48aa4e7e4
2.714104,27,27.417,22.417,32.417,resolved_positive_count_read,0.9 <= alpha_L <= 1,0.01,5,11c,c,Dash-8,10,1524,746,2627.50,300 dpi raster RGB trace mask; per-column pixel median; fixed axis endpoints; no smoothing,128eeb1ea3ad30f5a2ecf9194e2b784be37e837982dec3bdcb7b9db48aa4e7e4
2.721728,27,27.417,22.417,32.417,resolved_positive_count_read,0.9 <= alpha_L <= 1,0.01,5,11c,c,Dash-8,10,1524,747,2627.50,300 dpi raster RGB trace mask; per-column pixel median; fixed axis endpoints; no smoothing,128eeb1ea3ad30f5a2ecf9194e2b784be37e837982dec3bdcb7b9db48aa4e7e4
2.729352,27,27.417,22.417,32.417,resolved_positive_count_read,0.9 <= alpha_L <= 1,0.01,5,11c,c,Dash-8,10,1524,748,2627.50,300 dpi raster RGB trace mask; per-column pixel median; fixed axis endpoints; no smoothing,128eeb1ea3ad30f5a2ecf9194e2b784be37e837982dec3bdcb7b9db48aa4e7e4
2.736976,27,26.833,21.833,31.833,resolved_positive_count_read,0.9 <= alpha_L <= 1,0.01,5,11c,c,Dash-8,10,1524,749,2628.00,300 dpi raster RGB trace mask; per-column pixel median; fixed axis endpoints; no smoothing,128eeb1ea3ad30f5a2ecf9194e2b784be37e837982dec3bdcb7b9db48aa4e7e4
2.744600,26,26.250,21.250,31.250,resolved_positive_count_read,0.9 <= alpha_L <= 1,0.01,5,11c,c,Dash-8,10,1524,750,2628.50,300 dpi raster RGB trace mask; per-column pixel median; fixed axis endpoints; no smoothing,128eeb1ea3ad30f5a2ecf9194e2b784be37e837982dec3bdcb7b9db48aa4e7e4
2.752224,26,26.250,21.250,31.250,resolved_positive_count_read,0.9 <= alpha_L <= 1,0.01,5,11c,c,Dash-8,10,1524,751,2628.50,300 dpi raster RGB trace mask; per-column pixel median; fixed axis endpoints; no smoothing,128eeb1ea3ad30f5a2ecf9194e2b784be37e837982dec3bdcb7b9db48aa4e7e4
2.759848,26,26.250,21.250,31.250,resolved_positive_count_read,0.9 <= alpha_L <= 1,0.01,5,11c,c,Dash-8,10,1524,752,2628.50,300 dpi raster RGB trace mask; per-column pixel median; fixed axis endpoints; no smoothing,128eeb1ea3ad30f5a2ecf9194e2b784be37e837982dec3bdcb7b9db48aa4e7e4
2.767471,26,26.250,21.250,31.250,resolved_positive_count_read,0.9 <= alpha_L <= 1,0.01,5,11c,c,Dash-8,10,1524,753,2628.50,300 dpi raster RGB trace mask; per-column pixel median; fixed axis endpoints; no smoothing,128eeb1ea3ad30f5a2ecf9194e2b784be37e837982dec3bdcb7b9db48aa4e7e4
2.775095,26,25.667,20.667,30.667,resolved_positive_count_read,0.9 <= alpha_L <= 1,0.01,5,11c,c,Dash-8,10,1524,754,2629.00,300 dpi raster RGB trace mask; per-column pixel median; fixed axis endpoints; no smoothing,128eeb1ea3ad30f5a2ecf9194e2b784be37e837982dec3bdcb7b9db48aa4e7e4
2.782719,26,25.667,20.667,30.667,resolved_positive_count_read,0.9 <= alpha_L <= 1,0.01,5,11c,c,Dash-8,10,1524,755,2629.00,300 dpi raster RGB trace mask; per-column pixel median; fixed axis endpoints; no smoothing,128eeb1ea3ad30f5a2ecf9194e2b784be37e837982dec3bdcb7b9db48aa4e7e4
2.790343,26,25.667,20.667,30.667,resolved_positive_count_read,0.9 <= alpha_L <= 1,0.01,5,11c,c,Dash-8,10,1524,756,2629.00,300 dpi raster RGB trace mask; per-column pixel median; fixed axis endpoints; no smoothing,128eeb1ea3ad30f5a2ecf9194e2b784be37e837982dec3bdcb7b9db48aa4e7e4
2.797967,26,25.667,20.667,30.667,resolved_positive_count_read,0.9 <= alpha_L <= 1,0.01,5,11c,c,Dash-8,10,1524,757,2629.00,300 dpi raster RGB trace mask; per-column pixel median; fixed axis endpoints; no smoothing,128eeb1ea3ad30f5a2ecf9194e2b784be37e837982dec3bdcb7b9db48aa4e7e4
2.805591,26,25.667,20.667,30.667,resolved_positive_count_read,0.9 <= alpha_L <= 1,0.01,5,11c,c,Dash-8,10,1524,758,2629.00,300 dpi raster RGB trace mask; per-column pixel median; fixed axis endpoints; no smoothing,128eeb1ea3ad30f5a2ecf9194e2b784be37e837982dec3bdcb7b9db48aa4e7e4
2.813215,26,25.667,20.667,30.667,resolved_positive_count_read,0.9 <= alpha_L <= 1,0.01,5,11c,c,Dash-8,10,1524,759,2629.00,300 dpi raster RGB trace mask; per-column pixel median; fixed axis endpoints; no smoothing,128eeb1ea3ad30f5a2ecf9194e2b784be37e837982dec3bdcb7b9db48aa4e7e4
2.820839,26,25.667,20.667,30.667,resolved_positive_count_read,0.9 <= alpha_L <= 1,0.01,5,11c,c,Dash-8,10,1524,760,2629.00,300 dpi raster RGB trace mask; per-column pixel median; fixed axis endpoints; no smoothing,128eeb1ea3ad30f5a2ecf9194e2b784be37e837982dec3bdcb7b9db48aa4e7e4
2.828463,26,25.667,20.667,30.667,resolved_positive_count_read,0.9 <= alpha_L <= 1,0.01,5,11c,c,Dash-8,10,1524,761,2629.00,300 dpi raster RGB trace mask; per-column pixel median; fixed axis endpoints; no smoothing,128eeb1ea3ad30f5a2ecf9194e2b784be37e837982dec3bdcb7b9db48aa4e7e4
2.836086,26,25.667,20.667,30.667,resolved_positive_count_read,0.9 <= alpha_L <= 1,0.01,5,11c,c,Dash-8,10,1524,762,2629.00,300 dpi raster RGB trace mask; per-column pixel median; fixed axis endpoints; no smoothing,128eeb1ea3ad30f5a2ecf9194e2b784be37e837982dec3bdcb7b9db48aa4e7e4
2.843710,26,25.667,20.667,30.667,resolved_positive_count_read,0.9 <= alpha_L <= 1,0.01,5,11c,c,Dash-8,10,1524,763,2629.00,300 dpi raster RGB trace mask; per-column pixel median; fixed axis endpoints; no smoothing,128eeb1ea3ad30f5a2ecf9194e2b784be37e837982dec3bdcb7b9db48aa4e7e4
2.851334,25,25.083,20.083,30.083,resolved_positive_count_read,0.9 <= alpha_L <= 1,0.01,5,11c,c,Dash-8,10,1524,764,2629.50,300 dpi raster RGB trace mask; per-column pixel median; fixed axis endpoints; no smoothing,128eeb1ea3ad30f5a2ecf9194e2b784be37e837982dec3bdcb7b9db48aa4e7e4
2.858958,25,25.083,20.083,30.083,resolved_positive_count_read,0.9 <= alpha_L <= 1,0.01,5,11c,c,Dash-8,10,1524,765,2629.50,300 dpi raster RGB trace mask; per-column pixel median; fixed axis endpoints; no smoothing,128eeb1ea3ad30f5a2ecf9194e2b784be37e837982dec3bdcb7b9db48aa4e7e4
2.866582,25,25.083,20.083,30.083,resolved_positive_count_read,0.9 <= alpha_L <= 1,0.01,5,11c,c,Dash-8,10,1524,766,2629.50,300 dpi raster RGB trace mask; per-column pixel median; fixed axis endpoints; no smoothing,128eeb1ea3ad30f5a2ecf9194e2b784be37e837982dec3bdcb7b9db48aa4e7e4
2.874206,25,25.083,20.083,30.083,resolved_positive_count_read,0.9 <= alpha_L <= 1,0.01,5,11c,c,Dash-8,10,1524,767,2629.50,300 dpi raster RGB trace mask; per-column pixel median; fixed axis endpoints; no smoothing,128eeb1ea3ad30f5a2ecf9194e2b784be37e837982dec3bdcb7b9db48aa4e7e4
2.881830,25,24.500,19.500,29.500,resolved_positive_count_read,0.9 <= alpha_L <= 1,0.01,5,11c,c,Dash-8,10,1524,768,2630.00,300 dpi raster RGB trace mask; per-column pixel median; fixed axis endpoints; no smoothing,128eeb1ea3ad30f5a2ecf9194e2b784be37e837982dec3bdcb7b9db48aa4e7e4
2.889454,25,24.500,19.500,29.500,resolved_positive_count_read,0.9 <= alpha_L <= 1,0.01,5,11c,c,Dash-8,10,1524,769,2630.00,300 dpi raster RGB trace mask; per-column pixel median; fixed axis endpoints; no smoothing,128eeb1ea3ad30f5a2ecf9194e2b784be37e837982dec3bdcb7b9db48aa4e7e4
2.897078,25,24.500,19.500,29.500,resolved_positive_count_read,0.9 <= alpha_L <= 1,0.01,5,11c,c,Dash-8,10,1524,770,2630.00,300 dpi raster RGB trace mask; per-column pixel median; fixed axis endpoints; no smoothing,128eeb1ea3ad30f5a2ecf9194e2b784be37e837982dec3bdcb7b9db48aa4e7e4
2.904701,25,24.500,19.500,29.500,resolved_positive_count_read,0.9 <= alpha_L <= 1,0.01,5,11c,c,Dash-8,10,1524,771,2630.00,300 dpi raster RGB trace mask; per-column pixel median; fixed axis endpoints; no smoothing,128eeb1ea3ad30f5a2ecf9194e2b784be37e837982dec3bdcb7b9db48aa4e7e4
2.912325,25,25.083,20.083,30.083,resolved_positive_count_read,0.9 <= alpha_L <= 1,0.01,5,11c,c,Dash-8,10,1524,772,2629.50,300 dpi raster RGB trace mask; per-column pixel median; fixed axis endpoints; no smoothing,128eeb1ea3ad30f5a2ecf9194e2b784be37e837982dec3bdcb7b9db48aa4e7e4
2.919949,26,25.667,20.667,30.667,resolved_positive_count_read,0.9 <= alpha_L <= 1,0.01,5,11c,c,Dash-8,10,1524,773,2629.00,300 dpi raster RGB trace mask; per-column pixel median; fixed axis endpoints; no smoothing,128eeb1ea3ad30f5a2ecf9194e2b784be37e837982dec3bdcb7b9db48aa4e7e4
2.927573,26,25.667,20.667,30.667,resolved_positive_count_read,0.9 <= alpha_L <= 1,0.01,5,11c,c,Dash-8,10,1524,774,2629.00,300 dpi raster RGB trace mask; per-column pixel median; fixed axis endpoints; no smoothing,128eeb1ea3ad30f5a2ecf9194e2b784be37e837982dec3bdcb7b9db48aa4e7e4
2.935197,26,25.667,20.667,30.667,resolved_positive_count_read,0.9 <= alpha_L <= 1,0.01,5,11c,c,Dash-8,10,1524,775,2629.00,300 dpi raster RGB trace mask; per-column pixel median; fixed axis endpoints; no smoothing,128eeb1ea3ad30f5a2ecf9194e2b784be37e837982dec3bdcb7b9db48aa4e7e4
2.942821,26,25.667,20.667,30.667,resolved_positive_count_read,0.9 <= alpha_L <= 1,0.01,5,11c,c,Dash-8,10,1524,776,2629.00,300 dpi raster RGB trace mask; per-column pixel median; fixed axis endpoints; no smoothing,128eeb1ea3ad30f5a2ecf9194e2b784be37e837982dec3bdcb7b9db48aa4e7e4
2.950445,26,26.250,21.250,31.250,resolved_positive_count_read,0.9 <= alpha_L <= 1,0.01,5,11c,c,Dash-8,10,1524,777,2628.50,300 dpi raster RGB trace mask; per-column pixel median; fixed axis endpoints; no smoothing,128eeb1ea3ad30f5a2ecf9194e2b784be37e837982dec3bdcb7b9db48aa4e7e4
2.958069,26,26.250,21.250,31.250,resolved_positive_count_read,0.9 <= alpha_L <= 1,0.01,5,11c,c,Dash-8,10,1524,778,2628.50,300 dpi raster RGB trace mask; per-column pixel median; fixed axis endpoints; no smoothing,128eeb1ea3ad30f5a2ecf9194e2b784be37e837982dec3bdcb7b9db48aa4e7e4
2.965693,26,26.250,21.250,31.250,resolved_positive_count_read,0.9 <= alpha_L <= 1,0.01,5,11c,c,Dash-8,10,1524,779,2628.50,300 dpi raster RGB trace mask; per-column pixel median; fixed axis endpoints; no smoothing,128eeb1ea3ad30f5a2ecf9194e2b784be37e837982dec3bdcb7b9db48aa4e7e4
2.973316,27,26.833,21.833,31.833,resolved_positive_count_read,0.9 <= alpha_L <= 1,0.01,5,11c,c,Dash-8,10,1524,780,2628.00,300 dpi raster RGB trace mask; per-column pixel median; fixed axis endpoints; no smoothing,128eeb1ea3ad30f5a2ecf9194e2b784be37e837982dec3bdcb7b9db48aa4e7e4
2.980940,27,27.417,22.417,32.417,resolved_positive_count_read,0.9 <= alpha_L <= 1,0.01,5,11c,c,Dash-8,10,1524,781,2627.50,300 dpi raster RGB trace mask; per-column pixel median; fixed axis endpoints; no smoothing,128eeb1ea3ad30f5a2ecf9194e2b784be37e837982dec3bdcb7b9db48aa4e7e4
2.988564,27,27.417,22.417,32.417,resolved_positive_count_read,0.9 <= alpha_L <= 1,0.01,5,11c,c,Dash-8,10,1524,782,2627.50,300 dpi raster RGB trace mask; per-column pixel median; fixed axis endpoints; no smoothing,128eeb1ea3ad30f5a2ecf9194e2b784be37e837982dec3bdcb7b9db48aa4e7e4
2.996188,27,27.417,22.417,32.417,resolved_positive_count_read,0.9 <= alpha_L <= 1,0.01,5,11c,c,Dash-8,10,1524,783,2627.50,300 dpi raster RGB trace mask; per-column pixel median; fixed axis endpoints; no smoothing,128eeb1ea3ad30f5a2ecf9194e2b784be37e837982dec3bdcb7b9db48aa4e7e4
3.003812,27,27.417,22.417,32.417,resolved_positive_count_read,0.9 <= alpha_L <= 1,0.01,5,11c,c,Dash-8,10,1524,784,2627.50,300 dpi raster RGB trace mask; per-column pixel median; fixed axis endpoints; no smoothing,128eeb1ea3ad30f5a2ecf9194e2b784be37e837982dec3bdcb7b9db48aa4e7e4
3.011436,27,27.417,22.417,32.417,resolved_positive_count_read,0.9 <= alpha_L <= 1,0.01,5,11c,c,Dash-8,10,1524,785,2627.50,300 dpi raster RGB trace mask; per-column pixel median; fixed axis endpoints; no smoothing,128eeb1ea3ad30f5a2ecf9194e2b784be37e837982dec3bdcb7b9db48aa4e7e4
3.019060,27,27.417,22.417,32.417,resolved_positive_count_read,0.9 <= alpha_L <= 1,0.01,5,11c,c,Dash-8,10,1524,786,2627.50,300 dpi raster RGB trace mask; per-column pixel median; fixed axis endpoints; no smoothing,128eeb1ea3ad30f5a2ecf9194e2b784be37e837982dec3bdcb7b9db48aa4e7e4
3.026684,26,26.250,21.250,31.250,resolved_positive_count_read,0.9 <= alpha_L <= 1,0.01,5,11c,c,Dash-8,10,1524,787,2628.50,300 dpi raster RGB trace mask; per-column pixel median; fixed axis endpoints; no smoothing,128eeb1ea3ad30f5a2ecf9194e2b784be37e837982dec3bdcb7b9db48aa4e7e4
3.034307,26,26.250,21.250,31.250,resolved_positive_count_read,0.9 <= alpha_L <= 1,0.01,5,11c,c,Dash-8,10,1524,788,2628.50,300 dpi raster RGB trace mask; per-column pixel median; fixed axis endpoints; no smoothing,128eeb1ea3ad30f5a2ecf9194e2b784be37e837982dec3bdcb7b9db48aa4e7e4
3.041931,26,26.250,21.250,31.250,resolved_positive_count_read,0.9 <= alpha_L <= 1,0.01,5,11c,c,Dash-8,10,1524,789,2628.50,300 dpi raster RGB trace mask; per-column pixel median; fixed axis endpoints; no smoothing,128eeb1ea3ad30f5a2ecf9194e2b784be37e837982dec3bdcb7b9db48aa4e7e4
3.049555,26,26.250,21.250,31.250,resolved_positive_count_read,0.9 <= alpha_L <= 1,0.01,5,11c,c,Dash-8,10,1524,790,2628.50,300 dpi raster RGB trace mask; per-column pixel median; fixed axis endpoints; no smoothing,128eeb1ea3ad30f5a2ecf9194e2b784be37e837982dec3bdcb7b9db48aa4e7e4
3.057179,26,25.667,20.667,30.667,resolved_positive_count_read,0.9 <= alpha_L <= 1,0.01,5,11c,c,Dash-8,10,1524,791,2629.00,300 dpi raster RGB trace mask; per-column pixel median; fixed axis endpoints; no smoothing,128eeb1ea3ad30f5a2ecf9194e2b784be37e837982dec3bdcb7b9db48aa4e7e4
3.064803,26,25.667,20.667,30.667,resolved_positive_count_read,0.9 <= alpha_L <= 1,0.01,5,11c,c,Dash-8,10,1524,792,2629.00,300 dpi raster RGB trace mask; per-column pixel median; fixed axis endpoints; no smoothing,128eeb1ea3ad30f5a2ecf9194e2b784be37e837982dec3bdcb7b9db48aa4e7e4
3.072427,26,25.667,20.667,30.667,resolved_positive_count_read,0.9 <= alpha_L <= 1,0.01,5,11c,c,Dash-8,10,1524,793,2629.00,300 dpi raster RGB trace mask; per-column pixel median; fixed axis endpoints; no smoothing,128eeb1ea3ad30f5a2ecf9194e2b784be37e837982dec3bdcb7b9db48aa4e7e4
3.080051,25,25.083,20.083,30.083,resolved_positive_count_read,0.9 <= alpha_L <= 1,0.01,5,11c,c,Dash-8,10,1524,794,2629.50,300 dpi raster RGB trace mask; per-column pixel median; fixed axis endpoints; no smoothing,128eeb1ea3ad30f5a2ecf9194e2b784be37e837982dec3bdcb7b9db48aa4e7e4
3.087675,25,25.083,20.083,30.083,resolved_positive_count_read,0.9 <= alpha_L <= 1,0.01,5,11c,c,Dash-8,10,1524,795,2629.50,300 dpi raster RGB trace mask; per-column pixel median; fixed axis endpoints; no smoothing,128eeb1ea3ad30f5a2ecf9194e2b784be37e837982dec3bdcb7b9db48aa4e7e4
3.095299,25,25.083,20.083,30.083,resolved_positive_count_read,0.9 <= alpha_L <= 1,0.01,5,11c,c,Dash-8,10,1524,796,2629.50,300 dpi raster RGB trace mask; per-column pixel median; fixed axis endpoints; no smoothing,128eeb1ea3ad30f5a2ecf9194e2b784be37e837982dec3bdcb7b9db48aa4e7e4
3.102922,25,25.083,20.083,30.083,resolved_positive_count_read,0.9 <= alpha_L <= 1,0.01,5,11c,c,Dash-8,10,1524,797,2629.50,300 dpi raster RGB trace mask; per-column pixel median; fixed axis endpoints; no smoothing,128eeb1ea3ad30f5a2ecf9194e2b784be37e837982dec3bdcb7b9db48aa4e7e4
3.110546,26,25.667,20.667,30.667,resolved_positive_count_read,0.9 <= alpha_L <= 1,0.01,5,11c,c,Dash-8,10,1524,798,2629.00,300 dpi raster RGB trace mask; per-column pixel median; fixed axis endpoints; no smoothing,128eeb1ea3ad30f5a2ecf9194e2b784be37e837982dec3bdcb7b9db48aa4e7e4
3.118170,26,25.667,20.667,30.667,resolved_positive_count_read,0.9 <= alpha_L <= 1,0.01,5,11c,c,Dash-8,10,1524,799,2629.00,300 dpi raster RGB trace mask; per-column pixel median; fixed axis endpoints; no smoothing,128eeb1ea3ad30f5a2ecf9194e2b784be37e837982dec3bdcb7b9db48aa4e7e4
3.125794,26,25.667,20.667,30.667,resolved_positive_count_read,0.9 <= alpha_L <= 1,0.01,5,11c,c,Dash-8,10,1524,800,2629.00,300 dpi raster RGB trace mask; per-column pixel median; fixed axis endpoints; no smoothing,128eeb1ea3ad30f5a2ecf9194e2b784be37e837982dec3bdcb7b9db48aa4e7e4
3.133418,26,26.250,21.250,31.250,resolved_positive_count_read,0.9 <= alpha_L <= 1,0.01,5,11c,c,Dash-8,10,1524,801,2628.50,300 dpi raster RGB trace mask; per-column pixel median; fixed axis endpoints; no smoothing,128eeb1ea3ad30f5a2ecf9194e2b784be37e837982dec3bdcb7b9db48aa4e7e4
3.141042,26,26.250,21.250,31.250,resolved_positive_count_read,0.9 <= alpha_L <= 1,0.01,5,11c,c,Dash-8,10,1524,802,2628.50,300 dpi raster RGB trace mask; per-column pixel median; fixed axis endpoints; no smoothing,128eeb1ea3ad30f5a2ecf9194e2b784be37e837982dec3bdcb7b9db48aa4e7e4
3.148666,26,26.250,21.250,31.250,resolved_positive_count_read,0.9 <= alpha_L <= 1,0.01,5,11c,c,Dash-8,10,1524,803,2628.50,300 dpi raster RGB trace mask; per-column pixel median; fixed axis endpoints; no smoothing,128eeb1ea3ad30f5a2ecf9194e2b784be37e837982dec3bdcb7b9db48aa4e7e4
3.156290,27,26.833,21.833,31.833,resolved_positive_count_read,0.9 <= alpha_L <= 1,0.01,5,11c,c,Dash-8,10,1524,804,2628.00,300 dpi raster RGB trace mask; per-column pixel median; fixed axis endpoints; no smoothing,128eeb1ea3ad30f5a2ecf9194e2b784be37e837982dec3bdcb7b9db48aa4e7e4
3.163914,27,27.417,22.417,32.417,resolved_positive_count_read,0.9 <= alpha_L <= 1,0.01,5,11c,c,Dash-8,10,1524,805,2627.50,300 dpi raster RGB trace mask; per-column pixel median; fixed axis endpoints; no smoothing,128eeb1ea3ad30f5a2ecf9194e2b784be37e837982dec3bdcb7b9db48aa4e7e4
3.171537,27,27.417,22.417,32.417,resolved_positive_count_read,0.9 <= alpha_L <= 1,0.01,5,11c,c,Dash-8,10,1524,806,2627.50,300 dpi raster RGB trace mask; per-column pixel median; fixed axis endpoints; no smoothing,128eeb1ea3ad30f5a2ecf9194e2b784be37e837982dec3bdcb7b9db48aa4e7e4
3.179161,28,28.000,23.000,33.000,resolved_positive_count_read,0.9 <= alpha_L <= 1,0.01,5,11c,c,Dash-8,10,1524,807,2627.00,300 dpi raster RGB trace mask; per-column pixel median; fixed axis endpoints; no smoothing,128eeb1ea3ad30f5a2ecf9194e2b784be37e837982dec3bdcb7b9db48aa4e7e4
3.186785,28,28.000,23.000,33.000,resolved_positive_count_read,0.9 <= alpha_L <= 1,0.01,5,11c,c,Dash-8,10,1524,808,2627.00,300 dpi raster RGB trace mask; per-column pixel median; fixed axis endpoints; no smoothing,128eeb1ea3ad30f5a2ecf9194e2b784be37e837982dec3bdcb7b9db48aa4e7e4
3.194409,28,28.000,23.000,33.000,resolved_positive_count_read,0.9 <= alpha_L <= 1,0.01,5,11c,c,Dash-8,10,1524,809,2627.00,300 dpi raster RGB trace mask; per-column pixel median; fixed axis endpoints; no smoothing,128eeb1ea3ad30f5a2ecf9194e2b784be37e837982dec3bdcb7b9db48aa4e7e4
3.202033,28,28.000,23.000,33.000,resolved_positive_count_read,0.9 <= alpha_L <= 1,0.01,5,11c,c,Dash-8,10,1524,810,2627.00,300 dpi raster RGB trace mask; per-column pixel median; fixed axis endpoints; no smoothing,128eeb1ea3ad30f5a2ecf9194e2b784be37e837982dec3bdcb7b9db48aa4e7e4
3.209657,28,28.000,23.000,33.000,resolved_positive_count_read,0.9 <= alpha_L <= 1,0.01,5,11c,c,Dash-8,10,1524,811,2627.00,300 dpi raster RGB trace mask; per-column pixel median; fixed axis endpoints; no smoothing,128eeb1ea3ad30f5a2ecf9194e2b784be37e837982dec3bdcb7b9db48aa4e7e4
3.217281,27,27.417,22.417,32.417,resolved_positive_count_read,0.9 <= alpha_L <= 1,0.01,5,11c,c,Dash-8,10,1524,812,2627.50,300 dpi raster RGB trace mask; per-column pixel median; fixed axis endpoints; no smoothing,128eeb1ea3ad30f5a2ecf9194e2b784be37e837982dec3bdcb7b9db48aa4e7e4
3.224905,27,27.417,22.417,32.417,resolved_positive_count_read,0.9 <= alpha_L <= 1,0.01,5,11c,c,Dash-8,10,1524,813,2627.50,300 dpi raster RGB trace mask; per-column pixel median; fixed axis endpoints; no smoothing,128eeb1ea3ad30f5a2ecf9194e2b784be37e837982dec3bdcb7b9db48aa4e7e4
3.232529,27,27.417,22.417,32.417,resolved_positive_count_read,0.9 <= alpha_L <= 1,0.01,5,11c,c,Dash-8,10,1524,814,2627.50,300 dpi raster RGB trace mask; per-column pixel median; fixed axis endpoints; no smoothing,128eeb1ea3ad30f5a2ecf9194e2b784be37e837982dec3bdcb7b9db48aa4e7e4
3.240152,27,26.833,21.833,31.833,resolved_positive_count_read,0.9 <= alpha_L <= 1,0.01,5,11c,c,Dash-8,10,1524,815,2628.00,300 dpi raster RGB trace mask; per-column pixel median; fixed axis endpoints; no smoothing,128eeb1ea3ad30f5a2ecf9194e2b784be37e837982dec3bdcb7b9db48aa4e7e4
3.247776,26,26.250,21.250,31.250,resolved_positive_count_read,0.9 <= alpha_L <= 1,0.01,5,11c,c,Dash-8,10,1524,816,2628.50,300 dpi raster RGB trace mask; per-column pixel median; fixed axis endpoints; no smoothing,128eeb1ea3ad30f5a2ecf9194e2b784be37e837982dec3bdcb7b9db48aa4e7e4
3.255400,26,26.250,21.250,31.250,resolved_positive_count_read,0.9 <= alpha_L <= 1,0.01,5,11c,c,Dash-8,10,1524,817,2628.50,300 dpi raster RGB trace mask; per-column pixel median; fixed axis endpoints; no smoothing,128eeb1ea3ad30f5a2ecf9194e2b784be37e837982dec3bdcb7b9db48aa4e7e4
3.263024,26,26.250,21.250,31.250,resolved_positive_count_read,0.9 <= alpha_L <= 1,0.01,5,11c,c,Dash-8,10,1524,818,2628.50,300 dpi raster RGB trace mask; per-column pixel median; fixed axis endpoints; no smoothing,128eeb1ea3ad30f5a2ecf9194e2b784be37e837982dec3bdcb7b9db48aa4e7e4
3.270648,26,25.667,20.667,30.667,resolved_positive_count_read,0.9 <= alpha_L <= 1,0.01,5,11c,c,Dash-8,10,1524,819,2629.00,300 dpi raster RGB trace mask; per-column pixel median; fixed axis endpoints; no smoothing,128eeb1ea3ad30f5a2ecf9194e2b784be37e837982dec3bdcb7b9db48aa4e7e4
3.278272,25,25.083,20.083,30.083,resolved_positive_count_read,0.9 <= alpha_L <= 1,0.01,5,11c,c,Dash-8,10,1524,820,2629.50,300 dpi raster RGB trace mask; per-column pixel median; fixed axis endpoints; no smoothing,128eeb1ea3ad30f5a2ecf9194e2b784be37e837982dec3bdcb7b9db48aa4e7e4
3.285896,25,25.083,20.083,30.083,resolved_positive_count_read,0.9 <= alpha_L <= 1,0.01,5,11c,c,Dash-8,10,1524,821,2629.50,300 dpi raster RGB trace mask; per-column pixel median; fixed axis endpoints; no smoothing,128eeb1ea3ad30f5a2ecf9194e2b784be37e837982dec3bdcb7b9db48aa4e7e4
3.293520,25,25.083,20.083,30.083,resolved_positive_count_read,0.9 <= alpha_L <= 1,0.01,5,11c,c,Dash-8,10,1524,822,2629.50,300 dpi raster RGB trace mask; per-column pixel median; fixed axis endpoints; no smoothing,128eeb1ea3ad30f5a2ecf9194e2b784be37e837982dec3bdcb7b9db48aa4e7e4
3.301144,25,24.500,19.500,29.500,resolved_positive_count_read,0.9 <= alpha_L <= 1,0.01,5,11c,c,Dash-8,10,1524,823,2630.00,300 dpi raster RGB trace mask; per-column pixel median; fixed axis endpoints; no smoothing,128eeb1ea3ad30f5a2ecf9194e2b784be37e837982dec3bdcb7b9db48aa4e7e4
3.308767,25,24.500,19.500,29.500,resolved_positive_count_read,0.9 <= alpha_L <= 1,0.01,5,11c,c,Dash-8,10,1524,824,2630.00,300 dpi raster RGB trace mask; per-column pixel median; fixed axis endpoints; no smoothing,128eeb1ea3ad30f5a2ecf9194e2b784be37e837982dec3bdcb7b9db48aa4e7e4
3.316391,25,24.500,19.500,29.500,resolved_positive_count_read,0.9 <= alpha_L <= 1,0.01,5,11c,c,Dash-8,10,1524,825,2630.00,300 dpi raster RGB trace mask; per-column pixel median; fixed axis endpoints; no smoothing,128eeb1ea3ad30f5a2ecf9194e2b784be37e837982dec3bdcb7b9db48aa4e7e4
3.324015,25,24.500,19.500,29.500,resolved_positive_count_read,0.9 <= alpha_L <= 1,0.01,5,11c,c,Dash-8,10,1524,826,2630.00,300 dpi raster RGB trace mask; per-column pixel median; fixed axis endpoints; no smoothing,128eeb1ea3ad30f5a2ecf9194e2b784be37e837982dec3bdcb7b9db48aa4e7e4
3.331639,25,24.500,19.500,29.500,resolved_positive_count_read,0.9 <= alpha_L <= 1,0.01,5,11c,c,Dash-8,10,1524,827,2630.00,300 dpi raster RGB trace mask; per-column pixel median; fixed axis endpoints; no smoothing,128eeb1ea3ad30f5a2ecf9194e2b784be37e837982dec3bdcb7b9db48aa4e7e4
3.339263,25,25.083,20.083,30.083,resolved_positive_count_read,0.9 <= alpha_L <= 1,0.01,5,11c,c,Dash-8,10,1524,828,2629.50,300 dpi raster RGB trace mask; per-column pixel median; fixed axis endpoints; no smoothing,128eeb1ea3ad30f5a2ecf9194e2b784be37e837982dec3bdcb7b9db48aa4e7e4
3.346887,26,25.667,20.667,30.667,resolved_positive_count_read,0.9 <= alpha_L <= 1,0.01,5,11c,c,Dash-8,10,1524,829,2629.00,300 dpi raster RGB trace mask; per-column pixel median; fixed axis endpoints; no smoothing,128eeb1ea3ad30f5a2ecf9194e2b784be37e837982dec3bdcb7b9db48aa4e7e4
3.354511,26,25.667,20.667,30.667,resolved_positive_count_read,0.9 <= alpha_L <= 1,0.01,5,11c,c,Dash-8,10,1524,830,2629.00,300 dpi raster RGB trace mask; per-column pixel median; fixed axis endpoints; no smoothing,128eeb1ea3ad30f5a2ecf9194e2b784be37e837982dec3bdcb7b9db48aa4e7e4
3.362135,26,25.667,20.667,30.667,resolved_positive_count_read,0.9 <= alpha_L <= 1,0.01,5,11c,c,Dash-8,10,1524,831,2629.00,300 dpi raster RGB trace mask; per-column pixel median; fixed axis endpoints; no smoothing,128eeb1ea3ad30f5a2ecf9194e2b784be37e837982dec3bdcb7b9db48aa4e7e4
3.369759,26,25.667,20.667,30.667,resolved_positive_count_read,0.9 <= alpha_L <= 1,0.01,5,11c,c,Dash-8,10,1524,832,2629.00,300 dpi raster RGB trace mask; per-column pixel median; fixed axis endpoints; no smoothing,128eeb1ea3ad30f5a2ecf9194e2b784be37e837982dec3bdcb7b9db48aa4e7e4
3.377382,26,25.667,20.667,30.667,resolved_positive_count_read,0.9 <= alpha_L <= 1,0.01,5,11c,c,Dash-8,10,1524,833,2629.00,300 dpi raster RGB trace mask; per-column pixel median; fixed axis endpoints; no smoothing,128eeb1ea3ad30f5a2ecf9194e2b784be37e837982dec3bdcb7b9db48aa4e7e4
3.385006,26,25.667,20.667,30.667,resolved_positive_count_read,0.9 <= alpha_L <= 1,0.01,5,11c,c,Dash-8,10,1524,834,2629.00,300 dpi raster RGB trace mask; per-column pixel median; fixed axis endpoints; no smoothing,128eeb1ea3ad30f5a2ecf9194e2b784be37e837982dec3bdcb7b9db48aa4e7e4
3.392630,26,25.667,20.667,30.667,resolved_positive_count_read,0.9 <= alpha_L <= 1,0.01,5,11c,c,Dash-8,10,1524,835,2629.00,300 dpi raster RGB trace mask; per-column pixel median; fixed axis endpoints; no smoothing,128eeb1ea3ad30f5a2ecf9194e2b784be37e837982dec3bdcb7b9db48aa4e7e4
3.400254,26,25.667,20.667,30.667,resolved_positive_count_read,0.9 <= alpha_L <= 1,0.01,5,11c,c,Dash-8,10,1524,836,2629.00,300 dpi raster RGB trace mask; per-column pixel median; fixed axis endpoints; no smoothing,128eeb1ea3ad30f5a2ecf9194e2b784be37e837982dec3bdcb7b9db48aa4e7e4
3.407878,26,26.250,21.250,31.250,resolved_positive_count_read,0.9 <= alpha_L <= 1,0.01,5,11c,c,Dash-8,10,1524,837,2628.50,300 dpi raster RGB trace mask; per-column pixel median; fixed axis endpoints; no smoothing,128eeb1ea3ad30f5a2ecf9194e2b784be37e837982dec3bdcb7b9db48aa4e7e4
3.415502,26,26.250,21.250,31.250,resolved_positive_count_read,0.9 <= alpha_L <= 1,0.01,5,11c,c,Dash-8,10,1524,838,2628.50,300 dpi raster RGB trace mask; per-column pixel median; fixed axis endpoints; no smoothing,128eeb1ea3ad30f5a2ecf9194e2b784be37e837982dec3bdcb7b9db48aa4e7e4
3.423126,26,26.250,21.250,31.250,resolved_positive_count_read,0.9 <= alpha_L <= 1,0.01,5,11c,c,Dash-8,10,1524,839,2628.50,300 dpi raster RGB trace mask; per-column pixel median; fixed axis endpoints; no smoothing,128eeb1ea3ad30f5a2ecf9194e2b784be37e837982dec3bdcb7b9db48aa4e7e4
3.430750,27,27.417,22.417,32.417,resolved_positive_count_read,0.9 <= alpha_L <= 1,0.01,5,11c,c,Dash-8,10,1524,840,2627.50,300 dpi raster RGB trace mask; per-column pixel median; fixed axis endpoints; no smoothing,128eeb1ea3ad30f5a2ecf9194e2b784be37e837982dec3bdcb7b9db48aa4e7e4
3.438374,27,27.417,22.417,32.417,resolved_positive_count_read,0.9 <= alpha_L <= 1,0.01,5,11c,c,Dash-8,10,1524,841,2627.50,300 dpi raster RGB trace mask; per-column pixel median; fixed axis endpoints; no smoothing,128eeb1ea3ad30f5a2ecf9194e2b784be37e837982dec3bdcb7b9db48aa4e7e4
3.445997,27,27.417,22.417,32.417,resolved_positive_count_read,0.9 <= alpha_L <= 1,0.01,5,11c,c,Dash-8,10,1524,842,2627.50,300 dpi raster RGB trace mask; per-column pixel median; fixed axis endpoints; no smoothing,128eeb1ea3ad30f5a2ecf9194e2b784be37e837982dec3bdcb7b9db48aa4e7e4
3.453621,27,27.417,22.417,32.417,resolved_positive_count_read,0.9 <= alpha_L <= 1,0.01,5,11c,c,Dash-8,10,1524,843,2627.50,300 dpi raster RGB trace mask; per-column pixel median; fixed axis endpoints; no smoothing,128eeb1ea3ad30f5a2ecf9194e2b784be37e837982dec3bdcb7b9db48aa4e7e4
3.461245,28,28.000,23.000,33.000,resolved_positive_count_read,0.9 <= alpha_L <= 1,0.01,5,11c,c,Dash-8,10,1524,844,2627.00,300 dpi raster RGB trace mask; per-column pixel median; fixed axis endpoints; no smoothing,128eeb1ea3ad30f5a2ecf9194e2b784be37e837982dec3bdcb7b9db48aa4e7e4
3.468869,28,28.000,23.000,33.000,resolved_positive_count_read,0.9 <= alpha_L <= 1,0.01,5,11c,c,Dash-8,10,1524,845,2627.00,300 dpi raster RGB trace mask; per-column pixel median; fixed axis endpoints; no smoothing,128eeb1ea3ad30f5a2ecf9194e2b784be37e837982dec3bdcb7b9db48aa4e7e4
3.476493,29,28.583,23.583,33.583,resolved_positive_count_read,0.9 <= alpha_L <= 1,0.01,5,11c,c,Dash-8,10,1524,846,2626.50,300 dpi raster RGB trace mask; per-column pixel median; fixed axis endpoints; no smoothing,128eeb1ea3ad30f5a2ecf9194e2b784be37e837982dec3bdcb7b9db48aa4e7e4
3.484117,29,29.167,24.167,34.167,resolved_positive_count_read,0.9 <= alpha_L <= 1,0.01,5,11c,c,Dash-8,10,1524,847,2626.00,300 dpi raster RGB trace mask; per-column pixel median; fixed axis endpoints; no smoothing,128eeb1ea3ad30f5a2ecf9194e2b784be37e837982dec3bdcb7b9db48aa4e7e4
3.491741,29,29.167,24.167,34.167,resolved_positive_count_read,0.9 <= alpha_L <= 1,0.01,5,11c,c,Dash-8,10,1524,848,2626.00,300 dpi raster RGB trace mask; per-column pixel median; fixed axis endpoints; no smoothing,128eeb1ea3ad30f5a2ecf9194e2b784be37e837982dec3bdcb7b9db48aa4e7e4
3.499365,29,29.167,24.167,34.167,resolved_positive_count_read,0.9 <= alpha_L <= 1,0.01,5,11c,c,Dash-8,10,1524,849,2626.00,300 dpi raster RGB trace mask; per-column pixel median; fixed axis endpoints; no smoothing,128eeb1ea3ad30f5a2ecf9194e2b784be37e837982dec3bdcb7b9db48aa4e7e4
3.506989,29,29.167,24.167,34.167,resolved_positive_count_read,0.9 <= alpha_L <= 1,0.01,5,11c,c,Dash-8,10,1524,850,2626.00,300 dpi raster RGB trace mask; per-column pixel median; fixed axis endpoints; no smoothing,128eeb1ea3ad30f5a2ecf9194e2b784be37e837982dec3bdcb7b9db48aa4e7e4
3.514612,29,29.167,24.167,34.167,resolved_positive_count_read,0.9 <= alpha_L <= 1,0.01,5,11c,c,Dash-8,10,1524,851,2626.00,300 dpi raster RGB trace mask; per-column pixel median; fixed axis endpoints; no smoothing,128eeb1ea3ad30f5a2ecf9194e2b784be37e837982dec3bdcb7b9db48aa4e7e4
3.522236,29,28.583,23.583,33.583,resolved_positive_count_read,0.9 <= alpha_L <= 1,0.01,5,11c,c,Dash-8,10,1524,852,2626.50,300 dpi raster RGB trace mask; per-column pixel median; fixed axis endpoints; no smoothing,128eeb1ea3ad30f5a2ecf9194e2b784be37e837982dec3bdcb7b9db48aa4e7e4
3.529860,28,28.000,23.000,33.000,resolved_positive_count_read,0.9 <= alpha_L <= 1,0.01,5,11c,c,Dash-8,10,1524,853,2627.00,300 dpi raster RGB trace mask; per-column pixel median; fixed axis endpoints; no smoothing,128eeb1ea3ad30f5a2ecf9194e2b784be37e837982dec3bdcb7b9db48aa4e7e4
3.537484,28,28.000,23.000,33.000,resolved_positive_count_read,0.9 <= alpha_L <= 1,0.01,5,11c,c,Dash-8,10,1524,854,2627.00,300 dpi raster RGB trace mask; per-column pixel median; fixed axis endpoints; no smoothing,128eeb1ea3ad30f5a2ecf9194e2b784be37e837982dec3bdcb7b9db48aa4e7e4
3.545108,27,27.417,22.417,32.417,resolved_positive_count_read,0.9 <= alpha_L <= 1,0.01,5,11c,c,Dash-8,10,1524,855,2627.50,300 dpi raster RGB trace mask; per-column pixel median; fixed axis endpoints; no smoothing,128eeb1ea3ad30f5a2ecf9194e2b784be37e837982dec3bdcb7b9db48aa4e7e4
3.552732,27,27.417,22.417,32.417,resolved_positive_count_read,0.9 <= alpha_L <= 1,0.01,5,11c,c,Dash-8,10,1524,856,2627.50,300 dpi raster RGB trace mask; per-column pixel median; fixed axis endpoints; no smoothing,128eeb1ea3ad30f5a2ecf9194e2b784be37e837982dec3bdcb7b9db48aa4e7e4
3.560356,27,27.417,22.417,32.417,resolved_positive_count_read,0.9 <= alpha_L <= 1,0.01,5,11c,c,Dash-8,10,1524,857,2627.50,300 dpi raster RGB trace mask; per-column pixel median; fixed axis endpoints; no smoothing,128eeb1ea3ad30f5a2ecf9194e2b784be37e837982dec3bdcb7b9db48aa4e7e4
3.567980,27,26.833,21.833,31.833,resolved_positive_count_read,0.9 <= alpha_L <= 1,0.01,5,11c,c,Dash-8,10,1524,858,2628.00,300 dpi raster RGB trace mask; per-column pixel median; fixed axis endpoints; no smoothing,128eeb1ea3ad30f5a2ecf9194e2b784be37e837982dec3bdcb7b9db48aa4e7e4
3.575604,27,26.833,21.833,31.833,resolved_positive_count_read,0.9 <= alpha_L <= 1,0.01,5,11c,c,Dash-8,10,1524,859,2628.00,300 dpi raster RGB trace mask; per-column pixel median; fixed axis endpoints; no smoothing,128eeb1ea3ad30f5a2ecf9194e2b784be37e837982dec3bdcb7b9db48aa4e7e4
3.583227,27,26.833,21.833,31.833,resolved_positive_count_read,0.9 <= alpha_L <= 1,0.01,5,11c,c,Dash-8,10,1524,860,2628.00,300 dpi raster RGB trace mask; per-column pixel median; fixed axis endpoints; no smoothing,128eeb1ea3ad30f5a2ecf9194e2b784be37e837982dec3bdcb7b9db48aa4e7e4
3.590851,28,28.000,23.000,33.000,resolved_positive_count_read,0.9 <= alpha_L <= 1,0.01,5,11c,c,Dash-8,10,1524,861,2627.00,300 dpi raster RGB trace mask; per-column pixel median; fixed axis endpoints; no smoothing,128eeb1ea3ad30f5a2ecf9194e2b784be37e837982dec3bdcb7b9db48aa4e7e4
3.598475,30,29.750,24.750,34.750,resolved_positive_count_read,0.9 <= alpha_L <= 1,0.01,5,11c,c,Dash-8,10,1524,862,2625.50,300 dpi raster RGB trace mask; per-column pixel median; fixed axis endpoints; no smoothing,128eeb1ea3ad30f5a2ecf9194e2b784be37e837982dec3bdcb7b9db48aa4e7e4
3.606099,32,31.500,26.500,36.500,resolved_positive_count_read,0.9 <= alpha_L <= 1,0.01,5,11c,c,Dash-8,10,1524,863,2624.00,300 dpi raster RGB trace mask; per-column pixel median; fixed axis endpoints; no smoothing,128eeb1ea3ad30f5a2ecf9194e2b784be37e837982dec3bdcb7b9db48aa4e7e4
3.613723,33,33.250,28.250,38.250,resolved_positive_count_read,0.9 <= alpha_L <= 1,0.01,5,11c,c,Dash-8,10,1524,864,2622.50,300 dpi raster RGB trace mask; per-column pixel median; fixed axis endpoints; no smoothing,128eeb1ea3ad30f5a2ecf9194e2b784be37e837982dec3bdcb7b9db48aa4e7e4
3.621347,35,35.000,30.000,40.000,resolved_positive_count_read,0.9 <= alpha_L <= 1,0.01,5,11c,c,Dash-8,10,1524,865,2621.00,300 dpi raster RGB trace mask; per-column pixel median; fixed axis endpoints; no smoothing,128eeb1ea3ad30f5a2ecf9194e2b784be37e837982dec3bdcb7b9db48aa4e7e4
3.628971,38,37.917,32.917,42.917,resolved_positive_count_read,0.9 <= alpha_L <= 1,0.01,5,11c,c,Dash-8,10,1524,866,2618.50,300 dpi raster RGB trace mask; per-column pixel median; fixed axis endpoints; no smoothing,128eeb1ea3ad30f5a2ecf9194e2b784be37e837982dec3bdcb7b9db48aa4e7e4
3.636595,41,40.833,35.833,45.833,resolved_positive_count_read,0.9 <= alpha_L <= 1,0.01,5,11c,c,Dash-8,10,1524,867,2616.00,300 dpi raster RGB trace mask; per-column pixel median; fixed axis endpoints; no smoothing,128eeb1ea3ad30f5a2ecf9194e2b784be37e837982dec3bdcb7b9db48aa4e7e4
3.644219,43,43.167,38.167,48.167,resolved_positive_count_read,0.9 <= alpha_L <= 1,0.01,5,11c,c,Dash-8,10,1524,868,2614.00,300 dpi raster RGB trace mask; per-column pixel median; fixed axis endpoints; no smoothing,128eeb1ea3ad30f5a2ecf9194e2b784be37e837982dec3bdcb7b9db48aa4e7e4
3.651842,47,47.250,42.250,52.250,resolved_positive_count_read,0.9 <= alpha_L <= 1,0.01,5,11c,c,Dash-8,10,1524,869,2610.50,300 dpi raster RGB trace mask; per-column pixel median; fixed axis endpoints; no smoothing,128eeb1ea3ad30f5a2ecf9194e2b784be37e837982dec3bdcb7b9db48aa4e7e4
3.659466,50,49.583,44.583,54.583,resolved_positive_count_read,0.9 <= alpha_L <= 1,0.01,5,11c,c,Dash-8,10,1524,870,2608.50,300 dpi raster RGB trace mask; per-column pixel median; fixed axis endpoints; no smoothing,128eeb1ea3ad30f5a2ecf9194e2b784be37e837982dec3bdcb7b9db48aa4e7e4
3.667090,53,52.500,47.500,57.500,resolved_positive_count_read,0.9 <= alpha_L <= 1,0.01,5,11c,c,Dash-8,10,1524,871,2606.00,300 dpi raster RGB trace mask; per-column pixel median; fixed axis endpoints; no smoothing,128eeb1ea3ad30f5a2ecf9194e2b784be37e837982dec3bdcb7b9db48aa4e7e4
3.674714,55,55.417,50.417,60.417,resolved_positive_count_read,0.9 <= alpha_L <= 1,0.01,5,11c,c,Dash-8,10,1524,872,2603.50,300 dpi raster RGB trace mask; per-column pixel median; fixed axis endpoints; no smoothing,128eeb1ea3ad30f5a2ecf9194e2b784be37e837982dec3bdcb7b9db48aa4e7e4
3.682338,57,57.167,52.167,62.167,resolved_positive_count_read,0.9 <= alpha_L <= 1,0.01,5,11c,c,Dash-8,10,1524,873,2602.00,300 dpi raster RGB trace mask; per-column pixel median; fixed axis endpoints; no smoothing,128eeb1ea3ad30f5a2ecf9194e2b784be37e837982dec3bdcb7b9db48aa4e7e4
3.689962,58,58.333,53.333,63.333,resolved_positive_count_read,0.9 <= alpha_L <= 1,0.01,5,11c,c,Dash-8,10,1524,874,2601.00,300 dpi raster RGB trace mask; per-column pixel median; fixed axis endpoints; no smoothing,128eeb1ea3ad30f5a2ecf9194e2b784be37e837982dec3bdcb7b9db48aa4e7e4
3.697586,61,60.667,55.667,65.667,resolved_positive_count_read,0.9 <= alpha_L <= 1,0.01,5,11c,c,Dash-8,10,1524,875,2599.00,300 dpi raster RGB trace mask; per-column pixel median; fixed axis endpoints; no smoothing,128eeb1ea3ad30f5a2ecf9194e2b784be37e837982dec3bdcb7b9db48aa4e7e4
3.705210,63,63.000,58.000,68.000,resolved_positive_count_read,0.9 <= alpha_L <= 1,0.01,5,11c,c,Dash-8,10,1524,876,2597.00,300 dpi raster RGB trace mask; per-column pixel median; fixed axis endpoints; no smoothing,128eeb1ea3ad30f5a2ecf9194e2b784be37e837982dec3bdcb7b9db48aa4e7e4
3.712834,64,63.583,58.583,68.583,resolved_positive_count_read,0.9 <= alpha_L <= 1,0.01,5,11c,c,Dash-8,10,1524,877,2596.50,300 dpi raster RGB trace mask; per-column pixel median; fixed axis endpoints; no smoothing,128eeb1ea3ad30f5a2ecf9194e2b784be37e837982dec3bdcb7b9db48aa4e7e4
3.720457,63,63.000,58.000,68.000,resolved_positive_count_read,0.9 <= alpha_L <= 1,0.01,5,11c,c,Dash-8,10,1524,878,2597.00,300 dpi raster RGB trace mask; per-column pixel median; fixed axis endpoints; no smoothing,128eeb1ea3ad30f5a2ecf9194e2b784be37e837982dec3bdcb7b9db48aa4e7e4
3.728081,62,61.833,56.833,66.833,resolved_positive_count_read,0.9 <= alpha_L <= 1,0.01,5,11c,c,Dash-8,10,1524,879,2598.00,300 dpi raster RGB trace mask; per-column pixel median; fixed axis endpoints; no smoothing,128eeb1ea3ad30f5a2ecf9194e2b784be37e837982dec3bdcb7b9db48aa4e7e4
3.735705,62,61.833,56.833,66.833,resolved_positive_count_read,0.9 <= alpha_L <= 1,0.01,5,11c,c,Dash-8,10,1524,880,2598.00,300 dpi raster RGB trace mask; per-column pixel median; fixed axis endpoints; no smoothing,128eeb1ea3ad30f5a2ecf9194e2b784be37e837982dec3bdcb7b9db48aa4e7e4
3.743329,61,60.667,55.667,65.667,resolved_positive_count_read,0.9 <= alpha_L <= 1,0.01,5,11c,c,Dash-8,10,1524,881,2599.00,300 dpi raster RGB trace mask; per-column pixel median; fixed axis endpoints; no smoothing,128eeb1ea3ad30f5a2ecf9194e2b784be37e837982dec3bdcb7b9db48aa4e7e4
3.750953,60,60.083,55.083,65.083,resolved_positive_count_read,0.9 <= alpha_L <= 1,0.01,5,11c,c,Dash-8,10,1524,882,2599.50,300 dpi raster RGB trace mask; per-column pixel median; fixed axis endpoints; no smoothing,128eeb1ea3ad30f5a2ecf9194e2b784be37e837982dec3bdcb7b9db48aa4e7e4
3.758577,60,59.500,54.500,64.500,resolved_positive_count_read,0.9 <= alpha_L <= 1,0.01,5,11c,c,Dash-8,10,1524,883,2600.00,300 dpi raster RGB trace mask; per-column pixel median; fixed axis endpoints; no smoothing,128eeb1ea3ad30f5a2ecf9194e2b784be37e837982dec3bdcb7b9db48aa4e7e4
3.766201,58,58.333,53.333,63.333,resolved_positive_count_read,0.9 <= alpha_L <= 1,0.01,5,11c,c,Dash-8,10,1524,884,2601.00,300 dpi raster RGB trace mask; per-column pixel median; fixed axis endpoints; no smoothing,128eeb1ea3ad30f5a2ecf9194e2b784be37e837982dec3bdcb7b9db48aa4e7e4
3.773825,57,57.167,52.167,62.167,resolved_positive_count_read,0.9 <= alpha_L <= 1,0.01,5,11c,c,Dash-8,10,1524,885,2602.00,300 dpi raster RGB trace mask; per-column pixel median; fixed axis endpoints; no smoothing,128eeb1ea3ad30f5a2ecf9194e2b784be37e837982dec3bdcb7b9db48aa4e7e4
3.781449,57,57.167,52.167,62.167,resolved_positive_count_read,0.9 <= alpha_L <= 1,0.01,5,11c,c,Dash-8,10,1524,886,2602.00,300 dpi raster RGB trace mask; per-column pixel median; fixed axis endpoints; no smoothing,128eeb1ea3ad30f5a2ecf9194e2b784be37e837982dec3bdcb7b9db48aa4e7e4
3.789072,56,56.000,51.000,61.000,resolved_positive_count_read,0.9 <= alpha_L <= 1,0.01,5,11c,c,Dash-8,10,1524,887,2603.00,300 dpi raster RGB trace mask; per-column pixel median; fixed axis endpoints; no smoothing,128eeb1ea3ad30f5a2ecf9194e2b784be37e837982dec3bdcb7b9db48aa4e7e4
3.796696,55,54.833,49.833,59.833,resolved_positive_count_read,0.9 <= alpha_L <= 1,0.01,5,11c,c,Dash-8,10,1524,888,2604.00,300 dpi raster RGB trace mask; per-column pixel median; fixed axis endpoints; no smoothing,128eeb1ea3ad30f5a2ecf9194e2b784be37e837982dec3bdcb7b9db48aa4e7e4
3.804320,54,53.667,48.667,58.667,resolved_positive_count_read,0.9 <= alpha_L <= 1,0.01,5,11c,c,Dash-8,10,1524,889,2605.00,300 dpi raster RGB trace mask; per-column pixel median; fixed axis endpoints; no smoothing,128eeb1ea3ad30f5a2ecf9194e2b784be37e837982dec3bdcb7b9db48aa4e7e4
3.811944,53,52.500,47.500,57.500,resolved_positive_count_read,0.9 <= alpha_L <= 1,0.01,5,11c,c,Dash-8,10,1524,890,2606.00,300 dpi raster RGB trace mask; per-column pixel median; fixed axis endpoints; no smoothing,128eeb1ea3ad30f5a2ecf9194e2b784be37e837982dec3bdcb7b9db48aa4e7e4
3.819568,53,52.500,47.500,57.500,resolved_positive_count_read,0.9 <= alpha_L <= 1,0.01,5,11c,c,Dash-8,10,1524,891,2606.00,300 dpi raster RGB trace mask; per-column pixel median; fixed axis endpoints; no smoothing,128eeb1ea3ad30f5a2ecf9194e2b784be37e837982dec3bdcb7b9db48aa4e7e4
3.827192,51,51.333,46.333,56.333,resolved_positive_count_read,0.9 <= alpha_L <= 1,0.01,5,11c,c,Dash-8,10,1524,892,2607.00,300 dpi raster RGB trace mask; per-column pixel median; fixed axis endpoints; no smoothing,128eeb1ea3ad30f5a2ecf9194e2b784be37e837982dec3bdcb7b9db48aa4e7e4
3.834816,51,50.750,45.750,55.750,resolved_positive_count_read,0.9 <= alpha_L <= 1,0.01,5,11c,c,Dash-8,10,1524,893,2607.50,300 dpi raster RGB trace mask; per-column pixel median; fixed axis endpoints; no smoothing,128eeb1ea3ad30f5a2ecf9194e2b784be37e837982dec3bdcb7b9db48aa4e7e4
3.842440,50,49.583,44.583,54.583,resolved_positive_count_read,0.9 <= alpha_L <= 1,0.01,5,11c,c,Dash-8,10,1524,894,2608.50,300 dpi raster RGB trace mask; per-column pixel median; fixed axis endpoints; no smoothing,128eeb1ea3ad30f5a2ecf9194e2b784be37e837982dec3bdcb7b9db48aa4e7e4
3.850064,48,48.417,43.417,53.417,resolved_positive_count_read,0.9 <= alpha_L <= 1,0.01,5,11c,c,Dash-8,10,1524,895,2609.50,300 dpi raster RGB trace mask; per-column pixel median; fixed axis endpoints; no smoothing,128eeb1ea3ad30f5a2ecf9194e2b784be37e837982dec3bdcb7b9db48aa4e7e4
3.857687,48,47.833,42.833,52.833,resolved_positive_count_read,0.9 <= alpha_L <= 1,0.01,5,11c,c,Dash-8,10,1524,896,2610.00,300 dpi raster RGB trace mask; per-column pixel median; fixed axis endpoints; no smoothing,128eeb1ea3ad30f5a2ecf9194e2b784be37e837982dec3bdcb7b9db48aa4e7e4
3.865311,47,46.667,41.667,51.667,resolved_positive_count_read,0.9 <= alpha_L <= 1,0.01,5,11c,c,Dash-8,10,1524,897,2611.00,300 dpi raster RGB trace mask; per-column pixel median; fixed axis endpoints; no smoothing,128eeb1ea3ad30f5a2ecf9194e2b784be37e837982dec3bdcb7b9db48aa4e7e4
3.872935,46,46.083,41.083,51.083,resolved_positive_count_read,0.9 <= alpha_L <= 1,0.01,5,11c,c,Dash-8,10,1524,898,2611.50,300 dpi raster RGB trace mask; per-column pixel median; fixed axis endpoints; no smoothing,128eeb1ea3ad30f5a2ecf9194e2b784be37e837982dec3bdcb7b9db48aa4e7e4
3.880559,44,44.333,39.333,49.333,resolved_positive_count_read,0.9 <= alpha_L <= 1,0.01,5,11c,c,Dash-8,10,1524,899,2613.00,300 dpi raster RGB trace mask; per-column pixel median; fixed axis endpoints; no smoothing,128eeb1ea3ad30f5a2ecf9194e2b784be37e837982dec3bdcb7b9db48aa4e7e4
3.888183,44,44.333,39.333,49.333,resolved_positive_count_read,0.9 <= alpha_L <= 1,0.01,5,11c,c,Dash-8,10,1524,900,2613.00,300 dpi raster RGB trace mask; per-column pixel median; fixed axis endpoints; no smoothing,128eeb1ea3ad30f5a2ecf9194e2b784be37e837982dec3bdcb7b9db48aa4e7e4
3.895807,43,43.167,38.167,48.167,resolved_positive_count_read,0.9 <= alpha_L <= 1,0.01,5,11c,c,Dash-8,10,1524,901,2614.00,300 dpi raster RGB trace mask; per-column pixel median; fixed axis endpoints; no smoothing,128eeb1ea3ad30f5a2ecf9194e2b784be37e837982dec3bdcb7b9db48aa4e7e4
3.903431,43,42.583,37.583,47.583,resolved_positive_count_read,0.9 <= alpha_L <= 1,0.01,5,11c,c,Dash-8,10,1524,902,2614.50,300 dpi raster RGB trace mask; per-column pixel median; fixed axis endpoints; no smoothing,128eeb1ea3ad30f5a2ecf9194e2b784be37e837982dec3bdcb7b9db48aa4e7e4
3.911055,43,42.583,37.583,47.583,resolved_positive_count_read,0.9 <= alpha_L <= 1,0.01,5,11c,c,Dash-8,10,1524,903,2614.50,300 dpi raster RGB trace mask; per-column pixel median; fixed axis endpoints; no smoothing,128eeb1ea3ad30f5a2ecf9194e2b784be37e837982dec3bdcb7b9db48aa4e7e4
3.918679,42,42.000,37.000,47.000,resolved_positive_count_read,0.9 <= alpha_L <= 1,0.01,5,11c,c,Dash-8,10,1524,904,2615.00,300 dpi raster RGB trace mask; per-column pixel median; fixed axis endpoints; no smoothing,128eeb1ea3ad30f5a2ecf9194e2b784be37e837982dec3bdcb7b9db48aa4e7e4
3.926302,42,42.000,37.000,47.000,resolved_positive_count_read,0.9 <= alpha_L <= 1,0.01,5,11c,c,Dash-8,10,1524,905,2615.00,300 dpi raster RGB trace mask; per-column pixel median; fixed axis endpoints; no smoothing,128eeb1ea3ad30f5a2ecf9194e2b784be37e837982dec3bdcb7b9db48aa4e7e4
3.933926,42,42.000,37.000,47.000,resolved_positive_count_read,0.9 <= alpha_L <= 1,0.01,5,11c,c,Dash-8,10,1524,906,2615.00,300 dpi raster RGB trace mask; per-column pixel median; fixed axis endpoints; no smoothing,128eeb1ea3ad30f5a2ecf9194e2b784be37e837982dec3bdcb7b9db48aa4e7e4
3.941550,42,42.000,37.000,47.000,resolved_positive_count_read,0.9 <= alpha_L <= 1,0.01,5,11c,c,Dash-8,10,1524,907,2615.00,300 dpi raster RGB trace mask; per-column pixel median; fixed axis endpoints; no smoothing,128eeb1ea3ad30f5a2ecf9194e2b784be37e837982dec3bdcb7b9db48aa4e7e4
3.949174,42,42.000,37.000,47.000,resolved_positive_count_read,0.9 <= alpha_L <= 1,0.01,5,11c,c,Dash-8,10,1524,908,2615.00,300 dpi raster RGB trace mask; per-column pixel median; fixed axis endpoints; no smoothing,128eeb1ea3ad30f5a2ecf9194e2b784be37e837982dec3bdcb7b9db48aa4e7e4
3.956798,42,42.000,37.000,47.000,resolved_positive_count_read,0.9 <= alpha_L <= 1,0.01,5,11c,c,Dash-8,10,1524,909,2615.00,300 dpi raster RGB trace mask; per-column pixel median; fixed axis endpoints; no smoothing,128eeb1ea3ad30f5a2ecf9194e2b784be37e837982dec3bdcb7b9db48aa4e7e4
3.964422,42,42.000,37.000,47.000,resolved_positive_count_read,0.9 <= alpha_L <= 1,0.01,5,11c,c,Dash-8,10,1524,910,2615.00,300 dpi raster RGB trace mask; per-column pixel median; fixed axis endpoints; no smoothing,128eeb1ea3ad30f5a2ecf9194e2b784be37e837982dec3bdcb7b9db48aa4e7e4
3.972046,42,42.000,37.000,47.000,resolved_positive_count_read,0.9 <= alpha_L <= 1,0.01,5,11c,c,Dash-8,10,1524,911,2615.00,300 dpi raster RGB trace mask; per-column pixel median; fixed axis endpoints; no smoothing,128eeb1ea3ad30f5a2ecf9194e2b784be37e837982dec3bdcb7b9db48aa4e7e4
3.979670,42,42.000,37.000,47.000,resolved_positive_count_read,0.9 <= alpha_L <= 1,0.01,5,11c,c,Dash-8,10,1524,912,2615.00,300 dpi raster RGB trace mask; per-column pixel median; fixed axis endpoints; no smoothing,128eeb1ea3ad30f5a2ecf9194e2b784be37e837982dec3bdcb7b9db48aa4e7e4
3.987294,42,42.000,37.000,47.000,resolved_positive_count_read,0.9 <= alpha_L <= 1,0.01,5,11c,c,Dash-8,10,1524,913,2615.00,300 dpi raster RGB trace mask; per-column pixel median; fixed axis endpoints; no smoothing,128eeb1ea3ad30f5a2ecf9194e2b784be37e837982dec3bdcb7b9db48aa4e7e4
3.994917,41,41.417,36.417,46.417,resolved_positive_count_read,0.9 <= alpha_L <= 1,0.01,5,11c,c,Dash-8,10,1524,914,2615.50,300 dpi raster RGB trace mask; per-column pixel median; fixed axis endpoints; no smoothing,128eeb1ea3ad30f5a2ecf9194e2b784be37e837982dec3bdcb7b9db48aa4e7e4
4.002541,41,40.833,35.833,45.833,resolved_positive_count_read,0.9 <= alpha_L <= 1,0.01,5,11c,c,Dash-8,10,1524,915,2616.00,300 dpi raster RGB trace mask; per-column pixel median; fixed axis endpoints; no smoothing,128eeb1ea3ad30f5a2ecf9194e2b784be37e837982dec3bdcb7b9db48aa4e7e4
4.010165,41,40.833,35.833,45.833,resolved_positive_count_read,0.9 <= alpha_L <= 1,0.01,5,11c,c,Dash-8,10,1524,916,2616.00,300 dpi raster RGB trace mask; per-column pixel median; fixed axis endpoints; no smoothing,128eeb1ea3ad30f5a2ecf9194e2b784be37e837982dec3bdcb7b9db48aa4e7e4
4.017789,40,39.667,34.667,44.667,resolved_positive_count_read,0.9 <= alpha_L <= 1,0.01,5,11c,c,Dash-8,10,1524,917,2617.00,300 dpi raster RGB trace mask; per-column pixel median; fixed axis endpoints; no smoothing,128eeb1ea3ad30f5a2ecf9194e2b784be37e837982dec3bdcb7b9db48aa4e7e4
4.025413,39,38.500,33.500,43.500,resolved_positive_count_read,0.9 <= alpha_L <= 1,0.01,5,11c,c,Dash-8,10,1524,918,2618.00,300 dpi raster RGB trace mask; per-column pixel median; fixed axis endpoints; no smoothing,128eeb1ea3ad30f5a2ecf9194e2b784be37e837982dec3bdcb7b9db48aa4e7e4
4.033037,38,37.917,32.917,42.917,resolved_positive_count_read,0.9 <= alpha_L <= 1,0.01,5,11c,c,Dash-8,10,1524,919,2618.50,300 dpi raster RGB trace mask; per-column pixel median; fixed axis endpoints; no smoothing,128eeb1ea3ad30f5a2ecf9194e2b784be37e837982dec3bdcb7b9db48aa4e7e4
4.040661,37,36.750,31.750,41.750,resolved_positive_count_read,0.9 <= alpha_L <= 1,0.01,5,11c,c,Dash-8,10,1524,920,2619.50,300 dpi raster RGB trace mask; per-column pixel median; fixed axis endpoints; no smoothing,128eeb1ea3ad30f5a2ecf9194e2b784be37e837982dec3bdcb7b9db48aa4e7e4
4.048285,35,35.000,30.000,40.000,resolved_positive_count_read,0.9 <= alpha_L <= 1,0.01,5,11c,c,Dash-8,10,1524,921,2621.00,300 dpi raster RGB trace mask; per-column pixel median; fixed axis endpoints; no smoothing,128eeb1ea3ad30f5a2ecf9194e2b784be37e837982dec3bdcb7b9db48aa4e7e4
4.055909,34,34.417,29.417,39.417,resolved_positive_count_read,0.9 <= alpha_L <= 1,0.01,5,11c,c,Dash-8,10,1524,922,2621.50,300 dpi raster RGB trace mask; per-column pixel median; fixed axis endpoints; no smoothing,128eeb1ea3ad30f5a2ecf9194e2b784be37e837982dec3bdcb7b9db48aa4e7e4
4.063532,33,33.250,28.250,38.250,resolved_positive_count_read,0.9 <= alpha_L <= 1,0.01,5,11c,c,Dash-8,10,1524,923,2622.50,300 dpi raster RGB trace mask; per-column pixel median; fixed axis endpoints; no smoothing,128eeb1ea3ad30f5a2ecf9194e2b784be37e837982dec3bdcb7b9db48aa4e7e4
4.071156,32,32.083,27.083,37.083,resolved_positive_count_read,0.9 <= alpha_L <= 1,0.01,5,11c,c,Dash-8,10,1524,924,2623.50,300 dpi raster RGB trace mask; per-column pixel median; fixed axis endpoints; no smoothing,128eeb1ea3ad30f5a2ecf9194e2b784be37e837982dec3bdcb7b9db48aa4e7e4
4.078780,31,30.917,25.917,35.917,resolved_positive_count_read,0.9 <= alpha_L <= 1,0.01,5,11c,c,Dash-8,10,1524,925,2624.50,300 dpi raster RGB trace mask; per-column pixel median; fixed axis endpoints; no smoothing,128eeb1ea3ad30f5a2ecf9194e2b784be37e837982dec3bdcb7b9db48aa4e7e4
4.086404,30,29.750,24.750,34.750,resolved_positive_count_read,0.9 <= alpha_L <= 1,0.01,5,11c,c,Dash-8,10,1524,926,2625.50,300 dpi raster RGB trace mask; per-column pixel median; fixed axis endpoints; no smoothing,128eeb1ea3ad30f5a2ecf9194e2b784be37e837982dec3bdcb7b9db48aa4e7e4
4.094028,29,28.583,23.583,33.583,resolved_positive_count_read,0.9 <= alpha_L <= 1,0.01,5,11c,c,Dash-8,10,1524,927,2626.50,300 dpi raster RGB trace mask; per-column pixel median; fixed axis endpoints; no smoothing,128eeb1ea3ad30f5a2ecf9194e2b784be37e837982dec3bdcb7b9db48aa4e7e4
4.101652,27,27.417,22.417,32.417,resolved_positive_count_read,0.9 <= alpha_L <= 1,0.01,5,11c,c,Dash-8,10,1524,928,2627.50,300 dpi raster RGB trace mask; per-column pixel median; fixed axis endpoints; no smoothing,128eeb1ea3ad30f5a2ecf9194e2b784be37e837982dec3bdcb7b9db48aa4e7e4
4.109276,26,25.667,20.667,30.667,resolved_positive_count_read,0.9 <= alpha_L <= 1,0.01,5,11c,c,Dash-8,10,1524,929,2629.00,300 dpi raster RGB trace mask; per-column pixel median; fixed axis endpoints; no smoothing,128eeb1ea3ad30f5a2ecf9194e2b784be37e837982dec3bdcb7b9db48aa4e7e4
4.116900,25,24.500,19.500,29.500,resolved_positive_count_read,0.9 <= alpha_L <= 1,0.01,5,11c,c,Dash-8,10,1524,930,2630.00,300 dpi raster RGB trace mask; per-column pixel median; fixed axis endpoints; no smoothing,128eeb1ea3ad30f5a2ecf9194e2b784be37e837982dec3bdcb7b9db48aa4e7e4
4.124524,24,23.917,18.917,28.917,resolved_positive_count_read,0.9 <= alpha_L <= 1,0.01,5,11c,c,Dash-8,10,1524,931,2630.50,300 dpi raster RGB trace mask; per-column pixel median; fixed axis endpoints; no smoothing,128eeb1ea3ad30f5a2ecf9194e2b784be37e837982dec3bdcb7b9db48aa4e7e4
4.132147,22,22.167,17.167,27.167,resolved_positive_count_read,0.9 <= alpha_L <= 1,0.01,5,11c,c,Dash-8,10,1524,932,2632.00,300 dpi raster RGB trace mask; per-column pixel median; fixed axis endpoints; no smoothing,128eeb1ea3ad30f5a2ecf9194e2b784be37e837982dec3bdcb7b9db48aa4e7e4
4.139771,21,21.000,16.000,26.000,resolved_positive_count_read,0.9 <= alpha_L <= 1,0.01,5,11c,c,Dash-8,10,1524,933,2633.00,300 dpi raster RGB trace mask; per-column pixel median; fixed axis endpoints; no smoothing,128eeb1ea3ad30f5a2ecf9194e2b784be37e837982dec3bdcb7b9db48aa4e7e4
4.147395,20,20.417,15.417,25.417,resolved_positive_count_read,0.9 <= alpha_L <= 1,0.01,5,11c,c,Dash-8,10,1524,934,2633.50,300 dpi raster RGB trace mask; per-column pixel median; fixed axis endpoints; no smoothing,128eeb1ea3ad30f5a2ecf9194e2b784be37e837982dec3bdcb7b9db48aa4e7e4
4.155019,19,18.667,13.667,23.667,resolved_positive_count_read,0.9 <= alpha_L <= 1,0.01,5,11c,c,Dash-8,10,1524,935,2635.00,300 dpi raster RGB trace mask; per-column pixel median; fixed axis endpoints; no smoothing,128eeb1ea3ad30f5a2ecf9194e2b784be37e837982dec3bdcb7b9db48aa4e7e4
4.162643,18,17.500,12.500,22.500,resolved_positive_count_read,0.9 <= alpha_L <= 1,0.01,5,11c,c,Dash-8,10,1524,936,2636.00,300 dpi raster RGB trace mask; per-column pixel median; fixed axis endpoints; no smoothing,128eeb1ea3ad30f5a2ecf9194e2b784be37e837982dec3bdcb7b9db48aa4e7e4
4.170267,16,16.333,11.333,21.333,resolved_positive_count_read,0.9 <= alpha_L <= 1,0.01,5,11c,c,Dash-8,10,1524,937,2637.00,300 dpi raster RGB trace mask; per-column pixel median; fixed axis endpoints; no smoothing,128eeb1ea3ad30f5a2ecf9194e2b784be37e837982dec3bdcb7b9db48aa4e7e4
4.177891,15,15.167,10.167,20.167,resolved_positive_count_read,0.9 <= alpha_L <= 1,0.01,5,11c,c,Dash-8,10,1524,938,2638.00,300 dpi raster RGB trace mask; per-column pixel median; fixed axis endpoints; no smoothing,128eeb1ea3ad30f5a2ecf9194e2b784be37e837982dec3bdcb7b9db48aa4e7e4
4.185515,15,14.583,9.583,19.583,resolved_positive_count_read,0.9 <= alpha_L <= 1,0.01,5,11c,c,Dash-8,10,1524,939,2638.50,300 dpi raster RGB trace mask; per-column pixel median; fixed axis endpoints; no smoothing,128eeb1ea3ad30f5a2ecf9194e2b784be37e837982dec3bdcb7b9db48aa4e7e4
4.193139,13,13.417,8.417,18.417,resolved_positive_count_read,0.9 <= alpha_L <= 1,0.01,5,11c,c,Dash-8,10,1524,940,2639.50,300 dpi raster RGB trace mask; per-column pixel median; fixed axis endpoints; no smoothing,128eeb1ea3ad30f5a2ecf9194e2b784be37e837982dec3bdcb7b9db48aa4e7e4
4.200762,13,12.833,7.833,17.833,resolved_positive_count_read,0.9 <= alpha_L <= 1,0.01,5,11c,c,Dash-8,10,1524,941,2640.00,300 dpi raster RGB trace mask; per-column pixel median; fixed axis endpoints; no smoothing,128eeb1ea3ad30f5a2ecf9194e2b784be37e837982dec3bdcb7b9db48aa4e7e4
4.208386,12,11.667,6.667,16.667,resolved_positive_count_read,0.9 <= alpha_L <= 1,0.01,5,11c,c,Dash-8,10,1524,942,2641.00,300 dpi raster RGB trace mask; per-column pixel median; fixed axis endpoints; no smoothing,128eeb1ea3ad30f5a2ecf9194e2b784be37e837982dec3bdcb7b9db48aa4e7e4
4.216010,11,11.083,6.083,16.083,resolved_positive_count_read,0.9 <= alpha_L <= 1,0.01,5,11c,c,Dash-8,10,1524,943,2641.50,300 dpi raster RGB trace mask; per-column pixel median; fixed axis endpoints; no smoothing,128eeb1ea3ad30f5a2ecf9194e2b784be37e837982dec3bdcb7b9db48aa4e7e4
4.223634,11,11.083,6.083,16.083,resolved_positive_count_read,0.9 <= alpha_L <= 1,0.01,5,11c,c,Dash-8,10,1524,944,2641.50,300 dpi raster RGB trace mask; per-column pixel median; fixed axis endpoints; no smoothing,128eeb1ea3ad30f5a2ecf9194e2b784be37e837982dec3bdcb7b9db48aa4e7e4
4.231258,11,11.083,6.083,16.083,resolved_positive_count_read,0.9 <= alpha_L <= 1,0.01,5,11c,c,Dash-8,10,1524,945,2641.50,300 dpi raster RGB trace mask; per-column pixel median; fixed axis endpoints; no smoothing,128eeb1ea3ad30f5a2ecf9194e2b784be37e837982dec3bdcb7b9db48aa4e7e4
4.238882,11,10.500,5.500,15.500,resolved_positive_count_read,0.9 <= alpha_L <= 1,0.01,5,11c,c,Dash-8,10,1524,946,2642.00,300 dpi raster RGB trace mask; per-column pixel median; fixed axis endpoints; no smoothing,128eeb1ea3ad30f5a2ecf9194e2b784be37e837982dec3bdcb7b9db48aa4e7e4
4.246506,11,10.500,5.500,15.500,resolved_positive_count_read,0.9 <= alpha_L <= 1,0.01,5,11c,c,Dash-8,10,1524,947,2642.00,300 dpi raster RGB trace mask; per-column pixel median; fixed axis endpoints; no smoothing,128eeb1ea3ad30f5a2ecf9194e2b784be37e837982dec3bdcb7b9db48aa4e7e4
4.254130,11,10.500,5.500,15.500,resolved_positive_count_read,0.9 <= alpha_L <= 1,0.01,5,11c,c,Dash-8,10,1524,948,2642.00,300 dpi raster RGB trace mask; per-column pixel median; fixed axis endpoints; no smoothing,128eeb1ea3ad30f5a2ecf9194e2b784be37e837982dec3bdcb7b9db48aa4e7e4
4.261753,11,10.500,5.500,15.500,resolved_positive_count_read,0.9 <= alpha_L <= 1,0.01,5,11c,c,Dash-8,10,1524,949,2642.00,300 dpi raster RGB trace mask; per-column pixel median; fixed axis endpoints; no smoothing,128eeb1ea3ad30f5a2ecf9194e2b784be37e837982dec3bdcb7b9db48aa4e7e4
4.269377,11,10.500,5.500,15.500,resolved_positive_count_read,0.9 <= alpha_L <= 1,0.01,5,11c,c,Dash-8,10,1524,950,2642.00,300 dpi raster RGB trace mask; per-column pixel median; fixed axis endpoints; no smoothing,128eeb1ea3ad30f5a2ecf9194e2b784be37e837982dec3bdcb7b9db48aa4e7e4
4.277001,10,9.917,4.917,14.917,resolved_positive_count_read,0.9 <= alpha_L <= 1,0.01,5,11c,c,Dash-8,10,1524,951,2642.50,300 dpi raster RGB trace mask; per-column pixel median; fixed axis endpoints; no smoothing,128eeb1ea3ad30f5a2ecf9194e2b784be37e837982dec3bdcb7b9db48aa4e7e4
4.284625,10,9.917,4.917,14.917,resolved_positive_count_read,0.9 <= alpha_L <= 1,0.01,5,11c,c,Dash-8,10,1524,952,2642.50,300 dpi raster RGB trace mask; per-column pixel median; fixed axis endpoints; no smoothing,128eeb1ea3ad30f5a2ecf9194e2b784be37e837982dec3bdcb7b9db48aa4e7e4
4.292249,9,9.333,4.333,14.333,resolved_positive_count_read,0.9 <= alpha_L <= 1,0.01,5,11c,c,Dash-8,10,1524,953,2643.00,300 dpi raster RGB trace mask; per-column pixel median; fixed axis endpoints; no smoothing,128eeb1ea3ad30f5a2ecf9194e2b784be37e837982dec3bdcb7b9db48aa4e7e4
4.299873,9,8.750,3.750,13.750,resolved_positive_count_read,0.9 <= alpha_L <= 1,0.01,5,11c,c,Dash-8,10,1524,954,2643.50,300 dpi raster RGB trace mask; per-column pixel median; fixed axis endpoints; no smoothing,128eeb1ea3ad30f5a2ecf9194e2b784be37e837982dec3bdcb7b9db48aa4e7e4
4.307497,9,8.750,3.750,13.750,resolved_positive_count_read,0.9 <= alpha_L <= 1,0.01,5,11c,c,Dash-8,10,1524,955,2643.50,300 dpi raster RGB trace mask; per-column pixel median; fixed axis endpoints; no smoothing,128eeb1ea3ad30f5a2ecf9194e2b784be37e837982dec3bdcb7b9db48aa4e7e4
4.315121,9,8.750,3.750,13.750,resolved_positive_count_read,0.9 <= alpha_L <= 1,0.01,5,11c,c,Dash-8,10,1524,956,2643.50,300 dpi raster RGB trace mask; per-column pixel median; fixed axis endpoints; no smoothing,128eeb1ea3ad30f5a2ecf9194e2b784be37e837982dec3bdcb7b9db48aa4e7e4
4.322745,9,8.750,3.750,13.750,resolved_positive_count_read,0.9 <= alpha_L <= 1,0.01,5,11c,c,Dash-8,10,1524,957,2643.50,300 dpi raster RGB trace mask; per-column pixel median; fixed axis endpoints; no smoothing,128eeb1ea3ad30f5a2ecf9194e2b784be37e837982dec3bdcb7b9db48aa4e7e4
4.330368,8,8.167,3.167,13.167,resolved_positive_count_read,0.9 <= alpha_L <= 1,0.01,5,11c,c,Dash-8,10,1524,958,2644.00,300 dpi raster RGB trace mask; per-column pixel median; fixed axis endpoints; no smoothing,128eeb1ea3ad30f5a2ecf9194e2b784be37e837982dec3bdcb7b9db48aa4e7e4
4.337992,7,7.000,2.000,12.000,resolved_positive_count_read,0.9 <= alpha_L <= 1,0.01,5,11c,c,Dash-8,10,1524,959,2645.00,300 dpi raster RGB trace mask; per-column pixel median; fixed axis endpoints; no smoothing,128eeb1ea3ad30f5a2ecf9194e2b784be37e837982dec3bdcb7b9db48aa4e7e4
4.345616,7,7.000,2.000,12.000,resolved_positive_count_read,0.9 <= alpha_L <= 1,0.01,5,11c,c,Dash-8,10,1524,960,2645.00,300 dpi raster RGB trace mask; per-column pixel median; fixed axis endpoints; no smoothing,128eeb1ea3ad30f5a2ecf9194e2b784be37e837982dec3bdcb7b9db48aa4e7e4
4.353240,6,6.417,1.417,11.417,resolved_positive_count_read,0.9 <= alpha_L <= 1,0.01,5,11c,c,Dash-8,10,1524,961,2645.50,300 dpi raster RGB trace mask; per-column pixel median; fixed axis endpoints; no smoothing,128eeb1ea3ad30f5a2ecf9194e2b784be37e837982dec3bdcb7b9db48aa4e7e4
4.360864,6,6.417,1.417,11.417,resolved_positive_count_read,0.9 <= alpha_L <= 1,0.01,5,11c,c,Dash-8,10,1524,962,2645.50,300 dpi raster RGB trace mask; per-column pixel median; fixed axis endpoints; no smoothing,128eeb1ea3ad30f5a2ecf9194e2b784be37e837982dec3bdcb7b9db48aa4e7e4
4.368488,6,5.833,0.833,10.833,resolved_positive_count_read,0.9 <= alpha_L <= 1,0.01,5,11c,c,Dash-8,10,1524,963,2646.00,300 dpi raster RGB trace mask; per-column pixel median; fixed axis endpoints; no smoothing,128eeb1ea3ad30f5a2ecf9194e2b784be37e837982dec3bdcb7b9db48aa4e7e4
4.376112,5,5.250,0.250,10.250,resolved_positive_count_read,0.9 <= alpha_L <= 1,0.01,5,11c,c,Dash-8,10,1524,964,2646.50,300 dpi raster RGB trace mask; per-column pixel median; fixed axis endpoints; no smoothing,128eeb1ea3ad30f5a2ecf9194e2b784be37e837982dec3bdcb7b9db48aa4e7e4
4.383736,5,5.250,0.250,10.250,resolved_positive_count_read,0.9 <= alpha_L <= 1,0.01,5,11c,c,Dash-8,10,1524,965,2646.50,300 dpi raster RGB trace mask; per-column pixel median; fixed axis endpoints; no smoothing,128eeb1ea3ad30f5a2ecf9194e2b784be37e837982dec3bdcb7b9db48aa4e7e4
4.391360,,4.083,0.000,9.083,near_zero_unresolved_within_read_allowance,0.9 <= alpha_L <= 1,0.01,5,11c,c,Dash-8,10,1524,966,2647.50,300 dpi raster RGB trace mask; per-column pixel median; fixed axis endpoints; no smoothing,128eeb1ea3ad30f5a2ecf9194e2b784be37e837982dec3bdcb7b9db48aa4e7e4
4.398983,,4.083,0.000,9.083,near_zero_unresolved_within_read_allowance,0.9 <= alpha_L <= 1,0.01,5,11c,c,Dash-8,10,1524,967,2647.50,300 dpi raster RGB trace mask; per-column pixel median; fixed axis endpoints; no smoothing,128eeb1ea3ad30f5a2ecf9194e2b784be37e837982dec3bdcb7b9db48aa4e7e4
4.406607,,4.083,0.000,9.083,near_zero_unresolved_within_read_allowance,0.9 <= alpha_L <= 1,0.01,5,11c,c,Dash-8,10,1524,968,2647.50,300 dpi raster RGB trace mask; per-column pixel median; fixed axis endpoints; no smoothing,128eeb1ea3ad30f5a2ecf9194e2b784be37e837982dec3bdcb7b9db48aa4e7e4
4.414231,,3.500,0.000,8.500,near_zero_unresolved_within_read_allowance,0.9 <= alpha_L <= 1,0.01,5,11c,c,Dash-8,10,1524,969,2648.00,300 dpi raster RGB trace mask; per-column pixel median; fixed axis endpoints; no smoothing,128eeb1ea3ad30f5a2ecf9194e2b784be37e837982dec3bdcb7b9db48aa4e7e4
4.421855,,2.917,0.000,7.917,near_zero_unresolved_within_read_allowance,0.9 <= alpha_L <= 1,0.01,5,11c,c,Dash-8,10,1524,970,2648.50,300 dpi raster RGB trace mask; per-column pixel median; fixed axis endpoints; no smoothing,128eeb1ea3ad30f5a2ecf9194e2b784be37e837982dec3bdcb7b9db48aa4e7e4
4.429479,,2.917,0.000,7.917,near_zero_unresolved_within_read_allowance,0.9 <= alpha_L <= 1,0.01,5,11c,c,Dash-8,10,1524,971,2648.50,300 dpi raster RGB trace mask; per-column pixel median; fixed axis endpoints; no smoothing,128eeb1ea3ad30f5a2ecf9194e2b784be37e837982dec3bdcb7b9db48aa4e7e4
4.437103,,2.917,0.000,7.917,near_zero_unresolved_within_read_allowance,0.9 <= alpha_L <= 1,0.01,5,11c,c,Dash-8,10,1524,972,2648.50,300 dpi raster RGB trace mask; per-column pixel median; fixed axis endpoints; no smoothing,128eeb1ea3ad30f5a2ecf9194e2b784be37e837982dec3bdcb7b9db48aa4e7e4
4.444727,,2.917,0.000,7.917,near_zero_unresolved_within_read_allowance,0.9 <= alpha_L <= 1,0.01,5,11c,c,Dash-8,10,1524,973,2648.50,300 dpi raster RGB trace mask; per-column pixel median; fixed axis endpoints; no smoothing,128eeb1ea3ad30f5a2ecf9194e2b784be37e837982dec3bdcb7b9db48aa4e7e4
4.452351,,1.750,0.000,6.750,near_zero_unresolved_within_read_allowance,0.9 <= alpha_L <= 1,0.01,5,11c,c,Dash-8,10,1524,974,2649.50,300 dpi raster RGB trace mask; per-column pixel median; fixed axis endpoints; no smoothing,128eeb1ea3ad30f5a2ecf9194e2b784be37e837982dec3bdcb7b9db48aa4e7e4
4.459975,,1.750,0.000,6.750,near_zero_unresolved_within_read_allowance,0.9 <= alpha_L <= 1,0.01,5,11c,c,Dash-8,10,1524,975,2649.50,300 dpi raster RGB trace mask; per-column pixel median; fixed axis endpoints; no smoothing,128eeb1ea3ad30f5a2ecf9194e2b784be37e837982dec3bdcb7b9db48aa4e7e4
4.467598,,1.750,0.000,6.750,near_zero_unresolved_within_read_allowance,0.9 <= alpha_L <= 1,0.01,5,11c,c,Dash-8,10,1524,976,2649.50,300 dpi raster RGB trace mask; per-column pixel median; fixed axis endpoints; no smoothing,128eeb1ea3ad30f5a2ecf9194e2b784be37e837982dec3bdcb7b9db48aa4e7e4
4.475222,,1.167,0.000,6.167,near_zero_unresolved_within_read_allowance,0.9 <= alpha_L <= 1,0.01,5,11c,c,Dash-8,10,1524,977,2650.00,300 dpi raster RGB trace mask; per-column pixel median; fixed axis endpoints; no smoothing,128eeb1ea3ad30f5a2ecf9194e2b784be37e837982dec3bdcb7b9db48aa4e7e4
4.482846,,1.167,0.000,6.167,near_zero_unresolved_within_read_allowance,0.9 <= alpha_L <= 1,0.01,5,11c,c,Dash-8,10,1524,978,2650.00,300 dpi raster RGB trace mask; per-column pixel median; fixed axis endpoints; no smoothing,128eeb1ea3ad30f5a2ecf9194e2b784be37e837982dec3bdcb7b9db48aa4e7e4
4.490470,,0.583,0.000,5.583,near_zero_unresolved_within_read_allowance,0.9 <= alpha_L <= 1,0.01,5,11c,c,Dash-8,10,1524,979,2650.50,300 dpi raster RGB trace mask; per-column pixel median; fixed axis endpoints; no smoothing,128eeb1ea3ad30f5a2ecf9194e2b784be37e837982dec3bdcb7b9db48aa4e7e4
4.498094,,0.583,0.000,5.583,near_zero_unresolved_within_read_allowance,0.9 <= alpha_L <= 1,0.01,5,11c,c,Dash-8,10,1524,980,2650.50,300 dpi raster RGB trace mask; per-column pixel median; fixed axis endpoints; no smoothing,128eeb1ea3ad30f5a2ecf9194e2b784be37e837982dec3bdcb7b9db48aa4e7e4
4.505718,,0.000,0.000,5.000,near_zero_unresolved_within_read_allowance,0.9 <= alpha_L <= 1,0.01,5,11c,c,Dash-8,10,1524,981,2651.00,300 dpi raster RGB trace mask; per-column pixel median; fixed axis endpoints; no smoothing,128eeb1ea3ad30f5a2ecf9194e2b784be37e837982dec3bdcb7b9db48aa4e7e4
4.513342,,0.000,0.000,5.000,near_zero_unresolved_within_read_allowance,0.9 <= alpha_L <= 1,0.01,5,11c,c,Dash-8,10,1524,982,2651.00,300 dpi raster RGB trace mask; per-column pixel median; fixed axis endpoints; no smoothing,128eeb1ea3ad30f5a2ecf9194e2b784be37e837982dec3bdcb7b9db48aa4e7e4
4.520966,,0.000,0.000,5.000,near_zero_unresolved_within_read_allowance,0.9 <= alpha_L <= 1,0.01,5,11c,c,Dash-8,10,1524,983,2651.00,300 dpi raster RGB trace mask; per-column pixel median; fixed axis endpoints; no smoothing,128eeb1ea3ad30f5a2ecf9194e2b784be37e837982dec3bdcb7b9db48aa4e7e4
4.528590,,0.000,0.000,5.000,near_zero_unresolved_within_read_allowance,0.9 <= alpha_L <= 1,0.01,5,11c,c,Dash-8,10,1524,984,2651.00,300 dpi raster RGB trace mask; per-column pixel median; fixed axis endpoints; no smoothing,128eeb1ea3ad30f5a2ecf9194e2b784be37e837982dec3bdcb7b9db48aa4e7e4
4.536213,,0.000,0.000,5.000,near_zero_unresolved_within_read_allowance,0.9 <= alpha_L <= 1,0.01,5,11c,c,Dash-8,10,1524,985,2651.00,300 dpi raster RGB trace mask; per-column pixel median; fixed axis endpoints; no smoothing,128eeb1ea3ad30f5a2ecf9194e2b784be37e837982dec3bdcb7b9db48aa4e7e4
4.543837,,0.000,0.000,5.000,near_zero_unresolved_within_read_allowance,0.9 <= alpha_L <= 1,0.01,5,11c,c,Dash-8,10,1524,986,2651.00,300 dpi raster RGB trace mask; per-column pixel median; fixed axis endpoints; no smoothing,128eeb1ea3ad30f5a2ecf9194e2b784be37e837982dec3bdcb7b9db48aa4e7e4
4.551461,,-0.583,0.000,4.417,near_zero_unresolved_within_read_allowance,0.9 <= alpha_L <= 1,0.01,5,11c,c,Dash-8,10,1524,987,2651.50,300 dpi raster RGB trace mask; per-column pixel median; fixed axis endpoints; no smoothing,128eeb1ea3ad30f5a2ecf9194e2b784be37e837982dec3bdcb7b9db48aa4e7e4
4.559085,,-0.583,0.000,4.417,near_zero_unresolved_within_read_allowance,0.9 <= alpha_L <= 1,0.01,5,11c,c,Dash-8,10,1524,988,2651.50,300 dpi raster RGB trace mask; per-column pixel median; fixed axis endpoints; no smoothing,128eeb1ea3ad30f5a2ecf9194e2b784be37e837982dec3bdcb7b9db48aa4e7e4
4.566709,,-1.167,0.000,3.833,near_zero_unresolved_within_read_allowance,0.9 <= alpha_L <= 1,0.01,5,11c,c,Dash-8,10,1524,989,2652.00,300 dpi raster RGB trace mask; per-column pixel median; fixed axis endpoints; no smoothing,128eeb1ea3ad30f5a2ecf9194e2b784be37e837982dec3bdcb7b9db48aa4e7e4
4.574333,,-1.167,0.000,3.833,near_zero_unresolved_within_read_allowance,0.9 <= alpha_L <= 1,0.01,5,11c,c,Dash-8,10,1524,990,2652.00,300 dpi raster RGB trace mask; per-column pixel median; fixed axis endpoints; no smoothing,128eeb1ea3ad30f5a2ecf9194e2b784be37e837982dec3bdcb7b9db48aa4e7e4
4.581957,,-1.167,0.000,3.833,near_zero_unresolved_within_read_allowance,0.9 <= alpha_L <= 1,0.01,5,11c,c,Dash-8,10,1524,991,2652.00,300 dpi raster RGB trace mask; per-column pixel median; fixed axis endpoints; no smoothing,128eeb1ea3ad30f5a2ecf9194e2b784be37e837982dec3bdcb7b9db48aa4e7e4
4.589581,,-1.167,0.000,3.833,near_zero_unresolved_within_read_allowance,0.9 <= alpha_L <= 1,0.01,5,11c,c,Dash-8,10,1524,992,2652.00,300 dpi raster RGB trace mask; per-column pixel median; fixed axis endpoints; no smoothing,128eeb1ea3ad30f5a2ecf9194e2b784be37e837982dec3bdcb7b9db48aa4e7e4
4.597205,,-1.750,0.000,3.250,near_zero_unresolved_within_read_allowance,0.9 <= alpha_L <= 1,0.01,5,11c,c,Dash-8,10,1524,993,2652.50,300 dpi raster RGB trace mask; per-column pixel median; fixed axis endpoints; no smoothing,128eeb1ea3ad30f5a2ecf9194e2b784be37e837982dec3bdcb7b9db48aa4e7e4
4.604828,,-1.750,0.000,3.250,near_zero_unresolved_within_read_allowance,0.9 <= alpha_L <= 1,0.01,5,11c,c,Dash-8,10,1524,994,2652.50,300 dpi raster RGB trace mask; per-column pixel median; fixed axis endpoints; no smoothing,128eeb1ea3ad30f5a2ecf9194e2b784be37e837982dec3bdcb7b9db48aa4e7e4
4.612452,,-1.750,0.000,3.250,near_zero_unresolved_within_read_allowance,0.9 <= alpha_L <= 1,0.01,5,11c,c,Dash-8,10,1524,995,2652.50,300 dpi raster RGB trace mask; per-column pixel median; fixed axis endpoints; no smoothing,128eeb1ea3ad30f5a2ecf9194e2b784be37e837982dec3bdcb7b9db48aa4e7e4
4.620076,,-1.750,0.000,3.250,near_zero_unresolved_within_read_allowance,0.9 <= alpha_L <= 1,0.01,5,11c,c,Dash-8,10,1524,996,2652.50,300 dpi raster RGB trace mask; per-column pixel median; fixed axis endpoints; no smoothing,128eeb1ea3ad30f5a2ecf9194e2b784be37e837982dec3bdcb7b9db48aa4e7e4
4.627700,,-1.750,0.000,3.250,near_zero_unresolved_within_read_allowance,0.9 <= alpha_L <= 1,0.01,5,11c,c,Dash-8,10,1524,997,2652.50,300 dpi raster RGB trace mask; per-column pixel median; fixed axis endpoints; no smoothing,128eeb1ea3ad30f5a2ecf9194e2b784be37e837982dec3bdcb7b9db48aa4e7e4
4.635324,,-1.750,0.000,3.250,near_zero_unresolved_within_read_allowance,0.9 <= alpha_L <= 1,0.01,5,11c,c,Dash-8,10,1524,998,2652.50,300 dpi raster RGB trace mask; per-column pixel median; fixed axis endpoints; no smoothing,128eeb1ea3ad30f5a2ecf9194e2b784be37e837982dec3bdcb7b9db48aa4e7e4
4.642948,,-1.750,0.000,3.250,near_zero_unresolved_within_read_allowance,0.9 <= alpha_L <= 1,0.01,5,11c,c,Dash-8,10,1524,999,2652.50,300 dpi raster RGB trace mask; per-column pixel median; fixed axis endpoints; no smoothing,128eeb1ea3ad30f5a2ecf9194e2b784be37e837982dec3bdcb7b9db48aa4e7e4
4.650572,,-1.750,0.000,3.250,near_zero_unresolved_within_read_allowance,0.9 <= alpha_L <= 1,0.01,5,11c,c,Dash-8,10,1524,1000,2652.50,300 dpi raster RGB trace mask; per-column pixel median; fixed axis endpoints; no smoothing,128eeb1ea3ad30f5a2ecf9194e2b784be37e837982dec3bdcb7b9db48aa4e7e4
4.658196,,-1.750,0.000,3.250,near_zero_unresolved_within_read_allowance,0.9 <= alpha_L <= 1,0.01,5,11c,c,Dash-8,10,1524,1001,2652.50,300 dpi raster RGB trace mask; per-column pixel median; fixed axis endpoints; no smoothing,128eeb1ea3ad30f5a2ecf9194e2b784be37e837982dec3bdcb7b9db48aa4e7e4
4.665820,,-1.750,0.000,3.250,near_zero_unresolved_within_read_allowance,0.9 <= alpha_L <= 1,0.01,5,11c,c,Dash-8,10,1524,1002,2652.50,300 dpi raster RGB trace mask; per-column pixel median; fixed axis endpoints; no smoothing,128eeb1ea3ad30f5a2ecf9194e2b784be37e837982dec3bdcb7b9db48aa4e7e4
4.673443,,-1.750,0.000,3.250,near_zero_unresolved_within_read_allowance,0.9 <= alpha_L <= 1,0.01,5,11c,c,Dash-8,10,1524,1003,2652.50,300 dpi raster RGB trace mask; per-column pixel median; fixed axis endpoints; no smoothing,128eeb1ea3ad30f5a2ecf9194e2b784be37e837982dec3bdcb7b9db48aa4e7e4
4.681067,,-1.750,0.000,3.250,near_zero_unresolved_within_read_allowance,0.9 <= alpha_L <= 1,0.01,5,11c,c,Dash-8,10,1524,1004,2652.50,300 dpi raster RGB trace mask; per-column pixel median; fixed axis endpoints; no smoothing,128eeb1ea3ad30f5a2ecf9194e2b784be37e837982dec3bdcb7b9db48aa4e7e4
4.688691,,-1.750,0.000,3.250,near_zero_unresolved_within_read_allowance,0.9 <= alpha_L <= 1,0.01,5,11c,c,Dash-8,10,1524,1005,2652.50,300 dpi raster RGB trace mask; per-column pixel median; fixed axis endpoints; no smoothing,128eeb1ea3ad30f5a2ecf9194e2b784be37e837982dec3bdcb7b9db48aa4e7e4
4.696315,,-1.750,0.000,3.250,near_zero_unresolved_within_read_allowance,0.9 <= alpha_L <= 1,0.01,5,11c,c,Dash-8,10,1524,1006,2652.50,300 dpi raster RGB trace mask; per-column pixel median; fixed axis endpoints; no smoothing,128eeb1ea3ad30f5a2ecf9194e2b784be37e837982dec3bdcb7b9db48aa4e7e4
4.703939,,-1.750,0.000,3.250,near_zero_unresolved_within_read_allowance,0.9 <= alpha_L <= 1,0.01,5,11c,c,Dash-8,10,1524,1007,2652.50,300 dpi raster RGB trace mask; per-column pixel median; fixed axis endpoints; no smoothing,128eeb1ea3ad30f5a2ecf9194e2b784be37e837982dec3bdcb7b9db48aa4e7e4
4.711563,,-1.750,0.000,3.250,near_zero_unresolved_within_read_allowance,0.9 <= alpha_L <= 1,0.01,5,11c,c,Dash-8,10,1524,1008,2652.50,300 dpi raster RGB trace mask; per-column pixel median; fixed axis endpoints; no smoothing,128eeb1ea3ad30f5a2ecf9194e2b784be37e837982dec3bdcb7b9db48aa4e7e4
4.719187,,-1.750,0.000,3.250,near_zero_unresolved_within_read_allowance,0.9 <= alpha_L <= 1,0.01,5,11c,c,Dash-8,10,1524,1009,2652.50,300 dpi raster RGB trace mask; per-column pixel median; fixed axis endpoints; no smoothing,128eeb1ea3ad30f5a2ecf9194e2b784be37e837982dec3bdcb7b9db48aa4e7e4
4.726811,,-1.750,0.000,3.250,near_zero_unresolved_within_read_allowance,0.9 <= alpha_L <= 1,0.01,5,11c,c,Dash-8,10,1524,1010,2652.50,300 dpi raster RGB trace mask; per-column pixel median; fixed axis endpoints; no smoothing,128eeb1ea3ad30f5a2ecf9194e2b784be37e837982dec3bdcb7b9db48aa4e7e4
4.734435,,-1.750,0.000,3.250,near_zero_unresolved_within_read_allowance,0.9 <= alpha_L <= 1,0.01,5,11c,c,Dash-8,10,1524,1011,2652.50,300 dpi raster RGB trace mask; per-column pixel median; fixed axis endpoints; no smoothing,128eeb1ea3ad30f5a2ecf9194e2b784be37e837982dec3bdcb7b9db48aa4e7e4
4.742058,,-1.750,0.000,3.250,near_zero_unresolved_within_read_allowance,0.9 <= alpha_L <= 1,0.01,5,11c,c,Dash-8,10,1524,1012,2652.50,300 dpi raster RGB trace mask; per-column pixel median; fixed axis endpoints; no smoothing,128eeb1ea3ad30f5a2ecf9194e2b784be37e837982dec3bdcb7b9db48aa4e7e4
4.749682,,-1.750,0.000,3.250,near_zero_unresolved_within_read_allowance,0.9 <= alpha_L <= 1,0.01,5,11c,c,Dash-8,10,1524,1013,2652.50,300 dpi raster RGB trace mask; per-column pixel median; fixed axis endpoints; no smoothing,128eeb1ea3ad30f5a2ecf9194e2b784be37e837982dec3bdcb7b9db48aa4e7e4
4.757306,,-1.750,0.000,3.250,near_zero_unresolved_within_read_allowance,0.9 <= alpha_L <= 1,0.01,5,11c,c,Dash-8,10,1524,1014,2652.50,300 dpi raster RGB trace mask; per-column pixel median; fixed axis endpoints; no smoothing,128eeb1ea3ad30f5a2ecf9194e2b784be37e837982dec3bdcb7b9db48aa4e7e4
4.764930,,-1.750,0.000,3.250,near_zero_unresolved_within_read_allowance,0.9 <= alpha_L <= 1,0.01,5,11c,c,Dash-8,10,1524,1015,2652.50,300 dpi raster RGB trace mask; per-column pixel median; fixed axis endpoints; no smoothing,128eeb1ea3ad30f5a2ecf9194e2b784be37e837982dec3bdcb7b9db48aa4e7e4
4.772554,,-1.750,0.000,3.250,near_zero_unresolved_within_read_allowance,0.9 <= alpha_L <= 1,0.01,5,11c,c,Dash-8,10,1524,1016,2652.50,300 dpi raster RGB trace mask; per-column pixel median; fixed axis endpoints; no smoothing,128eeb1ea3ad30f5a2ecf9194e2b784be37e837982dec3bdcb7b9db48aa4e7e4
4.780178,,-1.750,0.000,3.250,near_zero_unresolved_within_read_allowance,0.9 <= alpha_L <= 1,0.01,5,11c,c,Dash-8,10,1524,1017,2652.50,300 dpi raster RGB trace mask; per-column pixel median; fixed axis endpoints; no smoothing,128eeb1ea3ad30f5a2ecf9194e2b784be37e837982dec3bdcb7b9db48aa4e7e4
4.787802,,-1.750,0.000,3.250,near_zero_unresolved_within_read_allowance,0.9 <= alpha_L <= 1,0.01,5,11c,c,Dash-8,10,1524,1018,2652.50,300 dpi raster RGB trace mask; per-column pixel median; fixed axis endpoints; no smoothing,128eeb1ea3ad30f5a2ecf9194e2b784be37e837982dec3bdcb7b9db48aa4e7e4
4.795426,,-1.750,0.000,3.250,near_zero_unresolved_within_read_allowance,0.9 <= alpha_L <= 1,0.01,5,11c,c,Dash-8,10,1524,1019,2652.50,300 dpi raster RGB trace mask; per-column pixel median; fixed axis endpoints; no smoothing,128eeb1ea3ad30f5a2ecf9194e2b784be37e837982dec3bdcb7b9db48aa4e7e4
4.803050,,-1.750,0.000,3.250,near_zero_unresolved_within_read_allowance,0.9 <= alpha_L <= 1,0.01,5,11c,c,Dash-8,10,1524,1020,2652.50,300 dpi raster RGB trace mask; per-column pixel median; fixed axis endpoints; no smoothing,128eeb1ea3ad30f5a2ecf9194e2b784be37e837982dec3bdcb7b9db48aa4e7e4
4.810673,,-1.750,0.000,3.250,near_zero_unresolved_within_read_allowance,0.9 <= alpha_L <= 1,0.01,5,11c,c,Dash-8,10,1524,1021,2652.50,300 dpi raster RGB trace mask; per-column pixel median; fixed axis endpoints; no smoothing,128eeb1ea3ad30f5a2ecf9194e2b784be37e837982dec3bdcb7b9db48aa4e7e4
4.818297,,-1.750,0.000,3.250,near_zero_unresolved_within_read_allowance,0.9 <= alpha_L <= 1,0.01,5,11c,c,Dash-8,10,1524,1022,2652.50,300 dpi raster RGB trace mask; per-column pixel median; fixed axis endpoints; no smoothing,128eeb1ea3ad30f5a2ecf9194e2b784be37e837982dec3bdcb7b9db48aa4e7e4
4.825921,,-1.750,0.000,3.250,near_zero_unresolved_within_read_allowance,0.9 <= alpha_L <= 1,0.01,5,11c,c,Dash-8,10,1524,1023,2652.50,300 dpi raster RGB trace mask; per-column pixel median; fixed axis endpoints; no smoothing,128eeb1ea3ad30f5a2ecf9194e2b784be37e837982dec3bdcb7b9db48aa4e7e4
4.833545,,-1.750,0.000,3.250,near_zero_unresolved_within_read_allowance,0.9 <= alpha_L <= 1,0.01,5,11c,c,Dash-8,10,1524,1024,2652.50,300 dpi raster RGB trace mask; per-column pixel median; fixed axis endpoints; no smoothing,128eeb1ea3ad30f5a2ecf9194e2b784be37e837982dec3bdcb7b9db48aa4e7e4
4.841169,,-1.750,0.000,3.250,near_zero_unresolved_within_read_allowance,0.9 <= alpha_L <= 1,0.01,5,11c,c,Dash-8,10,1524,1025,2652.50,300 dpi raster RGB trace mask; per-column pixel median; fixed axis endpoints; no smoothing,128eeb1ea3ad30f5a2ecf9194e2b784be37e837982dec3bdcb7b9db48aa4e7e4
4.848793,,-1.750,0.000,3.250,near_zero_unresolved_within_read_allowance,0.9 <= alpha_L <= 1,0.01,5,11c,c,Dash-8,10,1524,1026,2652.50,300 dpi raster RGB trace mask; per-column pixel median; fixed axis endpoints; no smoothing,128eeb1ea3ad30f5a2ecf9194e2b784be37e837982dec3bdcb7b9db48aa4e7e4
4.856417,,-1.750,0.000,3.250,near_zero_unresolved_within_read_allowance,0.9 <= alpha_L <= 1,0.01,5,11c,c,Dash-8,10,1524,1027,2652.50,300 dpi raster RGB trace mask; per-column pixel median; fixed axis endpoints; no smoothing,128eeb1ea3ad30f5a2ecf9194e2b784be37e837982dec3bdcb7b9db48aa4e7e4
4.864041,,-1.750,0.000,3.250,near_zero_unresolved_within_read_allowance,0.9 <= alpha_L <= 1,0.01,5,11c,c,Dash-8,10,1524,1028,2652.50,300 dpi raster RGB trace mask; per-column pixel median; fixed axis endpoints; no smoothing,128eeb1ea3ad30f5a2ecf9194e2b784be37e837982dec3bdcb7b9db48aa4e7e4
4.871665,,-1.750,0.000,3.250,near_zero_unresolved_within_read_allowance,0.9 <= alpha_L <= 1,0.01,5,11c,c,Dash-8,10,1524,1029,2652.50,300 dpi raster RGB trace mask; per-column pixel median; fixed axis endpoints; no smoothing,128eeb1ea3ad30f5a2ecf9194e2b784be37e837982dec3bdcb7b9db48aa4e7e4
4.879288,,-1.750,0.000,3.250,near_zero_unresolved_within_read_allowance,0.9 <= alpha_L <= 1,0.01,5,11c,c,Dash-8,10,1524,1030,2652.50,300 dpi raster RGB trace mask; per-column pixel median; fixed axis endpoints; no smoothing,128eeb1ea3ad30f5a2ecf9194e2b784be37e837982dec3bdcb7b9db48aa4e7e4
4.886912,,-1.750,0.000,3.250,near_zero_unresolved_within_read_allowance,0.9 <= alpha_L <= 1,0.01,5,11c,c,Dash-8,10,1524,1031,2652.50,300 dpi raster RGB trace mask; per-column pixel median; fixed axis endpoints; no smoothing,128eeb1ea3ad30f5a2ecf9194e2b784be37e837982dec3bdcb7b9db48aa4e7e4
4.894536,,-1.750,0.000,3.250,near_zero_unresolved_within_read_allowance,0.9 <= alpha_L <= 1,0.01,5,11c,c,Dash-8,10,1524,1032,2652.50,300 dpi raster RGB trace mask; per-column pixel median; fixed axis endpoints; no smoothing,128eeb1ea3ad30f5a2ecf9194e2b784be37e837982dec3bdcb7b9db48aa4e7e4
4.902160,,-1.750,0.000,3.250,near_zero_unresolved_within_read_allowance,0.9 <= alpha_L <= 1,0.01,5,11c,c,Dash-8,10,1524,1033,2652.50,300 dpi raster RGB trace mask; per-column pixel median; fixed axis endpoints; no smoothing,128eeb1ea3ad30f5a2ecf9194e2b784be37e837982dec3bdcb7b9db48aa4e7e4
4.909784,,-1.750,0.000,3.250,near_zero_unresolved_within_read_allowance,0.9 <= alpha_L <= 1,0.01,5,11c,c,Dash-8,10,1524,1034,2652.50,300 dpi raster RGB trace mask; per-column pixel median; fixed axis endpoints; no smoothing,128eeb1ea3ad30f5a2ecf9194e2b784be37e837982dec3bdcb7b9db48aa4e7e4
4.917408,,-1.750,0.000,3.250,near_zero_unresolved_within_read_allowance,0.9 <= alpha_L <= 1,0.01,5,11c,c,Dash-8,10,1524,1035,2652.50,300 dpi raster RGB trace mask; per-column pixel median; fixed axis endpoints; no smoothing,128eeb1ea3ad30f5a2ecf9194e2b784be37e837982dec3bdcb7b9db48aa4e7e4
4.925032,,-1.750,0.000,3.250,near_zero_unresolved_within_read_allowance,0.9 <= alpha_L <= 1,0.01,5,11c,c,Dash-8,10,1524,1036,2652.50,300 dpi raster RGB trace mask; per-column pixel median; fixed axis endpoints; no smoothing,128eeb1ea3ad30f5a2ecf9194e2b784be37e837982dec3bdcb7b9db48aa4e7e4
4.932656,,-1.750,0.000,3.250,near_zero_unresolved_within_read_allowance,0.9 <= alpha_L <= 1,0.01,5,11c,c,Dash-8,10,1524,1037,2652.50,300 dpi raster RGB trace mask; per-column pixel median; fixed axis endpoints; no smoothing,128eeb1ea3ad30f5a2ecf9194e2b784be37e837982dec3bdcb7b9db48aa4e7e4
4.940280,,-1.750,0.000,3.250,near_zero_unresolved_within_read_allowance,0.9 <= alpha_L <= 1,0.01,5,11c,c,Dash-8,10,1524,1038,2652.50,300 dpi raster RGB trace mask; per-column pixel median; fixed axis endpoints; no smoothing,128eeb1ea3ad30f5a2ecf9194e2b784be37e837982dec3bdcb7b9db48aa4e7e4
4.947903,,-1.750,0.000,3.250,near_zero_unresolved_within_read_allowance,0.9 <= alpha_L <= 1,0.01,5,11c,c,Dash-8,10,1524,1039,2652.50,300 dpi raster RGB trace mask; per-column pixel median; fixed axis endpoints; no smoothing,128eeb1ea3ad30f5a2ecf9194e2b784be37e837982dec3bdcb7b9db48aa4e7e4
4.955527,,-1.750,0.000,3.250,near_zero_unresolved_within_read_allowance,0.9 <= alpha_L <= 1,0.01,5,11c,c,Dash-8,10,1524,1040,2652.50,300 dpi raster RGB trace mask; per-column pixel median; fixed axis endpoints; no smoothing,128eeb1ea3ad30f5a2ecf9194e2b784be37e837982dec3bdcb7b9db48aa4e7e4
4.963151,,-1.750,0.000,3.250,near_zero_unresolved_within_read_allowance,0.9 <= alpha_L <= 1,0.01,5,11c,c,Dash-8,10,1524,1041,2652.50,300 dpi raster RGB trace mask; per-column pixel median; fixed axis endpoints; no smoothing,128eeb1ea3ad30f5a2ecf9194e2b784be37e837982dec3bdcb7b9db48aa4e7e4
4.970775,,-1.750,0.000,3.250,near_zero_unresolved_within_read_allowance,0.9 <= alpha_L <= 1,0.01,5,11c,c,Dash-8,10,1524,1042,2652.50,300 dpi raster RGB trace mask; per-column pixel median; fixed axis endpoints; no smoothing,128eeb1ea3ad30f5a2ecf9194e2b784be37e837982dec3bdcb7b9db48aa4e7e4
4.978399,,-1.750,0.000,3.250,near_zero_unresolved_within_read_allowance,0.9 <= alpha_L <= 1,0.01,5,11c,c,Dash-8,10,1524,1043,2652.50,300 dpi raster RGB trace mask; per-column pixel median; fixed axis endpoints; no smoothing,128eeb1ea3ad30f5a2ecf9194e2b784be37e837982dec3bdcb7b9db48aa4e7e4
4.986023,,-1.750,0.000,3.250,near_zero_unresolved_within_read_allowance,0.9 <= alpha_L <= 1,0.01,5,11c,c,Dash-8,10,1524,1044,2652.50,300 dpi raster RGB trace mask; per-column pixel median; fixed axis endpoints; no smoothing,128eeb1ea3ad30f5a2ecf9194e2b784be37e837982dec3bdcb7b9db48aa4e7e4
4.993647,,-1.750,0.000,3.250,near_zero_unresolved_within_read_allowance,0.9 <= alpha_L <= 1,0.01,5,11c,c,Dash-8,10,1524,1045,2652.50,300 dpi raster RGB trace mask; per-column pixel median; fixed axis endpoints; no smoothing,128eeb1ea3ad30f5a2ecf9194e2b784be37e837982dec3bdcb7b9db48aa4e7e4
5.001271,,-1.750,0.000,3.250,near_zero_unresolved_within_read_allowance,0.9 <= alpha_L <= 1,0.01,5,11c,c,Dash-8,10,1524,1046,2652.50,300 dpi raster RGB trace mask; per-column pixel median; fixed axis endpoints; no smoothing,128eeb1ea3ad30f5a2ecf9194e2b784be37e837982dec3bdcb7b9db48aa4e7e4
5.008895,,-1.750,0.000,3.250,near_zero_unresolved_within_read_allowance,0.9 <= alpha_L <= 1,0.01,5,11c,c,Dash-8,10,1524,1047,2652.50,300 dpi raster RGB trace mask; per-column pixel median; fixed axis endpoints; no smoothing,128eeb1ea3ad30f5a2ecf9194e2b784be37e837982dec3bdcb7b9db48aa4e7e4
5.016518,,-1.750,0.000,3.250,near_zero_unresolved_within_read_allowance,0.9 <= alpha_L <= 1,0.01,5,11c,c,Dash-8,10,1524,1048,2652.50,300 dpi raster RGB trace mask; per-column pixel median; fixed axis endpoints; no smoothing,128eeb1ea3ad30f5a2ecf9194e2b784be37e837982dec3bdcb7b9db48aa4e7e4
5.024142,,-1.750,0.000,3.250,near_zero_unresolved_within_read_allowance,0.9 <= alpha_L <= 1,0.01,5,11c,c,Dash-8,10,1524,1049,2652.50,300 dpi raster RGB trace mask; per-column pixel median; fixed axis endpoints; no smoothing,128eeb1ea3ad30f5a2ecf9194e2b784be37e837982dec3bdcb7b9db48aa4e7e4
5.031766,,-1.750,0.000,3.250,near_zero_unresolved_within_read_allowance,0.9 <= alpha_L <= 1,0.01,5,11c,c,Dash-8,10,1524,1050,2652.50,300 dpi raster RGB trace mask; per-column pixel median; fixed axis endpoints; no smoothing,128eeb1ea3ad30f5a2ecf9194e2b784be37e837982dec3bdcb7b9db48aa4e7e4
5.039390,,-1.750,0.000,3.250,near_zero_unresolved_within_read_allowance,0.9 <= alpha_L <= 1,0.01,5,11c,c,Dash-8,10,1524,1051,2652.50,300 dpi raster RGB trace mask; per-column pixel median; fixed axis endpoints; no smoothing,128eeb1ea3ad30f5a2ecf9194e2b784be37e837982dec3bdcb7b9db48aa4e7e4
5.047014,,-1.750,0.000,3.250,near_zero_unresolved_within_read_allowance,0.9 <= alpha_L <= 1,0.01,5,11c,c,Dash-8,10,1524,1052,2652.50,300 dpi raster RGB trace mask; per-column pixel median; fixed axis endpoints; no smoothing,128eeb1ea3ad30f5a2ecf9194e2b784be37e837982dec3bdcb7b9db48aa4e7e4
5.054638,,-1.750,0.000,3.250,near_zero_unresolved_within_read_allowance,0.9 <= alpha_L <= 1,0.01,5,11c,c,Dash-8,10,1524,1053,2652.50,300 dpi raster RGB trace mask; per-column pixel median; fixed axis endpoints; no smoothing,128eeb1ea3ad30f5a2ecf9194e2b784be37e837982dec3bdcb7b9db48aa4e7e4
5.062262,,-1.750,0.000,3.250,near_zero_unresolved_within_read_allowance,0.9 <= alpha_L <= 1,0.01,5,11c,c,Dash-8,10,1524,1054,2652.50,300 dpi raster RGB trace mask; per-column pixel median; fixed axis endpoints; no smoothing,128eeb1ea3ad30f5a2ecf9194e2b784be37e837982dec3bdcb7b9db48aa4e7e4
5.069886,,-1.750,0.000,3.250,near_zero_unresolved_within_read_allowance,0.9 <= alpha_L <= 1,0.01,5,11c,c,Dash-8,10,1524,1055,2652.50,300 dpi raster RGB trace mask; per-column pixel median; fixed axis endpoints; no smoothing,128eeb1ea3ad30f5a2ecf9194e2b784be37e837982dec3bdcb7b9db48aa4e7e4
5.077510,,-1.750,0.000,3.250,near_zero_unresolved_within_read_allowance,0.9 <= alpha_L <= 1,0.01,5,11c,c,Dash-8,10,1524,1056,2652.50,300 dpi raster RGB trace mask; per-column pixel median; fixed axis endpoints; no smoothing,128eeb1ea3ad30f5a2ecf9194e2b784be37e837982dec3bdcb7b9db48aa4e7e4
5.085133,,-1.750,0.000,3.250,near_zero_unresolved_within_read_allowance,0.9 <= alpha_L <= 1,0.01,5,11c,c,Dash-8,10,1524,1057,2652.50,300 dpi raster RGB trace mask; per-column pixel median; fixed axis endpoints; no smoothing,128eeb1ea3ad30f5a2ecf9194e2b784be37e837982dec3bdcb7b9db48aa4e7e4
5.092757,,-1.750,0.000,3.250,near_zero_unresolved_within_read_allowance,0.9 <= alpha_L <= 1,0.01,5,11c,c,Dash-8,10,1524,1058,2652.50,300 dpi raster RGB trace mask; per-column pixel median; fixed axis endpoints; no smoothing,128eeb1ea3ad30f5a2ecf9194e2b784be37e837982dec3bdcb7b9db48aa4e7e4
5.100381,,-1.750,0.000,3.250,near_zero_unresolved_within_read_allowance,0.9 <= alpha_L <= 1,0.01,5,11c,c,Dash-8,10,1524,1059,2652.50,300 dpi raster RGB trace mask; per-column pixel median; fixed axis endpoints; no smoothing,128eeb1ea3ad30f5a2ecf9194e2b784be37e837982dec3bdcb7b9db48aa4e7e4
5.108005,,-1.750,0.000,3.250,near_zero_unresolved_within_read_allowance,0.9 <= alpha_L <= 1,0.01,5,11c,c,Dash-8,10,1524,1060,2652.50,300 dpi raster RGB trace mask; per-column pixel median; fixed axis endpoints; no smoothing,128eeb1ea3ad30f5a2ecf9194e2b784be37e837982dec3bdcb7b9db48aa4e7e4
5.115629,,-1.750,0.000,3.250,near_zero_unresolved_within_read_allowance,0.9 <= alpha_L <= 1,0.01,5,11c,c,Dash-8,10,1524,1061,2652.50,300 dpi raster RGB trace mask; per-column pixel median; fixed axis endpoints; no smoothing,128eeb1ea3ad30f5a2ecf9194e2b784be37e837982dec3bdcb7b9db48aa4e7e4
5.123253,,-1.750,0.000,3.250,near_zero_unresolved_within_read_allowance,0.9 <= alpha_L <= 1,0.01,5,11c,c,Dash-8,10,1524,1062,2652.50,300 dpi raster RGB trace mask; per-column pixel median; fixed axis endpoints; no smoothing,128eeb1ea3ad30f5a2ecf9194e2b784be37e837982dec3bdcb7b9db48aa4e7e4
5.130877,,-1.750,0.000,3.250,near_zero_unresolved_within_read_allowance,0.9 <= alpha_L <= 1,0.01,5,11c,c,Dash-8,10,1524,1063,2652.50,300 dpi raster RGB trace mask; per-column pixel median; fixed axis endpoints; no smoothing,128eeb1ea3ad30f5a2ecf9194e2b784be37e837982dec3bdcb7b9db48aa4e7e4
5.138501,,-1.750,0.000,3.250,near_zero_unresolved_within_read_allowance,0.9 <= alpha_L <= 1,0.01,5,11c,c,Dash-8,10,1524,1064,2652.50,300 dpi raster RGB trace mask; per-column pixel median; fixed axis endpoints; no smoothing,128eeb1ea3ad30f5a2ecf9194e2b784be37e837982dec3bdcb7b9db48aa4e7e4
5.146125,,-1.750,0.000,3.250,near_zero_unresolved_within_read_allowance,0.9 <= alpha_L <= 1,0.01,5,11c,c,Dash-8,10,1524,1065,2652.50,300 dpi raster RGB trace mask; per-column pixel median; fixed axis endpoints; no smoothing,128eeb1ea3ad30f5a2ecf9194e2b784be37e837982dec3bdcb7b9db48aa4e7e4
5.153748,,-1.750,0.000,3.250,near_zero_unresolved_within_read_allowance,0.9 <= alpha_L <= 1,0.01,5,11c,c,Dash-8,10,1524,1066,2652.50,300 dpi raster RGB trace mask; per-column pixel median; fixed axis endpoints; no smoothing,128eeb1ea3ad30f5a2ecf9194e2b784be37e837982dec3bdcb7b9db48aa4e7e4
5.161372,,-1.750,0.000,3.250,near_zero_unresolved_within_read_allowance,0.9 <= alpha_L <= 1,0.01,5,11c,c,Dash-8,10,1524,1067,2652.50,300 dpi raster RGB trace mask; per-column pixel median; fixed axis endpoints; no smoothing,128eeb1ea3ad30f5a2ecf9194e2b784be37e837982dec3bdcb7b9db48aa4e7e4
5.168996,,-1.750,0.000,3.250,near_zero_unresolved_within_read_allowance,0.9 <= alpha_L <= 1,0.01,5,11c,c,Dash-8,10,1524,1068,2652.50,300 dpi raster RGB trace mask; per-column pixel median; fixed axis endpoints; no smoothing,128eeb1ea3ad30f5a2ecf9194e2b784be37e837982dec3bdcb7b9db48aa4e7e4
5.176620,,-1.750,0.000,3.250,near_zero_unresolved_within_read_allowance,0.9 <= alpha_L <= 1,0.01,5,11c,c,Dash-8,10,1524,1069,2652.50,300 dpi raster RGB trace mask; per-column pixel median; fixed axis endpoints; no smoothing,128eeb1ea3ad30f5a2ecf9194e2b784be37e837982dec3bdcb7b9db48aa4e7e4
5.184244,,-1.750,0.000,3.250,near_zero_unresolved_within_read_allowance,0.9 <= alpha_L <= 1,0.01,5,11c,c,Dash-8,10,1524,1070,2652.50,300 dpi raster RGB trace mask; per-column pixel median; fixed axis endpoints; no smoothing,128eeb1ea3ad30f5a2ecf9194e2b784be37e837982dec3bdcb7b9db48aa4e7e4
5.191868,,-2.333,0.000,2.667,near_zero_unresolved_within_read_allowance,0.9 <= alpha_L <= 1,0.01,5,11c,c,Dash-8,10,1524,1071,2653.00,300 dpi raster RGB trace mask; per-column pixel median; fixed axis endpoints; no smoothing,128eeb1ea3ad30f5a2ecf9194e2b784be37e837982dec3bdcb7b9db48aa4e7e4
5.199492,,-2.333,0.000,2.667,near_zero_unresolved_within_read_allowance,0.9 <= alpha_L <= 1,0.01,5,11c,c,Dash-8,10,1524,1072,2653.00,300 dpi raster RGB trace mask; per-column pixel median; fixed axis endpoints; no smoothing,128eeb1ea3ad30f5a2ecf9194e2b784be37e837982dec3bdcb7b9db48aa4e7e4
5.207116,,-2.333,0.000,2.667,near_zero_unresolved_within_read_allowance,0.9 <= alpha_L <= 1,0.01,5,11c,c,Dash-8,10,1524,1073,2653.00,300 dpi raster RGB trace mask; per-column pixel median; fixed axis endpoints; no smoothing,128eeb1ea3ad30f5a2ecf9194e2b784be37e837982dec3bdcb7b9db48aa4e7e4
5.214740,,-2.333,0.000,2.667,near_zero_unresolved_within_read_allowance,0.9 <= alpha_L <= 1,0.01,5,11c,c,Dash-8,10,1524,1074,2653.00,300 dpi raster RGB trace mask; per-column pixel median; fixed axis endpoints; no smoothing,128eeb1ea3ad30f5a2ecf9194e2b784be37e837982dec3bdcb7b9db48aa4e7e4
5.222363,,-2.333,0.000,2.667,near_zero_unresolved_within_read_allowance,0.9 <= alpha_L <= 1,0.01,5,11c,c,Dash-8,10,1524,1075,2653.00,300 dpi raster RGB trace mask; per-column pixel median; fixed axis endpoints; no smoothing,128eeb1ea3ad30f5a2ecf9194e2b784be37e837982dec3bdcb7b9db48aa4e7e4
5.229987,,-2.333,0.000,2.667,near_zero_unresolved_within_read_allowance,0.9 <= alpha_L <= 1,0.01,5,11c,c,Dash-8,10,1524,1076,2653.00,300 dpi raster RGB trace mask; per-column pixel median; fixed axis endpoints; no smoothing,128eeb1ea3ad30f5a2ecf9194e2b784be37e837982dec3bdcb7b9db48aa4e7e4
5.237611,,-2.333,0.000,2.667,near_zero_unresolved_within_read_allowance,0.9 <= alpha_L <= 1,0.01,5,11c,c,Dash-8,10,1524,1077,2653.00,300 dpi raster RGB trace mask; per-column pixel median; fixed axis endpoints; no smoothing,128eeb1ea3ad30f5a2ecf9194e2b784be37e837982dec3bdcb7b9db48aa4e7e4
5.245235,,-2.333,0.000,2.667,near_zero_unresolved_within_read_allowance,0.9 <= alpha_L <= 1,0.01,5,11c,c,Dash-8,10,1524,1078,2653.00,300 dpi raster RGB trace mask; per-column pixel median; fixed axis endpoints; no smoothing,128eeb1ea3ad30f5a2ecf9194e2b784be37e837982dec3bdcb7b9db48aa4e7e4
5.252859,,-2.333,0.000,2.667,near_zero_unresolved_within_read_allowance,0.9 <= alpha_L <= 1,0.01,5,11c,c,Dash-8,10,1524,1079,2653.00,300 dpi raster RGB trace mask; per-column pixel median; fixed axis endpoints; no smoothing,128eeb1ea3ad30f5a2ecf9194e2b784be37e837982dec3bdcb7b9db48aa4e7e4
5.260483,,-2.333,0.000,2.667,near_zero_unresolved_within_read_allowance,0.9 <= alpha_L <= 1,0.01,5,11c,c,Dash-8,10,1524,1080,2653.00,300 dpi raster RGB trace mask; per-column pixel median; fixed axis endpoints; no smoothing,128eeb1ea3ad30f5a2ecf9194e2b784be37e837982dec3bdcb7b9db48aa4e7e4
5.268107,,-2.333,0.000,2.667,near_zero_unresolved_within_read_allowance,0.9 <= alpha_L <= 1,0.01,5,11c,c,Dash-8,10,1524,1081,2653.00,300 dpi raster RGB trace mask; per-column pixel median; fixed axis endpoints; no smoothing,128eeb1ea3ad30f5a2ecf9194e2b784be37e837982dec3bdcb7b9db48aa4e7e4
5.275731,,-2.333,0.000,2.667,near_zero_unresolved_within_read_allowance,0.9 <= alpha_L <= 1,0.01,5,11c,c,Dash-8,10,1524,1082,2653.00,300 dpi raster RGB trace mask; per-column pixel median; fixed axis endpoints; no smoothing,128eeb1ea3ad30f5a2ecf9194e2b784be37e837982dec3bdcb7b9db48aa4e7e4
5.283355,,-2.333,0.000,2.667,near_zero_unresolved_within_read_allowance,0.9 <= alpha_L <= 1,0.01,5,11c,c,Dash-8,10,1524,1083,2653.00,300 dpi raster RGB trace mask; per-column pixel median; fixed axis endpoints; no smoothing,128eeb1ea3ad30f5a2ecf9194e2b784be37e837982dec3bdcb7b9db48aa4e7e4
5.290978,,-2.333,0.000,2.667,near_zero_unresolved_within_read_allowance,0.9 <= alpha_L <= 1,0.01,5,11c,c,Dash-8,10,1524,1084,2653.00,300 dpi raster RGB trace mask; per-column pixel median; fixed axis endpoints; no smoothing,128eeb1ea3ad30f5a2ecf9194e2b784be37e837982dec3bdcb7b9db48aa4e7e4
5.298602,,-2.333,0.000,2.667,near_zero_unresolved_within_read_allowance,0.9 <= alpha_L <= 1,0.01,5,11c,c,Dash-8,10,1524,1085,2653.00,300 dpi raster RGB trace mask; per-column pixel median; fixed axis endpoints; no smoothing,128eeb1ea3ad30f5a2ecf9194e2b784be37e837982dec3bdcb7b9db48aa4e7e4
5.306226,,-2.333,0.000,2.667,near_zero_unresolved_within_read_allowance,0.9 <= alpha_L <= 1,0.01,5,11c,c,Dash-8,10,1524,1086,2653.00,300 dpi raster RGB trace mask; per-column pixel median; fixed axis endpoints; no smoothing,128eeb1ea3ad30f5a2ecf9194e2b784be37e837982dec3bdcb7b9db48aa4e7e4
5.313850,,-2.333,0.000,2.667,near_zero_unresolved_within_read_allowance,0.9 <= alpha_L <= 1,0.01,5,11c,c,Dash-8,10,1524,1087,2653.00,300 dpi raster RGB trace mask; per-column pixel median; fixed axis endpoints; no smoothing,128eeb1ea3ad30f5a2ecf9194e2b784be37e837982dec3bdcb7b9db48aa4e7e4
5.321474,,-2.333,0.000,2.667,near_zero_unresolved_within_read_allowance,0.9 <= alpha_L <= 1,0.01,5,11c,c,Dash-8,10,1524,1088,2653.00,300 dpi raster RGB trace mask; per-column pixel median; fixed axis endpoints; no smoothing,128eeb1ea3ad30f5a2ecf9194e2b784be37e837982dec3bdcb7b9db48aa4e7e4
5.329098,,-2.333,0.000,2.667,near_zero_unresolved_within_read_allowance,0.9 <= alpha_L <= 1,0.01,5,11c,c,Dash-8,10,1524,1089,2653.00,300 dpi raster RGB trace mask; per-column pixel median; fixed axis endpoints; no smoothing,128eeb1ea3ad30f5a2ecf9194e2b784be37e837982dec3bdcb7b9db48aa4e7e4
5.336722,,-2.333,0.000,2.667,near_zero_unresolved_within_read_allowance,0.9 <= alpha_L <= 1,0.01,5,11c,c,Dash-8,10,1524,1090,2653.00,300 dpi raster RGB trace mask; per-column pixel median; fixed axis endpoints; no smoothing,128eeb1ea3ad30f5a2ecf9194e2b784be37e837982dec3bdcb7b9db48aa4e7e4
5.344346,,-2.333,0.000,2.667,near_zero_unresolved_within_read_allowance,0.9 <= alpha_L <= 1,0.01,5,11c,c,Dash-8,10,1524,1091,2653.00,300 dpi raster RGB trace mask; per-column pixel median; fixed axis endpoints; no smoothing,128eeb1ea3ad30f5a2ecf9194e2b784be37e837982dec3bdcb7b9db48aa4e7e4
5.351970,,-2.333,0.000,2.667,near_zero_unresolved_within_read_allowance,0.9 <= alpha_L <= 1,0.01,5,11c,c,Dash-8,10,1524,1092,2653.00,300 dpi raster RGB trace mask; per-column pixel median; fixed axis endpoints; no smoothing,128eeb1ea3ad30f5a2ecf9194e2b784be37e837982dec3bdcb7b9db48aa4e7e4
5.359593,,-2.333,0.000,2.667,near_zero_unresolved_within_read_allowance,0.9 <= alpha_L <= 1,0.01,5,11c,c,Dash-8,10,1524,1093,2653.00,300 dpi raster RGB trace mask; per-column pixel median; fixed axis endpoints; no smoothing,128eeb1ea3ad30f5a2ecf9194e2b784be37e837982dec3bdcb7b9db48aa4e7e4
5.367217,,-2.333,0.000,2.667,near_zero_unresolved_within_read_allowance,0.9 <= alpha_L <= 1,0.01,5,11c,c,Dash-8,10,1524,1094,2653.00,300 dpi raster RGB trace mask; per-column pixel median; fixed axis endpoints; no smoothing,128eeb1ea3ad30f5a2ecf9194e2b784be37e837982dec3bdcb7b9db48aa4e7e4
5.374841,,-2.333,0.000,2.667,near_zero_unresolved_within_read_allowance,0.9 <= alpha_L <= 1,0.01,5,11c,c,Dash-8,10,1524,1095,2653.00,300 dpi raster RGB trace mask; per-column pixel median; fixed axis endpoints; no smoothing,128eeb1ea3ad30f5a2ecf9194e2b784be37e837982dec3bdcb7b9db48aa4e7e4
5.382465,,-2.333,0.000,2.667,near_zero_unresolved_within_read_allowance,0.9 <= alpha_L <= 1,0.01,5,11c,c,Dash-8,10,1524,1096,2653.00,300 dpi raster RGB trace mask; per-column pixel median; fixed axis endpoints; no smoothing,128eeb1ea3ad30f5a2ecf9194e2b784be37e837982dec3bdcb7b9db48aa4e7e4
5.390089,,-2.333,0.000,2.667,near_zero_unresolved_within_read_allowance,0.9 <= alpha_L <= 1,0.01,5,11c,c,Dash-8,10,1524,1097,2653.00,300 dpi raster RGB trace mask; per-column pixel median; fixed axis endpoints; no smoothing,128eeb1ea3ad30f5a2ecf9194e2b784be37e837982dec3bdcb7b9db48aa4e7e4
5.397713,,-2.333,0.000,2.667,near_zero_unresolved_within_read_allowance,0.9 <= alpha_L <= 1,0.01,5,11c,c,Dash-8,10,1524,1098,2653.00,300 dpi raster RGB trace mask; per-column pixel median; fixed axis endpoints; no smoothing,128eeb1ea3ad30f5a2ecf9194e2b784be37e837982dec3bdcb7b9db48aa4e7e4
5.405337,,-2.333,0.000,2.667,near_zero_unresolved_within_read_allowance,0.9 <= alpha_L <= 1,0.01,5,11c,c,Dash-8,10,1524,1099,2653.00,300 dpi raster RGB trace mask; per-column pixel median; fixed axis endpoints; no smoothing,128eeb1ea3ad30f5a2ecf9194e2b784be37e837982dec3bdcb7b9db48aa4e7e4
5.412961,,-2.333,0.000,2.667,near_zero_unresolved_within_read_allowance,0.9 <= alpha_L <= 1,0.01,5,11c,c,Dash-8,10,1524,1100,2653.00,300 dpi raster RGB trace mask; per-column pixel median; fixed axis endpoints; no smoothing,128eeb1ea3ad30f5a2ecf9194e2b784be37e837982dec3bdcb7b9db48aa4e7e4
5.420584,,-2.333,0.000,2.667,near_zero_unresolved_within_read_allowance,0.9 <= alpha_L <= 1,0.01,5,11c,c,Dash-8,10,1524,1101,2653.00,300 dpi raster RGB trace mask; per-column pixel median; fixed axis endpoints; no smoothing,128eeb1ea3ad30f5a2ecf9194e2b784be37e837982dec3bdcb7b9db48aa4e7e4
5.428208,,-2.333,0.000,2.667,near_zero_unresolved_within_read_allowance,0.9 <= alpha_L <= 1,0.01,5,11c,c,Dash-8,10,1524,1102,2653.00,300 dpi raster RGB trace mask; per-column pixel median; fixed axis endpoints; no smoothing,128eeb1ea3ad30f5a2ecf9194e2b784be37e837982dec3bdcb7b9db48aa4e7e4
5.435832,,-2.333,0.000,2.667,near_zero_unresolved_within_read_allowance,0.9 <= alpha_L <= 1,0.01,5,11c,c,Dash-8,10,1524,1103,2653.00,300 dpi raster RGB trace mask; per-column pixel median; fixed axis endpoints; no smoothing,128eeb1ea3ad30f5a2ecf9194e2b784be37e837982dec3bdcb7b9db48aa4e7e4
5.443456,,-2.333,0.000,2.667,near_zero_unresolved_within_read_allowance,0.9 <= alpha_L <= 1,0.01,5,11c,c,Dash-8,10,1524,1104,2653.00,300 dpi raster RGB trace mask; per-column pixel median; fixed axis endpoints; no smoothing,128eeb1ea3ad30f5a2ecf9194e2b784be37e837982dec3bdcb7b9db48aa4e7e4
5.451080,,-2.333,0.000,2.667,near_zero_unresolved_within_read_allowance,0.9 <= alpha_L <= 1,0.01,5,11c,c,Dash-8,10,1524,1105,2653.00,300 dpi raster RGB trace mask; per-column pixel median; fixed axis endpoints; no smoothing,128eeb1ea3ad30f5a2ecf9194e2b784be37e837982dec3bdcb7b9db48aa4e7e4
5.458704,,-2.333,0.000,2.667,near_zero_unresolved_within_read_allowance,0.9 <= alpha_L <= 1,0.01,5,11c,c,Dash-8,10,1524,1106,2653.00,300 dpi raster RGB trace mask; per-column pixel median; fixed axis endpoints; no smoothing,128eeb1ea3ad30f5a2ecf9194e2b784be37e837982dec3bdcb7b9db48aa4e7e4
5.466328,,-1.750,0.000,3.250,near_zero_unresolved_within_read_allowance,0.9 <= alpha_L <= 1,0.01,5,11c,c,Dash-8,10,1524,1107,2652.50,300 dpi raster RGB trace mask; per-column pixel median; fixed axis endpoints; no smoothing,128eeb1ea3ad30f5a2ecf9194e2b784be37e837982dec3bdcb7b9db48aa4e7e4
5.473952,,-1.750,0.000,3.250,near_zero_unresolved_within_read_allowance,0.9 <= alpha_L <= 1,0.01,5,11c,c,Dash-8,10,1524,1108,2652.50,300 dpi raster RGB trace mask; per-column pixel median; fixed axis endpoints; no smoothing,128eeb1ea3ad30f5a2ecf9194e2b784be37e837982dec3bdcb7b9db48aa4e7e4
5.481576,,-1.750,0.000,3.250,near_zero_unresolved_within_read_allowance,0.9 <= alpha_L <= 1,0.01,5,11c,c,Dash-8,10,1524,1109,2652.50,300 dpi raster RGB trace mask; per-column pixel median; fixed axis endpoints; no smoothing,128eeb1ea3ad30f5a2ecf9194e2b784be37e837982dec3bdcb7b9db48aa4e7e4
5.489199,,-1.750,0.000,3.250,near_zero_unresolved_within_read_allowance,0.9 <= alpha_L <= 1,0.01,5,11c,c,Dash-8,10,1524,1110,2652.50,300 dpi raster RGB trace mask; per-column pixel median; fixed axis endpoints; no smoothing,128eeb1ea3ad30f5a2ecf9194e2b784be37e837982dec3bdcb7b9db48aa4e7e4
5.496823,,-1.750,0.000,3.250,near_zero_unresolved_within_read_allowance,0.9 <= alpha_L <= 1,0.01,5,11c,c,Dash-8,10,1524,1111,2652.50,300 dpi raster RGB trace mask; per-column pixel median; fixed axis endpoints; no smoothing,128eeb1ea3ad30f5a2ecf9194e2b784be37e837982dec3bdcb7b9db48aa4e7e4
5.504447,,-1.750,0.000,3.250,near_zero_unresolved_within_read_allowance,0.9 <= alpha_L <= 1,0.01,5,11c,c,Dash-8,10,1524,1112,2652.50,300 dpi raster RGB trace mask; per-column pixel median; fixed axis endpoints; no smoothing,128eeb1ea3ad30f5a2ecf9194e2b784be37e837982dec3bdcb7b9db48aa4e7e4
5.512071,,-1.750,0.000,3.250,near_zero_unresolved_within_read_allowance,0.9 <= alpha_L <= 1,0.01,5,11c,c,Dash-8,10,1524,1113,2652.50,300 dpi raster RGB trace mask; per-column pixel median; fixed axis endpoints; no smoothing,128eeb1ea3ad30f5a2ecf9194e2b784be37e837982dec3bdcb7b9db48aa4e7e4
5.519695,,-1.750,0.000,3.250,near_zero_unresolved_within_read_allowance,0.9 <= alpha_L <= 1,0.01,5,11c,c,Dash-8,10,1524,1114,2652.50,300 dpi raster RGB trace mask; per-column pixel median; fixed axis endpoints; no smoothing,128eeb1ea3ad30f5a2ecf9194e2b784be37e837982dec3bdcb7b9db48aa4e7e4
5.527319,,-1.750,0.000,3.250,near_zero_unresolved_within_read_allowance,0.9 <= alpha_L <= 1,0.01,5,11c,c,Dash-8,10,1524,1115,2652.50,300 dpi raster RGB trace mask; per-column pixel median; fixed axis endpoints; no smoothing,128eeb1ea3ad30f5a2ecf9194e2b784be37e837982dec3bdcb7b9db48aa4e7e4
5.534943,,-1.750,0.000,3.250,near_zero_unresolved_within_read_allowance,0.9 <= alpha_L <= 1,0.01,5,11c,c,Dash-8,10,1524,1116,2652.50,300 dpi raster RGB trace mask; per-column pixel median; fixed axis endpoints; no smoothing,128eeb1ea3ad30f5a2ecf9194e2b784be37e837982dec3bdcb7b9db48aa4e7e4
5.542567,,-1.750,0.000,3.250,near_zero_unresolved_within_read_allowance,0.9 <= alpha_L <= 1,0.01,5,11c,c,Dash-8,10,1524,1117,2652.50,300 dpi raster RGB trace mask; per-column pixel median; fixed axis endpoints; no smoothing,128eeb1ea3ad30f5a2ecf9194e2b784be37e837982dec3bdcb7b9db48aa4e7e4
5.550191,,-1.750,0.000,3.250,near_zero_unresolved_within_read_allowance,0.9 <= alpha_L <= 1,0.01,5,11c,c,Dash-8,10,1524,1118,2652.50,300 dpi raster RGB trace mask; per-column pixel median; fixed axis endpoints; no smoothing,128eeb1ea3ad30f5a2ecf9194e2b784be37e837982dec3bdcb7b9db48aa4e7e4
5.557814,,-1.750,0.000,3.250,near_zero_unresolved_within_read_allowance,0.9 <= alpha_L <= 1,0.01,5,11c,c,Dash-8,10,1524,1119,2652.50,300 dpi raster RGB trace mask; per-column pixel median; fixed axis endpoints; no smoothing,128eeb1ea3ad30f5a2ecf9194e2b784be37e837982dec3bdcb7b9db48aa4e7e4
5.565438,,-1.750,0.000,3.250,near_zero_unresolved_within_read_allowance,0.9 <= alpha_L <= 1,0.01,5,11c,c,Dash-8,10,1524,1120,2652.50,300 dpi raster RGB trace mask; per-column pixel median; fixed axis endpoints; no smoothing,128eeb1ea3ad30f5a2ecf9194e2b784be37e837982dec3bdcb7b9db48aa4e7e4
5.573062,,-1.750,0.000,3.250,near_zero_unresolved_within_read_allowance,0.9 <= alpha_L <= 1,0.01,5,11c,c,Dash-8,10,1524,1121,2652.50,300 dpi raster RGB trace mask; per-column pixel median; fixed axis endpoints; no smoothing,128eeb1ea3ad30f5a2ecf9194e2b784be37e837982dec3bdcb7b9db48aa4e7e4
5.580686,,-1.750,0.000,3.250,near_zero_unresolved_within_read_allowance,0.9 <= alpha_L <= 1,0.01,5,11c,c,Dash-8,10,1524,1122,2652.50,300 dpi raster RGB trace mask; per-column pixel median; fixed axis endpoints; no smoothing,128eeb1ea3ad30f5a2ecf9194e2b784be37e837982dec3bdcb7b9db48aa4e7e4
5.588310,,-1.750,0.000,3.250,near_zero_unresolved_within_read_allowance,0.9 <= alpha_L <= 1,0.01,5,11c,c,Dash-8,10,1524,1123,2652.50,300 dpi raster RGB trace mask; per-column pixel median; fixed axis endpoints; no smoothing,128eeb1ea3ad30f5a2ecf9194e2b784be37e837982dec3bdcb7b9db48aa4e7e4
5.595934,,-1.750,0.000,3.250,near_zero_unresolved_within_read_allowance,0.9 <= alpha_L <= 1,0.01,5,11c,c,Dash-8,10,1524,1124,2652.50,300 dpi raster RGB trace mask; per-column pixel median; fixed axis endpoints; no smoothing,128eeb1ea3ad30f5a2ecf9194e2b784be37e837982dec3bdcb7b9db48aa4e7e4
5.603558,,-1.750,0.000,3.250,near_zero_unresolved_within_read_allowance,0.9 <= alpha_L <= 1,0.01,5,11c,c,Dash-8,10,1524,1125,2652.50,300 dpi raster RGB trace mask; per-column pixel median; fixed axis endpoints; no smoothing,128eeb1ea3ad30f5a2ecf9194e2b784be37e837982dec3bdcb7b9db48aa4e7e4
5.611182,,-1.750,0.000,3.250,near_zero_unresolved_within_read_allowance,0.9 <= alpha_L <= 1,0.01,5,11c,c,Dash-8,10,1524,1126,2652.50,300 dpi raster RGB trace mask; per-column pixel median; fixed axis endpoints; no smoothing,128eeb1ea3ad30f5a2ecf9194e2b784be37e837982dec3bdcb7b9db48aa4e7e4
5.618806,,-1.750,0.000,3.250,near_zero_unresolved_within_read_allowance,0.9 <= alpha_L <= 1,0.01,5,11c,c,Dash-8,10,1524,1127,2652.50,300 dpi raster RGB trace mask; per-column pixel median; fixed axis endpoints; no smoothing,128eeb1ea3ad30f5a2ecf9194e2b784be37e837982dec3bdcb7b9db48aa4e7e4
5.626429,,-1.750,0.000,3.250,near_zero_unresolved_within_read_allowance,0.9 <= alpha_L <= 1,0.01,5,11c,c,Dash-8,10,1524,1128,2652.50,300 dpi raster RGB trace mask; per-column pixel median; fixed axis endpoints; no smoothing,128eeb1ea3ad30f5a2ecf9194e2b784be37e837982dec3bdcb7b9db48aa4e7e4
5.634053,,-1.750,0.000,3.250,near_zero_unresolved_within_read_allowance,0.9 <= alpha_L <= 1,0.01,5,11c,c,Dash-8,10,1524,1129,2652.50,300 dpi raster RGB trace mask; per-column pixel median; fixed axis endpoints; no smoothing,128eeb1ea3ad30f5a2ecf9194e2b784be37e837982dec3bdcb7b9db48aa4e7e4
5.641677,,-1.750,0.000,3.250,near_zero_unresolved_within_read_allowance,0.9 <= alpha_L <= 1,0.01,5,11c,c,Dash-8,10,1524,1130,2652.50,300 dpi raster RGB trace mask; per-column pixel median; fixed axis endpoints; no smoothing,128eeb1ea3ad30f5a2ecf9194e2b784be37e837982dec3bdcb7b9db48aa4e7e4
5.649301,,-1.750,0.000,3.250,near_zero_unresolved_within_read_allowance,0.9 <= alpha_L <= 1,0.01,5,11c,c,Dash-8,10,1524,1131,2652.50,300 dpi raster RGB trace mask; per-column pixel median; fixed axis endpoints; no smoothing,128eeb1ea3ad30f5a2ecf9194e2b784be37e837982dec3bdcb7b9db48aa4e7e4
5.656925,,-1.750,0.000,3.250,near_zero_unresolved_within_read_allowance,0.9 <= alpha_L <= 1,0.01,5,11c,c,Dash-8,10,1524,1132,2652.50,300 dpi raster RGB trace mask; per-column pixel median; fixed axis endpoints; no smoothing,128eeb1ea3ad30f5a2ecf9194e2b784be37e837982dec3bdcb7b9db48aa4e7e4
5.664549,,-1.750,0.000,3.250,near_zero_unresolved_within_read_allowance,0.9 <= alpha_L <= 1,0.01,5,11c,c,Dash-8,10,1524,1133,2652.50,300 dpi raster RGB trace mask; per-column pixel median; fixed axis endpoints; no smoothing,128eeb1ea3ad30f5a2ecf9194e2b784be37e837982dec3bdcb7b9db48aa4e7e4
5.672173,,-1.750,0.000,3.250,near_zero_unresolved_within_read_allowance,0.9 <= alpha_L <= 1,0.01,5,11c,c,Dash-8,10,1524,1134,2652.50,300 dpi raster RGB trace mask; per-column pixel median; fixed axis endpoints; no smoothing,128eeb1ea3ad30f5a2ecf9194e2b784be37e837982dec3bdcb7b9db48aa4e7e4
5.679797,,-1.750,0.000,3.250,near_zero_unresolved_within_read_allowance,0.9 <= alpha_L <= 1,0.01,5,11c,c,Dash-8,10,1524,1135,2652.50,300 dpi raster RGB trace mask; per-column pixel median; fixed axis endpoints; no smoothing,128eeb1ea3ad30f5a2ecf9194e2b784be37e837982dec3bdcb7b9db48aa4e7e4
5.687421,,-1.750,0.000,3.250,near_zero_unresolved_within_read_allowance,0.9 <= alpha_L <= 1,0.01,5,11c,c,Dash-8,10,1524,1136,2652.50,300 dpi raster RGB trace mask; per-column pixel median; fixed axis endpoints; no smoothing,128eeb1ea3ad30f5a2ecf9194e2b784be37e837982dec3bdcb7b9db48aa4e7e4
5.695044,,-1.750,0.000,3.250,near_zero_unresolved_within_read_allowance,0.9 <= alpha_L <= 1,0.01,5,11c,c,Dash-8,10,1524,1137,2652.50,300 dpi raster RGB trace mask; per-column pixel median; fixed axis endpoints; no smoothing,128eeb1ea3ad30f5a2ecf9194e2b784be37e837982dec3bdcb7b9db48aa4e7e4
5.702668,,-1.750,0.000,3.250,near_zero_unresolved_within_read_allowance,0.9 <= alpha_L <= 1,0.01,5,11c,c,Dash-8,10,1524,1138,2652.50,300 dpi raster RGB trace mask; per-column pixel median; fixed axis endpoints; no smoothing,128eeb1ea3ad30f5a2ecf9194e2b784be37e837982dec3bdcb7b9db48aa4e7e4
5.710292,,-1.750,0.000,3.250,near_zero_unresolved_within_read_allowance,0.9 <= alpha_L <= 1,0.01,5,11c,c,Dash-8,10,1524,1139,2652.50,300 dpi raster RGB trace mask; per-column pixel median; fixed axis endpoints; no smoothing,128eeb1ea3ad30f5a2ecf9194e2b784be37e837982dec3bdcb7b9db48aa4e7e4
5.717916,,-1.750,0.000,3.250,near_zero_unresolved_within_read_allowance,0.9 <= alpha_L <= 1,0.01,5,11c,c,Dash-8,10,1524,1140,2652.50,300 dpi raster RGB trace mask; per-column pixel median; fixed axis endpoints; no smoothing,128eeb1ea3ad30f5a2ecf9194e2b784be37e837982dec3bdcb7b9db48aa4e7e4
5.725540,,-1.750,0.000,3.250,near_zero_unresolved_within_read_allowance,0.9 <= alpha_L <= 1,0.01,5,11c,c,Dash-8,10,1524,1141,2652.50,300 dpi raster RGB trace mask; per-column pixel median; fixed axis endpoints; no smoothing,128eeb1ea3ad30f5a2ecf9194e2b784be37e837982dec3bdcb7b9db48aa4e7e4
5.733164,,-1.750,0.000,3.250,near_zero_unresolved_within_read_allowance,0.9 <= alpha_L <= 1,0.01,5,11c,c,Dash-8,10,1524,1142,2652.50,300 dpi raster RGB trace mask; per-column pixel median; fixed axis endpoints; no smoothing,128eeb1ea3ad30f5a2ecf9194e2b784be37e837982dec3bdcb7b9db48aa4e7e4
5.740788,,-1.750,0.000,3.250,near_zero_unresolved_within_read_allowance,0.9 <= alpha_L <= 1,0.01,5,11c,c,Dash-8,10,1524,1143,2652.50,300 dpi raster RGB trace mask; per-column pixel median; fixed axis endpoints; no smoothing,128eeb1ea3ad30f5a2ecf9194e2b784be37e837982dec3bdcb7b9db48aa4e7e4
5.748412,,-1.750,0.000,3.250,near_zero_unresolved_within_read_allowance,0.9 <= alpha_L <= 1,0.01,5,11c,c,Dash-8,10,1524,1144,2652.50,300 dpi raster RGB trace mask; per-column pixel median; fixed axis endpoints; no smoothing,128eeb1ea3ad30f5a2ecf9194e2b784be37e837982dec3bdcb7b9db48aa4e7e4
5.756036,,-1.750,0.000,3.250,near_zero_unresolved_within_read_allowance,0.9 <= alpha_L <= 1,0.01,5,11c,c,Dash-8,10,1524,1145,2652.50,300 dpi raster RGB trace mask; per-column pixel median; fixed axis endpoints; no smoothing,128eeb1ea3ad30f5a2ecf9194e2b784be37e837982dec3bdcb7b9db48aa4e7e4
5.763659,,-1.750,0.000,3.250,near_zero_unresolved_within_read_allowance,0.9 <= alpha_L <= 1,0.01,5,11c,c,Dash-8,10,1524,1146,2652.50,300 dpi raster RGB trace mask; per-column pixel median; fixed axis endpoints; no smoothing,128eeb1ea3ad30f5a2ecf9194e2b784be37e837982dec3bdcb7b9db48aa4e7e4
5.771283,,-1.750,0.000,3.250,near_zero_unresolved_within_read_allowance,0.9 <= alpha_L <= 1,0.01,5,11c,c,Dash-8,10,1524,1147,2652.50,300 dpi raster RGB trace mask; per-column pixel median; fixed axis endpoints; no smoothing,128eeb1ea3ad30f5a2ecf9194e2b784be37e837982dec3bdcb7b9db48aa4e7e4
5.778907,,-1.750,0.000,3.250,near_zero_unresolved_within_read_allowance,0.9 <= alpha_L <= 1,0.01,5,11c,c,Dash-8,10,1524,1148,2652.50,300 dpi raster RGB trace mask; per-column pixel median; fixed axis endpoints; no smoothing,128eeb1ea3ad30f5a2ecf9194e2b784be37e837982dec3bdcb7b9db48aa4e7e4
5.786531,,-1.750,0.000,3.250,near_zero_unresolved_within_read_allowance,0.9 <= alpha_L <= 1,0.01,5,11c,c,Dash-8,10,1524,1149,2652.50,300 dpi raster RGB trace mask; per-column pixel median; fixed axis endpoints; no smoothing,128eeb1ea3ad30f5a2ecf9194e2b784be37e837982dec3bdcb7b9db48aa4e7e4
5.794155,,-1.750,0.000,3.250,near_zero_unresolved_within_read_allowance,0.9 <= alpha_L <= 1,0.01,5,11c,c,Dash-8,10,1524,1150,2652.50,300 dpi raster RGB trace mask; per-column pixel median; fixed axis endpoints; no smoothing,128eeb1ea3ad30f5a2ecf9194e2b784be37e837982dec3bdcb7b9db48aa4e7e4
5.801779,,-1.750,0.000,3.250,near_zero_unresolved_within_read_allowance,0.9 <= alpha_L <= 1,0.01,5,11c,c,Dash-8,10,1524,1151,2652.50,300 dpi raster RGB trace mask; per-column pixel median; fixed axis endpoints; no smoothing,128eeb1ea3ad30f5a2ecf9194e2b784be37e837982dec3bdcb7b9db48aa4e7e4
5.809403,,-1.750,0.000,3.250,near_zero_unresolved_within_read_allowance,0.9 <= alpha_L <= 1,0.01,5,11c,c,Dash-8,10,1524,1152,2652.50,300 dpi raster RGB trace mask; per-column pixel median; fixed axis endpoints; no smoothing,128eeb1ea3ad30f5a2ecf9194e2b784be37e837982dec3bdcb7b9db48aa4e7e4
5.817027,,-1.750,0.000,3.250,near_zero_unresolved_within_read_allowance,0.9 <= alpha_L <= 1,0.01,5,11c,c,Dash-8,10,1524,1153,2652.50,300 dpi raster RGB trace mask; per-column pixel median; fixed axis endpoints; no smoothing,128eeb1ea3ad30f5a2ecf9194e2b784be37e837982dec3bdcb7b9db48aa4e7e4
5.824651,,-1.750,0.000,3.250,near_zero_unresolved_within_read_allowance,0.9 <= alpha_L <= 1,0.01,5,11c,c,Dash-8,10,1524,1154,2652.50,300 dpi raster RGB trace mask; per-column pixel median; fixed axis endpoints; no smoothing,128eeb1ea3ad30f5a2ecf9194e2b784be37e837982dec3bdcb7b9db48aa4e7e4
5.832274,,-1.750,0.000,3.250,near_zero_unresolved_within_read_allowance,0.9 <= alpha_L <= 1,0.01,5,11c,c,Dash-8,10,1524,1155,2652.50,300 dpi raster RGB trace mask; per-column pixel median; fixed axis endpoints; no smoothing,128eeb1ea3ad30f5a2ecf9194e2b784be37e837982dec3bdcb7b9db48aa4e7e4
5.839898,,-1.750,0.000,3.250,near_zero_unresolved_within_read_allowance,0.9 <= alpha_L <= 1,0.01,5,11c,c,Dash-8,10,1524,1156,2652.50,300 dpi raster RGB trace mask; per-column pixel median; fixed axis endpoints; no smoothing,128eeb1ea3ad30f5a2ecf9194e2b784be37e837982dec3bdcb7b9db48aa4e7e4
5.847522,,-1.750,0.000,3.250,near_zero_unresolved_within_read_allowance,0.9 <= alpha_L <= 1,0.01,5,11c,c,Dash-8,10,1524,1157,2652.50,300 dpi raster RGB trace mask; per-column pixel median; fixed axis endpoints; no smoothing,128eeb1ea3ad30f5a2ecf9194e2b784be37e837982dec3bdcb7b9db48aa4e7e4
5.855146,,-1.750,0.000,3.250,near_zero_unresolved_within_read_allowance,0.9 <= alpha_L <= 1,0.01,5,11c,c,Dash-8,10,1524,1158,2652.50,300 dpi raster RGB trace mask; per-column pixel median; fixed axis endpoints; no smoothing,128eeb1ea3ad30f5a2ecf9194e2b784be37e837982dec3bdcb7b9db48aa4e7e4
5.862770,,-1.750,0.000,3.250,near_zero_unresolved_within_read_allowance,0.9 <= alpha_L <= 1,0.01,5,11c,c,Dash-8,10,1524,1159,2652.50,300 dpi raster RGB trace mask; per-column pixel median; fixed axis endpoints; no smoothing,128eeb1ea3ad30f5a2ecf9194e2b784be37e837982dec3bdcb7b9db48aa4e7e4
5.870394,,-1.750,0.000,3.250,near_zero_unresolved_within_read_allowance,0.9 <= alpha_L <= 1,0.01,5,11c,c,Dash-8,10,1524,1160,2652.50,300 dpi raster RGB trace mask; per-column pixel median; fixed axis endpoints; no smoothing,128eeb1ea3ad30f5a2ecf9194e2b784be37e837982dec3bdcb7b9db48aa4e7e4
5.878018,,-1.750,0.000,3.250,near_zero_unresolved_within_read_allowance,0.9 <= alpha_L <= 1,0.01,5,11c,c,Dash-8,10,1524,1161,2652.50,300 dpi raster RGB trace mask; per-column pixel median; fixed axis endpoints; no smoothing,128eeb1ea3ad30f5a2ecf9194e2b784be37e837982dec3bdcb7b9db48aa4e7e4
5.885642,,-1.750,0.000,3.250,near_zero_unresolved_within_read_allowance,0.9 <= alpha_L <= 1,0.01,5,11c,c,Dash-8,10,1524,1162,2652.50,300 dpi raster RGB trace mask; per-column pixel median; fixed axis endpoints; no smoothing,128eeb1ea3ad30f5a2ecf9194e2b784be37e837982dec3bdcb7b9db48aa4e7e4
5.893266,,-1.750,0.000,3.250,near_zero_unresolved_within_read_allowance,0.9 <= alpha_L <= 1,0.01,5,11c,c,Dash-8,10,1524,1163,2652.50,300 dpi raster RGB trace mask; per-column pixel median; fixed axis endpoints; no smoothing,128eeb1ea3ad30f5a2ecf9194e2b784be37e837982dec3bdcb7b9db48aa4e7e4
5.900889,,-1.750,0.000,3.250,near_zero_unresolved_within_read_allowance,0.9 <= alpha_L <= 1,0.01,5,11c,c,Dash-8,10,1524,1164,2652.50,300 dpi raster RGB trace mask; per-column pixel median; fixed axis endpoints; no smoothing,128eeb1ea3ad30f5a2ecf9194e2b784be37e837982dec3bdcb7b9db48aa4e7e4
5.908513,,-1.750,0.000,3.250,near_zero_unresolved_within_read_allowance,0.9 <= alpha_L <= 1,0.01,5,11c,c,Dash-8,10,1524,1165,2652.50,300 dpi raster RGB trace mask; per-column pixel median; fixed axis endpoints; no smoothing,128eeb1ea3ad30f5a2ecf9194e2b784be37e837982dec3bdcb7b9db48aa4e7e4
5.916137,,-1.750,0.000,3.250,near_zero_unresolved_within_read_allowance,0.9 <= alpha_L <= 1,0.01,5,11c,c,Dash-8,10,1524,1166,2652.50,300 dpi raster RGB trace mask; per-column pixel median; fixed axis endpoints; no smoothing,128eeb1ea3ad30f5a2ecf9194e2b784be37e837982dec3bdcb7b9db48aa4e7e4
5.923761,,-1.750,0.000,3.250,near_zero_unresolved_within_read_allowance,0.9 <= alpha_L <= 1,0.01,5,11c,c,Dash-8,10,1524,1167,2652.50,300 dpi raster RGB trace mask; per-column pixel median; fixed axis endpoints; no smoothing,128eeb1ea3ad30f5a2ecf9194e2b784be37e837982dec3bdcb7b9db48aa4e7e4
5.931385,,-1.750,0.000,3.250,near_zero_unresolved_within_read_allowance,0.9 <= alpha_L <= 1,0.01,5,11c,c,Dash-8,10,1524,1168,2652.50,300 dpi raster RGB trace mask; per-column pixel median; fixed axis endpoints; no smoothing,128eeb1ea3ad30f5a2ecf9194e2b784be37e837982dec3bdcb7b9db48aa4e7e4
5.939009,,-1.750,0.000,3.250,near_zero_unresolved_within_read_allowance,0.9 <= alpha_L <= 1,0.01,5,11c,c,Dash-8,10,1524,1169,2652.50,300 dpi raster RGB trace mask; per-column pixel median; fixed axis endpoints; no smoothing,128eeb1ea3ad30f5a2ecf9194e2b784be37e837982dec3bdcb7b9db48aa4e7e4
5.946633,,-1.750,0.000,3.250,near_zero_unresolved_within_read_allowance,0.9 <= alpha_L <= 1,0.01,5,11c,c,Dash-8,10,1524,1170,2652.50,300 dpi raster RGB trace mask; per-column pixel median; fixed axis endpoints; no smoothing,128eeb1ea3ad30f5a2ecf9194e2b784be37e837982dec3bdcb7b9db48aa4e7e4
5.954257,,-1.750,0.000,3.250,near_zero_unresolved_within_read_allowance,0.9 <= alpha_L <= 1,0.01,5,11c,c,Dash-8,10,1524,1171,2652.50,300 dpi raster RGB trace mask; per-column pixel median; fixed axis endpoints; no smoothing,128eeb1ea3ad30f5a2ecf9194e2b784be37e837982dec3bdcb7b9db48aa4e7e4
5.961881,,-1.750,0.000,3.250,near_zero_unresolved_within_read_allowance,0.9 <= alpha_L <= 1,0.01,5,11c,c,Dash-8,10,1524,1172,2652.50,300 dpi raster RGB trace mask; per-column pixel median; fixed axis endpoints; no smoothing,128eeb1ea3ad30f5a2ecf9194e2b784be37e837982dec3bdcb7b9db48aa4e7e4
5.969504,,-1.750,0.000,3.250,near_zero_unresolved_within_read_allowance,0.9 <= alpha_L <= 1,0.01,5,11c,c,Dash-8,10,1524,1173,2652.50,300 dpi raster RGB trace mask; per-column pixel median; fixed axis endpoints; no smoothing,128eeb1ea3ad30f5a2ecf9194e2b784be37e837982dec3bdcb7b9db48aa4e7e4
5.977128,,-1.750,0.000,3.250,near_zero_unresolved_within_read_allowance,0.9 <= alpha_L <= 1,0.01,5,11c,c,Dash-8,10,1524,1174,2652.50,300 dpi raster RGB trace mask; per-column pixel median; fixed axis endpoints; no smoothing,128eeb1ea3ad30f5a2ecf9194e2b784be37e837982dec3bdcb7b9db48aa4e7e4
5.984752,,-1.750,0.000,3.250,near_zero_unresolved_within_read_allowance,0.9 <= alpha_L <= 1,0.01,5,11c,c,Dash-8,10,1524,1175,2652.50,300 dpi raster RGB trace mask; per-column pixel median; fixed axis endpoints; no smoothing,128eeb1ea3ad30f5a2ecf9194e2b784be37e837982dec3bdcb7b9db48aa4e7e4
5.992376,,-1.167,0.000,3.833,near_zero_unresolved_within_read_allowance,0.9 <= alpha_L <= 1,0.01,5,11c,c,Dash-8,10,1524,1176,2652.00,300 dpi raster RGB trace mask; per-column pixel median; fixed axis endpoints; no smoothing,128eeb1ea3ad30f5a2ecf9194e2b784be37e837982dec3bdcb7b9db48aa4e7e4
6.000000,,-1.167,0.000,3.833,near_zero_unresolved_within_read_allowance,0.9 <= alpha_L <= 1,0.01,5,11c,c,Dash-8,10,1524,1177,2652.00,300 dpi raster RGB trace mask; per-column pixel median; fixed axis endpoints; no smoothing,128eeb1ea3ad30f5a2ecf9194e2b784be37e837982dec3bdcb7b9db48aa4e7e4
