source_pdf_sha256,source_pdf_filename,pdf_page,journal_page,figure,panel,aircraft,alpha_l_threshold,series_id,time_s,time_status,legend_color,stroke_rgb_center,stroke_rgb_distance_limit,render_dpi,sample_step_px,crop_x_px,crop_y_px,crop_width_px,crop_height_px,axis_x_variable,axis_x_unit,axis_x_zero_px,axis_x_zero_value,axis_x_max_px,axis_x_max_value,axis_y_variable,axis_y_unit,axis_y_zero_px,axis_y_zero_value,axis_y_max_px,axis_y_max_value,axis_y_pixels_increase_downward,plot_x_px,plot_y_px,point_index,page_x_px,page_y_px,x_value,y_value,read_bound_streamwise_y_m,read_bound_vertical_Z_m,read_method
128eeb1ea3ad30f5a2ecf9194e2b784be37e837982dec3bdcb7b9db48aa4e7e4,Numerical simulation of aerial liquid drops of Canadair CL-415 and Dash-8 airtankers.pdf,7,1521,Fig. 6(b),b,CL-415,0.001,cl415_alpha0p001_t0.5s,0.5,reported,red,"250,10,27",90.0,500,4,2050,300,1800,1700,streamwise_distance_y,m,215.5,0.0,1631.0,2.0,vertical_penetration_Z,m,271.5,0.0,1390.0,3.0,true,249.00,271.50,0,2299.00,571.50,0.04733,0.00000,0.020,0.030,500dpi page-7 raster; red connected stroke; median pixel center per 4px plot-x column plus visible endpoints; no curve fitting or bridging
128eeb1ea3ad30f5a2ecf9194e2b784be37e837982dec3bdcb7b9db48aa4e7e4,Numerical simulation of aerial liquid drops of Canadair CL-415 and Dash-8 airtankers.pdf,7,1521,Fig. 6(b),b,CL-415,0.001,cl415_alpha0p001_t0.5s,0.5,reported,red,"250,10,27",90.0,500,4,2050,300,1800,1700,streamwise_distance_y,m,215.5,0.0,1631.0,2.0,vertical_penetration_Z,m,271.5,0.0,1390.0,3.0,true,252.00,273.00,1,2302.00,573.00,0.05157,0.00402,0.020,0.030,500dpi page-7 raster; red connected stroke; median pixel center per 4px plot-x column plus visible endpoints; no curve fitting or bridging
128eeb1ea3ad30f5a2ecf9194e2b784be37e837982dec3bdcb7b9db48aa4e7e4,Numerical simulation of aerial liquid drops of Canadair CL-415 and Dash-8 airtankers.pdf,7,1521,Fig. 6(b),b,CL-415,0.001,cl415_alpha0p001_t0.5s,0.5,reported,red,"250,10,27",90.0,500,4,2050,300,1800,1700,streamwise_distance_y,m,215.5,0.0,1631.0,2.0,vertical_penetration_Z,m,271.5,0.0,1390.0,3.0,true,256.00,273.00,2,2306.00,573.00,0.05722,0.00402,0.020,0.030,500dpi page-7 raster; red connected stroke; median pixel center per 4px plot-x column plus visible endpoints; no curve fitting or bridging
128eeb1ea3ad30f5a2ecf9194e2b784be37e837982dec3bdcb7b9db48aa4e7e4,Numerical simulation of aerial liquid drops of Canadair CL-415 and Dash-8 airtankers.pdf,7,1521,Fig. 6(b),b,CL-415,0.001,cl415_alpha0p001_t0.5s,0.5,reported,red,"250,10,27",90.0,500,4,2050,300,1800,1700,streamwise_distance_y,m,215.5,0.0,1631.0,2.0,vertical_penetration_Z,m,271.5,0.0,1390.0,3.0,true,260.00,273.00,3,2310.00,573.00,0.06288,0.00402,0.020,0.030,500dpi page-7 raster; red connected stroke; median pixel center per 4px plot-x column plus visible endpoints; no curve fitting or bridging
128eeb1ea3ad30f5a2ecf9194e2b784be37e837982dec3bdcb7b9db48aa4e7e4,Numerical simulation of aerial liquid drops of Canadair CL-415 and Dash-8 airtankers.pdf,7,1521,Fig. 6(b),b,CL-415,0.001,cl415_alpha0p001_t0.5s,0.5,reported,red,"250,10,27",90.0,500,4,2050,300,1800,1700,streamwise_distance_y,m,215.5,0.0,1631.0,2.0,vertical_penetration_Z,m,271.5,0.0,1390.0,3.0,true,264.00,273.00,4,2314.00,573.00,0.06853,0.00402,0.020,0.030,500dpi page-7 raster; red connected stroke; median pixel center per 4px plot-x column plus visible endpoints; no curve fitting or bridging
128eeb1ea3ad30f5a2ecf9194e2b784be37e837982dec3bdcb7b9db48aa4e7e4,Numerical simulation of aerial liquid drops of Canadair CL-415 and Dash-8 airtankers.pdf,7,1521,Fig. 6(b),b,CL-415,0.001,cl415_alpha0p001_t0.5s,0.5,reported,red,"250,10,27",90.0,500,4,2050,300,1800,1700,streamwise_distance_y,m,215.5,0.0,1631.0,2.0,vertical_penetration_Z,m,271.5,0.0,1390.0,3.0,true,268.00,273.50,5,2318.00,573.50,0.07418,0.00536,0.020,0.030,500dpi page-7 raster; red connected stroke; median pixel center per 4px plot-x column plus visible endpoints; no curve fitting or bridging
128eeb1ea3ad30f5a2ecf9194e2b784be37e837982dec3bdcb7b9db48aa4e7e4,Numerical simulation of aerial liquid drops of Canadair CL-415 and Dash-8 airtankers.pdf,7,1521,Fig. 6(b),b,CL-415,0.001,cl415_alpha0p001_t0.5s,0.5,reported,red,"250,10,27",90.0,500,4,2050,300,1800,1700,streamwise_distance_y,m,215.5,0.0,1631.0,2.0,vertical_penetration_Z,m,271.5,0.0,1390.0,3.0,true,272.00,274.50,6,2322.00,574.50,0.07983,0.00805,0.020,0.030,500dpi page-7 raster; red connected stroke; median pixel center per 4px plot-x column plus visible endpoints; no curve fitting or bridging
128eeb1ea3ad30f5a2ecf9194e2b784be37e837982dec3bdcb7b9db48aa4e7e4,Numerical simulation of aerial liquid drops of Canadair CL-415 and Dash-8 airtankers.pdf,7,1521,Fig. 6(b),b,CL-415,0.001,cl415_alpha0p001_t0.5s,0.5,reported,red,"250,10,27",90.0,500,4,2050,300,1800,1700,streamwise_distance_y,m,215.5,0.0,1631.0,2.0,vertical_penetration_Z,m,271.5,0.0,1390.0,3.0,true,276.00,275.50,7,2326.00,575.50,0.08548,0.01073,0.020,0.030,500dpi page-7 raster; red connected stroke; median pixel center per 4px plot-x column plus visible endpoints; no curve fitting or bridging
128eeb1ea3ad30f5a2ecf9194e2b784be37e837982dec3bdcb7b9db48aa4e7e4,Numerical simulation of aerial liquid drops of Canadair CL-415 and Dash-8 airtankers.pdf,7,1521,Fig. 6(b),b,CL-415,0.001,cl415_alpha0p001_t0.5s,0.5,reported,red,"250,10,27",90.0,500,4,2050,300,1800,1700,streamwise_distance_y,m,215.5,0.0,1631.0,2.0,vertical_penetration_Z,m,271.5,0.0,1390.0,3.0,true,280.00,276.50,8,2330.00,576.50,0.09113,0.01341,0.020,0.030,500dpi page-7 raster; red connected stroke; median pixel center per 4px plot-x column plus visible endpoints; no curve fitting or bridging
128eeb1ea3ad30f5a2ecf9194e2b784be37e837982dec3bdcb7b9db48aa4e7e4,Numerical simulation of aerial liquid drops of Canadair CL-415 and Dash-8 airtankers.pdf,7,1521,Fig. 6(b),b,CL-415,0.001,cl415_alpha0p001_t0.5s,0.5,reported,red,"250,10,27",90.0,500,4,2050,300,1800,1700,streamwise_distance_y,m,215.5,0.0,1631.0,2.0,vertical_penetration_Z,m,271.5,0.0,1390.0,3.0,true,284.00,278.00,9,2334.00,578.00,0.09679,0.01743,0.020,0.030,500dpi page-7 raster; red connected stroke; median pixel center per 4px plot-x column plus visible endpoints; no curve fitting or bridging
128eeb1ea3ad30f5a2ecf9194e2b784be37e837982dec3bdcb7b9db48aa4e7e4,Numerical simulation of aerial liquid drops of Canadair CL-415 and Dash-8 airtankers.pdf,7,1521,Fig. 6(b),b,CL-415,0.001,cl415_alpha0p001_t0.5s,0.5,reported,red,"250,10,27",90.0,500,4,2050,300,1800,1700,streamwise_distance_y,m,215.5,0.0,1631.0,2.0,vertical_penetration_Z,m,271.5,0.0,1390.0,3.0,true,288.00,280.50,10,2338.00,580.50,0.10244,0.02414,0.020,0.030,500dpi page-7 raster; red connected stroke; median pixel center per 4px plot-x column plus visible endpoints; no curve fitting or bridging
128eeb1ea3ad30f5a2ecf9194e2b784be37e837982dec3bdcb7b9db48aa4e7e4,Numerical simulation of aerial liquid drops of Canadair CL-415 and Dash-8 airtankers.pdf,7,1521,Fig. 6(b),b,CL-415,0.001,cl415_alpha0p001_t0.5s,0.5,reported,red,"250,10,27",90.0,500,4,2050,300,1800,1700,streamwise_distance_y,m,215.5,0.0,1631.0,2.0,vertical_penetration_Z,m,271.5,0.0,1390.0,3.0,true,292.00,282.50,11,2342.00,582.50,0.10809,0.02950,0.020,0.030,500dpi page-7 raster; red connected stroke; median pixel center per 4px plot-x column plus visible endpoints; no curve fitting or bridging
128eeb1ea3ad30f5a2ecf9194e2b784be37e837982dec3bdcb7b9db48aa4e7e4,Numerical simulation of aerial liquid drops of Canadair CL-415 and Dash-8 airtankers.pdf,7,1521,Fig. 6(b),b,CL-415,0.001,cl415_alpha0p001_t0.5s,0.5,reported,red,"250,10,27",90.0,500,4,2050,300,1800,1700,streamwise_distance_y,m,215.5,0.0,1631.0,2.0,vertical_penetration_Z,m,271.5,0.0,1390.0,3.0,true,296.00,284.50,12,2346.00,584.50,0.11374,0.03487,0.020,0.030,500dpi page-7 raster; red connected stroke; median pixel center per 4px plot-x column plus visible endpoints; no curve fitting or bridging
128eeb1ea3ad30f5a2ecf9194e2b784be37e837982dec3bdcb7b9db48aa4e7e4,Numerical simulation of aerial liquid drops of Canadair CL-415 and Dash-8 airtankers.pdf,7,1521,Fig. 6(b),b,CL-415,0.001,cl415_alpha0p001_t0.5s,0.5,reported,red,"250,10,27",90.0,500,4,2050,300,1800,1700,streamwise_distance_y,m,215.5,0.0,1631.0,2.0,vertical_penetration_Z,m,271.5,0.0,1390.0,3.0,true,300.00,286.50,13,2350.00,586.50,0.11939,0.04023,0.020,0.030,500dpi page-7 raster; red connected stroke; median pixel center per 4px plot-x column plus visible endpoints; no curve fitting or bridging
128eeb1ea3ad30f5a2ecf9194e2b784be37e837982dec3bdcb7b9db48aa4e7e4,Numerical simulation of aerial liquid drops of Canadair CL-415 and Dash-8 airtankers.pdf,7,1521,Fig. 6(b),b,CL-415,0.001,cl415_alpha0p001_t0.5s,0.5,reported,red,"250,10,27",90.0,500,4,2050,300,1800,1700,streamwise_distance_y,m,215.5,0.0,1631.0,2.0,vertical_penetration_Z,m,271.5,0.0,1390.0,3.0,true,304.00,289.00,14,2354.00,589.00,0.12504,0.04694,0.020,0.030,500dpi page-7 raster; red connected stroke; median pixel center per 4px plot-x column plus visible endpoints; no curve fitting or bridging
128eeb1ea3ad30f5a2ecf9194e2b784be37e837982dec3bdcb7b9db48aa4e7e4,Numerical simulation of aerial liquid drops of Canadair CL-415 and Dash-8 airtankers.pdf,7,1521,Fig. 6(b),b,CL-415,0.001,cl415_alpha0p001_t0.5s,0.5,reported,red,"250,10,27",90.0,500,4,2050,300,1800,1700,streamwise_distance_y,m,215.5,0.0,1631.0,2.0,vertical_penetration_Z,m,271.5,0.0,1390.0,3.0,true,308.00,291.00,15,2358.00,591.00,0.13070,0.05230,0.020,0.030,500dpi page-7 raster; red connected stroke; median pixel center per 4px plot-x column plus visible endpoints; no curve fitting or bridging
128eeb1ea3ad30f5a2ecf9194e2b784be37e837982dec3bdcb7b9db48aa4e7e4,Numerical simulation of aerial liquid drops of Canadair CL-415 and Dash-8 airtankers.pdf,7,1521,Fig. 6(b),b,CL-415,0.001,cl415_alpha0p001_t0.5s,0.5,reported,red,"250,10,27",90.0,500,4,2050,300,1800,1700,streamwise_distance_y,m,215.5,0.0,1631.0,2.0,vertical_penetration_Z,m,271.5,0.0,1390.0,3.0,true,312.00,293.00,16,2362.00,593.00,0.13635,0.05767,0.020,0.030,500dpi page-7 raster; red connected stroke; median pixel center per 4px plot-x column plus visible endpoints; no curve fitting or bridging
128eeb1ea3ad30f5a2ecf9194e2b784be37e837982dec3bdcb7b9db48aa4e7e4,Numerical simulation of aerial liquid drops of Canadair CL-415 and Dash-8 airtankers.pdf,7,1521,Fig. 6(b),b,CL-415,0.001,cl415_alpha0p001_t0.5s,0.5,reported,red,"250,10,27",90.0,500,4,2050,300,1800,1700,streamwise_distance_y,m,215.5,0.0,1631.0,2.0,vertical_penetration_Z,m,271.5,0.0,1390.0,3.0,true,316.00,295.50,17,2366.00,595.50,0.14200,0.06437,0.020,0.030,500dpi page-7 raster; red connected stroke; median pixel center per 4px plot-x column plus visible endpoints; no curve fitting or bridging
128eeb1ea3ad30f5a2ecf9194e2b784be37e837982dec3bdcb7b9db48aa4e7e4,Numerical simulation of aerial liquid drops of Canadair CL-415 and Dash-8 airtankers.pdf,7,1521,Fig. 6(b),b,CL-415,0.001,cl415_alpha0p001_t0.5s,0.5,reported,red,"250,10,27",90.0,500,4,2050,300,1800,1700,streamwise_distance_y,m,215.5,0.0,1631.0,2.0,vertical_penetration_Z,m,271.5,0.0,1390.0,3.0,true,320.00,297.50,18,2370.00,597.50,0.14765,0.06974,0.020,0.030,500dpi page-7 raster; red connected stroke; median pixel center per 4px plot-x column plus visible endpoints; no curve fitting or bridging
128eeb1ea3ad30f5a2ecf9194e2b784be37e837982dec3bdcb7b9db48aa4e7e4,Numerical simulation of aerial liquid drops of Canadair CL-415 and Dash-8 airtankers.pdf,7,1521,Fig. 6(b),b,CL-415,0.001,cl415_alpha0p001_t0.5s,0.5,reported,red,"250,10,27",90.0,500,4,2050,300,1800,1700,streamwise_distance_y,m,215.5,0.0,1631.0,2.0,vertical_penetration_Z,m,271.5,0.0,1390.0,3.0,true,324.00,299.00,19,2374.00,599.00,0.15330,0.07376,0.020,0.030,500dpi page-7 raster; red connected stroke; median pixel center per 4px plot-x column plus visible endpoints; no curve fitting or bridging
128eeb1ea3ad30f5a2ecf9194e2b784be37e837982dec3bdcb7b9db48aa4e7e4,Numerical simulation of aerial liquid drops of Canadair CL-415 and Dash-8 airtankers.pdf,7,1521,Fig. 6(b),b,CL-415,0.001,cl415_alpha0p001_t0.5s,0.5,reported,red,"250,10,27",90.0,500,4,2050,300,1800,1700,streamwise_distance_y,m,215.5,0.0,1631.0,2.0,vertical_penetration_Z,m,271.5,0.0,1390.0,3.0,true,328.00,300.00,20,2378.00,600.00,0.15895,0.07644,0.020,0.030,500dpi page-7 raster; red connected stroke; median pixel center per 4px plot-x column plus visible endpoints; no curve fitting or bridging
128eeb1ea3ad30f5a2ecf9194e2b784be37e837982dec3bdcb7b9db48aa4e7e4,Numerical simulation of aerial liquid drops of Canadair CL-415 and Dash-8 airtankers.pdf,7,1521,Fig. 6(b),b,CL-415,0.001,cl415_alpha0p001_t0.5s,0.5,reported,red,"250,10,27",90.0,500,4,2050,300,1800,1700,streamwise_distance_y,m,215.5,0.0,1631.0,2.0,vertical_penetration_Z,m,271.5,0.0,1390.0,3.0,true,332.00,300.00,21,2382.00,600.00,0.16461,0.07644,0.020,0.030,500dpi page-7 raster; red connected stroke; median pixel center per 4px plot-x column plus visible endpoints; no curve fitting or bridging
128eeb1ea3ad30f5a2ecf9194e2b784be37e837982dec3bdcb7b9db48aa4e7e4,Numerical simulation of aerial liquid drops of Canadair CL-415 and Dash-8 airtankers.pdf,7,1521,Fig. 6(b),b,CL-415,0.001,cl415_alpha0p001_t0.5s,0.5,reported,red,"250,10,27",90.0,500,4,2050,300,1800,1700,streamwise_distance_y,m,215.5,0.0,1631.0,2.0,vertical_penetration_Z,m,271.5,0.0,1390.0,3.0,true,336.00,300.00,22,2386.00,600.00,0.17026,0.07644,0.020,0.030,500dpi page-7 raster; red connected stroke; median pixel center per 4px plot-x column plus visible endpoints; no curve fitting or bridging
128eeb1ea3ad30f5a2ecf9194e2b784be37e837982dec3bdcb7b9db48aa4e7e4,Numerical simulation of aerial liquid drops of Canadair CL-415 and Dash-8 airtankers.pdf,7,1521,Fig. 6(b),b,CL-415,0.001,cl415_alpha0p001_t0.5s,0.5,reported,red,"250,10,27",90.0,500,4,2050,300,1800,1700,streamwise_distance_y,m,215.5,0.0,1631.0,2.0,vertical_penetration_Z,m,271.5,0.0,1390.0,3.0,true,340.00,300.00,23,2390.00,600.00,0.17591,0.07644,0.020,0.030,500dpi page-7 raster; red connected stroke; median pixel center per 4px plot-x column plus visible endpoints; no curve fitting or bridging
128eeb1ea3ad30f5a2ecf9194e2b784be37e837982dec3bdcb7b9db48aa4e7e4,Numerical simulation of aerial liquid drops of Canadair CL-415 and Dash-8 airtankers.pdf,7,1521,Fig. 6(b),b,CL-415,0.001,cl415_alpha0p001_t0.5s,0.5,reported,red,"250,10,27",90.0,500,4,2050,300,1800,1700,streamwise_distance_y,m,215.5,0.0,1631.0,2.0,vertical_penetration_Z,m,271.5,0.0,1390.0,3.0,true,344.00,300.00,24,2394.00,600.00,0.18156,0.07644,0.020,0.030,500dpi page-7 raster; red connected stroke; median pixel center per 4px plot-x column plus visible endpoints; no curve fitting or bridging
128eeb1ea3ad30f5a2ecf9194e2b784be37e837982dec3bdcb7b9db48aa4e7e4,Numerical simulation of aerial liquid drops of Canadair CL-415 and Dash-8 airtankers.pdf,7,1521,Fig. 6(b),b,CL-415,0.001,cl415_alpha0p001_t0.5s,0.5,reported,red,"250,10,27",90.0,500,4,2050,300,1800,1700,streamwise_distance_y,m,215.5,0.0,1631.0,2.0,vertical_penetration_Z,m,271.5,0.0,1390.0,3.0,true,348.00,300.00,25,2398.00,600.00,0.18721,0.07644,0.020,0.030,500dpi page-7 raster; red connected stroke; median pixel center per 4px plot-x column plus visible endpoints; no curve fitting or bridging
128eeb1ea3ad30f5a2ecf9194e2b784be37e837982dec3bdcb7b9db48aa4e7e4,Numerical simulation of aerial liquid drops of Canadair CL-415 and Dash-8 airtankers.pdf,7,1521,Fig. 6(b),b,CL-415,0.001,cl415_alpha0p001_t0.5s,0.5,reported,red,"250,10,27",90.0,500,4,2050,300,1800,1700,streamwise_distance_y,m,215.5,0.0,1631.0,2.0,vertical_penetration_Z,m,271.5,0.0,1390.0,3.0,true,352.00,300.50,26,2402.00,600.50,0.19286,0.07778,0.020,0.030,500dpi page-7 raster; red connected stroke; median pixel center per 4px plot-x column plus visible endpoints; no curve fitting or bridging
128eeb1ea3ad30f5a2ecf9194e2b784be37e837982dec3bdcb7b9db48aa4e7e4,Numerical simulation of aerial liquid drops of Canadair CL-415 and Dash-8 airtankers.pdf,7,1521,Fig. 6(b),b,CL-415,0.001,cl415_alpha0p001_t0.5s,0.5,reported,red,"250,10,27",90.0,500,4,2050,300,1800,1700,streamwise_distance_y,m,215.5,0.0,1631.0,2.0,vertical_penetration_Z,m,271.5,0.0,1390.0,3.0,true,356.00,303.50,27,2406.00,603.50,0.19852,0.08583,0.020,0.030,500dpi page-7 raster; red connected stroke; median pixel center per 4px plot-x column plus visible endpoints; no curve fitting or bridging
128eeb1ea3ad30f5a2ecf9194e2b784be37e837982dec3bdcb7b9db48aa4e7e4,Numerical simulation of aerial liquid drops of Canadair CL-415 and Dash-8 airtankers.pdf,7,1521,Fig. 6(b),b,CL-415,0.001,cl415_alpha0p001_t0.5s,0.5,reported,red,"250,10,27",90.0,500,4,2050,300,1800,1700,streamwise_distance_y,m,215.5,0.0,1631.0,2.0,vertical_penetration_Z,m,271.5,0.0,1390.0,3.0,true,360.00,307.00,28,2410.00,607.00,0.20417,0.09522,0.020,0.030,500dpi page-7 raster; red connected stroke; median pixel center per 4px plot-x column plus visible endpoints; no curve fitting or bridging
128eeb1ea3ad30f5a2ecf9194e2b784be37e837982dec3bdcb7b9db48aa4e7e4,Numerical simulation of aerial liquid drops of Canadair CL-415 and Dash-8 airtankers.pdf,7,1521,Fig. 6(b),b,CL-415,0.001,cl415_alpha0p001_t0.5s,0.5,reported,red,"250,10,27",90.0,500,4,2050,300,1800,1700,streamwise_distance_y,m,215.5,0.0,1631.0,2.0,vertical_penetration_Z,m,271.5,0.0,1390.0,3.0,true,364.00,311.50,29,2414.00,611.50,0.20982,0.10729,0.020,0.030,500dpi page-7 raster; red connected stroke; median pixel center per 4px plot-x column plus visible endpoints; no curve fitting or bridging
128eeb1ea3ad30f5a2ecf9194e2b784be37e837982dec3bdcb7b9db48aa4e7e4,Numerical simulation of aerial liquid drops of Canadair CL-415 and Dash-8 airtankers.pdf,7,1521,Fig. 6(b),b,CL-415,0.001,cl415_alpha0p001_t0.5s,0.5,reported,red,"250,10,27",90.0,500,4,2050,300,1800,1700,streamwise_distance_y,m,215.5,0.0,1631.0,2.0,vertical_penetration_Z,m,271.5,0.0,1390.0,3.0,true,368.00,315.50,30,2418.00,615.50,0.21547,0.11802,0.020,0.030,500dpi page-7 raster; red connected stroke; median pixel center per 4px plot-x column plus visible endpoints; no curve fitting or bridging
128eeb1ea3ad30f5a2ecf9194e2b784be37e837982dec3bdcb7b9db48aa4e7e4,Numerical simulation of aerial liquid drops of Canadair CL-415 and Dash-8 airtankers.pdf,7,1521,Fig. 6(b),b,CL-415,0.001,cl415_alpha0p001_t0.5s,0.5,reported,red,"250,10,27",90.0,500,4,2050,300,1800,1700,streamwise_distance_y,m,215.5,0.0,1631.0,2.0,vertical_penetration_Z,m,271.5,0.0,1390.0,3.0,true,372.00,319.50,31,2422.00,619.50,0.22112,0.12874,0.020,0.030,500dpi page-7 raster; red connected stroke; median pixel center per 4px plot-x column plus visible endpoints; no curve fitting or bridging
128eeb1ea3ad30f5a2ecf9194e2b784be37e837982dec3bdcb7b9db48aa4e7e4,Numerical simulation of aerial liquid drops of Canadair CL-415 and Dash-8 airtankers.pdf,7,1521,Fig. 6(b),b,CL-415,0.001,cl415_alpha0p001_t0.5s,0.5,reported,red,"250,10,27",90.0,500,4,2050,300,1800,1700,streamwise_distance_y,m,215.5,0.0,1631.0,2.0,vertical_penetration_Z,m,271.5,0.0,1390.0,3.0,true,376.00,324.00,32,2426.00,624.00,0.22677,0.14081,0.020,0.030,500dpi page-7 raster; red connected stroke; median pixel center per 4px plot-x column plus visible endpoints; no curve fitting or bridging
128eeb1ea3ad30f5a2ecf9194e2b784be37e837982dec3bdcb7b9db48aa4e7e4,Numerical simulation of aerial liquid drops of Canadair CL-415 and Dash-8 airtankers.pdf,7,1521,Fig. 6(b),b,CL-415,0.001,cl415_alpha0p001_t0.5s,0.5,reported,red,"250,10,27",90.0,500,4,2050,300,1800,1700,streamwise_distance_y,m,215.5,0.0,1631.0,2.0,vertical_penetration_Z,m,271.5,0.0,1390.0,3.0,true,380.00,329.50,33,2430.00,629.50,0.23243,0.15557,0.020,0.030,500dpi page-7 raster; red connected stroke; median pixel center per 4px plot-x column plus visible endpoints; no curve fitting or bridging
128eeb1ea3ad30f5a2ecf9194e2b784be37e837982dec3bdcb7b9db48aa4e7e4,Numerical simulation of aerial liquid drops of Canadair CL-415 and Dash-8 airtankers.pdf,7,1521,Fig. 6(b),b,CL-415,0.001,cl415_alpha0p001_t0.5s,0.5,reported,red,"250,10,27",90.0,500,4,2050,300,1800,1700,streamwise_distance_y,m,215.5,0.0,1631.0,2.0,vertical_penetration_Z,m,271.5,0.0,1390.0,3.0,true,384.00,336.00,34,2434.00,636.00,0.23808,0.17300,0.020,0.030,500dpi page-7 raster; red connected stroke; median pixel center per 4px plot-x column plus visible endpoints; no curve fitting or bridging
128eeb1ea3ad30f5a2ecf9194e2b784be37e837982dec3bdcb7b9db48aa4e7e4,Numerical simulation of aerial liquid drops of Canadair CL-415 and Dash-8 airtankers.pdf,7,1521,Fig. 6(b),b,CL-415,0.001,cl415_alpha0p001_t0.5s,0.5,reported,red,"250,10,27",90.0,500,4,2050,300,1800,1700,streamwise_distance_y,m,215.5,0.0,1631.0,2.0,vertical_penetration_Z,m,271.5,0.0,1390.0,3.0,true,388.00,342.50,35,2438.00,642.50,0.24373,0.19043,0.020,0.030,500dpi page-7 raster; red connected stroke; median pixel center per 4px plot-x column plus visible endpoints; no curve fitting or bridging
128eeb1ea3ad30f5a2ecf9194e2b784be37e837982dec3bdcb7b9db48aa4e7e4,Numerical simulation of aerial liquid drops of Canadair CL-415 and Dash-8 airtankers.pdf,7,1521,Fig. 6(b),b,CL-415,0.001,cl415_alpha0p001_t0.5s,0.5,reported,red,"250,10,27",90.0,500,4,2050,300,1800,1700,streamwise_distance_y,m,215.5,0.0,1631.0,2.0,vertical_penetration_Z,m,271.5,0.0,1390.0,3.0,true,392.00,351.50,36,2442.00,651.50,0.24938,0.21457,0.020,0.030,500dpi page-7 raster; red connected stroke; median pixel center per 4px plot-x column plus visible endpoints; no curve fitting or bridging
128eeb1ea3ad30f5a2ecf9194e2b784be37e837982dec3bdcb7b9db48aa4e7e4,Numerical simulation of aerial liquid drops of Canadair CL-415 and Dash-8 airtankers.pdf,7,1521,Fig. 6(b),b,CL-415,0.001,cl415_alpha0p001_t0.5s,0.5,reported,red,"250,10,27",90.0,500,4,2050,300,1800,1700,streamwise_distance_y,m,215.5,0.0,1631.0,2.0,vertical_penetration_Z,m,271.5,0.0,1390.0,3.0,true,396.00,360.00,37,2446.00,660.00,0.25503,0.23737,0.020,0.030,500dpi page-7 raster; red connected stroke; median pixel center per 4px plot-x column plus visible endpoints; no curve fitting or bridging
128eeb1ea3ad30f5a2ecf9194e2b784be37e837982dec3bdcb7b9db48aa4e7e4,Numerical simulation of aerial liquid drops of Canadair CL-415 and Dash-8 airtankers.pdf,7,1521,Fig. 6(b),b,CL-415,0.001,cl415_alpha0p001_t0.5s,0.5,reported,red,"250,10,27",90.0,500,4,2050,300,1800,1700,streamwise_distance_y,m,215.5,0.0,1631.0,2.0,vertical_penetration_Z,m,271.5,0.0,1390.0,3.0,true,400.00,368.00,38,2450.00,668.00,0.26069,0.25883,0.020,0.030,500dpi page-7 raster; red connected stroke; median pixel center per 4px plot-x column plus visible endpoints; no curve fitting or bridging
128eeb1ea3ad30f5a2ecf9194e2b784be37e837982dec3bdcb7b9db48aa4e7e4,Numerical simulation of aerial liquid drops of Canadair CL-415 and Dash-8 airtankers.pdf,7,1521,Fig. 6(b),b,CL-415,0.001,cl415_alpha0p001_t0.5s,0.5,reported,red,"250,10,27",90.0,500,4,2050,300,1800,1700,streamwise_distance_y,m,215.5,0.0,1631.0,2.0,vertical_penetration_Z,m,271.5,0.0,1390.0,3.0,true,404.00,376.50,39,2454.00,676.50,0.26634,0.28163,0.020,0.030,500dpi page-7 raster; red connected stroke; median pixel center per 4px plot-x column plus visible endpoints; no curve fitting or bridging
128eeb1ea3ad30f5a2ecf9194e2b784be37e837982dec3bdcb7b9db48aa4e7e4,Numerical simulation of aerial liquid drops of Canadair CL-415 and Dash-8 airtankers.pdf,7,1521,Fig. 6(b),b,CL-415,0.001,cl415_alpha0p001_t0.5s,0.5,reported,red,"250,10,27",90.0,500,4,2050,300,1800,1700,streamwise_distance_y,m,215.5,0.0,1631.0,2.0,vertical_penetration_Z,m,271.5,0.0,1390.0,3.0,true,408.00,383.50,40,2458.00,683.50,0.27199,0.30040,0.020,0.030,500dpi page-7 raster; red connected stroke; median pixel center per 4px plot-x column plus visible endpoints; no curve fitting or bridging
128eeb1ea3ad30f5a2ecf9194e2b784be37e837982dec3bdcb7b9db48aa4e7e4,Numerical simulation of aerial liquid drops of Canadair CL-415 and Dash-8 airtankers.pdf,7,1521,Fig. 6(b),b,CL-415,0.001,cl415_alpha0p001_t0.5s,0.5,reported,red,"250,10,27",90.0,500,4,2050,300,1800,1700,streamwise_distance_y,m,215.5,0.0,1631.0,2.0,vertical_penetration_Z,m,271.5,0.0,1390.0,3.0,true,412.00,388.50,41,2462.00,688.50,0.27764,0.31381,0.020,0.030,500dpi page-7 raster; red connected stroke; median pixel center per 4px plot-x column plus visible endpoints; no curve fitting or bridging
128eeb1ea3ad30f5a2ecf9194e2b784be37e837982dec3bdcb7b9db48aa4e7e4,Numerical simulation of aerial liquid drops of Canadair CL-415 and Dash-8 airtankers.pdf,7,1521,Fig. 6(b),b,CL-415,0.001,cl415_alpha0p001_t0.5s,0.5,reported,red,"250,10,27",90.0,500,4,2050,300,1800,1700,streamwise_distance_y,m,215.5,0.0,1631.0,2.0,vertical_penetration_Z,m,271.5,0.0,1390.0,3.0,true,416.00,390.00,42,2466.00,690.00,0.28329,0.31784,0.020,0.030,500dpi page-7 raster; red connected stroke; median pixel center per 4px plot-x column plus visible endpoints; no curve fitting or bridging
128eeb1ea3ad30f5a2ecf9194e2b784be37e837982dec3bdcb7b9db48aa4e7e4,Numerical simulation of aerial liquid drops of Canadair CL-415 and Dash-8 airtankers.pdf,7,1521,Fig. 6(b),b,CL-415,0.001,cl415_alpha0p001_t0.5s,0.5,reported,red,"250,10,27",90.0,500,4,2050,300,1800,1700,streamwise_distance_y,m,215.5,0.0,1631.0,2.0,vertical_penetration_Z,m,271.5,0.0,1390.0,3.0,true,420.00,390.00,43,2470.00,690.00,0.28894,0.31784,0.020,0.030,500dpi page-7 raster; red connected stroke; median pixel center per 4px plot-x column plus visible endpoints; no curve fitting or bridging
128eeb1ea3ad30f5a2ecf9194e2b784be37e837982dec3bdcb7b9db48aa4e7e4,Numerical simulation of aerial liquid drops of Canadair CL-415 and Dash-8 airtankers.pdf,7,1521,Fig. 6(b),b,CL-415,0.001,cl415_alpha0p001_t0.5s,0.5,reported,red,"250,10,27",90.0,500,4,2050,300,1800,1700,streamwise_distance_y,m,215.5,0.0,1631.0,2.0,vertical_penetration_Z,m,271.5,0.0,1390.0,3.0,true,424.00,390.00,44,2474.00,690.00,0.29460,0.31784,0.020,0.030,500dpi page-7 raster; red connected stroke; median pixel center per 4px plot-x column plus visible endpoints; no curve fitting or bridging
128eeb1ea3ad30f5a2ecf9194e2b784be37e837982dec3bdcb7b9db48aa4e7e4,Numerical simulation of aerial liquid drops of Canadair CL-415 and Dash-8 airtankers.pdf,7,1521,Fig. 6(b),b,CL-415,0.001,cl415_alpha0p001_t0.5s,0.5,reported,red,"250,10,27",90.0,500,4,2050,300,1800,1700,streamwise_distance_y,m,215.5,0.0,1631.0,2.0,vertical_penetration_Z,m,271.5,0.0,1390.0,3.0,true,428.00,390.00,45,2478.00,690.00,0.30025,0.31784,0.020,0.030,500dpi page-7 raster; red connected stroke; median pixel center per 4px plot-x column plus visible endpoints; no curve fitting or bridging
128eeb1ea3ad30f5a2ecf9194e2b784be37e837982dec3bdcb7b9db48aa4e7e4,Numerical simulation of aerial liquid drops of Canadair CL-415 and Dash-8 airtankers.pdf,7,1521,Fig. 6(b),b,CL-415,0.001,cl415_alpha0p001_t0.5s,0.5,reported,red,"250,10,27",90.0,500,4,2050,300,1800,1700,streamwise_distance_y,m,215.5,0.0,1631.0,2.0,vertical_penetration_Z,m,271.5,0.0,1390.0,3.0,true,432.00,390.00,46,2482.00,690.00,0.30590,0.31784,0.020,0.030,500dpi page-7 raster; red connected stroke; median pixel center per 4px plot-x column plus visible endpoints; no curve fitting or bridging
128eeb1ea3ad30f5a2ecf9194e2b784be37e837982dec3bdcb7b9db48aa4e7e4,Numerical simulation of aerial liquid drops of Canadair CL-415 and Dash-8 airtankers.pdf,7,1521,Fig. 6(b),b,CL-415,0.001,cl415_alpha0p001_t0.5s,0.5,reported,red,"250,10,27",90.0,500,4,2050,300,1800,1700,streamwise_distance_y,m,215.5,0.0,1631.0,2.0,vertical_penetration_Z,m,271.5,0.0,1390.0,3.0,true,436.00,390.00,47,2486.00,690.00,0.31155,0.31784,0.020,0.030,500dpi page-7 raster; red connected stroke; median pixel center per 4px plot-x column plus visible endpoints; no curve fitting or bridging
128eeb1ea3ad30f5a2ecf9194e2b784be37e837982dec3bdcb7b9db48aa4e7e4,Numerical simulation of aerial liquid drops of Canadair CL-415 and Dash-8 airtankers.pdf,7,1521,Fig. 6(b),b,CL-415,0.001,cl415_alpha0p001_t0.5s,0.5,reported,red,"250,10,27",90.0,500,4,2050,300,1800,1700,streamwise_distance_y,m,215.5,0.0,1631.0,2.0,vertical_penetration_Z,m,271.5,0.0,1390.0,3.0,true,440.00,390.00,48,2490.00,690.00,0.31720,0.31784,0.020,0.030,500dpi page-7 raster; red connected stroke; median pixel center per 4px plot-x column plus visible endpoints; no curve fitting or bridging
128eeb1ea3ad30f5a2ecf9194e2b784be37e837982dec3bdcb7b9db48aa4e7e4,Numerical simulation of aerial liquid drops of Canadair CL-415 and Dash-8 airtankers.pdf,7,1521,Fig. 6(b),b,CL-415,0.001,cl415_alpha0p001_t0.5s,0.5,reported,red,"250,10,27",90.0,500,4,2050,300,1800,1700,streamwise_distance_y,m,215.5,0.0,1631.0,2.0,vertical_penetration_Z,m,271.5,0.0,1390.0,3.0,true,444.00,390.00,49,2494.00,690.00,0.32285,0.31784,0.020,0.030,500dpi page-7 raster; red connected stroke; median pixel center per 4px plot-x column plus visible endpoints; no curve fitting or bridging
128eeb1ea3ad30f5a2ecf9194e2b784be37e837982dec3bdcb7b9db48aa4e7e4,Numerical simulation of aerial liquid drops of Canadair CL-415 and Dash-8 airtankers.pdf,7,1521,Fig. 6(b),b,CL-415,0.001,cl415_alpha0p001_t0.5s,0.5,reported,red,"250,10,27",90.0,500,4,2050,300,1800,1700,streamwise_distance_y,m,215.5,0.0,1631.0,2.0,vertical_penetration_Z,m,271.5,0.0,1390.0,3.0,true,448.00,390.00,50,2498.00,690.00,0.32851,0.31784,0.020,0.030,500dpi page-7 raster; red connected stroke; median pixel center per 4px plot-x column plus visible endpoints; no curve fitting or bridging
128eeb1ea3ad30f5a2ecf9194e2b784be37e837982dec3bdcb7b9db48aa4e7e4,Numerical simulation of aerial liquid drops of Canadair CL-415 and Dash-8 airtankers.pdf,7,1521,Fig. 6(b),b,CL-415,0.001,cl415_alpha0p001_t0.5s,0.5,reported,red,"250,10,27",90.0,500,4,2050,300,1800,1700,streamwise_distance_y,m,215.5,0.0,1631.0,2.0,vertical_penetration_Z,m,271.5,0.0,1390.0,3.0,true,452.00,390.00,51,2502.00,690.00,0.33416,0.31784,0.020,0.030,500dpi page-7 raster; red connected stroke; median pixel center per 4px plot-x column plus visible endpoints; no curve fitting or bridging
128eeb1ea3ad30f5a2ecf9194e2b784be37e837982dec3bdcb7b9db48aa4e7e4,Numerical simulation of aerial liquid drops of Canadair CL-415 and Dash-8 airtankers.pdf,7,1521,Fig. 6(b),b,CL-415,0.001,cl415_alpha0p001_t0.5s,0.5,reported,red,"250,10,27",90.0,500,4,2050,300,1800,1700,streamwise_distance_y,m,215.5,0.0,1631.0,2.0,vertical_penetration_Z,m,271.5,0.0,1390.0,3.0,true,456.00,390.00,52,2506.00,690.00,0.33981,0.31784,0.020,0.030,500dpi page-7 raster; red connected stroke; median pixel center per 4px plot-x column plus visible endpoints; no curve fitting or bridging
128eeb1ea3ad30f5a2ecf9194e2b784be37e837982dec3bdcb7b9db48aa4e7e4,Numerical simulation of aerial liquid drops of Canadair CL-415 and Dash-8 airtankers.pdf,7,1521,Fig. 6(b),b,CL-415,0.001,cl415_alpha0p001_t0.5s,0.5,reported,red,"250,10,27",90.0,500,4,2050,300,1800,1700,streamwise_distance_y,m,215.5,0.0,1631.0,2.0,vertical_penetration_Z,m,271.5,0.0,1390.0,3.0,true,460.00,390.00,53,2510.00,690.00,0.34546,0.31784,0.020,0.030,500dpi page-7 raster; red connected stroke; median pixel center per 4px plot-x column plus visible endpoints; no curve fitting or bridging
128eeb1ea3ad30f5a2ecf9194e2b784be37e837982dec3bdcb7b9db48aa4e7e4,Numerical simulation of aerial liquid drops of Canadair CL-415 and Dash-8 airtankers.pdf,7,1521,Fig. 6(b),b,CL-415,0.001,cl415_alpha0p001_t0.5s,0.5,reported,red,"250,10,27",90.0,500,4,2050,300,1800,1700,streamwise_distance_y,m,215.5,0.0,1631.0,2.0,vertical_penetration_Z,m,271.5,0.0,1390.0,3.0,true,464.00,390.00,54,2514.00,690.00,0.35111,0.31784,0.020,0.030,500dpi page-7 raster; red connected stroke; median pixel center per 4px plot-x column plus visible endpoints; no curve fitting or bridging
128eeb1ea3ad30f5a2ecf9194e2b784be37e837982dec3bdcb7b9db48aa4e7e4,Numerical simulation of aerial liquid drops of Canadair CL-415 and Dash-8 airtankers.pdf,7,1521,Fig. 6(b),b,CL-415,0.001,cl415_alpha0p001_t0.5s,0.5,reported,red,"250,10,27",90.0,500,4,2050,300,1800,1700,streamwise_distance_y,m,215.5,0.0,1631.0,2.0,vertical_penetration_Z,m,271.5,0.0,1390.0,3.0,true,468.00,390.00,55,2518.00,690.00,0.35676,0.31784,0.020,0.030,500dpi page-7 raster; red connected stroke; median pixel center per 4px plot-x column plus visible endpoints; no curve fitting or bridging
128eeb1ea3ad30f5a2ecf9194e2b784be37e837982dec3bdcb7b9db48aa4e7e4,Numerical simulation of aerial liquid drops of Canadair CL-415 and Dash-8 airtankers.pdf,7,1521,Fig. 6(b),b,CL-415,0.001,cl415_alpha0p001_t0.5s,0.5,reported,red,"250,10,27",90.0,500,4,2050,300,1800,1700,streamwise_distance_y,m,215.5,0.0,1631.0,2.0,vertical_penetration_Z,m,271.5,0.0,1390.0,3.0,true,472.00,390.00,56,2522.00,690.00,0.36242,0.31784,0.020,0.030,500dpi page-7 raster; red connected stroke; median pixel center per 4px plot-x column plus visible endpoints; no curve fitting or bridging
128eeb1ea3ad30f5a2ecf9194e2b784be37e837982dec3bdcb7b9db48aa4e7e4,Numerical simulation of aerial liquid drops of Canadair CL-415 and Dash-8 airtankers.pdf,7,1521,Fig. 6(b),b,CL-415,0.001,cl415_alpha0p001_t0.5s,0.5,reported,red,"250,10,27",90.0,500,4,2050,300,1800,1700,streamwise_distance_y,m,215.5,0.0,1631.0,2.0,vertical_penetration_Z,m,271.5,0.0,1390.0,3.0,true,476.00,390.00,57,2526.00,690.00,0.36807,0.31784,0.020,0.030,500dpi page-7 raster; red connected stroke; median pixel center per 4px plot-x column plus visible endpoints; no curve fitting or bridging
128eeb1ea3ad30f5a2ecf9194e2b784be37e837982dec3bdcb7b9db48aa4e7e4,Numerical simulation of aerial liquid drops of Canadair CL-415 and Dash-8 airtankers.pdf,7,1521,Fig. 6(b),b,CL-415,0.001,cl415_alpha0p001_t0.5s,0.5,reported,red,"250,10,27",90.0,500,4,2050,300,1800,1700,streamwise_distance_y,m,215.5,0.0,1631.0,2.0,vertical_penetration_Z,m,271.5,0.0,1390.0,3.0,true,480.00,390.00,58,2530.00,690.00,0.37372,0.31784,0.020,0.030,500dpi page-7 raster; red connected stroke; median pixel center per 4px plot-x column plus visible endpoints; no curve fitting or bridging
128eeb1ea3ad30f5a2ecf9194e2b784be37e837982dec3bdcb7b9db48aa4e7e4,Numerical simulation of aerial liquid drops of Canadair CL-415 and Dash-8 airtankers.pdf,7,1521,Fig. 6(b),b,CL-415,0.001,cl415_alpha0p001_t0.5s,0.5,reported,red,"250,10,27",90.0,500,4,2050,300,1800,1700,streamwise_distance_y,m,215.5,0.0,1631.0,2.0,vertical_penetration_Z,m,271.5,0.0,1390.0,3.0,true,484.00,390.00,59,2534.00,690.00,0.37937,0.31784,0.020,0.030,500dpi page-7 raster; red connected stroke; median pixel center per 4px plot-x column plus visible endpoints; no curve fitting or bridging
128eeb1ea3ad30f5a2ecf9194e2b784be37e837982dec3bdcb7b9db48aa4e7e4,Numerical simulation of aerial liquid drops of Canadair CL-415 and Dash-8 airtankers.pdf,7,1521,Fig. 6(b),b,CL-415,0.001,cl415_alpha0p001_t0.5s,0.5,reported,red,"250,10,27",90.0,500,4,2050,300,1800,1700,streamwise_distance_y,m,215.5,0.0,1631.0,2.0,vertical_penetration_Z,m,271.5,0.0,1390.0,3.0,true,488.00,390.00,60,2538.00,690.00,0.38502,0.31784,0.020,0.030,500dpi page-7 raster; red connected stroke; median pixel center per 4px plot-x column plus visible endpoints; no curve fitting or bridging
128eeb1ea3ad30f5a2ecf9194e2b784be37e837982dec3bdcb7b9db48aa4e7e4,Numerical simulation of aerial liquid drops of Canadair CL-415 and Dash-8 airtankers.pdf,7,1521,Fig. 6(b),b,CL-415,0.001,cl415_alpha0p001_t0.5s,0.5,reported,red,"250,10,27",90.0,500,4,2050,300,1800,1700,streamwise_distance_y,m,215.5,0.0,1631.0,2.0,vertical_penetration_Z,m,271.5,0.0,1390.0,3.0,true,492.00,390.50,61,2542.00,690.50,0.39067,0.31918,0.020,0.030,500dpi page-7 raster; red connected stroke; median pixel center per 4px plot-x column plus visible endpoints; no curve fitting or bridging
128eeb1ea3ad30f5a2ecf9194e2b784be37e837982dec3bdcb7b9db48aa4e7e4,Numerical simulation of aerial liquid drops of Canadair CL-415 and Dash-8 airtankers.pdf,7,1521,Fig. 6(b),b,CL-415,0.001,cl415_alpha0p001_t0.5s,0.5,reported,red,"250,10,27",90.0,500,4,2050,300,1800,1700,streamwise_distance_y,m,215.5,0.0,1631.0,2.0,vertical_penetration_Z,m,271.5,0.0,1390.0,3.0,true,496.00,393.50,62,2546.00,693.50,0.39633,0.32722,0.020,0.030,500dpi page-7 raster; red connected stroke; median pixel center per 4px plot-x column plus visible endpoints; no curve fitting or bridging
128eeb1ea3ad30f5a2ecf9194e2b784be37e837982dec3bdcb7b9db48aa4e7e4,Numerical simulation of aerial liquid drops of Canadair CL-415 and Dash-8 airtankers.pdf,7,1521,Fig. 6(b),b,CL-415,0.001,cl415_alpha0p001_t0.5s,0.5,reported,red,"250,10,27",90.0,500,4,2050,300,1800,1700,streamwise_distance_y,m,215.5,0.0,1631.0,2.0,vertical_penetration_Z,m,271.5,0.0,1390.0,3.0,true,500.00,397.50,63,2550.00,697.50,0.40198,0.33795,0.020,0.030,500dpi page-7 raster; red connected stroke; median pixel center per 4px plot-x column plus visible endpoints; no curve fitting or bridging
128eeb1ea3ad30f5a2ecf9194e2b784be37e837982dec3bdcb7b9db48aa4e7e4,Numerical simulation of aerial liquid drops of Canadair CL-415 and Dash-8 airtankers.pdf,7,1521,Fig. 6(b),b,CL-415,0.001,cl415_alpha0p001_t0.5s,0.5,reported,red,"250,10,27",90.0,500,4,2050,300,1800,1700,streamwise_distance_y,m,215.5,0.0,1631.0,2.0,vertical_penetration_Z,m,271.5,0.0,1390.0,3.0,true,504.00,404.00,64,2554.00,704.00,0.40763,0.35539,0.020,0.030,500dpi page-7 raster; red connected stroke; median pixel center per 4px plot-x column plus visible endpoints; no curve fitting or bridging
128eeb1ea3ad30f5a2ecf9194e2b784be37e837982dec3bdcb7b9db48aa4e7e4,Numerical simulation of aerial liquid drops of Canadair CL-415 and Dash-8 airtankers.pdf,7,1521,Fig. 6(b),b,CL-415,0.001,cl415_alpha0p001_t0.5s,0.5,reported,red,"250,10,27",90.0,500,4,2050,300,1800,1700,streamwise_distance_y,m,215.5,0.0,1631.0,2.0,vertical_penetration_Z,m,271.5,0.0,1390.0,3.0,true,508.00,409.50,65,2558.00,709.50,0.41328,0.37014,0.020,0.030,500dpi page-7 raster; red connected stroke; median pixel center per 4px plot-x column plus visible endpoints; no curve fitting or bridging
128eeb1ea3ad30f5a2ecf9194e2b784be37e837982dec3bdcb7b9db48aa4e7e4,Numerical simulation of aerial liquid drops of Canadair CL-415 and Dash-8 airtankers.pdf,7,1521,Fig. 6(b),b,CL-415,0.001,cl415_alpha0p001_t0.5s,0.5,reported,red,"250,10,27",90.0,500,4,2050,300,1800,1700,streamwise_distance_y,m,215.5,0.0,1631.0,2.0,vertical_penetration_Z,m,271.5,0.0,1390.0,3.0,true,512.00,416.00,66,2562.00,716.00,0.41893,0.38757,0.020,0.030,500dpi page-7 raster; red connected stroke; median pixel center per 4px plot-x column plus visible endpoints; no curve fitting or bridging
128eeb1ea3ad30f5a2ecf9194e2b784be37e837982dec3bdcb7b9db48aa4e7e4,Numerical simulation of aerial liquid drops of Canadair CL-415 and Dash-8 airtankers.pdf,7,1521,Fig. 6(b),b,CL-415,0.001,cl415_alpha0p001_t0.5s,0.5,reported,red,"250,10,27",90.0,500,4,2050,300,1800,1700,streamwise_distance_y,m,215.5,0.0,1631.0,2.0,vertical_penetration_Z,m,271.5,0.0,1390.0,3.0,true,516.00,422.50,67,2566.00,722.50,0.42458,0.40501,0.020,0.030,500dpi page-7 raster; red connected stroke; median pixel center per 4px plot-x column plus visible endpoints; no curve fitting or bridging
128eeb1ea3ad30f5a2ecf9194e2b784be37e837982dec3bdcb7b9db48aa4e7e4,Numerical simulation of aerial liquid drops of Canadair CL-415 and Dash-8 airtankers.pdf,7,1521,Fig. 6(b),b,CL-415,0.001,cl415_alpha0p001_t0.5s,0.5,reported,red,"250,10,27",90.0,500,4,2050,300,1800,1700,streamwise_distance_y,m,215.5,0.0,1631.0,2.0,vertical_penetration_Z,m,271.5,0.0,1390.0,3.0,true,520.00,428.50,68,2570.00,728.50,0.43024,0.42110,0.020,0.030,500dpi page-7 raster; red connected stroke; median pixel center per 4px plot-x column plus visible endpoints; no curve fitting or bridging
128eeb1ea3ad30f5a2ecf9194e2b784be37e837982dec3bdcb7b9db48aa4e7e4,Numerical simulation of aerial liquid drops of Canadair CL-415 and Dash-8 airtankers.pdf,7,1521,Fig. 6(b),b,CL-415,0.001,cl415_alpha0p001_t0.5s,0.5,reported,red,"250,10,27",90.0,500,4,2050,300,1800,1700,streamwise_distance_y,m,215.5,0.0,1631.0,2.0,vertical_penetration_Z,m,271.5,0.0,1390.0,3.0,true,524.00,433.50,69,2574.00,733.50,0.43589,0.43451,0.020,0.030,500dpi page-7 raster; red connected stroke; median pixel center per 4px plot-x column plus visible endpoints; no curve fitting or bridging
128eeb1ea3ad30f5a2ecf9194e2b784be37e837982dec3bdcb7b9db48aa4e7e4,Numerical simulation of aerial liquid drops of Canadair CL-415 and Dash-8 airtankers.pdf,7,1521,Fig. 6(b),b,CL-415,0.001,cl415_alpha0p001_t0.5s,0.5,reported,red,"250,10,27",90.0,500,4,2050,300,1800,1700,streamwise_distance_y,m,215.5,0.0,1631.0,2.0,vertical_penetration_Z,m,271.5,0.0,1390.0,3.0,true,528.00,436.50,70,2578.00,736.50,0.44154,0.44256,0.020,0.030,500dpi page-7 raster; red connected stroke; median pixel center per 4px plot-x column plus visible endpoints; no curve fitting or bridging
128eeb1ea3ad30f5a2ecf9194e2b784be37e837982dec3bdcb7b9db48aa4e7e4,Numerical simulation of aerial liquid drops of Canadair CL-415 and Dash-8 airtankers.pdf,7,1521,Fig. 6(b),b,CL-415,0.001,cl415_alpha0p001_t0.5s,0.5,reported,red,"250,10,27",90.0,500,4,2050,300,1800,1700,streamwise_distance_y,m,215.5,0.0,1631.0,2.0,vertical_penetration_Z,m,271.5,0.0,1390.0,3.0,true,532.00,439.00,71,2582.00,739.00,0.44719,0.44926,0.020,0.030,500dpi page-7 raster; red connected stroke; median pixel center per 4px plot-x column plus visible endpoints; no curve fitting or bridging
128eeb1ea3ad30f5a2ecf9194e2b784be37e837982dec3bdcb7b9db48aa4e7e4,Numerical simulation of aerial liquid drops of Canadair CL-415 and Dash-8 airtankers.pdf,7,1521,Fig. 6(b),b,CL-415,0.001,cl415_alpha0p001_t0.5s,0.5,reported,red,"250,10,27",90.0,500,4,2050,300,1800,1700,streamwise_distance_y,m,215.5,0.0,1631.0,2.0,vertical_penetration_Z,m,271.5,0.0,1390.0,3.0,true,536.00,441.00,72,2586.00,741.00,0.45284,0.45463,0.020,0.030,500dpi page-7 raster; red connected stroke; median pixel center per 4px plot-x column plus visible endpoints; no curve fitting or bridging
128eeb1ea3ad30f5a2ecf9194e2b784be37e837982dec3bdcb7b9db48aa4e7e4,Numerical simulation of aerial liquid drops of Canadair CL-415 and Dash-8 airtankers.pdf,7,1521,Fig. 6(b),b,CL-415,0.001,cl415_alpha0p001_t0.5s,0.5,reported,red,"250,10,27",90.0,500,4,2050,300,1800,1700,streamwise_distance_y,m,215.5,0.0,1631.0,2.0,vertical_penetration_Z,m,271.5,0.0,1390.0,3.0,true,540.00,443.50,73,2590.00,743.50,0.45850,0.46133,0.020,0.030,500dpi page-7 raster; red connected stroke; median pixel center per 4px plot-x column plus visible endpoints; no curve fitting or bridging
128eeb1ea3ad30f5a2ecf9194e2b784be37e837982dec3bdcb7b9db48aa4e7e4,Numerical simulation of aerial liquid drops of Canadair CL-415 and Dash-8 airtankers.pdf,7,1521,Fig. 6(b),b,CL-415,0.001,cl415_alpha0p001_t0.5s,0.5,reported,red,"250,10,27",90.0,500,4,2050,300,1800,1700,streamwise_distance_y,m,215.5,0.0,1631.0,2.0,vertical_penetration_Z,m,271.5,0.0,1390.0,3.0,true,544.00,445.50,74,2594.00,745.50,0.46415,0.46670,0.020,0.030,500dpi page-7 raster; red connected stroke; median pixel center per 4px plot-x column plus visible endpoints; no curve fitting or bridging
128eeb1ea3ad30f5a2ecf9194e2b784be37e837982dec3bdcb7b9db48aa4e7e4,Numerical simulation of aerial liquid drops of Canadair CL-415 and Dash-8 airtankers.pdf,7,1521,Fig. 6(b),b,CL-415,0.001,cl415_alpha0p001_t0.5s,0.5,reported,red,"250,10,27",90.0,500,4,2050,300,1800,1700,streamwise_distance_y,m,215.5,0.0,1631.0,2.0,vertical_penetration_Z,m,271.5,0.0,1390.0,3.0,true,548.00,447.50,75,2598.00,747.50,0.46980,0.47206,0.020,0.030,500dpi page-7 raster; red connected stroke; median pixel center per 4px plot-x column plus visible endpoints; no curve fitting or bridging
128eeb1ea3ad30f5a2ecf9194e2b784be37e837982dec3bdcb7b9db48aa4e7e4,Numerical simulation of aerial liquid drops of Canadair CL-415 and Dash-8 airtankers.pdf,7,1521,Fig. 6(b),b,CL-415,0.001,cl415_alpha0p001_t0.5s,0.5,reported,red,"250,10,27",90.0,500,4,2050,300,1800,1700,streamwise_distance_y,m,215.5,0.0,1631.0,2.0,vertical_penetration_Z,m,271.5,0.0,1390.0,3.0,true,552.00,450.50,76,2602.00,750.50,0.47545,0.48011,0.020,0.030,500dpi page-7 raster; red connected stroke; median pixel center per 4px plot-x column plus visible endpoints; no curve fitting or bridging
128eeb1ea3ad30f5a2ecf9194e2b784be37e837982dec3bdcb7b9db48aa4e7e4,Numerical simulation of aerial liquid drops of Canadair CL-415 and Dash-8 airtankers.pdf,7,1521,Fig. 6(b),b,CL-415,0.001,cl415_alpha0p001_t0.5s,0.5,reported,red,"250,10,27",90.0,500,4,2050,300,1800,1700,streamwise_distance_y,m,215.5,0.0,1631.0,2.0,vertical_penetration_Z,m,271.5,0.0,1390.0,3.0,true,556.00,454.00,77,2606.00,754.00,0.48110,0.48949,0.020,0.030,500dpi page-7 raster; red connected stroke; median pixel center per 4px plot-x column plus visible endpoints; no curve fitting or bridging
128eeb1ea3ad30f5a2ecf9194e2b784be37e837982dec3bdcb7b9db48aa4e7e4,Numerical simulation of aerial liquid drops of Canadair CL-415 and Dash-8 airtankers.pdf,7,1521,Fig. 6(b),b,CL-415,0.001,cl415_alpha0p001_t0.5s,0.5,reported,red,"250,10,27",90.0,500,4,2050,300,1800,1700,streamwise_distance_y,m,215.5,0.0,1631.0,2.0,vertical_penetration_Z,m,271.5,0.0,1390.0,3.0,true,560.00,458.00,78,2610.00,758.00,0.48675,0.50022,0.020,0.030,500dpi page-7 raster; red connected stroke; median pixel center per 4px plot-x column plus visible endpoints; no curve fitting or bridging
128eeb1ea3ad30f5a2ecf9194e2b784be37e837982dec3bdcb7b9db48aa4e7e4,Numerical simulation of aerial liquid drops of Canadair CL-415 and Dash-8 airtankers.pdf,7,1521,Fig. 6(b),b,CL-415,0.001,cl415_alpha0p001_t0.5s,0.5,reported,red,"250,10,27",90.0,500,4,2050,300,1800,1700,streamwise_distance_y,m,215.5,0.0,1631.0,2.0,vertical_penetration_Z,m,271.5,0.0,1390.0,3.0,true,564.00,462.50,79,2614.00,762.50,0.49241,0.51229,0.020,0.030,500dpi page-7 raster; red connected stroke; median pixel center per 4px plot-x column plus visible endpoints; no curve fitting or bridging
128eeb1ea3ad30f5a2ecf9194e2b784be37e837982dec3bdcb7b9db48aa4e7e4,Numerical simulation of aerial liquid drops of Canadair CL-415 and Dash-8 airtankers.pdf,7,1521,Fig. 6(b),b,CL-415,0.001,cl415_alpha0p001_t0.5s,0.5,reported,red,"250,10,27",90.0,500,4,2050,300,1800,1700,streamwise_distance_y,m,215.5,0.0,1631.0,2.0,vertical_penetration_Z,m,271.5,0.0,1390.0,3.0,true,568.00,466.50,80,2618.00,766.50,0.49806,0.52302,0.020,0.030,500dpi page-7 raster; red connected stroke; median pixel center per 4px plot-x column plus visible endpoints; no curve fitting or bridging
128eeb1ea3ad30f5a2ecf9194e2b784be37e837982dec3bdcb7b9db48aa4e7e4,Numerical simulation of aerial liquid drops of Canadair CL-415 and Dash-8 airtankers.pdf,7,1521,Fig. 6(b),b,CL-415,0.001,cl415_alpha0p001_t0.5s,0.5,reported,red,"250,10,27",90.0,500,4,2050,300,1800,1700,streamwise_distance_y,m,215.5,0.0,1631.0,2.0,vertical_penetration_Z,m,271.5,0.0,1390.0,3.0,true,572.00,471.00,81,2622.00,771.00,0.50371,0.53509,0.020,0.030,500dpi page-7 raster; red connected stroke; median pixel center per 4px plot-x column plus visible endpoints; no curve fitting or bridging
128eeb1ea3ad30f5a2ecf9194e2b784be37e837982dec3bdcb7b9db48aa4e7e4,Numerical simulation of aerial liquid drops of Canadair CL-415 and Dash-8 airtankers.pdf,7,1521,Fig. 6(b),b,CL-415,0.001,cl415_alpha0p001_t0.5s,0.5,reported,red,"250,10,27",90.0,500,4,2050,300,1800,1700,streamwise_distance_y,m,215.5,0.0,1631.0,2.0,vertical_penetration_Z,m,271.5,0.0,1390.0,3.0,true,576.00,475.00,82,2626.00,775.00,0.50936,0.54582,0.020,0.030,500dpi page-7 raster; red connected stroke; median pixel center per 4px plot-x column plus visible endpoints; no curve fitting or bridging
128eeb1ea3ad30f5a2ecf9194e2b784be37e837982dec3bdcb7b9db48aa4e7e4,Numerical simulation of aerial liquid drops of Canadair CL-415 and Dash-8 airtankers.pdf,7,1521,Fig. 6(b),b,CL-415,0.001,cl415_alpha0p001_t0.5s,0.5,reported,red,"250,10,27",90.0,500,4,2050,300,1800,1700,streamwise_distance_y,m,215.5,0.0,1631.0,2.0,vertical_penetration_Z,m,271.5,0.0,1390.0,3.0,true,580.00,478.50,83,2630.00,778.50,0.51501,0.55521,0.020,0.030,500dpi page-7 raster; red connected stroke; median pixel center per 4px plot-x column plus visible endpoints; no curve fitting or bridging
128eeb1ea3ad30f5a2ecf9194e2b784be37e837982dec3bdcb7b9db48aa4e7e4,Numerical simulation of aerial liquid drops of Canadair CL-415 and Dash-8 airtankers.pdf,7,1521,Fig. 6(b),b,CL-415,0.001,cl415_alpha0p001_t0.5s,0.5,reported,red,"250,10,27",90.0,500,4,2050,300,1800,1700,streamwise_distance_y,m,215.5,0.0,1631.0,2.0,vertical_penetration_Z,m,271.5,0.0,1390.0,3.0,true,584.00,481.00,84,2634.00,781.00,0.52066,0.56191,0.020,0.030,500dpi page-7 raster; red connected stroke; median pixel center per 4px plot-x column plus visible endpoints; no curve fitting or bridging
128eeb1ea3ad30f5a2ecf9194e2b784be37e837982dec3bdcb7b9db48aa4e7e4,Numerical simulation of aerial liquid drops of Canadair CL-415 and Dash-8 airtankers.pdf,7,1521,Fig. 6(b),b,CL-415,0.001,cl415_alpha0p001_t0.5s,0.5,reported,red,"250,10,27",90.0,500,4,2050,300,1800,1700,streamwise_distance_y,m,215.5,0.0,1631.0,2.0,vertical_penetration_Z,m,271.5,0.0,1390.0,3.0,true,588.00,483.50,85,2638.00,783.50,0.52632,0.56862,0.020,0.030,500dpi page-7 raster; red connected stroke; median pixel center per 4px plot-x column plus visible endpoints; no curve fitting or bridging
128eeb1ea3ad30f5a2ecf9194e2b784be37e837982dec3bdcb7b9db48aa4e7e4,Numerical simulation of aerial liquid drops of Canadair CL-415 and Dash-8 airtankers.pdf,7,1521,Fig. 6(b),b,CL-415,0.001,cl415_alpha0p001_t0.5s,0.5,reported,red,"250,10,27",90.0,500,4,2050,300,1800,1700,streamwise_distance_y,m,215.5,0.0,1631.0,2.0,vertical_penetration_Z,m,271.5,0.0,1390.0,3.0,true,592.00,485.50,86,2642.00,785.50,0.53197,0.57398,0.020,0.030,500dpi page-7 raster; red connected stroke; median pixel center per 4px plot-x column plus visible endpoints; no curve fitting or bridging
128eeb1ea3ad30f5a2ecf9194e2b784be37e837982dec3bdcb7b9db48aa4e7e4,Numerical simulation of aerial liquid drops of Canadair CL-415 and Dash-8 airtankers.pdf,7,1521,Fig. 6(b),b,CL-415,0.001,cl415_alpha0p001_t0.5s,0.5,reported,red,"250,10,27",90.0,500,4,2050,300,1800,1700,streamwise_distance_y,m,215.5,0.0,1631.0,2.0,vertical_penetration_Z,m,271.5,0.0,1390.0,3.0,true,596.00,487.50,87,2646.00,787.50,0.53762,0.57935,0.020,0.030,500dpi page-7 raster; red connected stroke; median pixel center per 4px plot-x column plus visible endpoints; no curve fitting or bridging
128eeb1ea3ad30f5a2ecf9194e2b784be37e837982dec3bdcb7b9db48aa4e7e4,Numerical simulation of aerial liquid drops of Canadair CL-415 and Dash-8 airtankers.pdf,7,1521,Fig. 6(b),b,CL-415,0.001,cl415_alpha0p001_t0.5s,0.5,reported,red,"250,10,27",90.0,500,4,2050,300,1800,1700,streamwise_distance_y,m,215.5,0.0,1631.0,2.0,vertical_penetration_Z,m,271.5,0.0,1390.0,3.0,true,600.00,490.50,88,2650.00,790.50,0.54327,0.58739,0.020,0.030,500dpi page-7 raster; red connected stroke; median pixel center per 4px plot-x column plus visible endpoints; no curve fitting or bridging
128eeb1ea3ad30f5a2ecf9194e2b784be37e837982dec3bdcb7b9db48aa4e7e4,Numerical simulation of aerial liquid drops of Canadair CL-415 and Dash-8 airtankers.pdf,7,1521,Fig. 6(b),b,CL-415,0.001,cl415_alpha0p001_t0.5s,0.5,reported,red,"250,10,27",90.0,500,4,2050,300,1800,1700,streamwise_distance_y,m,215.5,0.0,1631.0,2.0,vertical_penetration_Z,m,271.5,0.0,1390.0,3.0,true,604.00,492.50,89,2654.00,792.50,0.54892,0.59276,0.020,0.030,500dpi page-7 raster; red connected stroke; median pixel center per 4px plot-x column plus visible endpoints; no curve fitting or bridging
128eeb1ea3ad30f5a2ecf9194e2b784be37e837982dec3bdcb7b9db48aa4e7e4,Numerical simulation of aerial liquid drops of Canadair CL-415 and Dash-8 airtankers.pdf,7,1521,Fig. 6(b),b,CL-415,0.001,cl415_alpha0p001_t0.5s,0.5,reported,red,"250,10,27",90.0,500,4,2050,300,1800,1700,streamwise_distance_y,m,215.5,0.0,1631.0,2.0,vertical_penetration_Z,m,271.5,0.0,1390.0,3.0,true,608.00,494.50,90,2658.00,794.50,0.55457,0.59812,0.020,0.030,500dpi page-7 raster; red connected stroke; median pixel center per 4px plot-x column plus visible endpoints; no curve fitting or bridging
128eeb1ea3ad30f5a2ecf9194e2b784be37e837982dec3bdcb7b9db48aa4e7e4,Numerical simulation of aerial liquid drops of Canadair CL-415 and Dash-8 airtankers.pdf,7,1521,Fig. 6(b),b,CL-415,0.001,cl415_alpha0p001_t0.5s,0.5,reported,red,"250,10,27",90.0,500,4,2050,300,1800,1700,streamwise_distance_y,m,215.5,0.0,1631.0,2.0,vertical_penetration_Z,m,271.5,0.0,1390.0,3.0,true,612.00,496.50,91,2662.00,796.50,0.56023,0.60349,0.020,0.030,500dpi page-7 raster; red connected stroke; median pixel center per 4px plot-x column plus visible endpoints; no curve fitting or bridging
128eeb1ea3ad30f5a2ecf9194e2b784be37e837982dec3bdcb7b9db48aa4e7e4,Numerical simulation of aerial liquid drops of Canadair CL-415 and Dash-8 airtankers.pdf,7,1521,Fig. 6(b),b,CL-415,0.001,cl415_alpha0p001_t0.5s,0.5,reported,red,"250,10,27",90.0,500,4,2050,300,1800,1700,streamwise_distance_y,m,215.5,0.0,1631.0,2.0,vertical_penetration_Z,m,271.5,0.0,1390.0,3.0,true,616.00,498.50,92,2666.00,798.50,0.56588,0.60885,0.020,0.030,500dpi page-7 raster; red connected stroke; median pixel center per 4px plot-x column plus visible endpoints; no curve fitting or bridging
128eeb1ea3ad30f5a2ecf9194e2b784be37e837982dec3bdcb7b9db48aa4e7e4,Numerical simulation of aerial liquid drops of Canadair CL-415 and Dash-8 airtankers.pdf,7,1521,Fig. 6(b),b,CL-415,0.001,cl415_alpha0p001_t0.5s,0.5,reported,red,"250,10,27",90.0,500,4,2050,300,1800,1700,streamwise_distance_y,m,215.5,0.0,1631.0,2.0,vertical_penetration_Z,m,271.5,0.0,1390.0,3.0,true,620.00,501.00,93,2670.00,801.00,0.57153,0.61556,0.020,0.030,500dpi page-7 raster; red connected stroke; median pixel center per 4px plot-x column plus visible endpoints; no curve fitting or bridging
128eeb1ea3ad30f5a2ecf9194e2b784be37e837982dec3bdcb7b9db48aa4e7e4,Numerical simulation of aerial liquid drops of Canadair CL-415 and Dash-8 airtankers.pdf,7,1521,Fig. 6(b),b,CL-415,0.001,cl415_alpha0p001_t0.5s,0.5,reported,red,"250,10,27",90.0,500,4,2050,300,1800,1700,streamwise_distance_y,m,215.5,0.0,1631.0,2.0,vertical_penetration_Z,m,271.5,0.0,1390.0,3.0,true,624.00,503.00,94,2674.00,803.00,0.57718,0.62092,0.020,0.030,500dpi page-7 raster; red connected stroke; median pixel center per 4px plot-x column plus visible endpoints; no curve fitting or bridging
128eeb1ea3ad30f5a2ecf9194e2b784be37e837982dec3bdcb7b9db48aa4e7e4,Numerical simulation of aerial liquid drops of Canadair CL-415 and Dash-8 airtankers.pdf,7,1521,Fig. 6(b),b,CL-415,0.001,cl415_alpha0p001_t0.5s,0.5,reported,red,"250,10,27",90.0,500,4,2050,300,1800,1700,streamwise_distance_y,m,215.5,0.0,1631.0,2.0,vertical_penetration_Z,m,271.5,0.0,1390.0,3.0,true,628.00,505.00,95,2678.00,805.00,0.58283,0.62629,0.020,0.030,500dpi page-7 raster; red connected stroke; median pixel center per 4px plot-x column plus visible endpoints; no curve fitting or bridging
128eeb1ea3ad30f5a2ecf9194e2b784be37e837982dec3bdcb7b9db48aa4e7e4,Numerical simulation of aerial liquid drops of Canadair CL-415 and Dash-8 airtankers.pdf,7,1521,Fig. 6(b),b,CL-415,0.001,cl415_alpha0p001_t0.5s,0.5,reported,red,"250,10,27",90.0,500,4,2050,300,1800,1700,streamwise_distance_y,m,215.5,0.0,1631.0,2.0,vertical_penetration_Z,m,271.5,0.0,1390.0,3.0,true,632.00,507.00,96,2682.00,807.00,0.58848,0.63165,0.020,0.030,500dpi page-7 raster; red connected stroke; median pixel center per 4px plot-x column plus visible endpoints; no curve fitting or bridging
128eeb1ea3ad30f5a2ecf9194e2b784be37e837982dec3bdcb7b9db48aa4e7e4,Numerical simulation of aerial liquid drops of Canadair CL-415 and Dash-8 airtankers.pdf,7,1521,Fig. 6(b),b,CL-415,0.001,cl415_alpha0p001_t0.5s,0.5,reported,red,"250,10,27",90.0,500,4,2050,300,1800,1700,streamwise_distance_y,m,215.5,0.0,1631.0,2.0,vertical_penetration_Z,m,271.5,0.0,1390.0,3.0,true,636.00,508.50,97,2686.00,808.50,0.59414,0.63567,0.020,0.030,500dpi page-7 raster; red connected stroke; median pixel center per 4px plot-x column plus visible endpoints; no curve fitting or bridging
128eeb1ea3ad30f5a2ecf9194e2b784be37e837982dec3bdcb7b9db48aa4e7e4,Numerical simulation of aerial liquid drops of Canadair CL-415 and Dash-8 airtankers.pdf,7,1521,Fig. 6(b),b,CL-415,0.001,cl415_alpha0p001_t0.5s,0.5,reported,red,"250,10,27",90.0,500,4,2050,300,1800,1700,streamwise_distance_y,m,215.5,0.0,1631.0,2.0,vertical_penetration_Z,m,271.5,0.0,1390.0,3.0,true,640.00,510.00,98,2690.00,810.00,0.59979,0.63970,0.020,0.030,500dpi page-7 raster; red connected stroke; median pixel center per 4px plot-x column plus visible endpoints; no curve fitting or bridging
128eeb1ea3ad30f5a2ecf9194e2b784be37e837982dec3bdcb7b9db48aa4e7e4,Numerical simulation of aerial liquid drops of Canadair CL-415 and Dash-8 airtankers.pdf,7,1521,Fig. 6(b),b,CL-415,0.001,cl415_alpha0p001_t0.5s,0.5,reported,red,"250,10,27",90.0,500,4,2050,300,1800,1700,streamwise_distance_y,m,215.5,0.0,1631.0,2.0,vertical_penetration_Z,m,271.5,0.0,1390.0,3.0,true,644.00,510.00,99,2694.00,810.00,0.60544,0.63970,0.020,0.030,500dpi page-7 raster; red connected stroke; median pixel center per 4px plot-x column plus visible endpoints; no curve fitting or bridging
128eeb1ea3ad30f5a2ecf9194e2b784be37e837982dec3bdcb7b9db48aa4e7e4,Numerical simulation of aerial liquid drops of Canadair CL-415 and Dash-8 airtankers.pdf,7,1521,Fig. 6(b),b,CL-415,0.001,cl415_alpha0p001_t0.5s,0.5,reported,red,"250,10,27",90.0,500,4,2050,300,1800,1700,streamwise_distance_y,m,215.5,0.0,1631.0,2.0,vertical_penetration_Z,m,271.5,0.0,1390.0,3.0,true,648.00,510.00,100,2698.00,810.00,0.61109,0.63970,0.020,0.030,500dpi page-7 raster; red connected stroke; median pixel center per 4px plot-x column plus visible endpoints; no curve fitting or bridging
128eeb1ea3ad30f5a2ecf9194e2b784be37e837982dec3bdcb7b9db48aa4e7e4,Numerical simulation of aerial liquid drops of Canadair CL-415 and Dash-8 airtankers.pdf,7,1521,Fig. 6(b),b,CL-415,0.001,cl415_alpha0p001_t0.5s,0.5,reported,red,"250,10,27",90.0,500,4,2050,300,1800,1700,streamwise_distance_y,m,215.5,0.0,1631.0,2.0,vertical_penetration_Z,m,271.5,0.0,1390.0,3.0,true,652.00,510.00,101,2702.00,810.00,0.61674,0.63970,0.020,0.030,500dpi page-7 raster; red connected stroke; median pixel center per 4px plot-x column plus visible endpoints; no curve fitting or bridging
128eeb1ea3ad30f5a2ecf9194e2b784be37e837982dec3bdcb7b9db48aa4e7e4,Numerical simulation of aerial liquid drops of Canadair CL-415 and Dash-8 airtankers.pdf,7,1521,Fig. 6(b),b,CL-415,0.001,cl415_alpha0p001_t0.5s,0.5,reported,red,"250,10,27",90.0,500,4,2050,300,1800,1700,streamwise_distance_y,m,215.5,0.0,1631.0,2.0,vertical_penetration_Z,m,271.5,0.0,1390.0,3.0,true,656.00,510.00,102,2706.00,810.00,0.62239,0.63970,0.020,0.030,500dpi page-7 raster; red connected stroke; median pixel center per 4px plot-x column plus visible endpoints; no curve fitting or bridging
128eeb1ea3ad30f5a2ecf9194e2b784be37e837982dec3bdcb7b9db48aa4e7e4,Numerical simulation of aerial liquid drops of Canadair CL-415 and Dash-8 airtankers.pdf,7,1521,Fig. 6(b),b,CL-415,0.001,cl415_alpha0p001_t0.5s,0.5,reported,red,"250,10,27",90.0,500,4,2050,300,1800,1700,streamwise_distance_y,m,215.5,0.0,1631.0,2.0,vertical_penetration_Z,m,271.5,0.0,1390.0,3.0,true,660.00,510.00,103,2710.00,810.00,0.62805,0.63970,0.020,0.030,500dpi page-7 raster; red connected stroke; median pixel center per 4px plot-x column plus visible endpoints; no curve fitting or bridging
128eeb1ea3ad30f5a2ecf9194e2b784be37e837982dec3bdcb7b9db48aa4e7e4,Numerical simulation of aerial liquid drops of Canadair CL-415 and Dash-8 airtankers.pdf,7,1521,Fig. 6(b),b,CL-415,0.001,cl415_alpha0p001_t0.5s,0.5,reported,red,"250,10,27",90.0,500,4,2050,300,1800,1700,streamwise_distance_y,m,215.5,0.0,1631.0,2.0,vertical_penetration_Z,m,271.5,0.0,1390.0,3.0,true,664.00,510.50,104,2714.00,810.50,0.63370,0.64104,0.020,0.030,500dpi page-7 raster; red connected stroke; median pixel center per 4px plot-x column plus visible endpoints; no curve fitting or bridging
128eeb1ea3ad30f5a2ecf9194e2b784be37e837982dec3bdcb7b9db48aa4e7e4,Numerical simulation of aerial liquid drops of Canadair CL-415 and Dash-8 airtankers.pdf,7,1521,Fig. 6(b),b,CL-415,0.001,cl415_alpha0p001_t0.5s,0.5,reported,red,"250,10,27",90.0,500,4,2050,300,1800,1700,streamwise_distance_y,m,215.5,0.0,1631.0,2.0,vertical_penetration_Z,m,271.5,0.0,1390.0,3.0,true,668.00,512.50,105,2718.00,812.50,0.63935,0.64640,0.020,0.030,500dpi page-7 raster; red connected stroke; median pixel center per 4px plot-x column plus visible endpoints; no curve fitting or bridging
128eeb1ea3ad30f5a2ecf9194e2b784be37e837982dec3bdcb7b9db48aa4e7e4,Numerical simulation of aerial liquid drops of Canadair CL-415 and Dash-8 airtankers.pdf,7,1521,Fig. 6(b),b,CL-415,0.001,cl415_alpha0p001_t0.5s,0.5,reported,red,"250,10,27",90.0,500,4,2050,300,1800,1700,streamwise_distance_y,m,215.5,0.0,1631.0,2.0,vertical_penetration_Z,m,271.5,0.0,1390.0,3.0,true,672.00,516.00,106,2722.00,816.00,0.64500,0.65579,0.020,0.030,500dpi page-7 raster; red connected stroke; median pixel center per 4px plot-x column plus visible endpoints; no curve fitting or bridging
128eeb1ea3ad30f5a2ecf9194e2b784be37e837982dec3bdcb7b9db48aa4e7e4,Numerical simulation of aerial liquid drops of Canadair CL-415 and Dash-8 airtankers.pdf,7,1521,Fig. 6(b),b,CL-415,0.001,cl415_alpha0p001_t0.5s,0.5,reported,red,"250,10,27",90.0,500,4,2050,300,1800,1700,streamwise_distance_y,m,215.5,0.0,1631.0,2.0,vertical_penetration_Z,m,271.5,0.0,1390.0,3.0,true,676.00,520.50,107,2726.00,820.50,0.65065,0.66786,0.020,0.030,500dpi page-7 raster; red connected stroke; median pixel center per 4px plot-x column plus visible endpoints; no curve fitting or bridging
128eeb1ea3ad30f5a2ecf9194e2b784be37e837982dec3bdcb7b9db48aa4e7e4,Numerical simulation of aerial liquid drops of Canadair CL-415 and Dash-8 airtankers.pdf,7,1521,Fig. 6(b),b,CL-415,0.001,cl415_alpha0p001_t0.5s,0.5,reported,red,"250,10,27",90.0,500,4,2050,300,1800,1700,streamwise_distance_y,m,215.5,0.0,1631.0,2.0,vertical_penetration_Z,m,271.5,0.0,1390.0,3.0,true,680.00,525.50,108,2730.00,825.50,0.65631,0.68127,0.020,0.030,500dpi page-7 raster; red connected stroke; median pixel center per 4px plot-x column plus visible endpoints; no curve fitting or bridging
128eeb1ea3ad30f5a2ecf9194e2b784be37e837982dec3bdcb7b9db48aa4e7e4,Numerical simulation of aerial liquid drops of Canadair CL-415 and Dash-8 airtankers.pdf,7,1521,Fig. 6(b),b,CL-415,0.001,cl415_alpha0p001_t0.5s,0.5,reported,red,"250,10,27",90.0,500,4,2050,300,1800,1700,streamwise_distance_y,m,215.5,0.0,1631.0,2.0,vertical_penetration_Z,m,271.5,0.0,1390.0,3.0,true,684.00,529.50,109,2734.00,829.50,0.66196,0.69200,0.020,0.030,500dpi page-7 raster; red connected stroke; median pixel center per 4px plot-x column plus visible endpoints; no curve fitting or bridging
128eeb1ea3ad30f5a2ecf9194e2b784be37e837982dec3bdcb7b9db48aa4e7e4,Numerical simulation of aerial liquid drops of Canadair CL-415 and Dash-8 airtankers.pdf,7,1521,Fig. 6(b),b,CL-415,0.001,cl415_alpha0p001_t0.5s,0.5,reported,red,"250,10,27",90.0,500,4,2050,300,1800,1700,streamwise_distance_y,m,215.5,0.0,1631.0,2.0,vertical_penetration_Z,m,271.5,0.0,1390.0,3.0,true,688.00,533.50,110,2738.00,833.50,0.66761,0.70273,0.020,0.030,500dpi page-7 raster; red connected stroke; median pixel center per 4px plot-x column plus visible endpoints; no curve fitting or bridging
128eeb1ea3ad30f5a2ecf9194e2b784be37e837982dec3bdcb7b9db48aa4e7e4,Numerical simulation of aerial liquid drops of Canadair CL-415 and Dash-8 airtankers.pdf,7,1521,Fig. 6(b),b,CL-415,0.001,cl415_alpha0p001_t0.5s,0.5,reported,red,"250,10,27",90.0,500,4,2050,300,1800,1700,streamwise_distance_y,m,215.5,0.0,1631.0,2.0,vertical_penetration_Z,m,271.5,0.0,1390.0,3.0,true,692.00,536.50,111,2742.00,836.50,0.67326,0.71077,0.020,0.030,500dpi page-7 raster; red connected stroke; median pixel center per 4px plot-x column plus visible endpoints; no curve fitting or bridging
128eeb1ea3ad30f5a2ecf9194e2b784be37e837982dec3bdcb7b9db48aa4e7e4,Numerical simulation of aerial liquid drops of Canadair CL-415 and Dash-8 airtankers.pdf,7,1521,Fig. 6(b),b,CL-415,0.001,cl415_alpha0p001_t0.5s,0.5,reported,red,"250,10,27",90.0,500,4,2050,300,1800,1700,streamwise_distance_y,m,215.5,0.0,1631.0,2.0,vertical_penetration_Z,m,271.5,0.0,1390.0,3.0,true,696.00,539.00,112,2746.00,839.00,0.67891,0.71748,0.020,0.030,500dpi page-7 raster; red connected stroke; median pixel center per 4px plot-x column plus visible endpoints; no curve fitting or bridging
128eeb1ea3ad30f5a2ecf9194e2b784be37e837982dec3bdcb7b9db48aa4e7e4,Numerical simulation of aerial liquid drops of Canadair CL-415 and Dash-8 airtankers.pdf,7,1521,Fig. 6(b),b,CL-415,0.001,cl415_alpha0p001_t0.5s,0.5,reported,red,"250,10,27",90.0,500,4,2050,300,1800,1700,streamwise_distance_y,m,215.5,0.0,1631.0,2.0,vertical_penetration_Z,m,271.5,0.0,1390.0,3.0,true,700.00,539.50,113,2750.00,839.50,0.68456,0.71882,0.020,0.030,500dpi page-7 raster; red connected stroke; median pixel center per 4px plot-x column plus visible endpoints; no curve fitting or bridging
128eeb1ea3ad30f5a2ecf9194e2b784be37e837982dec3bdcb7b9db48aa4e7e4,Numerical simulation of aerial liquid drops of Canadair CL-415 and Dash-8 airtankers.pdf,7,1521,Fig. 6(b),b,CL-415,0.001,cl415_alpha0p001_t0.5s,0.5,reported,red,"250,10,27",90.0,500,4,2050,300,1800,1700,streamwise_distance_y,m,215.5,0.0,1631.0,2.0,vertical_penetration_Z,m,271.5,0.0,1390.0,3.0,true,704.00,539.50,114,2754.00,839.50,0.69022,0.71882,0.020,0.030,500dpi page-7 raster; red connected stroke; median pixel center per 4px plot-x column plus visible endpoints; no curve fitting or bridging
128eeb1ea3ad30f5a2ecf9194e2b784be37e837982dec3bdcb7b9db48aa4e7e4,Numerical simulation of aerial liquid drops of Canadair CL-415 and Dash-8 airtankers.pdf,7,1521,Fig. 6(b),b,CL-415,0.001,cl415_alpha0p001_t0.5s,0.5,reported,red,"250,10,27",90.0,500,4,2050,300,1800,1700,streamwise_distance_y,m,215.5,0.0,1631.0,2.0,vertical_penetration_Z,m,271.5,0.0,1390.0,3.0,true,708.00,539.50,115,2758.00,839.50,0.69587,0.71882,0.020,0.030,500dpi page-7 raster; red connected stroke; median pixel center per 4px plot-x column plus visible endpoints; no curve fitting or bridging
128eeb1ea3ad30f5a2ecf9194e2b784be37e837982dec3bdcb7b9db48aa4e7e4,Numerical simulation of aerial liquid drops of Canadair CL-415 and Dash-8 airtankers.pdf,7,1521,Fig. 6(b),b,CL-415,0.001,cl415_alpha0p001_t0.5s,0.5,reported,red,"250,10,27",90.0,500,4,2050,300,1800,1700,streamwise_distance_y,m,215.5,0.0,1631.0,2.0,vertical_penetration_Z,m,271.5,0.0,1390.0,3.0,true,712.00,539.50,116,2762.00,839.50,0.70152,0.71882,0.020,0.030,500dpi page-7 raster; red connected stroke; median pixel center per 4px plot-x column plus visible endpoints; no curve fitting or bridging
128eeb1ea3ad30f5a2ecf9194e2b784be37e837982dec3bdcb7b9db48aa4e7e4,Numerical simulation of aerial liquid drops of Canadair CL-415 and Dash-8 airtankers.pdf,7,1521,Fig. 6(b),b,CL-415,0.001,cl415_alpha0p001_t0.5s,0.5,reported,red,"250,10,27",90.0,500,4,2050,300,1800,1700,streamwise_distance_y,m,215.5,0.0,1631.0,2.0,vertical_penetration_Z,m,271.5,0.0,1390.0,3.0,true,716.00,539.50,117,2766.00,839.50,0.70717,0.71882,0.020,0.030,500dpi page-7 raster; red connected stroke; median pixel center per 4px plot-x column plus visible endpoints; no curve fitting or bridging
128eeb1ea3ad30f5a2ecf9194e2b784be37e837982dec3bdcb7b9db48aa4e7e4,Numerical simulation of aerial liquid drops of Canadair CL-415 and Dash-8 airtankers.pdf,7,1521,Fig. 6(b),b,CL-415,0.001,cl415_alpha0p001_t0.5s,0.5,reported,red,"250,10,27",90.0,500,4,2050,300,1800,1700,streamwise_distance_y,m,215.5,0.0,1631.0,2.0,vertical_penetration_Z,m,271.5,0.0,1390.0,3.0,true,720.00,541.50,118,2770.00,841.50,0.71282,0.72418,0.020,0.030,500dpi page-7 raster; red connected stroke; median pixel center per 4px plot-x column plus visible endpoints; no curve fitting or bridging
128eeb1ea3ad30f5a2ecf9194e2b784be37e837982dec3bdcb7b9db48aa4e7e4,Numerical simulation of aerial liquid drops of Canadair CL-415 and Dash-8 airtankers.pdf,7,1521,Fig. 6(b),b,CL-415,0.001,cl415_alpha0p001_t0.5s,0.5,reported,red,"250,10,27",90.0,500,4,2050,300,1800,1700,streamwise_distance_y,m,215.5,0.0,1631.0,2.0,vertical_penetration_Z,m,271.5,0.0,1390.0,3.0,true,724.00,547.00,119,2774.00,847.00,0.71847,0.73894,0.020,0.030,500dpi page-7 raster; red connected stroke; median pixel center per 4px plot-x column plus visible endpoints; no curve fitting or bridging
128eeb1ea3ad30f5a2ecf9194e2b784be37e837982dec3bdcb7b9db48aa4e7e4,Numerical simulation of aerial liquid drops of Canadair CL-415 and Dash-8 airtankers.pdf,7,1521,Fig. 6(b),b,CL-415,0.001,cl415_alpha0p001_t0.5s,0.5,reported,red,"250,10,27",90.0,500,4,2050,300,1800,1700,streamwise_distance_y,m,215.5,0.0,1631.0,2.0,vertical_penetration_Z,m,271.5,0.0,1390.0,3.0,true,728.00,555.00,120,2778.00,855.00,0.72413,0.76039,0.020,0.030,500dpi page-7 raster; red connected stroke; median pixel center per 4px plot-x column plus visible endpoints; no curve fitting or bridging
128eeb1ea3ad30f5a2ecf9194e2b784be37e837982dec3bdcb7b9db48aa4e7e4,Numerical simulation of aerial liquid drops of Canadair CL-415 and Dash-8 airtankers.pdf,7,1521,Fig. 6(b),b,CL-415,0.001,cl415_alpha0p001_t0.5s,0.5,reported,red,"250,10,27",90.0,500,4,2050,300,1800,1700,streamwise_distance_y,m,215.5,0.0,1631.0,2.0,vertical_penetration_Z,m,271.5,0.0,1390.0,3.0,true,732.00,565.00,121,2782.00,865.00,0.72978,0.78722,0.020,0.030,500dpi page-7 raster; red connected stroke; median pixel center per 4px plot-x column plus visible endpoints; no curve fitting or bridging
128eeb1ea3ad30f5a2ecf9194e2b784be37e837982dec3bdcb7b9db48aa4e7e4,Numerical simulation of aerial liquid drops of Canadair CL-415 and Dash-8 airtankers.pdf,7,1521,Fig. 6(b),b,CL-415,0.001,cl415_alpha0p001_t0.5s,0.5,reported,red,"250,10,27",90.0,500,4,2050,300,1800,1700,streamwise_distance_y,m,215.5,0.0,1631.0,2.0,vertical_penetration_Z,m,271.5,0.0,1390.0,3.0,true,736.00,576.50,122,2786.00,876.50,0.73543,0.81806,0.020,0.030,500dpi page-7 raster; red connected stroke; median pixel center per 4px plot-x column plus visible endpoints; no curve fitting or bridging
128eeb1ea3ad30f5a2ecf9194e2b784be37e837982dec3bdcb7b9db48aa4e7e4,Numerical simulation of aerial liquid drops of Canadair CL-415 and Dash-8 airtankers.pdf,7,1521,Fig. 6(b),b,CL-415,0.001,cl415_alpha0p001_t0.5s,0.5,reported,red,"250,10,27",90.0,500,4,2050,300,1800,1700,streamwise_distance_y,m,215.5,0.0,1631.0,2.0,vertical_penetration_Z,m,271.5,0.0,1390.0,3.0,true,740.00,586.00,123,2790.00,886.00,0.74108,0.84354,0.020,0.030,500dpi page-7 raster; red connected stroke; median pixel center per 4px plot-x column plus visible endpoints; no curve fitting or bridging
128eeb1ea3ad30f5a2ecf9194e2b784be37e837982dec3bdcb7b9db48aa4e7e4,Numerical simulation of aerial liquid drops of Canadair CL-415 and Dash-8 airtankers.pdf,7,1521,Fig. 6(b),b,CL-415,0.001,cl415_alpha0p001_t0.5s,0.5,reported,red,"250,10,27",90.0,500,4,2050,300,1800,1700,streamwise_distance_y,m,215.5,0.0,1631.0,2.0,vertical_penetration_Z,m,271.5,0.0,1390.0,3.0,true,744.00,597.50,124,2794.00,897.50,0.74673,0.87439,0.020,0.030,500dpi page-7 raster; red connected stroke; median pixel center per 4px plot-x column plus visible endpoints; no curve fitting or bridging
128eeb1ea3ad30f5a2ecf9194e2b784be37e837982dec3bdcb7b9db48aa4e7e4,Numerical simulation of aerial liquid drops of Canadair CL-415 and Dash-8 airtankers.pdf,7,1521,Fig. 6(b),b,CL-415,0.001,cl415_alpha0p001_t0.5s,0.5,reported,red,"250,10,27",90.0,500,4,2050,300,1800,1700,streamwise_distance_y,m,215.5,0.0,1631.0,2.0,vertical_penetration_Z,m,271.5,0.0,1390.0,3.0,true,748.00,606.00,125,2798.00,906.00,0.75238,0.89718,0.020,0.030,500dpi page-7 raster; red connected stroke; median pixel center per 4px plot-x column plus visible endpoints; no curve fitting or bridging
128eeb1ea3ad30f5a2ecf9194e2b784be37e837982dec3bdcb7b9db48aa4e7e4,Numerical simulation of aerial liquid drops of Canadair CL-415 and Dash-8 airtankers.pdf,7,1521,Fig. 6(b),b,CL-415,0.001,cl415_alpha0p001_t0.5s,0.5,reported,red,"250,10,27",90.0,500,4,2050,300,1800,1700,streamwise_distance_y,m,215.5,0.0,1631.0,2.0,vertical_penetration_Z,m,271.5,0.0,1390.0,3.0,true,752.00,612.00,126,2802.00,912.00,0.75804,0.91328,0.020,0.030,500dpi page-7 raster; red connected stroke; median pixel center per 4px plot-x column plus visible endpoints; no curve fitting or bridging
128eeb1ea3ad30f5a2ecf9194e2b784be37e837982dec3bdcb7b9db48aa4e7e4,Numerical simulation of aerial liquid drops of Canadair CL-415 and Dash-8 airtankers.pdf,7,1521,Fig. 6(b),b,CL-415,0.001,cl415_alpha0p001_t0.5s,0.5,reported,red,"250,10,27",90.0,500,4,2050,300,1800,1700,streamwise_distance_y,m,215.5,0.0,1631.0,2.0,vertical_penetration_Z,m,271.5,0.0,1390.0,3.0,true,756.00,617.00,127,2806.00,917.00,0.76369,0.92669,0.020,0.030,500dpi page-7 raster; red connected stroke; median pixel center per 4px plot-x column plus visible endpoints; no curve fitting or bridging
128eeb1ea3ad30f5a2ecf9194e2b784be37e837982dec3bdcb7b9db48aa4e7e4,Numerical simulation of aerial liquid drops of Canadair CL-415 and Dash-8 airtankers.pdf,7,1521,Fig. 6(b),b,CL-415,0.001,cl415_alpha0p001_t0.5s,0.5,reported,red,"250,10,27",90.0,500,4,2050,300,1800,1700,streamwise_distance_y,m,215.5,0.0,1631.0,2.0,vertical_penetration_Z,m,271.5,0.0,1390.0,3.0,true,760.00,619.50,128,2810.00,919.50,0.76934,0.93339,0.020,0.030,500dpi page-7 raster; red connected stroke; median pixel center per 4px plot-x column plus visible endpoints; no curve fitting or bridging
128eeb1ea3ad30f5a2ecf9194e2b784be37e837982dec3bdcb7b9db48aa4e7e4,Numerical simulation of aerial liquid drops of Canadair CL-415 and Dash-8 airtankers.pdf,7,1521,Fig. 6(b),b,CL-415,0.001,cl415_alpha0p001_t0.5s,0.5,reported,red,"250,10,27",90.0,500,4,2050,300,1800,1700,streamwise_distance_y,m,215.5,0.0,1631.0,2.0,vertical_penetration_Z,m,271.5,0.0,1390.0,3.0,true,764.00,621.50,129,2814.00,921.50,0.77499,0.93876,0.020,0.030,500dpi page-7 raster; red connected stroke; median pixel center per 4px plot-x column plus visible endpoints; no curve fitting or bridging
128eeb1ea3ad30f5a2ecf9194e2b784be37e837982dec3bdcb7b9db48aa4e7e4,Numerical simulation of aerial liquid drops of Canadair CL-415 and Dash-8 airtankers.pdf,7,1521,Fig. 6(b),b,CL-415,0.001,cl415_alpha0p001_t0.5s,0.5,reported,red,"250,10,27",90.0,500,4,2050,300,1800,1700,streamwise_distance_y,m,215.5,0.0,1631.0,2.0,vertical_penetration_Z,m,271.5,0.0,1390.0,3.0,true,768.00,623.50,130,2818.00,923.50,0.78064,0.94412,0.020,0.030,500dpi page-7 raster; red connected stroke; median pixel center per 4px plot-x column plus visible endpoints; no curve fitting or bridging
128eeb1ea3ad30f5a2ecf9194e2b784be37e837982dec3bdcb7b9db48aa4e7e4,Numerical simulation of aerial liquid drops of Canadair CL-415 and Dash-8 airtankers.pdf,7,1521,Fig. 6(b),b,CL-415,0.001,cl415_alpha0p001_t0.5s,0.5,reported,red,"250,10,27",90.0,500,4,2050,300,1800,1700,streamwise_distance_y,m,215.5,0.0,1631.0,2.0,vertical_penetration_Z,m,271.5,0.0,1390.0,3.0,true,772.00,625.50,131,2822.00,925.50,0.78629,0.94949,0.020,0.030,500dpi page-7 raster; red connected stroke; median pixel center per 4px plot-x column plus visible endpoints; no curve fitting or bridging
128eeb1ea3ad30f5a2ecf9194e2b784be37e837982dec3bdcb7b9db48aa4e7e4,Numerical simulation of aerial liquid drops of Canadair CL-415 and Dash-8 airtankers.pdf,7,1521,Fig. 6(b),b,CL-415,0.001,cl415_alpha0p001_t0.5s,0.5,reported,red,"250,10,27",90.0,500,4,2050,300,1800,1700,streamwise_distance_y,m,215.5,0.0,1631.0,2.0,vertical_penetration_Z,m,271.5,0.0,1390.0,3.0,true,776.00,628.00,132,2826.00,928.00,0.79195,0.95619,0.020,0.030,500dpi page-7 raster; red connected stroke; median pixel center per 4px plot-x column plus visible endpoints; no curve fitting or bridging
128eeb1ea3ad30f5a2ecf9194e2b784be37e837982dec3bdcb7b9db48aa4e7e4,Numerical simulation of aerial liquid drops of Canadair CL-415 and Dash-8 airtankers.pdf,7,1521,Fig. 6(b),b,CL-415,0.001,cl415_alpha0p001_t0.5s,0.5,reported,red,"250,10,27",90.0,500,4,2050,300,1800,1700,streamwise_distance_y,m,215.5,0.0,1631.0,2.0,vertical_penetration_Z,m,271.5,0.0,1390.0,3.0,true,780.00,630.00,133,2830.00,930.00,0.79760,0.96156,0.020,0.030,500dpi page-7 raster; red connected stroke; median pixel center per 4px plot-x column plus visible endpoints; no curve fitting or bridging
128eeb1ea3ad30f5a2ecf9194e2b784be37e837982dec3bdcb7b9db48aa4e7e4,Numerical simulation of aerial liquid drops of Canadair CL-415 and Dash-8 airtankers.pdf,7,1521,Fig. 6(b),b,CL-415,0.001,cl415_alpha0p001_t0.5s,0.5,reported,red,"250,10,27",90.0,500,4,2050,300,1800,1700,streamwise_distance_y,m,215.5,0.0,1631.0,2.0,vertical_penetration_Z,m,271.5,0.0,1390.0,3.0,true,784.00,632.00,134,2834.00,932.00,0.80325,0.96692,0.020,0.030,500dpi page-7 raster; red connected stroke; median pixel center per 4px plot-x column plus visible endpoints; no curve fitting or bridging
128eeb1ea3ad30f5a2ecf9194e2b784be37e837982dec3bdcb7b9db48aa4e7e4,Numerical simulation of aerial liquid drops of Canadair CL-415 and Dash-8 airtankers.pdf,7,1521,Fig. 6(b),b,CL-415,0.001,cl415_alpha0p001_t0.5s,0.5,reported,red,"250,10,27",90.0,500,4,2050,300,1800,1700,streamwise_distance_y,m,215.5,0.0,1631.0,2.0,vertical_penetration_Z,m,271.5,0.0,1390.0,3.0,true,788.00,634.50,135,2838.00,934.50,0.80890,0.97363,0.020,0.030,500dpi page-7 raster; red connected stroke; median pixel center per 4px plot-x column plus visible endpoints; no curve fitting or bridging
128eeb1ea3ad30f5a2ecf9194e2b784be37e837982dec3bdcb7b9db48aa4e7e4,Numerical simulation of aerial liquid drops of Canadair CL-415 and Dash-8 airtankers.pdf,7,1521,Fig. 6(b),b,CL-415,0.001,cl415_alpha0p001_t0.5s,0.5,reported,red,"250,10,27",90.0,500,4,2050,300,1800,1700,streamwise_distance_y,m,215.5,0.0,1631.0,2.0,vertical_penetration_Z,m,271.5,0.0,1390.0,3.0,true,792.00,636.50,136,2842.00,936.50,0.81455,0.97899,0.020,0.030,500dpi page-7 raster; red connected stroke; median pixel center per 4px plot-x column plus visible endpoints; no curve fitting or bridging
128eeb1ea3ad30f5a2ecf9194e2b784be37e837982dec3bdcb7b9db48aa4e7e4,Numerical simulation of aerial liquid drops of Canadair CL-415 and Dash-8 airtankers.pdf,7,1521,Fig. 6(b),b,CL-415,0.001,cl415_alpha0p001_t0.5s,0.5,reported,red,"250,10,27",90.0,500,4,2050,300,1800,1700,streamwise_distance_y,m,215.5,0.0,1631.0,2.0,vertical_penetration_Z,m,271.5,0.0,1390.0,3.0,true,796.00,638.50,137,2846.00,938.50,0.82020,0.98435,0.020,0.030,500dpi page-7 raster; red connected stroke; median pixel center per 4px plot-x column plus visible endpoints; no curve fitting or bridging
128eeb1ea3ad30f5a2ecf9194e2b784be37e837982dec3bdcb7b9db48aa4e7e4,Numerical simulation of aerial liquid drops of Canadair CL-415 and Dash-8 airtankers.pdf,7,1521,Fig. 6(b),b,CL-415,0.001,cl415_alpha0p001_t0.5s,0.5,reported,red,"250,10,27",90.0,500,4,2050,300,1800,1700,streamwise_distance_y,m,215.5,0.0,1631.0,2.0,vertical_penetration_Z,m,271.5,0.0,1390.0,3.0,true,800.00,640.50,138,2850.00,940.50,0.82586,0.98972,0.020,0.030,500dpi page-7 raster; red connected stroke; median pixel center per 4px plot-x column plus visible endpoints; no curve fitting or bridging
128eeb1ea3ad30f5a2ecf9194e2b784be37e837982dec3bdcb7b9db48aa4e7e4,Numerical simulation of aerial liquid drops of Canadair CL-415 and Dash-8 airtankers.pdf,7,1521,Fig. 6(b),b,CL-415,0.001,cl415_alpha0p001_t0.5s,0.5,reported,red,"250,10,27",90.0,500,4,2050,300,1800,1700,streamwise_distance_y,m,215.5,0.0,1631.0,2.0,vertical_penetration_Z,m,271.5,0.0,1390.0,3.0,true,804.00,642.50,139,2854.00,942.50,0.83151,0.99508,0.020,0.030,500dpi page-7 raster; red connected stroke; median pixel center per 4px plot-x column plus visible endpoints; no curve fitting or bridging
128eeb1ea3ad30f5a2ecf9194e2b784be37e837982dec3bdcb7b9db48aa4e7e4,Numerical simulation of aerial liquid drops of Canadair CL-415 and Dash-8 airtankers.pdf,7,1521,Fig. 6(b),b,CL-415,0.001,cl415_alpha0p001_t0.5s,0.5,reported,red,"250,10,27",90.0,500,4,2050,300,1800,1700,streamwise_distance_y,m,215.5,0.0,1631.0,2.0,vertical_penetration_Z,m,271.5,0.0,1390.0,3.0,true,808.00,644.50,140,2858.00,944.50,0.83716,1.00045,0.020,0.030,500dpi page-7 raster; red connected stroke; median pixel center per 4px plot-x column plus visible endpoints; no curve fitting or bridging
128eeb1ea3ad30f5a2ecf9194e2b784be37e837982dec3bdcb7b9db48aa4e7e4,Numerical simulation of aerial liquid drops of Canadair CL-415 and Dash-8 airtankers.pdf,7,1521,Fig. 6(b),b,CL-415,0.001,cl415_alpha0p001_t0.5s,0.5,reported,red,"250,10,27",90.0,500,4,2050,300,1800,1700,streamwise_distance_y,m,215.5,0.0,1631.0,2.0,vertical_penetration_Z,m,271.5,0.0,1390.0,3.0,true,812.00,647.00,141,2862.00,947.00,0.84281,1.00715,0.020,0.030,500dpi page-7 raster; red connected stroke; median pixel center per 4px plot-x column plus visible endpoints; no curve fitting or bridging
128eeb1ea3ad30f5a2ecf9194e2b784be37e837982dec3bdcb7b9db48aa4e7e4,Numerical simulation of aerial liquid drops of Canadair CL-415 and Dash-8 airtankers.pdf,7,1521,Fig. 6(b),b,CL-415,0.001,cl415_alpha0p001_t0.5s,0.5,reported,red,"250,10,27",90.0,500,4,2050,300,1800,1700,streamwise_distance_y,m,215.5,0.0,1631.0,2.0,vertical_penetration_Z,m,271.5,0.0,1390.0,3.0,true,816.00,648.50,142,2866.00,948.50,0.84846,1.01118,0.020,0.030,500dpi page-7 raster; red connected stroke; median pixel center per 4px plot-x column plus visible endpoints; no curve fitting or bridging
128eeb1ea3ad30f5a2ecf9194e2b784be37e837982dec3bdcb7b9db48aa4e7e4,Numerical simulation of aerial liquid drops of Canadair CL-415 and Dash-8 airtankers.pdf,7,1521,Fig. 6(b),b,CL-415,0.001,cl415_alpha0p001_t0.5s,0.5,reported,red,"250,10,27",90.0,500,4,2050,300,1800,1700,streamwise_distance_y,m,215.5,0.0,1631.0,2.0,vertical_penetration_Z,m,271.5,0.0,1390.0,3.0,true,820.00,651.50,143,2870.00,951.50,0.85412,1.01922,0.020,0.030,500dpi page-7 raster; red connected stroke; median pixel center per 4px plot-x column plus visible endpoints; no curve fitting or bridging
128eeb1ea3ad30f5a2ecf9194e2b784be37e837982dec3bdcb7b9db48aa4e7e4,Numerical simulation of aerial liquid drops of Canadair CL-415 and Dash-8 airtankers.pdf,7,1521,Fig. 6(b),b,CL-415,0.001,cl415_alpha0p001_t0.5s,0.5,reported,red,"250,10,27",90.0,500,4,2050,300,1800,1700,streamwise_distance_y,m,215.5,0.0,1631.0,2.0,vertical_penetration_Z,m,271.5,0.0,1390.0,3.0,true,824.00,653.50,144,2874.00,953.50,0.85977,1.02459,0.020,0.030,500dpi page-7 raster; red connected stroke; median pixel center per 4px plot-x column plus visible endpoints; no curve fitting or bridging
128eeb1ea3ad30f5a2ecf9194e2b784be37e837982dec3bdcb7b9db48aa4e7e4,Numerical simulation of aerial liquid drops of Canadair CL-415 and Dash-8 airtankers.pdf,7,1521,Fig. 6(b),b,CL-415,0.001,cl415_alpha0p001_t0.5s,0.5,reported,red,"250,10,27",90.0,500,4,2050,300,1800,1700,streamwise_distance_y,m,215.5,0.0,1631.0,2.0,vertical_penetration_Z,m,271.5,0.0,1390.0,3.0,true,828.00,655.50,145,2878.00,955.50,0.86542,1.02995,0.020,0.030,500dpi page-7 raster; red connected stroke; median pixel center per 4px plot-x column plus visible endpoints; no curve fitting or bridging
128eeb1ea3ad30f5a2ecf9194e2b784be37e837982dec3bdcb7b9db48aa4e7e4,Numerical simulation of aerial liquid drops of Canadair CL-415 and Dash-8 airtankers.pdf,7,1521,Fig. 6(b),b,CL-415,0.001,cl415_alpha0p001_t0.5s,0.5,reported,red,"250,10,27",90.0,500,4,2050,300,1800,1700,streamwise_distance_y,m,215.5,0.0,1631.0,2.0,vertical_penetration_Z,m,271.5,0.0,1390.0,3.0,true,832.00,657.50,146,2882.00,957.50,0.87107,1.03532,0.020,0.030,500dpi page-7 raster; red connected stroke; median pixel center per 4px plot-x column plus visible endpoints; no curve fitting or bridging
128eeb1ea3ad30f5a2ecf9194e2b784be37e837982dec3bdcb7b9db48aa4e7e4,Numerical simulation of aerial liquid drops of Canadair CL-415 and Dash-8 airtankers.pdf,7,1521,Fig. 6(b),b,CL-415,0.001,cl415_alpha0p001_t0.5s,0.5,reported,red,"250,10,27",90.0,500,4,2050,300,1800,1700,streamwise_distance_y,m,215.5,0.0,1631.0,2.0,vertical_penetration_Z,m,271.5,0.0,1390.0,3.0,true,836.00,660.50,147,2886.00,960.50,0.87672,1.04336,0.020,0.030,500dpi page-7 raster; red connected stroke; median pixel center per 4px plot-x column plus visible endpoints; no curve fitting or bridging
128eeb1ea3ad30f5a2ecf9194e2b784be37e837982dec3bdcb7b9db48aa4e7e4,Numerical simulation of aerial liquid drops of Canadair CL-415 and Dash-8 airtankers.pdf,7,1521,Fig. 6(b),b,CL-415,0.001,cl415_alpha0p001_t0.5s,0.5,reported,red,"250,10,27",90.0,500,4,2050,300,1800,1700,streamwise_distance_y,m,215.5,0.0,1631.0,2.0,vertical_penetration_Z,m,271.5,0.0,1390.0,3.0,true,840.00,664.00,148,2890.00,964.00,0.88237,1.05275,0.020,0.030,500dpi page-7 raster; red connected stroke; median pixel center per 4px plot-x column plus visible endpoints; no curve fitting or bridging
128eeb1ea3ad30f5a2ecf9194e2b784be37e837982dec3bdcb7b9db48aa4e7e4,Numerical simulation of aerial liquid drops of Canadair CL-415 and Dash-8 airtankers.pdf,7,1521,Fig. 6(b),b,CL-415,0.001,cl415_alpha0p001_t0.5s,0.5,reported,red,"250,10,27",90.0,500,4,2050,300,1800,1700,streamwise_distance_y,m,215.5,0.0,1631.0,2.0,vertical_penetration_Z,m,271.5,0.0,1390.0,3.0,true,844.00,668.50,149,2894.00,968.50,0.88803,1.06482,0.020,0.030,500dpi page-7 raster; red connected stroke; median pixel center per 4px plot-x column plus visible endpoints; no curve fitting or bridging
128eeb1ea3ad30f5a2ecf9194e2b784be37e837982dec3bdcb7b9db48aa4e7e4,Numerical simulation of aerial liquid drops of Canadair CL-415 and Dash-8 airtankers.pdf,7,1521,Fig. 6(b),b,CL-415,0.001,cl415_alpha0p001_t0.5s,0.5,reported,red,"250,10,27",90.0,500,4,2050,300,1800,1700,streamwise_distance_y,m,215.5,0.0,1631.0,2.0,vertical_penetration_Z,m,271.5,0.0,1390.0,3.0,true,848.00,672.50,150,2898.00,972.50,0.89368,1.07555,0.020,0.030,500dpi page-7 raster; red connected stroke; median pixel center per 4px plot-x column plus visible endpoints; no curve fitting or bridging
128eeb1ea3ad30f5a2ecf9194e2b784be37e837982dec3bdcb7b9db48aa4e7e4,Numerical simulation of aerial liquid drops of Canadair CL-415 and Dash-8 airtankers.pdf,7,1521,Fig. 6(b),b,CL-415,0.001,cl415_alpha0p001_t0.5s,0.5,reported,red,"250,10,27",90.0,500,4,2050,300,1800,1700,streamwise_distance_y,m,215.5,0.0,1631.0,2.0,vertical_penetration_Z,m,271.5,0.0,1390.0,3.0,true,852.00,676.50,151,2902.00,976.50,0.89933,1.08628,0.020,0.030,500dpi page-7 raster; red connected stroke; median pixel center per 4px plot-x column plus visible endpoints; no curve fitting or bridging
128eeb1ea3ad30f5a2ecf9194e2b784be37e837982dec3bdcb7b9db48aa4e7e4,Numerical simulation of aerial liquid drops of Canadair CL-415 and Dash-8 airtankers.pdf,7,1521,Fig. 6(b),b,CL-415,0.001,cl415_alpha0p001_t0.5s,0.5,reported,red,"250,10,27",90.0,500,4,2050,300,1800,1700,streamwise_distance_y,m,215.5,0.0,1631.0,2.0,vertical_penetration_Z,m,271.5,0.0,1390.0,3.0,true,856.00,680.50,152,2906.00,980.50,0.90498,1.09700,0.020,0.030,500dpi page-7 raster; red connected stroke; median pixel center per 4px plot-x column plus visible endpoints; no curve fitting or bridging
128eeb1ea3ad30f5a2ecf9194e2b784be37e837982dec3bdcb7b9db48aa4e7e4,Numerical simulation of aerial liquid drops of Canadair CL-415 and Dash-8 airtankers.pdf,7,1521,Fig. 6(b),b,CL-415,0.001,cl415_alpha0p001_t0.5s,0.5,reported,red,"250,10,27",90.0,500,4,2050,300,1800,1700,streamwise_distance_y,m,215.5,0.0,1631.0,2.0,vertical_penetration_Z,m,271.5,0.0,1390.0,3.0,true,860.00,685.50,153,2910.00,985.50,0.91063,1.11042,0.020,0.030,500dpi page-7 raster; red connected stroke; median pixel center per 4px plot-x column plus visible endpoints; no curve fitting or bridging
128eeb1ea3ad30f5a2ecf9194e2b784be37e837982dec3bdcb7b9db48aa4e7e4,Numerical simulation of aerial liquid drops of Canadair CL-415 and Dash-8 airtankers.pdf,7,1521,Fig. 6(b),b,CL-415,0.001,cl415_alpha0p001_t0.5s,0.5,reported,red,"250,10,27",90.0,500,4,2050,300,1800,1700,streamwise_distance_y,m,215.5,0.0,1631.0,2.0,vertical_penetration_Z,m,271.5,0.0,1390.0,3.0,true,864.00,691.50,154,2914.00,991.50,0.91628,1.12651,0.020,0.030,500dpi page-7 raster; red connected stroke; median pixel center per 4px plot-x column plus visible endpoints; no curve fitting or bridging
128eeb1ea3ad30f5a2ecf9194e2b784be37e837982dec3bdcb7b9db48aa4e7e4,Numerical simulation of aerial liquid drops of Canadair CL-415 and Dash-8 airtankers.pdf,7,1521,Fig. 6(b),b,CL-415,0.001,cl415_alpha0p001_t0.5s,0.5,reported,red,"250,10,27",90.0,500,4,2050,300,1800,1700,streamwise_distance_y,m,215.5,0.0,1631.0,2.0,vertical_penetration_Z,m,271.5,0.0,1390.0,3.0,true,868.00,698.00,155,2918.00,998.00,0.92194,1.14394,0.020,0.030,500dpi page-7 raster; red connected stroke; median pixel center per 4px plot-x column plus visible endpoints; no curve fitting or bridging
128eeb1ea3ad30f5a2ecf9194e2b784be37e837982dec3bdcb7b9db48aa4e7e4,Numerical simulation of aerial liquid drops of Canadair CL-415 and Dash-8 airtankers.pdf,7,1521,Fig. 6(b),b,CL-415,0.001,cl415_alpha0p001_t0.5s,0.5,reported,red,"250,10,27",90.0,500,4,2050,300,1800,1700,streamwise_distance_y,m,215.5,0.0,1631.0,2.0,vertical_penetration_Z,m,271.5,0.0,1390.0,3.0,true,872.00,706.00,156,2922.00,1006.00,0.92759,1.16540,0.020,0.030,500dpi page-7 raster; red connected stroke; median pixel center per 4px plot-x column plus visible endpoints; no curve fitting or bridging
128eeb1ea3ad30f5a2ecf9194e2b784be37e837982dec3bdcb7b9db48aa4e7e4,Numerical simulation of aerial liquid drops of Canadair CL-415 and Dash-8 airtankers.pdf,7,1521,Fig. 6(b),b,CL-415,0.001,cl415_alpha0p001_t0.5s,0.5,reported,red,"250,10,27",90.0,500,4,2050,300,1800,1700,streamwise_distance_y,m,215.5,0.0,1631.0,2.0,vertical_penetration_Z,m,271.5,0.0,1390.0,3.0,true,876.00,714.00,157,2926.00,1014.00,0.93324,1.18686,0.020,0.030,500dpi page-7 raster; red connected stroke; median pixel center per 4px plot-x column plus visible endpoints; no curve fitting or bridging
128eeb1ea3ad30f5a2ecf9194e2b784be37e837982dec3bdcb7b9db48aa4e7e4,Numerical simulation of aerial liquid drops of Canadair CL-415 and Dash-8 airtankers.pdf,7,1521,Fig. 6(b),b,CL-415,0.001,cl415_alpha0p001_t0.5s,0.5,reported,red,"250,10,27",90.0,500,4,2050,300,1800,1700,streamwise_distance_y,m,215.5,0.0,1631.0,2.0,vertical_penetration_Z,m,271.5,0.0,1390.0,3.0,true,880.00,722.50,158,2930.00,1022.50,0.93889,1.20966,0.020,0.030,500dpi page-7 raster; red connected stroke; median pixel center per 4px plot-x column plus visible endpoints; no curve fitting or bridging
128eeb1ea3ad30f5a2ecf9194e2b784be37e837982dec3bdcb7b9db48aa4e7e4,Numerical simulation of aerial liquid drops of Canadair CL-415 and Dash-8 airtankers.pdf,7,1521,Fig. 6(b),b,CL-415,0.001,cl415_alpha0p001_t0.5s,0.5,reported,red,"250,10,27",90.0,500,4,2050,300,1800,1700,streamwise_distance_y,m,215.5,0.0,1631.0,2.0,vertical_penetration_Z,m,271.5,0.0,1390.0,3.0,true,884.00,731.50,159,2934.00,1031.50,0.94454,1.23380,0.020,0.030,500dpi page-7 raster; red connected stroke; median pixel center per 4px plot-x column plus visible endpoints; no curve fitting or bridging
128eeb1ea3ad30f5a2ecf9194e2b784be37e837982dec3bdcb7b9db48aa4e7e4,Numerical simulation of aerial liquid drops of Canadair CL-415 and Dash-8 airtankers.pdf,7,1521,Fig. 6(b),b,CL-415,0.001,cl415_alpha0p001_t0.5s,0.5,reported,red,"250,10,27",90.0,500,4,2050,300,1800,1700,streamwise_distance_y,m,215.5,0.0,1631.0,2.0,vertical_penetration_Z,m,271.5,0.0,1390.0,3.0,true,888.00,739.50,160,2938.00,1039.50,0.95019,1.25525,0.020,0.030,500dpi page-7 raster; red connected stroke; median pixel center per 4px plot-x column plus visible endpoints; no curve fitting or bridging
128eeb1ea3ad30f5a2ecf9194e2b784be37e837982dec3bdcb7b9db48aa4e7e4,Numerical simulation of aerial liquid drops of Canadair CL-415 and Dash-8 airtankers.pdf,7,1521,Fig. 6(b),b,CL-415,0.001,cl415_alpha0p001_t0.5s,0.5,reported,red,"250,10,27",90.0,500,4,2050,300,1800,1700,streamwise_distance_y,m,215.5,0.0,1631.0,2.0,vertical_penetration_Z,m,271.5,0.0,1390.0,3.0,true,892.00,748.00,161,2942.00,1048.00,0.95585,1.27805,0.020,0.030,500dpi page-7 raster; red connected stroke; median pixel center per 4px plot-x column plus visible endpoints; no curve fitting or bridging
128eeb1ea3ad30f5a2ecf9194e2b784be37e837982dec3bdcb7b9db48aa4e7e4,Numerical simulation of aerial liquid drops of Canadair CL-415 and Dash-8 airtankers.pdf,7,1521,Fig. 6(b),b,CL-415,0.001,cl415_alpha0p001_t0.5s,0.5,reported,red,"250,10,27",90.0,500,4,2050,300,1800,1700,streamwise_distance_y,m,215.5,0.0,1631.0,2.0,vertical_penetration_Z,m,271.5,0.0,1390.0,3.0,true,896.00,756.00,162,2946.00,1056.00,0.96150,1.29951,0.020,0.030,500dpi page-7 raster; red connected stroke; median pixel center per 4px plot-x column plus visible endpoints; no curve fitting or bridging
128eeb1ea3ad30f5a2ecf9194e2b784be37e837982dec3bdcb7b9db48aa4e7e4,Numerical simulation of aerial liquid drops of Canadair CL-415 and Dash-8 airtankers.pdf,7,1521,Fig. 6(b),b,CL-415,0.001,cl415_alpha0p001_t0.5s,0.5,reported,red,"250,10,27",90.0,500,4,2050,300,1800,1700,streamwise_distance_y,m,215.5,0.0,1631.0,2.0,vertical_penetration_Z,m,271.5,0.0,1390.0,3.0,true,900.00,765.00,163,2950.00,1065.00,0.96715,1.32365,0.020,0.030,500dpi page-7 raster; red connected stroke; median pixel center per 4px plot-x column plus visible endpoints; no curve fitting or bridging
128eeb1ea3ad30f5a2ecf9194e2b784be37e837982dec3bdcb7b9db48aa4e7e4,Numerical simulation of aerial liquid drops of Canadair CL-415 and Dash-8 airtankers.pdf,7,1521,Fig. 6(b),b,CL-415,0.001,cl415_alpha0p001_t0.5s,0.5,reported,red,"250,10,27",90.0,500,4,2050,300,1800,1700,streamwise_distance_y,m,215.5,0.0,1631.0,2.0,vertical_penetration_Z,m,271.5,0.0,1390.0,3.0,true,904.00,773.50,164,2954.00,1073.50,0.97280,1.34645,0.020,0.030,500dpi page-7 raster; red connected stroke; median pixel center per 4px plot-x column plus visible endpoints; no curve fitting or bridging
128eeb1ea3ad30f5a2ecf9194e2b784be37e837982dec3bdcb7b9db48aa4e7e4,Numerical simulation of aerial liquid drops of Canadair CL-415 and Dash-8 airtankers.pdf,7,1521,Fig. 6(b),b,CL-415,0.001,cl415_alpha0p001_t0.5s,0.5,reported,red,"250,10,27",90.0,500,4,2050,300,1800,1700,streamwise_distance_y,m,215.5,0.0,1631.0,2.0,vertical_penetration_Z,m,271.5,0.0,1390.0,3.0,true,908.00,782.00,165,2958.00,1082.00,0.97845,1.36924,0.020,0.030,500dpi page-7 raster; red connected stroke; median pixel center per 4px plot-x column plus visible endpoints; no curve fitting or bridging
128eeb1ea3ad30f5a2ecf9194e2b784be37e837982dec3bdcb7b9db48aa4e7e4,Numerical simulation of aerial liquid drops of Canadair CL-415 and Dash-8 airtankers.pdf,7,1521,Fig. 6(b),b,CL-415,0.001,cl415_alpha0p001_t0.5s,0.5,reported,red,"250,10,27",90.0,500,4,2050,300,1800,1700,streamwise_distance_y,m,215.5,0.0,1631.0,2.0,vertical_penetration_Z,m,271.5,0.0,1390.0,3.0,true,912.00,791.00,166,2962.00,1091.00,0.98410,1.39338,0.020,0.030,500dpi page-7 raster; red connected stroke; median pixel center per 4px plot-x column plus visible endpoints; no curve fitting or bridging
128eeb1ea3ad30f5a2ecf9194e2b784be37e837982dec3bdcb7b9db48aa4e7e4,Numerical simulation of aerial liquid drops of Canadair CL-415 and Dash-8 airtankers.pdf,7,1521,Fig. 6(b),b,CL-415,0.001,cl415_alpha0p001_t0.5s,0.5,reported,red,"250,10,27",90.0,500,4,2050,300,1800,1700,streamwise_distance_y,m,215.5,0.0,1631.0,2.0,vertical_penetration_Z,m,271.5,0.0,1390.0,3.0,true,916.00,798.00,167,2966.00,1098.00,0.98976,1.41216,0.020,0.030,500dpi page-7 raster; red connected stroke; median pixel center per 4px plot-x column plus visible endpoints; no curve fitting or bridging
128eeb1ea3ad30f5a2ecf9194e2b784be37e837982dec3bdcb7b9db48aa4e7e4,Numerical simulation of aerial liquid drops of Canadair CL-415 and Dash-8 airtankers.pdf,7,1521,Fig. 6(b),b,CL-415,0.001,cl415_alpha0p001_t0.5s,0.5,reported,red,"250,10,27",90.0,500,4,2050,300,1800,1700,streamwise_distance_y,m,215.5,0.0,1631.0,2.0,vertical_penetration_Z,m,271.5,0.0,1390.0,3.0,true,920.00,804.50,168,2970.00,1104.50,0.99541,1.42959,0.020,0.030,500dpi page-7 raster; red connected stroke; median pixel center per 4px plot-x column plus visible endpoints; no curve fitting or bridging
128eeb1ea3ad30f5a2ecf9194e2b784be37e837982dec3bdcb7b9db48aa4e7e4,Numerical simulation of aerial liquid drops of Canadair CL-415 and Dash-8 airtankers.pdf,7,1521,Fig. 6(b),b,CL-415,0.001,cl415_alpha0p001_t0.5s,0.5,reported,red,"250,10,27",90.0,500,4,2050,300,1800,1700,streamwise_distance_y,m,215.5,0.0,1631.0,2.0,vertical_penetration_Z,m,271.5,0.0,1390.0,3.0,true,924.00,809.50,169,2974.00,1109.50,1.00106,1.44300,0.020,0.030,500dpi page-7 raster; red connected stroke; median pixel center per 4px plot-x column plus visible endpoints; no curve fitting or bridging
128eeb1ea3ad30f5a2ecf9194e2b784be37e837982dec3bdcb7b9db48aa4e7e4,Numerical simulation of aerial liquid drops of Canadair CL-415 and Dash-8 airtankers.pdf,7,1521,Fig. 6(b),b,CL-415,0.001,cl415_alpha0p001_t0.5s,0.5,reported,red,"250,10,27",90.0,500,4,2050,300,1800,1700,streamwise_distance_y,m,215.5,0.0,1631.0,2.0,vertical_penetration_Z,m,271.5,0.0,1390.0,3.0,true,928.00,813.00,170,2978.00,1113.00,1.00671,1.45239,0.020,0.030,500dpi page-7 raster; red connected stroke; median pixel center per 4px plot-x column plus visible endpoints; no curve fitting or bridging
128eeb1ea3ad30f5a2ecf9194e2b784be37e837982dec3bdcb7b9db48aa4e7e4,Numerical simulation of aerial liquid drops of Canadair CL-415 and Dash-8 airtankers.pdf,7,1521,Fig. 6(b),b,CL-415,0.001,cl415_alpha0p001_t0.5s,0.5,reported,red,"250,10,27",90.0,500,4,2050,300,1800,1700,streamwise_distance_y,m,215.5,0.0,1631.0,2.0,vertical_penetration_Z,m,271.5,0.0,1390.0,3.0,true,932.00,815.50,171,2982.00,1115.50,1.01236,1.45910,0.020,0.030,500dpi page-7 raster; red connected stroke; median pixel center per 4px plot-x column plus visible endpoints; no curve fitting or bridging
128eeb1ea3ad30f5a2ecf9194e2b784be37e837982dec3bdcb7b9db48aa4e7e4,Numerical simulation of aerial liquid drops of Canadair CL-415 and Dash-8 airtankers.pdf,7,1521,Fig. 6(b),b,CL-415,0.001,cl415_alpha0p001_t0.5s,0.5,reported,red,"250,10,27",90.0,500,4,2050,300,1800,1700,streamwise_distance_y,m,215.5,0.0,1631.0,2.0,vertical_penetration_Z,m,271.5,0.0,1390.0,3.0,true,936.00,817.50,172,2986.00,1117.50,1.01801,1.46446,0.020,0.030,500dpi page-7 raster; red connected stroke; median pixel center per 4px plot-x column plus visible endpoints; no curve fitting or bridging
128eeb1ea3ad30f5a2ecf9194e2b784be37e837982dec3bdcb7b9db48aa4e7e4,Numerical simulation of aerial liquid drops of Canadair CL-415 and Dash-8 airtankers.pdf,7,1521,Fig. 6(b),b,CL-415,0.001,cl415_alpha0p001_t0.5s,0.5,reported,red,"250,10,27",90.0,500,4,2050,300,1800,1700,streamwise_distance_y,m,215.5,0.0,1631.0,2.0,vertical_penetration_Z,m,271.5,0.0,1390.0,3.0,true,940.00,819.50,173,2990.00,1119.50,1.02367,1.46983,0.020,0.030,500dpi page-7 raster; red connected stroke; median pixel center per 4px plot-x column plus visible endpoints; no curve fitting or bridging
128eeb1ea3ad30f5a2ecf9194e2b784be37e837982dec3bdcb7b9db48aa4e7e4,Numerical simulation of aerial liquid drops of Canadair CL-415 and Dash-8 airtankers.pdf,7,1521,Fig. 6(b),b,CL-415,0.001,cl415_alpha0p001_t0.5s,0.5,reported,red,"250,10,27",90.0,500,4,2050,300,1800,1700,streamwise_distance_y,m,215.5,0.0,1631.0,2.0,vertical_penetration_Z,m,271.5,0.0,1390.0,3.0,true,944.00,821.50,174,2994.00,1121.50,1.02932,1.47519,0.020,0.030,500dpi page-7 raster; red connected stroke; median pixel center per 4px plot-x column plus visible endpoints; no curve fitting or bridging
128eeb1ea3ad30f5a2ecf9194e2b784be37e837982dec3bdcb7b9db48aa4e7e4,Numerical simulation of aerial liquid drops of Canadair CL-415 and Dash-8 airtankers.pdf,7,1521,Fig. 6(b),b,CL-415,0.001,cl415_alpha0p001_t0.5s,0.5,reported,red,"250,10,27",90.0,500,4,2050,300,1800,1700,streamwise_distance_y,m,215.5,0.0,1631.0,2.0,vertical_penetration_Z,m,271.5,0.0,1390.0,3.0,true,948.00,823.50,175,2998.00,1123.50,1.03497,1.48055,0.020,0.030,500dpi page-7 raster; red connected stroke; median pixel center per 4px plot-x column plus visible endpoints; no curve fitting or bridging
128eeb1ea3ad30f5a2ecf9194e2b784be37e837982dec3bdcb7b9db48aa4e7e4,Numerical simulation of aerial liquid drops of Canadair CL-415 and Dash-8 airtankers.pdf,7,1521,Fig. 6(b),b,CL-415,0.001,cl415_alpha0p001_t0.5s,0.5,reported,red,"250,10,27",90.0,500,4,2050,300,1800,1700,streamwise_distance_y,m,215.5,0.0,1631.0,2.0,vertical_penetration_Z,m,271.5,0.0,1390.0,3.0,true,952.00,824.00,176,3002.00,1124.00,1.04062,1.48190,0.020,0.030,500dpi page-7 raster; red connected stroke; median pixel center per 4px plot-x column plus visible endpoints; no curve fitting or bridging
128eeb1ea3ad30f5a2ecf9194e2b784be37e837982dec3bdcb7b9db48aa4e7e4,Numerical simulation of aerial liquid drops of Canadair CL-415 and Dash-8 airtankers.pdf,7,1521,Fig. 6(b),b,CL-415,0.001,cl415_alpha0p001_t0.5s,0.5,reported,red,"250,10,27",90.0,500,4,2050,300,1800,1700,streamwise_distance_y,m,215.5,0.0,1631.0,2.0,vertical_penetration_Z,m,271.5,0.0,1390.0,3.0,true,956.00,824.50,177,3006.00,1124.50,1.04627,1.48324,0.020,0.030,500dpi page-7 raster; red connected stroke; median pixel center per 4px plot-x column plus visible endpoints; no curve fitting or bridging
128eeb1ea3ad30f5a2ecf9194e2b784be37e837982dec3bdcb7b9db48aa4e7e4,Numerical simulation of aerial liquid drops of Canadair CL-415 and Dash-8 airtankers.pdf,7,1521,Fig. 6(b),b,CL-415,0.001,cl415_alpha0p001_t0.5s,0.5,reported,red,"250,10,27",90.0,500,4,2050,300,1800,1700,streamwise_distance_y,m,215.5,0.0,1631.0,2.0,vertical_penetration_Z,m,271.5,0.0,1390.0,3.0,true,960.00,824.50,178,3010.00,1124.50,1.05193,1.48324,0.020,0.030,500dpi page-7 raster; red connected stroke; median pixel center per 4px plot-x column plus visible endpoints; no curve fitting or bridging
128eeb1ea3ad30f5a2ecf9194e2b784be37e837982dec3bdcb7b9db48aa4e7e4,Numerical simulation of aerial liquid drops of Canadair CL-415 and Dash-8 airtankers.pdf,7,1521,Fig. 6(b),b,CL-415,0.001,cl415_alpha0p001_t0.5s,0.5,reported,red,"250,10,27",90.0,500,4,2050,300,1800,1700,streamwise_distance_y,m,215.5,0.0,1631.0,2.0,vertical_penetration_Z,m,271.5,0.0,1390.0,3.0,true,964.00,824.00,179,3014.00,1124.00,1.05758,1.48190,0.020,0.030,500dpi page-7 raster; red connected stroke; median pixel center per 4px plot-x column plus visible endpoints; no curve fitting or bridging
128eeb1ea3ad30f5a2ecf9194e2b784be37e837982dec3bdcb7b9db48aa4e7e4,Numerical simulation of aerial liquid drops of Canadair CL-415 and Dash-8 airtankers.pdf,7,1521,Fig. 6(b),b,CL-415,0.001,cl415_alpha0p001_t0.5s,0.5,reported,red,"250,10,27",90.0,500,4,2050,300,1800,1700,streamwise_distance_y,m,215.5,0.0,1631.0,2.0,vertical_penetration_Z,m,271.5,0.0,1390.0,3.0,true,968.00,824.00,180,3018.00,1124.00,1.06323,1.48190,0.020,0.030,500dpi page-7 raster; red connected stroke; median pixel center per 4px plot-x column plus visible endpoints; no curve fitting or bridging
128eeb1ea3ad30f5a2ecf9194e2b784be37e837982dec3bdcb7b9db48aa4e7e4,Numerical simulation of aerial liquid drops of Canadair CL-415 and Dash-8 airtankers.pdf,7,1521,Fig. 6(b),b,CL-415,0.001,cl415_alpha0p001_t0.5s,0.5,reported,red,"250,10,27",90.0,500,4,2050,300,1800,1700,streamwise_distance_y,m,215.5,0.0,1631.0,2.0,vertical_penetration_Z,m,271.5,0.0,1390.0,3.0,true,972.00,824.50,181,3022.00,1124.50,1.06888,1.48324,0.020,0.030,500dpi page-7 raster; red connected stroke; median pixel center per 4px plot-x column plus visible endpoints; no curve fitting or bridging
128eeb1ea3ad30f5a2ecf9194e2b784be37e837982dec3bdcb7b9db48aa4e7e4,Numerical simulation of aerial liquid drops of Canadair CL-415 and Dash-8 airtankers.pdf,7,1521,Fig. 6(b),b,CL-415,0.001,cl415_alpha0p001_t0.5s,0.5,reported,red,"250,10,27",90.0,500,4,2050,300,1800,1700,streamwise_distance_y,m,215.5,0.0,1631.0,2.0,vertical_penetration_Z,m,271.5,0.0,1390.0,3.0,true,976.00,826.50,182,3026.00,1126.50,1.07453,1.48860,0.020,0.030,500dpi page-7 raster; red connected stroke; median pixel center per 4px plot-x column plus visible endpoints; no curve fitting or bridging
128eeb1ea3ad30f5a2ecf9194e2b784be37e837982dec3bdcb7b9db48aa4e7e4,Numerical simulation of aerial liquid drops of Canadair CL-415 and Dash-8 airtankers.pdf,7,1521,Fig. 6(b),b,CL-415,0.001,cl415_alpha0p001_t0.5s,0.5,reported,red,"250,10,27",90.0,500,4,2050,300,1800,1700,streamwise_distance_y,m,215.5,0.0,1631.0,2.0,vertical_penetration_Z,m,271.5,0.0,1390.0,3.0,true,980.00,831.00,183,3030.00,1131.00,1.08018,1.50067,0.020,0.030,500dpi page-7 raster; red connected stroke; median pixel center per 4px plot-x column plus visible endpoints; no curve fitting or bridging
128eeb1ea3ad30f5a2ecf9194e2b784be37e837982dec3bdcb7b9db48aa4e7e4,Numerical simulation of aerial liquid drops of Canadair CL-415 and Dash-8 airtankers.pdf,7,1521,Fig. 6(b),b,CL-415,0.001,cl415_alpha0p001_t0.5s,0.5,reported,red,"250,10,27",90.0,500,4,2050,300,1800,1700,streamwise_distance_y,m,215.5,0.0,1631.0,2.0,vertical_penetration_Z,m,271.5,0.0,1390.0,3.0,true,984.00,837.00,184,3034.00,1137.00,1.08584,1.51676,0.020,0.030,500dpi page-7 raster; red connected stroke; median pixel center per 4px plot-x column plus visible endpoints; no curve fitting or bridging
128eeb1ea3ad30f5a2ecf9194e2b784be37e837982dec3bdcb7b9db48aa4e7e4,Numerical simulation of aerial liquid drops of Canadair CL-415 and Dash-8 airtankers.pdf,7,1521,Fig. 6(b),b,CL-415,0.001,cl415_alpha0p001_t0.5s,0.5,reported,red,"250,10,27",90.0,500,4,2050,300,1800,1700,streamwise_distance_y,m,215.5,0.0,1631.0,2.0,vertical_penetration_Z,m,271.5,0.0,1390.0,3.0,true,988.00,846.00,185,3038.00,1146.00,1.09149,1.54090,0.020,0.030,500dpi page-7 raster; red connected stroke; median pixel center per 4px plot-x column plus visible endpoints; no curve fitting or bridging
128eeb1ea3ad30f5a2ecf9194e2b784be37e837982dec3bdcb7b9db48aa4e7e4,Numerical simulation of aerial liquid drops of Canadair CL-415 and Dash-8 airtankers.pdf,7,1521,Fig. 6(b),b,CL-415,0.001,cl415_alpha0p001_t0.5s,0.5,reported,red,"250,10,27",90.0,500,4,2050,300,1800,1700,streamwise_distance_y,m,215.5,0.0,1631.0,2.0,vertical_penetration_Z,m,271.5,0.0,1390.0,3.0,true,992.00,855.00,186,3042.00,1155.00,1.09714,1.56504,0.020,0.030,500dpi page-7 raster; red connected stroke; median pixel center per 4px plot-x column plus visible endpoints; no curve fitting or bridging
128eeb1ea3ad30f5a2ecf9194e2b784be37e837982dec3bdcb7b9db48aa4e7e4,Numerical simulation of aerial liquid drops of Canadair CL-415 and Dash-8 airtankers.pdf,7,1521,Fig. 6(b),b,CL-415,0.001,cl415_alpha0p001_t0.5s,0.5,reported,red,"250,10,27",90.0,500,4,2050,300,1800,1700,streamwise_distance_y,m,215.5,0.0,1631.0,2.0,vertical_penetration_Z,m,271.5,0.0,1390.0,3.0,true,996.00,863.00,187,3046.00,1163.00,1.10279,1.58650,0.020,0.030,500dpi page-7 raster; red connected stroke; median pixel center per 4px plot-x column plus visible endpoints; no curve fitting or bridging
128eeb1ea3ad30f5a2ecf9194e2b784be37e837982dec3bdcb7b9db48aa4e7e4,Numerical simulation of aerial liquid drops of Canadair CL-415 and Dash-8 airtankers.pdf,7,1521,Fig. 6(b),b,CL-415,0.001,cl415_alpha0p001_t0.5s,0.5,reported,red,"250,10,27",90.0,500,4,2050,300,1800,1700,streamwise_distance_y,m,215.5,0.0,1631.0,2.0,vertical_penetration_Z,m,271.5,0.0,1390.0,3.0,true,1000.00,872.00,188,3050.00,1172.00,1.10844,1.61064,0.020,0.030,500dpi page-7 raster; red connected stroke; median pixel center per 4px plot-x column plus visible endpoints; no curve fitting or bridging
128eeb1ea3ad30f5a2ecf9194e2b784be37e837982dec3bdcb7b9db48aa4e7e4,Numerical simulation of aerial liquid drops of Canadair CL-415 and Dash-8 airtankers.pdf,7,1521,Fig. 6(b),b,CL-415,0.001,cl415_alpha0p001_t0.5s,0.5,reported,red,"250,10,27",90.0,500,4,2050,300,1800,1700,streamwise_distance_y,m,215.5,0.0,1631.0,2.0,vertical_penetration_Z,m,271.5,0.0,1390.0,3.0,true,1004.00,878.00,189,3054.00,1178.00,1.11409,1.62673,0.020,0.030,500dpi page-7 raster; red connected stroke; median pixel center per 4px plot-x column plus visible endpoints; no curve fitting or bridging
128eeb1ea3ad30f5a2ecf9194e2b784be37e837982dec3bdcb7b9db48aa4e7e4,Numerical simulation of aerial liquid drops of Canadair CL-415 and Dash-8 airtankers.pdf,7,1521,Fig. 6(b),b,CL-415,0.001,cl415_alpha0p001_t0.5s,0.5,reported,red,"250,10,27",90.0,500,4,2050,300,1800,1700,streamwise_distance_y,m,215.5,0.0,1631.0,2.0,vertical_penetration_Z,m,271.5,0.0,1390.0,3.0,true,1008.00,882.00,190,3058.00,1182.00,1.11975,1.63746,0.020,0.030,500dpi page-7 raster; red connected stroke; median pixel center per 4px plot-x column plus visible endpoints; no curve fitting or bridging
128eeb1ea3ad30f5a2ecf9194e2b784be37e837982dec3bdcb7b9db48aa4e7e4,Numerical simulation of aerial liquid drops of Canadair CL-415 and Dash-8 airtankers.pdf,7,1521,Fig. 6(b),b,CL-415,0.001,cl415_alpha0p001_t0.5s,0.5,reported,red,"250,10,27",90.0,500,4,2050,300,1800,1700,streamwise_distance_y,m,215.5,0.0,1631.0,2.0,vertical_penetration_Z,m,271.5,0.0,1390.0,3.0,true,1012.00,884.00,191,3062.00,1184.00,1.12540,1.64283,0.020,0.030,500dpi page-7 raster; red connected stroke; median pixel center per 4px plot-x column plus visible endpoints; no curve fitting or bridging
128eeb1ea3ad30f5a2ecf9194e2b784be37e837982dec3bdcb7b9db48aa4e7e4,Numerical simulation of aerial liquid drops of Canadair CL-415 and Dash-8 airtankers.pdf,7,1521,Fig. 6(b),b,CL-415,0.001,cl415_alpha0p001_t0.5s,0.5,reported,red,"250,10,27",90.0,500,4,2050,300,1800,1700,streamwise_distance_y,m,215.5,0.0,1631.0,2.0,vertical_penetration_Z,m,271.5,0.0,1390.0,3.0,true,1016.00,884.00,192,3066.00,1184.00,1.13105,1.64283,0.020,0.030,500dpi page-7 raster; red connected stroke; median pixel center per 4px plot-x column plus visible endpoints; no curve fitting or bridging
128eeb1ea3ad30f5a2ecf9194e2b784be37e837982dec3bdcb7b9db48aa4e7e4,Numerical simulation of aerial liquid drops of Canadair CL-415 and Dash-8 airtankers.pdf,7,1521,Fig. 6(b),b,CL-415,0.001,cl415_alpha0p001_t0.5s,0.5,reported,red,"250,10,27",90.0,500,4,2050,300,1800,1700,streamwise_distance_y,m,215.5,0.0,1631.0,2.0,vertical_penetration_Z,m,271.5,0.0,1390.0,3.0,true,1020.00,884.00,193,3070.00,1184.00,1.13670,1.64283,0.020,0.030,500dpi page-7 raster; red connected stroke; median pixel center per 4px plot-x column plus visible endpoints; no curve fitting or bridging
128eeb1ea3ad30f5a2ecf9194e2b784be37e837982dec3bdcb7b9db48aa4e7e4,Numerical simulation of aerial liquid drops of Canadair CL-415 and Dash-8 airtankers.pdf,7,1521,Fig. 6(b),b,CL-415,0.001,cl415_alpha0p001_t0.5s,0.5,reported,red,"250,10,27",90.0,500,4,2050,300,1800,1700,streamwise_distance_y,m,215.5,0.0,1631.0,2.0,vertical_penetration_Z,m,271.5,0.0,1390.0,3.0,true,1024.00,884.00,194,3074.00,1184.00,1.14235,1.64283,0.020,0.030,500dpi page-7 raster; red connected stroke; median pixel center per 4px plot-x column plus visible endpoints; no curve fitting or bridging
128eeb1ea3ad30f5a2ecf9194e2b784be37e837982dec3bdcb7b9db48aa4e7e4,Numerical simulation of aerial liquid drops of Canadair CL-415 and Dash-8 airtankers.pdf,7,1521,Fig. 6(b),b,CL-415,0.001,cl415_alpha0p001_t0.5s,0.5,reported,red,"250,10,27",90.0,500,4,2050,300,1800,1700,streamwise_distance_y,m,215.5,0.0,1631.0,2.0,vertical_penetration_Z,m,271.5,0.0,1390.0,3.0,true,1028.00,884.00,195,3078.00,1184.00,1.14800,1.64283,0.020,0.030,500dpi page-7 raster; red connected stroke; median pixel center per 4px plot-x column plus visible endpoints; no curve fitting or bridging
128eeb1ea3ad30f5a2ecf9194e2b784be37e837982dec3bdcb7b9db48aa4e7e4,Numerical simulation of aerial liquid drops of Canadair CL-415 and Dash-8 airtankers.pdf,7,1521,Fig. 6(b),b,CL-415,0.001,cl415_alpha0p001_t0.5s,0.5,reported,red,"250,10,27",90.0,500,4,2050,300,1800,1700,streamwise_distance_y,m,215.5,0.0,1631.0,2.0,vertical_penetration_Z,m,271.5,0.0,1390.0,3.0,true,1032.00,884.50,196,3082.00,1184.50,1.15366,1.64417,0.020,0.030,500dpi page-7 raster; red connected stroke; median pixel center per 4px plot-x column plus visible endpoints; no curve fitting or bridging
128eeb1ea3ad30f5a2ecf9194e2b784be37e837982dec3bdcb7b9db48aa4e7e4,Numerical simulation of aerial liquid drops of Canadair CL-415 and Dash-8 airtankers.pdf,7,1521,Fig. 6(b),b,CL-415,0.001,cl415_alpha0p001_t0.5s,0.5,reported,red,"250,10,27",90.0,500,4,2050,300,1800,1700,streamwise_distance_y,m,215.5,0.0,1631.0,2.0,vertical_penetration_Z,m,271.5,0.0,1390.0,3.0,true,1036.00,886.50,197,3086.00,1186.50,1.15931,1.64953,0.020,0.030,500dpi page-7 raster; red connected stroke; median pixel center per 4px plot-x column plus visible endpoints; no curve fitting or bridging
128eeb1ea3ad30f5a2ecf9194e2b784be37e837982dec3bdcb7b9db48aa4e7e4,Numerical simulation of aerial liquid drops of Canadair CL-415 and Dash-8 airtankers.pdf,7,1521,Fig. 6(b),b,CL-415,0.001,cl415_alpha0p001_t0.5s,0.5,reported,red,"250,10,27",90.0,500,4,2050,300,1800,1700,streamwise_distance_y,m,215.5,0.0,1631.0,2.0,vertical_penetration_Z,m,271.5,0.0,1390.0,3.0,true,1040.00,890.00,198,3090.00,1190.00,1.16496,1.65892,0.020,0.030,500dpi page-7 raster; red connected stroke; median pixel center per 4px plot-x column plus visible endpoints; no curve fitting or bridging
128eeb1ea3ad30f5a2ecf9194e2b784be37e837982dec3bdcb7b9db48aa4e7e4,Numerical simulation of aerial liquid drops of Canadair CL-415 and Dash-8 airtankers.pdf,7,1521,Fig. 6(b),b,CL-415,0.001,cl415_alpha0p001_t0.5s,0.5,reported,red,"250,10,27",90.0,500,4,2050,300,1800,1700,streamwise_distance_y,m,215.5,0.0,1631.0,2.0,vertical_penetration_Z,m,271.5,0.0,1390.0,3.0,true,1044.00,894.50,199,3094.00,1194.50,1.17061,1.67099,0.020,0.030,500dpi page-7 raster; red connected stroke; median pixel center per 4px plot-x column plus visible endpoints; no curve fitting or bridging
128eeb1ea3ad30f5a2ecf9194e2b784be37e837982dec3bdcb7b9db48aa4e7e4,Numerical simulation of aerial liquid drops of Canadair CL-415 and Dash-8 airtankers.pdf,7,1521,Fig. 6(b),b,CL-415,0.001,cl415_alpha0p001_t0.5s,0.5,reported,red,"250,10,27",90.0,500,4,2050,300,1800,1700,streamwise_distance_y,m,215.5,0.0,1631.0,2.0,vertical_penetration_Z,m,271.5,0.0,1390.0,3.0,true,1048.00,898.50,200,3098.00,1198.50,1.17626,1.68172,0.020,0.030,500dpi page-7 raster; red connected stroke; median pixel center per 4px plot-x column plus visible endpoints; no curve fitting or bridging
128eeb1ea3ad30f5a2ecf9194e2b784be37e837982dec3bdcb7b9db48aa4e7e4,Numerical simulation of aerial liquid drops of Canadair CL-415 and Dash-8 airtankers.pdf,7,1521,Fig. 6(b),b,CL-415,0.001,cl415_alpha0p001_t0.5s,0.5,reported,red,"250,10,27",90.0,500,4,2050,300,1800,1700,streamwise_distance_y,m,215.5,0.0,1631.0,2.0,vertical_penetration_Z,m,271.5,0.0,1390.0,3.0,true,1052.00,903.00,201,3102.00,1203.00,1.18191,1.69379,0.020,0.030,500dpi page-7 raster; red connected stroke; median pixel center per 4px plot-x column plus visible endpoints; no curve fitting or bridging
128eeb1ea3ad30f5a2ecf9194e2b784be37e837982dec3bdcb7b9db48aa4e7e4,Numerical simulation of aerial liquid drops of Canadair CL-415 and Dash-8 airtankers.pdf,7,1521,Fig. 6(b),b,CL-415,0.001,cl415_alpha0p001_t0.5s,0.5,reported,red,"250,10,27",90.0,500,4,2050,300,1800,1700,streamwise_distance_y,m,215.5,0.0,1631.0,2.0,vertical_penetration_Z,m,271.5,0.0,1390.0,3.0,true,1056.00,907.50,202,3106.00,1207.50,1.18757,1.70586,0.020,0.030,500dpi page-7 raster; red connected stroke; median pixel center per 4px plot-x column plus visible endpoints; no curve fitting or bridging
128eeb1ea3ad30f5a2ecf9194e2b784be37e837982dec3bdcb7b9db48aa4e7e4,Numerical simulation of aerial liquid drops of Canadair CL-415 and Dash-8 airtankers.pdf,7,1521,Fig. 6(b),b,CL-415,0.001,cl415_alpha0p001_t0.5s,0.5,reported,red,"250,10,27",90.0,500,4,2050,300,1800,1700,streamwise_distance_y,m,215.5,0.0,1631.0,2.0,vertical_penetration_Z,m,271.5,0.0,1390.0,3.0,true,1060.00,911.50,203,3110.00,1211.50,1.19322,1.71658,0.020,0.030,500dpi page-7 raster; red connected stroke; median pixel center per 4px plot-x column plus visible endpoints; no curve fitting or bridging
128eeb1ea3ad30f5a2ecf9194e2b784be37e837982dec3bdcb7b9db48aa4e7e4,Numerical simulation of aerial liquid drops of Canadair CL-415 and Dash-8 airtankers.pdf,7,1521,Fig. 6(b),b,CL-415,0.001,cl415_alpha0p001_t0.5s,0.5,reported,red,"250,10,27",90.0,500,4,2050,300,1800,1700,streamwise_distance_y,m,215.5,0.0,1631.0,2.0,vertical_penetration_Z,m,271.5,0.0,1390.0,3.0,true,1064.00,917.00,204,3114.00,1217.00,1.19887,1.73134,0.020,0.030,500dpi page-7 raster; red connected stroke; median pixel center per 4px plot-x column plus visible endpoints; no curve fitting or bridging
128eeb1ea3ad30f5a2ecf9194e2b784be37e837982dec3bdcb7b9db48aa4e7e4,Numerical simulation of aerial liquid drops of Canadair CL-415 and Dash-8 airtankers.pdf,7,1521,Fig. 6(b),b,CL-415,0.001,cl415_alpha0p001_t0.5s,0.5,reported,red,"250,10,27",90.0,500,4,2050,300,1800,1700,streamwise_distance_y,m,215.5,0.0,1631.0,2.0,vertical_penetration_Z,m,271.5,0.0,1390.0,3.0,true,1068.00,922.00,205,3118.00,1222.00,1.20452,1.74475,0.020,0.030,500dpi page-7 raster; red connected stroke; median pixel center per 4px plot-x column plus visible endpoints; no curve fitting or bridging
128eeb1ea3ad30f5a2ecf9194e2b784be37e837982dec3bdcb7b9db48aa4e7e4,Numerical simulation of aerial liquid drops of Canadair CL-415 and Dash-8 airtankers.pdf,7,1521,Fig. 6(b),b,CL-415,0.001,cl415_alpha0p001_t0.5s,0.5,reported,red,"250,10,27",90.0,500,4,2050,300,1800,1700,streamwise_distance_y,m,215.5,0.0,1631.0,2.0,vertical_penetration_Z,m,271.5,0.0,1390.0,3.0,true,1072.00,928.50,206,3122.00,1228.50,1.21017,1.76218,0.020,0.030,500dpi page-7 raster; red connected stroke; median pixel center per 4px plot-x column plus visible endpoints; no curve fitting or bridging
128eeb1ea3ad30f5a2ecf9194e2b784be37e837982dec3bdcb7b9db48aa4e7e4,Numerical simulation of aerial liquid drops of Canadair CL-415 and Dash-8 airtankers.pdf,7,1521,Fig. 6(b),b,CL-415,0.001,cl415_alpha0p001_t0.5s,0.5,reported,red,"250,10,27",90.0,500,4,2050,300,1800,1700,streamwise_distance_y,m,215.5,0.0,1631.0,2.0,vertical_penetration_Z,m,271.5,0.0,1390.0,3.0,true,1076.00,935.00,207,3126.00,1235.00,1.21582,1.77962,0.020,0.030,500dpi page-7 raster; red connected stroke; median pixel center per 4px plot-x column plus visible endpoints; no curve fitting or bridging
128eeb1ea3ad30f5a2ecf9194e2b784be37e837982dec3bdcb7b9db48aa4e7e4,Numerical simulation of aerial liquid drops of Canadair CL-415 and Dash-8 airtankers.pdf,7,1521,Fig. 6(b),b,CL-415,0.001,cl415_alpha0p001_t0.5s,0.5,reported,red,"250,10,27",90.0,500,4,2050,300,1800,1700,streamwise_distance_y,m,215.5,0.0,1631.0,2.0,vertical_penetration_Z,m,271.5,0.0,1390.0,3.0,true,1080.00,941.00,208,3130.00,1241.00,1.22148,1.79571,0.020,0.030,500dpi page-7 raster; red connected stroke; median pixel center per 4px plot-x column plus visible endpoints; no curve fitting or bridging
128eeb1ea3ad30f5a2ecf9194e2b784be37e837982dec3bdcb7b9db48aa4e7e4,Numerical simulation of aerial liquid drops of Canadair CL-415 and Dash-8 airtankers.pdf,7,1521,Fig. 6(b),b,CL-415,0.001,cl415_alpha0p001_t0.5s,0.5,reported,red,"250,10,27",90.0,500,4,2050,300,1800,1700,streamwise_distance_y,m,215.5,0.0,1631.0,2.0,vertical_penetration_Z,m,271.5,0.0,1390.0,3.0,true,1084.00,947.50,209,3134.00,1247.50,1.22713,1.81314,0.020,0.030,500dpi page-7 raster; red connected stroke; median pixel center per 4px plot-x column plus visible endpoints; no curve fitting or bridging
128eeb1ea3ad30f5a2ecf9194e2b784be37e837982dec3bdcb7b9db48aa4e7e4,Numerical simulation of aerial liquid drops of Canadair CL-415 and Dash-8 airtankers.pdf,7,1521,Fig. 6(b),b,CL-415,0.001,cl415_alpha0p001_t0.5s,0.5,reported,red,"250,10,27",90.0,500,4,2050,300,1800,1700,streamwise_distance_y,m,215.5,0.0,1631.0,2.0,vertical_penetration_Z,m,271.5,0.0,1390.0,3.0,true,1088.00,953.00,210,3138.00,1253.00,1.23278,1.82789,0.020,0.030,500dpi page-7 raster; red connected stroke; median pixel center per 4px plot-x column plus visible endpoints; no curve fitting or bridging
128eeb1ea3ad30f5a2ecf9194e2b784be37e837982dec3bdcb7b9db48aa4e7e4,Numerical simulation of aerial liquid drops of Canadair CL-415 and Dash-8 airtankers.pdf,7,1521,Fig. 6(b),b,CL-415,0.001,cl415_alpha0p001_t0.5s,0.5,reported,red,"250,10,27",90.0,500,4,2050,300,1800,1700,streamwise_distance_y,m,215.5,0.0,1631.0,2.0,vertical_penetration_Z,m,271.5,0.0,1390.0,3.0,true,1092.00,958.00,211,3142.00,1258.00,1.23843,1.84131,0.020,0.030,500dpi page-7 raster; red connected stroke; median pixel center per 4px plot-x column plus visible endpoints; no curve fitting or bridging
128eeb1ea3ad30f5a2ecf9194e2b784be37e837982dec3bdcb7b9db48aa4e7e4,Numerical simulation of aerial liquid drops of Canadair CL-415 and Dash-8 airtankers.pdf,7,1521,Fig. 6(b),b,CL-415,0.001,cl415_alpha0p001_t0.5s,0.5,reported,red,"250,10,27",90.0,500,4,2050,300,1800,1700,streamwise_distance_y,m,215.5,0.0,1631.0,2.0,vertical_penetration_Z,m,271.5,0.0,1390.0,3.0,true,1096.00,961.50,212,3146.00,1261.50,1.24408,1.85069,0.020,0.030,500dpi page-7 raster; red connected stroke; median pixel center per 4px plot-x column plus visible endpoints; no curve fitting or bridging
128eeb1ea3ad30f5a2ecf9194e2b784be37e837982dec3bdcb7b9db48aa4e7e4,Numerical simulation of aerial liquid drops of Canadair CL-415 and Dash-8 airtankers.pdf,7,1521,Fig. 6(b),b,CL-415,0.001,cl415_alpha0p001_t0.5s,0.5,reported,red,"250,10,27",90.0,500,4,2050,300,1800,1700,streamwise_distance_y,m,215.5,0.0,1631.0,2.0,vertical_penetration_Z,m,271.5,0.0,1390.0,3.0,true,1100.00,963.50,213,3150.00,1263.50,1.24974,1.85606,0.020,0.030,500dpi page-7 raster; red connected stroke; median pixel center per 4px plot-x column plus visible endpoints; no curve fitting or bridging
128eeb1ea3ad30f5a2ecf9194e2b784be37e837982dec3bdcb7b9db48aa4e7e4,Numerical simulation of aerial liquid drops of Canadair CL-415 and Dash-8 airtankers.pdf,7,1521,Fig. 6(b),b,CL-415,0.001,cl415_alpha0p001_t0.5s,0.5,reported,red,"250,10,27",90.0,500,4,2050,300,1800,1700,streamwise_distance_y,m,215.5,0.0,1631.0,2.0,vertical_penetration_Z,m,271.5,0.0,1390.0,3.0,true,1104.00,966.00,214,3154.00,1266.00,1.25539,1.86276,0.020,0.030,500dpi page-7 raster; red connected stroke; median pixel center per 4px plot-x column plus visible endpoints; no curve fitting or bridging
128eeb1ea3ad30f5a2ecf9194e2b784be37e837982dec3bdcb7b9db48aa4e7e4,Numerical simulation of aerial liquid drops of Canadair CL-415 and Dash-8 airtankers.pdf,7,1521,Fig. 6(b),b,CL-415,0.001,cl415_alpha0p001_t0.5s,0.5,reported,red,"250,10,27",90.0,500,4,2050,300,1800,1700,streamwise_distance_y,m,215.5,0.0,1631.0,2.0,vertical_penetration_Z,m,271.5,0.0,1390.0,3.0,true,1108.00,968.00,215,3158.00,1268.00,1.26104,1.86813,0.020,0.030,500dpi page-7 raster; red connected stroke; median pixel center per 4px plot-x column plus visible endpoints; no curve fitting or bridging
128eeb1ea3ad30f5a2ecf9194e2b784be37e837982dec3bdcb7b9db48aa4e7e4,Numerical simulation of aerial liquid drops of Canadair CL-415 and Dash-8 airtankers.pdf,7,1521,Fig. 6(b),b,CL-415,0.001,cl415_alpha0p001_t0.5s,0.5,reported,red,"250,10,27",90.0,500,4,2050,300,1800,1700,streamwise_distance_y,m,215.5,0.0,1631.0,2.0,vertical_penetration_Z,m,271.5,0.0,1390.0,3.0,true,1112.00,970.00,216,3162.00,1270.00,1.26669,1.87349,0.020,0.030,500dpi page-7 raster; red connected stroke; median pixel center per 4px plot-x column plus visible endpoints; no curve fitting or bridging
128eeb1ea3ad30f5a2ecf9194e2b784be37e837982dec3bdcb7b9db48aa4e7e4,Numerical simulation of aerial liquid drops of Canadair CL-415 and Dash-8 airtankers.pdf,7,1521,Fig. 6(b),b,CL-415,0.001,cl415_alpha0p001_t0.5s,0.5,reported,red,"250,10,27",90.0,500,4,2050,300,1800,1700,streamwise_distance_y,m,215.5,0.0,1631.0,2.0,vertical_penetration_Z,m,271.5,0.0,1390.0,3.0,true,1116.00,972.00,217,3166.00,1272.00,1.27234,1.87886,0.020,0.030,500dpi page-7 raster; red connected stroke; median pixel center per 4px plot-x column plus visible endpoints; no curve fitting or bridging
128eeb1ea3ad30f5a2ecf9194e2b784be37e837982dec3bdcb7b9db48aa4e7e4,Numerical simulation of aerial liquid drops of Canadair CL-415 and Dash-8 airtankers.pdf,7,1521,Fig. 6(b),b,CL-415,0.001,cl415_alpha0p001_t0.5s,0.5,reported,red,"250,10,27",90.0,500,4,2050,300,1800,1700,streamwise_distance_y,m,215.5,0.0,1631.0,2.0,vertical_penetration_Z,m,271.5,0.0,1390.0,3.0,true,1120.00,973.50,218,3170.00,1273.50,1.27799,1.88288,0.020,0.030,500dpi page-7 raster; red connected stroke; median pixel center per 4px plot-x column plus visible endpoints; no curve fitting or bridging
128eeb1ea3ad30f5a2ecf9194e2b784be37e837982dec3bdcb7b9db48aa4e7e4,Numerical simulation of aerial liquid drops of Canadair CL-415 and Dash-8 airtankers.pdf,7,1521,Fig. 6(b),b,CL-415,0.001,cl415_alpha0p001_t0.5s,0.5,reported,red,"250,10,27",90.0,500,4,2050,300,1800,1700,streamwise_distance_y,m,215.5,0.0,1631.0,2.0,vertical_penetration_Z,m,271.5,0.0,1390.0,3.0,true,1124.00,973.50,219,3174.00,1273.50,1.28365,1.88288,0.020,0.030,500dpi page-7 raster; red connected stroke; median pixel center per 4px plot-x column plus visible endpoints; no curve fitting or bridging
128eeb1ea3ad30f5a2ecf9194e2b784be37e837982dec3bdcb7b9db48aa4e7e4,Numerical simulation of aerial liquid drops of Canadair CL-415 and Dash-8 airtankers.pdf,7,1521,Fig. 6(b),b,CL-415,0.001,cl415_alpha0p001_t0.5s,0.5,reported,red,"250,10,27",90.0,500,4,2050,300,1800,1700,streamwise_distance_y,m,215.5,0.0,1631.0,2.0,vertical_penetration_Z,m,271.5,0.0,1390.0,3.0,true,1128.00,973.50,220,3178.00,1273.50,1.28930,1.88288,0.020,0.030,500dpi page-7 raster; red connected stroke; median pixel center per 4px plot-x column plus visible endpoints; no curve fitting or bridging
128eeb1ea3ad30f5a2ecf9194e2b784be37e837982dec3bdcb7b9db48aa4e7e4,Numerical simulation of aerial liquid drops of Canadair CL-415 and Dash-8 airtankers.pdf,7,1521,Fig. 6(b),b,CL-415,0.001,cl415_alpha0p001_t0.5s,0.5,reported,red,"250,10,27",90.0,500,4,2050,300,1800,1700,streamwise_distance_y,m,215.5,0.0,1631.0,2.0,vertical_penetration_Z,m,271.5,0.0,1390.0,3.0,true,1132.00,974.00,221,3182.00,1274.00,1.29495,1.88422,0.020,0.030,500dpi page-7 raster; red connected stroke; median pixel center per 4px plot-x column plus visible endpoints; no curve fitting or bridging
128eeb1ea3ad30f5a2ecf9194e2b784be37e837982dec3bdcb7b9db48aa4e7e4,Numerical simulation of aerial liquid drops of Canadair CL-415 and Dash-8 airtankers.pdf,7,1521,Fig. 6(b),b,CL-415,0.001,cl415_alpha0p001_t0.5s,0.5,reported,red,"250,10,27",90.0,500,4,2050,300,1800,1700,streamwise_distance_y,m,215.5,0.0,1631.0,2.0,vertical_penetration_Z,m,271.5,0.0,1390.0,3.0,true,1136.00,974.00,222,3186.00,1274.00,1.30060,1.88422,0.020,0.030,500dpi page-7 raster; red connected stroke; median pixel center per 4px plot-x column plus visible endpoints; no curve fitting or bridging
128eeb1ea3ad30f5a2ecf9194e2b784be37e837982dec3bdcb7b9db48aa4e7e4,Numerical simulation of aerial liquid drops of Canadair CL-415 and Dash-8 airtankers.pdf,7,1521,Fig. 6(b),b,CL-415,0.001,cl415_alpha0p001_t0.5s,0.5,reported,red,"250,10,27",90.0,500,4,2050,300,1800,1700,streamwise_distance_y,m,215.5,0.0,1631.0,2.0,vertical_penetration_Z,m,271.5,0.0,1390.0,3.0,true,1140.00,974.00,223,3190.00,1274.00,1.30625,1.88422,0.020,0.030,500dpi page-7 raster; red connected stroke; median pixel center per 4px plot-x column plus visible endpoints; no curve fitting or bridging
128eeb1ea3ad30f5a2ecf9194e2b784be37e837982dec3bdcb7b9db48aa4e7e4,Numerical simulation of aerial liquid drops of Canadair CL-415 and Dash-8 airtankers.pdf,7,1521,Fig. 6(b),b,CL-415,0.001,cl415_alpha0p001_t0.5s,0.5,reported,red,"250,10,27",90.0,500,4,2050,300,1800,1700,streamwise_distance_y,m,215.5,0.0,1631.0,2.0,vertical_penetration_Z,m,271.5,0.0,1390.0,3.0,true,1144.00,973.50,224,3194.00,1273.50,1.31190,1.88288,0.020,0.030,500dpi page-7 raster; red connected stroke; median pixel center per 4px plot-x column plus visible endpoints; no curve fitting or bridging
128eeb1ea3ad30f5a2ecf9194e2b784be37e837982dec3bdcb7b9db48aa4e7e4,Numerical simulation of aerial liquid drops of Canadair CL-415 and Dash-8 airtankers.pdf,7,1521,Fig. 6(b),b,CL-415,0.001,cl415_alpha0p001_t0.5s,0.5,reported,red,"250,10,27",90.0,500,4,2050,300,1800,1700,streamwise_distance_y,m,215.5,0.0,1631.0,2.0,vertical_penetration_Z,m,271.5,0.0,1390.0,3.0,true,1148.00,973.50,225,3198.00,1273.50,1.31756,1.88288,0.020,0.030,500dpi page-7 raster; red connected stroke; median pixel center per 4px plot-x column plus visible endpoints; no curve fitting or bridging
128eeb1ea3ad30f5a2ecf9194e2b784be37e837982dec3bdcb7b9db48aa4e7e4,Numerical simulation of aerial liquid drops of Canadair CL-415 and Dash-8 airtankers.pdf,7,1521,Fig. 6(b),b,CL-415,0.001,cl415_alpha0p001_t0.5s,0.5,reported,red,"250,10,27",90.0,500,4,2050,300,1800,1700,streamwise_distance_y,m,215.5,0.0,1631.0,2.0,vertical_penetration_Z,m,271.5,0.0,1390.0,3.0,true,1152.00,971.50,226,3202.00,1271.50,1.32321,1.87751,0.020,0.030,500dpi page-7 raster; red connected stroke; median pixel center per 4px plot-x column plus visible endpoints; no curve fitting or bridging
128eeb1ea3ad30f5a2ecf9194e2b784be37e837982dec3bdcb7b9db48aa4e7e4,Numerical simulation of aerial liquid drops of Canadair CL-415 and Dash-8 airtankers.pdf,7,1521,Fig. 6(b),b,CL-415,0.001,cl415_alpha0p001_t0.5s,0.5,reported,red,"250,10,27",90.0,500,4,2050,300,1800,1700,streamwise_distance_y,m,215.5,0.0,1631.0,2.0,vertical_penetration_Z,m,271.5,0.0,1390.0,3.0,true,1156.00,969.50,227,3206.00,1269.50,1.32886,1.87215,0.020,0.030,500dpi page-7 raster; red connected stroke; median pixel center per 4px plot-x column plus visible endpoints; no curve fitting or bridging
128eeb1ea3ad30f5a2ecf9194e2b784be37e837982dec3bdcb7b9db48aa4e7e4,Numerical simulation of aerial liquid drops of Canadair CL-415 and Dash-8 airtankers.pdf,7,1521,Fig. 6(b),b,CL-415,0.001,cl415_alpha0p001_t0.5s,0.5,reported,red,"250,10,27",90.0,500,4,2050,300,1800,1700,streamwise_distance_y,m,215.5,0.0,1631.0,2.0,vertical_penetration_Z,m,271.5,0.0,1390.0,3.0,true,1160.00,967.50,228,3210.00,1267.50,1.33451,1.86679,0.020,0.030,500dpi page-7 raster; red connected stroke; median pixel center per 4px plot-x column plus visible endpoints; no curve fitting or bridging
128eeb1ea3ad30f5a2ecf9194e2b784be37e837982dec3bdcb7b9db48aa4e7e4,Numerical simulation of aerial liquid drops of Canadair CL-415 and Dash-8 airtankers.pdf,7,1521,Fig. 6(b),b,CL-415,0.001,cl415_alpha0p001_t0.5s,0.5,reported,red,"250,10,27",90.0,500,4,2050,300,1800,1700,streamwise_distance_y,m,215.5,0.0,1631.0,2.0,vertical_penetration_Z,m,271.5,0.0,1390.0,3.0,true,1164.00,965.50,229,3214.00,1265.50,1.34016,1.86142,0.020,0.030,500dpi page-7 raster; red connected stroke; median pixel center per 4px plot-x column plus visible endpoints; no curve fitting or bridging
128eeb1ea3ad30f5a2ecf9194e2b784be37e837982dec3bdcb7b9db48aa4e7e4,Numerical simulation of aerial liquid drops of Canadair CL-415 and Dash-8 airtankers.pdf,7,1521,Fig. 6(b),b,CL-415,0.001,cl415_alpha0p001_t0.5s,0.5,reported,red,"250,10,27",90.0,500,4,2050,300,1800,1700,streamwise_distance_y,m,215.5,0.0,1631.0,2.0,vertical_penetration_Z,m,271.5,0.0,1390.0,3.0,true,1168.00,963.00,230,3218.00,1263.00,1.34581,1.85472,0.020,0.030,500dpi page-7 raster; red connected stroke; median pixel center per 4px plot-x column plus visible endpoints; no curve fitting or bridging
128eeb1ea3ad30f5a2ecf9194e2b784be37e837982dec3bdcb7b9db48aa4e7e4,Numerical simulation of aerial liquid drops of Canadair CL-415 and Dash-8 airtankers.pdf,7,1521,Fig. 6(b),b,CL-415,0.001,cl415_alpha0p001_t0.5s,0.5,reported,red,"250,10,27",90.0,500,4,2050,300,1800,1700,streamwise_distance_y,m,215.5,0.0,1631.0,2.0,vertical_penetration_Z,m,271.5,0.0,1390.0,3.0,true,1172.00,961.50,231,3222.00,1261.50,1.35147,1.85069,0.020,0.030,500dpi page-7 raster; red connected stroke; median pixel center per 4px plot-x column plus visible endpoints; no curve fitting or bridging
128eeb1ea3ad30f5a2ecf9194e2b784be37e837982dec3bdcb7b9db48aa4e7e4,Numerical simulation of aerial liquid drops of Canadair CL-415 and Dash-8 airtankers.pdf,7,1521,Fig. 6(b),b,CL-415,0.001,cl415_alpha0p001_t0.5s,0.5,reported,red,"250,10,27",90.0,500,4,2050,300,1800,1700,streamwise_distance_y,m,215.5,0.0,1631.0,2.0,vertical_penetration_Z,m,271.5,0.0,1390.0,3.0,true,1176.00,961.00,232,3226.00,1261.00,1.35712,1.84935,0.020,0.030,500dpi page-7 raster; red connected stroke; median pixel center per 4px plot-x column plus visible endpoints; no curve fitting or bridging
128eeb1ea3ad30f5a2ecf9194e2b784be37e837982dec3bdcb7b9db48aa4e7e4,Numerical simulation of aerial liquid drops of Canadair CL-415 and Dash-8 airtankers.pdf,7,1521,Fig. 6(b),b,CL-415,0.001,cl415_alpha0p001_t0.5s,0.5,reported,red,"250,10,27",90.0,500,4,2050,300,1800,1700,streamwise_distance_y,m,215.5,0.0,1631.0,2.0,vertical_penetration_Z,m,271.5,0.0,1390.0,3.0,true,1180.00,963.00,233,3230.00,1263.00,1.36277,1.85472,0.020,0.030,500dpi page-7 raster; red connected stroke; median pixel center per 4px plot-x column plus visible endpoints; no curve fitting or bridging
128eeb1ea3ad30f5a2ecf9194e2b784be37e837982dec3bdcb7b9db48aa4e7e4,Numerical simulation of aerial liquid drops of Canadair CL-415 and Dash-8 airtankers.pdf,7,1521,Fig. 6(b),b,CL-415,0.001,cl415_alpha0p001_t0.5s,0.5,reported,red,"250,10,27",90.0,500,4,2050,300,1800,1700,streamwise_distance_y,m,215.5,0.0,1631.0,2.0,vertical_penetration_Z,m,271.5,0.0,1390.0,3.0,true,1184.00,966.50,234,3234.00,1266.50,1.36842,1.86410,0.020,0.030,500dpi page-7 raster; red connected stroke; median pixel center per 4px plot-x column plus visible endpoints; no curve fitting or bridging
128eeb1ea3ad30f5a2ecf9194e2b784be37e837982dec3bdcb7b9db48aa4e7e4,Numerical simulation of aerial liquid drops of Canadair CL-415 and Dash-8 airtankers.pdf,7,1521,Fig. 6(b),b,CL-415,0.001,cl415_alpha0p001_t0.5s,0.5,reported,red,"250,10,27",90.0,500,4,2050,300,1800,1700,streamwise_distance_y,m,215.5,0.0,1631.0,2.0,vertical_penetration_Z,m,271.5,0.0,1390.0,3.0,true,1188.00,971.50,235,3238.00,1271.50,1.37407,1.87751,0.020,0.030,500dpi page-7 raster; red connected stroke; median pixel center per 4px plot-x column plus visible endpoints; no curve fitting or bridging
128eeb1ea3ad30f5a2ecf9194e2b784be37e837982dec3bdcb7b9db48aa4e7e4,Numerical simulation of aerial liquid drops of Canadair CL-415 and Dash-8 airtankers.pdf,7,1521,Fig. 6(b),b,CL-415,0.001,cl415_alpha0p001_t0.5s,0.5,reported,red,"250,10,27",90.0,500,4,2050,300,1800,1700,streamwise_distance_y,m,215.5,0.0,1631.0,2.0,vertical_penetration_Z,m,271.5,0.0,1390.0,3.0,true,1192.00,975.50,236,3242.00,1275.50,1.37972,1.88824,0.020,0.030,500dpi page-7 raster; red connected stroke; median pixel center per 4px plot-x column plus visible endpoints; no curve fitting or bridging
128eeb1ea3ad30f5a2ecf9194e2b784be37e837982dec3bdcb7b9db48aa4e7e4,Numerical simulation of aerial liquid drops of Canadair CL-415 and Dash-8 airtankers.pdf,7,1521,Fig. 6(b),b,CL-415,0.001,cl415_alpha0p001_t0.5s,0.5,reported,red,"250,10,27",90.0,500,4,2050,300,1800,1700,streamwise_distance_y,m,215.5,0.0,1631.0,2.0,vertical_penetration_Z,m,271.5,0.0,1390.0,3.0,true,1196.00,980.00,237,3246.00,1280.00,1.38538,1.90031,0.020,0.030,500dpi page-7 raster; red connected stroke; median pixel center per 4px plot-x column plus visible endpoints; no curve fitting or bridging
128eeb1ea3ad30f5a2ecf9194e2b784be37e837982dec3bdcb7b9db48aa4e7e4,Numerical simulation of aerial liquid drops of Canadair CL-415 and Dash-8 airtankers.pdf,7,1521,Fig. 6(b),b,CL-415,0.001,cl415_alpha0p001_t0.5s,0.5,reported,red,"250,10,27",90.0,500,4,2050,300,1800,1700,streamwise_distance_y,m,215.5,0.0,1631.0,2.0,vertical_penetration_Z,m,271.5,0.0,1390.0,3.0,true,1200.00,984.50,238,3250.00,1284.50,1.39103,1.91238,0.020,0.030,500dpi page-7 raster; red connected stroke; median pixel center per 4px plot-x column plus visible endpoints; no curve fitting or bridging
128eeb1ea3ad30f5a2ecf9194e2b784be37e837982dec3bdcb7b9db48aa4e7e4,Numerical simulation of aerial liquid drops of Canadair CL-415 and Dash-8 airtankers.pdf,7,1521,Fig. 6(b),b,CL-415,0.001,cl415_alpha0p001_t0.5s,0.5,reported,red,"250,10,27",90.0,500,4,2050,300,1800,1700,streamwise_distance_y,m,215.5,0.0,1631.0,2.0,vertical_penetration_Z,m,271.5,0.0,1390.0,3.0,true,1204.00,988.50,239,3254.00,1288.50,1.39668,1.92311,0.020,0.030,500dpi page-7 raster; red connected stroke; median pixel center per 4px plot-x column plus visible endpoints; no curve fitting or bridging
128eeb1ea3ad30f5a2ecf9194e2b784be37e837982dec3bdcb7b9db48aa4e7e4,Numerical simulation of aerial liquid drops of Canadair CL-415 and Dash-8 airtankers.pdf,7,1521,Fig. 6(b),b,CL-415,0.001,cl415_alpha0p001_t0.5s,0.5,reported,red,"250,10,27",90.0,500,4,2050,300,1800,1700,streamwise_distance_y,m,215.5,0.0,1631.0,2.0,vertical_penetration_Z,m,271.5,0.0,1390.0,3.0,true,1208.00,992.50,240,3258.00,1292.50,1.40233,1.93384,0.020,0.030,500dpi page-7 raster; red connected stroke; median pixel center per 4px plot-x column plus visible endpoints; no curve fitting or bridging
128eeb1ea3ad30f5a2ecf9194e2b784be37e837982dec3bdcb7b9db48aa4e7e4,Numerical simulation of aerial liquid drops of Canadair CL-415 and Dash-8 airtankers.pdf,7,1521,Fig. 6(b),b,CL-415,0.001,cl415_alpha0p001_t0.5s,0.5,reported,red,"250,10,27",90.0,500,4,2050,300,1800,1700,streamwise_distance_y,m,215.5,0.0,1631.0,2.0,vertical_penetration_Z,m,271.5,0.0,1390.0,3.0,true,1212.00,996.50,241,3262.00,1296.50,1.40798,1.94457,0.020,0.030,500dpi page-7 raster; red connected stroke; median pixel center per 4px plot-x column plus visible endpoints; no curve fitting or bridging
128eeb1ea3ad30f5a2ecf9194e2b784be37e837982dec3bdcb7b9db48aa4e7e4,Numerical simulation of aerial liquid drops of Canadair CL-415 and Dash-8 airtankers.pdf,7,1521,Fig. 6(b),b,CL-415,0.001,cl415_alpha0p001_t0.5s,0.5,reported,red,"250,10,27",90.0,500,4,2050,300,1800,1700,streamwise_distance_y,m,215.5,0.0,1631.0,2.0,vertical_penetration_Z,m,271.5,0.0,1390.0,3.0,true,1216.00,1000.50,242,3266.00,1300.50,1.41363,1.95530,0.020,0.030,500dpi page-7 raster; red connected stroke; median pixel center per 4px plot-x column plus visible endpoints; no curve fitting or bridging
128eeb1ea3ad30f5a2ecf9194e2b784be37e837982dec3bdcb7b9db48aa4e7e4,Numerical simulation of aerial liquid drops of Canadair CL-415 and Dash-8 airtankers.pdf,7,1521,Fig. 6(b),b,CL-415,0.001,cl415_alpha0p001_t0.5s,0.5,reported,red,"250,10,27",90.0,500,4,2050,300,1800,1700,streamwise_distance_y,m,215.5,0.0,1631.0,2.0,vertical_penetration_Z,m,271.5,0.0,1390.0,3.0,true,1220.00,1005.50,243,3270.00,1305.50,1.41929,1.96871,0.020,0.030,500dpi page-7 raster; red connected stroke; median pixel center per 4px plot-x column plus visible endpoints; no curve fitting or bridging
128eeb1ea3ad30f5a2ecf9194e2b784be37e837982dec3bdcb7b9db48aa4e7e4,Numerical simulation of aerial liquid drops of Canadair CL-415 and Dash-8 airtankers.pdf,7,1521,Fig. 6(b),b,CL-415,0.001,cl415_alpha0p001_t0.5s,0.5,reported,red,"250,10,27",90.0,500,4,2050,300,1800,1700,streamwise_distance_y,m,215.5,0.0,1631.0,2.0,vertical_penetration_Z,m,271.5,0.0,1390.0,3.0,true,1224.00,1009.50,244,3274.00,1309.50,1.42494,1.97944,0.020,0.030,500dpi page-7 raster; red connected stroke; median pixel center per 4px plot-x column plus visible endpoints; no curve fitting or bridging
128eeb1ea3ad30f5a2ecf9194e2b784be37e837982dec3bdcb7b9db48aa4e7e4,Numerical simulation of aerial liquid drops of Canadair CL-415 and Dash-8 airtankers.pdf,7,1521,Fig. 6(b),b,CL-415,0.001,cl415_alpha0p001_t0.5s,0.5,reported,red,"250,10,27",90.0,500,4,2050,300,1800,1700,streamwise_distance_y,m,215.5,0.0,1631.0,2.0,vertical_penetration_Z,m,271.5,0.0,1390.0,3.0,true,1228.00,1013.50,245,3278.00,1313.50,1.43059,1.99017,0.020,0.030,500dpi page-7 raster; red connected stroke; median pixel center per 4px plot-x column plus visible endpoints; no curve fitting or bridging
128eeb1ea3ad30f5a2ecf9194e2b784be37e837982dec3bdcb7b9db48aa4e7e4,Numerical simulation of aerial liquid drops of Canadair CL-415 and Dash-8 airtankers.pdf,7,1521,Fig. 6(b),b,CL-415,0.001,cl415_alpha0p001_t0.5s,0.5,reported,red,"250,10,27",90.0,500,4,2050,300,1800,1700,streamwise_distance_y,m,215.5,0.0,1631.0,2.0,vertical_penetration_Z,m,271.5,0.0,1390.0,3.0,true,1232.00,1016.50,246,3282.00,1316.50,1.43624,1.99821,0.020,0.030,500dpi page-7 raster; red connected stroke; median pixel center per 4px plot-x column plus visible endpoints; no curve fitting or bridging
128eeb1ea3ad30f5a2ecf9194e2b784be37e837982dec3bdcb7b9db48aa4e7e4,Numerical simulation of aerial liquid drops of Canadair CL-415 and Dash-8 airtankers.pdf,7,1521,Fig. 6(b),b,CL-415,0.001,cl415_alpha0p001_t0.5s,0.5,reported,red,"250,10,27",90.0,500,4,2050,300,1800,1700,streamwise_distance_y,m,215.5,0.0,1631.0,2.0,vertical_penetration_Z,m,271.5,0.0,1390.0,3.0,true,1236.00,1018.50,247,3286.00,1318.50,1.44189,2.00358,0.020,0.030,500dpi page-7 raster; red connected stroke; median pixel center per 4px plot-x column plus visible endpoints; no curve fitting or bridging
128eeb1ea3ad30f5a2ecf9194e2b784be37e837982dec3bdcb7b9db48aa4e7e4,Numerical simulation of aerial liquid drops of Canadair CL-415 and Dash-8 airtankers.pdf,7,1521,Fig. 6(b),b,CL-415,0.001,cl415_alpha0p001_t0.5s,0.5,reported,red,"250,10,27",90.0,500,4,2050,300,1800,1700,streamwise_distance_y,m,215.5,0.0,1631.0,2.0,vertical_penetration_Z,m,271.5,0.0,1390.0,3.0,true,1240.00,1019.00,248,3290.00,1319.00,1.44755,2.00492,0.020,0.030,500dpi page-7 raster; red connected stroke; median pixel center per 4px plot-x column plus visible endpoints; no curve fitting or bridging
128eeb1ea3ad30f5a2ecf9194e2b784be37e837982dec3bdcb7b9db48aa4e7e4,Numerical simulation of aerial liquid drops of Canadair CL-415 and Dash-8 airtankers.pdf,7,1521,Fig. 6(b),b,CL-415,0.001,cl415_alpha0p001_t0.5s,0.5,reported,red,"250,10,27",90.0,500,4,2050,300,1800,1700,streamwise_distance_y,m,215.5,0.0,1631.0,2.0,vertical_penetration_Z,m,271.5,0.0,1390.0,3.0,true,1244.00,1019.00,249,3294.00,1319.00,1.45320,2.00492,0.020,0.030,500dpi page-7 raster; red connected stroke; median pixel center per 4px plot-x column plus visible endpoints; no curve fitting or bridging
128eeb1ea3ad30f5a2ecf9194e2b784be37e837982dec3bdcb7b9db48aa4e7e4,Numerical simulation of aerial liquid drops of Canadair CL-415 and Dash-8 airtankers.pdf,7,1521,Fig. 6(b),b,CL-415,0.001,cl415_alpha0p001_t0.5s,0.5,reported,red,"250,10,27",90.0,500,4,2050,300,1800,1700,streamwise_distance_y,m,215.5,0.0,1631.0,2.0,vertical_penetration_Z,m,271.5,0.0,1390.0,3.0,true,1248.00,1019.00,250,3298.00,1319.00,1.45885,2.00492,0.020,0.030,500dpi page-7 raster; red connected stroke; median pixel center per 4px plot-x column plus visible endpoints; no curve fitting or bridging
128eeb1ea3ad30f5a2ecf9194e2b784be37e837982dec3bdcb7b9db48aa4e7e4,Numerical simulation of aerial liquid drops of Canadair CL-415 and Dash-8 airtankers.pdf,7,1521,Fig. 6(b),b,CL-415,0.001,cl415_alpha0p001_t0.5s,0.5,reported,red,"250,10,27",90.0,500,4,2050,300,1800,1700,streamwise_distance_y,m,215.5,0.0,1631.0,2.0,vertical_penetration_Z,m,271.5,0.0,1390.0,3.0,true,1252.00,1019.00,251,3302.00,1319.00,1.46450,2.00492,0.020,0.030,500dpi page-7 raster; red connected stroke; median pixel center per 4px plot-x column plus visible endpoints; no curve fitting or bridging
128eeb1ea3ad30f5a2ecf9194e2b784be37e837982dec3bdcb7b9db48aa4e7e4,Numerical simulation of aerial liquid drops of Canadair CL-415 and Dash-8 airtankers.pdf,7,1521,Fig. 6(b),b,CL-415,0.001,cl415_alpha0p001_t0.5s,0.5,reported,red,"250,10,27",90.0,500,4,2050,300,1800,1700,streamwise_distance_y,m,215.5,0.0,1631.0,2.0,vertical_penetration_Z,m,271.5,0.0,1390.0,3.0,true,1256.00,1019.00,252,3306.00,1319.00,1.47015,2.00492,0.020,0.030,500dpi page-7 raster; red connected stroke; median pixel center per 4px plot-x column plus visible endpoints; no curve fitting or bridging
128eeb1ea3ad30f5a2ecf9194e2b784be37e837982dec3bdcb7b9db48aa4e7e4,Numerical simulation of aerial liquid drops of Canadair CL-415 and Dash-8 airtankers.pdf,7,1521,Fig. 6(b),b,CL-415,0.001,cl415_alpha0p001_t0.5s,0.5,reported,red,"250,10,27",90.0,500,4,2050,300,1800,1700,streamwise_distance_y,m,215.5,0.0,1631.0,2.0,vertical_penetration_Z,m,271.5,0.0,1390.0,3.0,true,1260.00,1019.00,253,3310.00,1319.00,1.47580,2.00492,0.020,0.030,500dpi page-7 raster; red connected stroke; median pixel center per 4px plot-x column plus visible endpoints; no curve fitting or bridging
128eeb1ea3ad30f5a2ecf9194e2b784be37e837982dec3bdcb7b9db48aa4e7e4,Numerical simulation of aerial liquid drops of Canadair CL-415 and Dash-8 airtankers.pdf,7,1521,Fig. 6(b),b,CL-415,0.001,cl415_alpha0p001_t0.5s,0.5,reported,red,"250,10,27",90.0,500,4,2050,300,1800,1700,streamwise_distance_y,m,215.5,0.0,1631.0,2.0,vertical_penetration_Z,m,271.5,0.0,1390.0,3.0,true,1264.00,1019.00,254,3314.00,1319.00,1.48146,2.00492,0.020,0.030,500dpi page-7 raster; red connected stroke; median pixel center per 4px plot-x column plus visible endpoints; no curve fitting or bridging
128eeb1ea3ad30f5a2ecf9194e2b784be37e837982dec3bdcb7b9db48aa4e7e4,Numerical simulation of aerial liquid drops of Canadair CL-415 and Dash-8 airtankers.pdf,7,1521,Fig. 6(b),b,CL-415,0.001,cl415_alpha0p001_t0.5s,0.5,reported,red,"250,10,27",90.0,500,4,2050,300,1800,1700,streamwise_distance_y,m,215.5,0.0,1631.0,2.0,vertical_penetration_Z,m,271.5,0.0,1390.0,3.0,true,1268.00,1019.00,255,3318.00,1319.00,1.48711,2.00492,0.020,0.030,500dpi page-7 raster; red connected stroke; median pixel center per 4px plot-x column plus visible endpoints; no curve fitting or bridging
128eeb1ea3ad30f5a2ecf9194e2b784be37e837982dec3bdcb7b9db48aa4e7e4,Numerical simulation of aerial liquid drops of Canadair CL-415 and Dash-8 airtankers.pdf,7,1521,Fig. 6(b),b,CL-415,0.001,cl415_alpha0p001_t0.5s,0.5,reported,red,"250,10,27",90.0,500,4,2050,300,1800,1700,streamwise_distance_y,m,215.5,0.0,1631.0,2.0,vertical_penetration_Z,m,271.5,0.0,1390.0,3.0,true,1272.00,1019.00,256,3322.00,1319.00,1.49276,2.00492,0.020,0.030,500dpi page-7 raster; red connected stroke; median pixel center per 4px plot-x column plus visible endpoints; no curve fitting or bridging
128eeb1ea3ad30f5a2ecf9194e2b784be37e837982dec3bdcb7b9db48aa4e7e4,Numerical simulation of aerial liquid drops of Canadair CL-415 and Dash-8 airtankers.pdf,7,1521,Fig. 6(b),b,CL-415,0.001,cl415_alpha0p001_t0.5s,0.5,reported,red,"250,10,27",90.0,500,4,2050,300,1800,1700,streamwise_distance_y,m,215.5,0.0,1631.0,2.0,vertical_penetration_Z,m,271.5,0.0,1390.0,3.0,true,1276.00,1019.00,257,3326.00,1319.00,1.49841,2.00492,0.020,0.030,500dpi page-7 raster; red connected stroke; median pixel center per 4px plot-x column plus visible endpoints; no curve fitting or bridging
128eeb1ea3ad30f5a2ecf9194e2b784be37e837982dec3bdcb7b9db48aa4e7e4,Numerical simulation of aerial liquid drops of Canadair CL-415 and Dash-8 airtankers.pdf,7,1521,Fig. 6(b),b,CL-415,0.001,cl415_alpha0p001_t0.5s,0.5,reported,red,"250,10,27",90.0,500,4,2050,300,1800,1700,streamwise_distance_y,m,215.5,0.0,1631.0,2.0,vertical_penetration_Z,m,271.5,0.0,1390.0,3.0,true,1280.00,1019.00,258,3330.00,1319.00,1.50406,2.00492,0.020,0.030,500dpi page-7 raster; red connected stroke; median pixel center per 4px plot-x column plus visible endpoints; no curve fitting or bridging
128eeb1ea3ad30f5a2ecf9194e2b784be37e837982dec3bdcb7b9db48aa4e7e4,Numerical simulation of aerial liquid drops of Canadair CL-415 and Dash-8 airtankers.pdf,7,1521,Fig. 6(b),b,CL-415,0.001,cl415_alpha0p001_t0.5s,0.5,reported,red,"250,10,27",90.0,500,4,2050,300,1800,1700,streamwise_distance_y,m,215.5,0.0,1631.0,2.0,vertical_penetration_Z,m,271.5,0.0,1390.0,3.0,true,1284.00,1019.00,259,3334.00,1319.00,1.50971,2.00492,0.020,0.030,500dpi page-7 raster; red connected stroke; median pixel center per 4px plot-x column plus visible endpoints; no curve fitting or bridging
128eeb1ea3ad30f5a2ecf9194e2b784be37e837982dec3bdcb7b9db48aa4e7e4,Numerical simulation of aerial liquid drops of Canadair CL-415 and Dash-8 airtankers.pdf,7,1521,Fig. 6(b),b,CL-415,0.001,cl415_alpha0p001_t0.5s,0.5,reported,red,"250,10,27",90.0,500,4,2050,300,1800,1700,streamwise_distance_y,m,215.5,0.0,1631.0,2.0,vertical_penetration_Z,m,271.5,0.0,1390.0,3.0,true,1288.00,1019.00,260,3338.00,1319.00,1.51537,2.00492,0.020,0.030,500dpi page-7 raster; red connected stroke; median pixel center per 4px plot-x column plus visible endpoints; no curve fitting or bridging
128eeb1ea3ad30f5a2ecf9194e2b784be37e837982dec3bdcb7b9db48aa4e7e4,Numerical simulation of aerial liquid drops of Canadair CL-415 and Dash-8 airtankers.pdf,7,1521,Fig. 6(b),b,CL-415,0.001,cl415_alpha0p001_t0.5s,0.5,reported,red,"250,10,27",90.0,500,4,2050,300,1800,1700,streamwise_distance_y,m,215.5,0.0,1631.0,2.0,vertical_penetration_Z,m,271.5,0.0,1390.0,3.0,true,1292.00,1020.50,261,3342.00,1320.50,1.52102,2.00894,0.020,0.030,500dpi page-7 raster; red connected stroke; median pixel center per 4px plot-x column plus visible endpoints; no curve fitting or bridging
128eeb1ea3ad30f5a2ecf9194e2b784be37e837982dec3bdcb7b9db48aa4e7e4,Numerical simulation of aerial liquid drops of Canadair CL-415 and Dash-8 airtankers.pdf,7,1521,Fig. 6(b),b,CL-415,0.001,cl415_alpha0p001_t0.5s,0.5,reported,red,"250,10,27",90.0,500,4,2050,300,1800,1700,streamwise_distance_y,m,215.5,0.0,1631.0,2.0,vertical_penetration_Z,m,271.5,0.0,1390.0,3.0,true,1296.00,1022.50,262,3346.00,1322.50,1.52667,2.01430,0.020,0.030,500dpi page-7 raster; red connected stroke; median pixel center per 4px plot-x column plus visible endpoints; no curve fitting or bridging
128eeb1ea3ad30f5a2ecf9194e2b784be37e837982dec3bdcb7b9db48aa4e7e4,Numerical simulation of aerial liquid drops of Canadair CL-415 and Dash-8 airtankers.pdf,7,1521,Fig. 6(b),b,CL-415,0.001,cl415_alpha0p001_t0.5s,0.5,reported,red,"250,10,27",90.0,500,4,2050,300,1800,1700,streamwise_distance_y,m,215.5,0.0,1631.0,2.0,vertical_penetration_Z,m,271.5,0.0,1390.0,3.0,true,1300.00,1024.50,263,3350.00,1324.50,1.53232,2.01967,0.020,0.030,500dpi page-7 raster; red connected stroke; median pixel center per 4px plot-x column plus visible endpoints; no curve fitting or bridging
128eeb1ea3ad30f5a2ecf9194e2b784be37e837982dec3bdcb7b9db48aa4e7e4,Numerical simulation of aerial liquid drops of Canadair CL-415 and Dash-8 airtankers.pdf,7,1521,Fig. 6(b),b,CL-415,0.001,cl415_alpha0p001_t0.5s,0.5,reported,red,"250,10,27",90.0,500,4,2050,300,1800,1700,streamwise_distance_y,m,215.5,0.0,1631.0,2.0,vertical_penetration_Z,m,271.5,0.0,1390.0,3.0,true,1304.00,1026.50,264,3354.00,1326.50,1.53797,2.02503,0.020,0.030,500dpi page-7 raster; red connected stroke; median pixel center per 4px plot-x column plus visible endpoints; no curve fitting or bridging
128eeb1ea3ad30f5a2ecf9194e2b784be37e837982dec3bdcb7b9db48aa4e7e4,Numerical simulation of aerial liquid drops of Canadair CL-415 and Dash-8 airtankers.pdf,7,1521,Fig. 6(b),b,CL-415,0.001,cl415_alpha0p001_t0.5s,0.5,reported,red,"250,10,27",90.0,500,4,2050,300,1800,1700,streamwise_distance_y,m,215.5,0.0,1631.0,2.0,vertical_penetration_Z,m,271.5,0.0,1390.0,3.0,true,1308.00,1028.50,265,3358.00,1328.50,1.54362,2.03040,0.020,0.030,500dpi page-7 raster; red connected stroke; median pixel center per 4px plot-x column plus visible endpoints; no curve fitting or bridging
128eeb1ea3ad30f5a2ecf9194e2b784be37e837982dec3bdcb7b9db48aa4e7e4,Numerical simulation of aerial liquid drops of Canadair CL-415 and Dash-8 airtankers.pdf,7,1521,Fig. 6(b),b,CL-415,0.001,cl415_alpha0p001_t0.5s,0.5,reported,red,"250,10,27",90.0,500,4,2050,300,1800,1700,streamwise_distance_y,m,215.5,0.0,1631.0,2.0,vertical_penetration_Z,m,271.5,0.0,1390.0,3.0,true,1312.00,1030.50,266,3362.00,1330.50,1.54928,2.03576,0.020,0.030,500dpi page-7 raster; red connected stroke; median pixel center per 4px plot-x column plus visible endpoints; no curve fitting or bridging
128eeb1ea3ad30f5a2ecf9194e2b784be37e837982dec3bdcb7b9db48aa4e7e4,Numerical simulation of aerial liquid drops of Canadair CL-415 and Dash-8 airtankers.pdf,7,1521,Fig. 6(b),b,CL-415,0.001,cl415_alpha0p001_t0.5s,0.5,reported,red,"250,10,27",90.0,500,4,2050,300,1800,1700,streamwise_distance_y,m,215.5,0.0,1631.0,2.0,vertical_penetration_Z,m,271.5,0.0,1390.0,3.0,true,1316.00,1032.50,267,3366.00,1332.50,1.55493,2.04113,0.020,0.030,500dpi page-7 raster; red connected stroke; median pixel center per 4px plot-x column plus visible endpoints; no curve fitting or bridging
128eeb1ea3ad30f5a2ecf9194e2b784be37e837982dec3bdcb7b9db48aa4e7e4,Numerical simulation of aerial liquid drops of Canadair CL-415 and Dash-8 airtankers.pdf,7,1521,Fig. 6(b),b,CL-415,0.001,cl415_alpha0p001_t0.5s,0.5,reported,red,"250,10,27",90.0,500,4,2050,300,1800,1700,streamwise_distance_y,m,215.5,0.0,1631.0,2.0,vertical_penetration_Z,m,271.5,0.0,1390.0,3.0,true,1320.00,1034.50,268,3370.00,1334.50,1.56058,2.04649,0.020,0.030,500dpi page-7 raster; red connected stroke; median pixel center per 4px plot-x column plus visible endpoints; no curve fitting or bridging
128eeb1ea3ad30f5a2ecf9194e2b784be37e837982dec3bdcb7b9db48aa4e7e4,Numerical simulation of aerial liquid drops of Canadair CL-415 and Dash-8 airtankers.pdf,7,1521,Fig. 6(b),b,CL-415,0.001,cl415_alpha0p001_t0.5s,0.5,reported,red,"250,10,27",90.0,500,4,2050,300,1800,1700,streamwise_distance_y,m,215.5,0.0,1631.0,2.0,vertical_penetration_Z,m,271.5,0.0,1390.0,3.0,true,1324.00,1037.00,269,3374.00,1337.00,1.56623,2.05320,0.020,0.030,500dpi page-7 raster; red connected stroke; median pixel center per 4px plot-x column plus visible endpoints; no curve fitting or bridging
128eeb1ea3ad30f5a2ecf9194e2b784be37e837982dec3bdcb7b9db48aa4e7e4,Numerical simulation of aerial liquid drops of Canadair CL-415 and Dash-8 airtankers.pdf,7,1521,Fig. 6(b),b,CL-415,0.001,cl415_alpha0p001_t0.5s,0.5,reported,red,"250,10,27",90.0,500,4,2050,300,1800,1700,streamwise_distance_y,m,215.5,0.0,1631.0,2.0,vertical_penetration_Z,m,271.5,0.0,1390.0,3.0,true,1328.00,1039.00,270,3378.00,1339.00,1.57188,2.05856,0.020,0.030,500dpi page-7 raster; red connected stroke; median pixel center per 4px plot-x column plus visible endpoints; no curve fitting or bridging
128eeb1ea3ad30f5a2ecf9194e2b784be37e837982dec3bdcb7b9db48aa4e7e4,Numerical simulation of aerial liquid drops of Canadair CL-415 and Dash-8 airtankers.pdf,7,1521,Fig. 6(b),b,CL-415,0.001,cl415_alpha0p001_t0.5s,0.5,reported,red,"250,10,27",90.0,500,4,2050,300,1800,1700,streamwise_distance_y,m,215.5,0.0,1631.0,2.0,vertical_penetration_Z,m,271.5,0.0,1390.0,3.0,true,1332.00,1041.00,271,3382.00,1341.00,1.57753,2.06392,0.020,0.030,500dpi page-7 raster; red connected stroke; median pixel center per 4px plot-x column plus visible endpoints; no curve fitting or bridging
128eeb1ea3ad30f5a2ecf9194e2b784be37e837982dec3bdcb7b9db48aa4e7e4,Numerical simulation of aerial liquid drops of Canadair CL-415 and Dash-8 airtankers.pdf,7,1521,Fig. 6(b),b,CL-415,0.001,cl415_alpha0p001_t0.5s,0.5,reported,red,"250,10,27",90.0,500,4,2050,300,1800,1700,streamwise_distance_y,m,215.5,0.0,1631.0,2.0,vertical_penetration_Z,m,271.5,0.0,1390.0,3.0,true,1336.00,1043.00,272,3386.00,1343.00,1.58319,2.06929,0.020,0.030,500dpi page-7 raster; red connected stroke; median pixel center per 4px plot-x column plus visible endpoints; no curve fitting or bridging
128eeb1ea3ad30f5a2ecf9194e2b784be37e837982dec3bdcb7b9db48aa4e7e4,Numerical simulation of aerial liquid drops of Canadair CL-415 and Dash-8 airtankers.pdf,7,1521,Fig. 6(b),b,CL-415,0.001,cl415_alpha0p001_t0.5s,0.5,reported,red,"250,10,27",90.0,500,4,2050,300,1800,1700,streamwise_distance_y,m,215.5,0.0,1631.0,2.0,vertical_penetration_Z,m,271.5,0.0,1390.0,3.0,true,1340.00,1045.50,273,3390.00,1345.50,1.58884,2.07599,0.020,0.030,500dpi page-7 raster; red connected stroke; median pixel center per 4px plot-x column plus visible endpoints; no curve fitting or bridging
128eeb1ea3ad30f5a2ecf9194e2b784be37e837982dec3bdcb7b9db48aa4e7e4,Numerical simulation of aerial liquid drops of Canadair CL-415 and Dash-8 airtankers.pdf,7,1521,Fig. 6(b),b,CL-415,0.001,cl415_alpha0p001_t0.5s,0.5,reported,red,"250,10,27",90.0,500,4,2050,300,1800,1700,streamwise_distance_y,m,215.5,0.0,1631.0,2.0,vertical_penetration_Z,m,271.5,0.0,1390.0,3.0,true,1344.00,1047.50,274,3394.00,1347.50,1.59449,2.08136,0.020,0.030,500dpi page-7 raster; red connected stroke; median pixel center per 4px plot-x column plus visible endpoints; no curve fitting or bridging
128eeb1ea3ad30f5a2ecf9194e2b784be37e837982dec3bdcb7b9db48aa4e7e4,Numerical simulation of aerial liquid drops of Canadair CL-415 and Dash-8 airtankers.pdf,7,1521,Fig. 6(b),b,CL-415,0.001,cl415_alpha0p001_t0.5s,0.5,reported,red,"250,10,27",90.0,500,4,2050,300,1800,1700,streamwise_distance_y,m,215.5,0.0,1631.0,2.0,vertical_penetration_Z,m,271.5,0.0,1390.0,3.0,true,1348.00,1048.50,275,3398.00,1348.50,1.60014,2.08404,0.020,0.030,500dpi page-7 raster; red connected stroke; median pixel center per 4px plot-x column plus visible endpoints; no curve fitting or bridging
128eeb1ea3ad30f5a2ecf9194e2b784be37e837982dec3bdcb7b9db48aa4e7e4,Numerical simulation of aerial liquid drops of Canadair CL-415 and Dash-8 airtankers.pdf,7,1521,Fig. 6(b),b,CL-415,0.001,cl415_alpha0p001_t0.5s,0.5,reported,red,"250,10,27",90.0,500,4,2050,300,1800,1700,streamwise_distance_y,m,215.5,0.0,1631.0,2.0,vertical_penetration_Z,m,271.5,0.0,1390.0,3.0,true,1352.00,1049.00,276,3402.00,1349.00,1.60579,2.08538,0.020,0.030,500dpi page-7 raster; red connected stroke; median pixel center per 4px plot-x column plus visible endpoints; no curve fitting or bridging
128eeb1ea3ad30f5a2ecf9194e2b784be37e837982dec3bdcb7b9db48aa4e7e4,Numerical simulation of aerial liquid drops of Canadair CL-415 and Dash-8 airtankers.pdf,7,1521,Fig. 6(b),b,CL-415,0.001,cl415_alpha0p001_t0.5s,0.5,reported,red,"250,10,27",90.0,500,4,2050,300,1800,1700,streamwise_distance_y,m,215.5,0.0,1631.0,2.0,vertical_penetration_Z,m,271.5,0.0,1390.0,3.0,true,1356.00,1049.00,277,3406.00,1349.00,1.61144,2.08538,0.020,0.030,500dpi page-7 raster; red connected stroke; median pixel center per 4px plot-x column plus visible endpoints; no curve fitting or bridging
128eeb1ea3ad30f5a2ecf9194e2b784be37e837982dec3bdcb7b9db48aa4e7e4,Numerical simulation of aerial liquid drops of Canadair CL-415 and Dash-8 airtankers.pdf,7,1521,Fig. 6(b),b,CL-415,0.001,cl415_alpha0p001_t0.5s,0.5,reported,red,"250,10,27",90.0,500,4,2050,300,1800,1700,streamwise_distance_y,m,215.5,0.0,1631.0,2.0,vertical_penetration_Z,m,271.5,0.0,1390.0,3.0,true,1360.00,1049.00,278,3410.00,1349.00,1.61710,2.08538,0.020,0.030,500dpi page-7 raster; red connected stroke; median pixel center per 4px plot-x column plus visible endpoints; no curve fitting or bridging
128eeb1ea3ad30f5a2ecf9194e2b784be37e837982dec3bdcb7b9db48aa4e7e4,Numerical simulation of aerial liquid drops of Canadair CL-415 and Dash-8 airtankers.pdf,7,1521,Fig. 6(b),b,CL-415,0.001,cl415_alpha0p001_t0.5s,0.5,reported,red,"250,10,27",90.0,500,4,2050,300,1800,1700,streamwise_distance_y,m,215.5,0.0,1631.0,2.0,vertical_penetration_Z,m,271.5,0.0,1390.0,3.0,true,1364.00,1049.00,279,3414.00,1349.00,1.62275,2.08538,0.020,0.030,500dpi page-7 raster; red connected stroke; median pixel center per 4px plot-x column plus visible endpoints; no curve fitting or bridging
128eeb1ea3ad30f5a2ecf9194e2b784be37e837982dec3bdcb7b9db48aa4e7e4,Numerical simulation of aerial liquid drops of Canadair CL-415 and Dash-8 airtankers.pdf,7,1521,Fig. 6(b),b,CL-415,0.001,cl415_alpha0p001_t0.5s,0.5,reported,red,"250,10,27",90.0,500,4,2050,300,1800,1700,streamwise_distance_y,m,215.5,0.0,1631.0,2.0,vertical_penetration_Z,m,271.5,0.0,1390.0,3.0,true,1368.00,1049.00,280,3418.00,1349.00,1.62840,2.08538,0.020,0.030,500dpi page-7 raster; red connected stroke; median pixel center per 4px plot-x column plus visible endpoints; no curve fitting or bridging
128eeb1ea3ad30f5a2ecf9194e2b784be37e837982dec3bdcb7b9db48aa4e7e4,Numerical simulation of aerial liquid drops of Canadair CL-415 and Dash-8 airtankers.pdf,7,1521,Fig. 6(b),b,CL-415,0.001,cl415_alpha0p001_t0.5s,0.5,reported,red,"250,10,27",90.0,500,4,2050,300,1800,1700,streamwise_distance_y,m,215.5,0.0,1631.0,2.0,vertical_penetration_Z,m,271.5,0.0,1390.0,3.0,true,1372.00,1049.00,281,3422.00,1349.00,1.63405,2.08538,0.020,0.030,500dpi page-7 raster; red connected stroke; median pixel center per 4px plot-x column plus visible endpoints; no curve fitting or bridging
128eeb1ea3ad30f5a2ecf9194e2b784be37e837982dec3bdcb7b9db48aa4e7e4,Numerical simulation of aerial liquid drops of Canadair CL-415 and Dash-8 airtankers.pdf,7,1521,Fig. 6(b),b,CL-415,0.001,cl415_alpha0p001_t0.5s,0.5,reported,red,"250,10,27",90.0,500,4,2050,300,1800,1700,streamwise_distance_y,m,215.5,0.0,1631.0,2.0,vertical_penetration_Z,m,271.5,0.0,1390.0,3.0,true,1376.00,1049.00,282,3426.00,1349.00,1.63970,2.08538,0.020,0.030,500dpi page-7 raster; red connected stroke; median pixel center per 4px plot-x column plus visible endpoints; no curve fitting or bridging
128eeb1ea3ad30f5a2ecf9194e2b784be37e837982dec3bdcb7b9db48aa4e7e4,Numerical simulation of aerial liquid drops of Canadair CL-415 and Dash-8 airtankers.pdf,7,1521,Fig. 6(b),b,CL-415,0.001,cl415_alpha0p001_t0.5s,0.5,reported,red,"250,10,27",90.0,500,4,2050,300,1800,1700,streamwise_distance_y,m,215.5,0.0,1631.0,2.0,vertical_penetration_Z,m,271.5,0.0,1390.0,3.0,true,1380.00,1049.00,283,3430.00,1349.00,1.64535,2.08538,0.020,0.030,500dpi page-7 raster; red connected stroke; median pixel center per 4px plot-x column plus visible endpoints; no curve fitting or bridging
128eeb1ea3ad30f5a2ecf9194e2b784be37e837982dec3bdcb7b9db48aa4e7e4,Numerical simulation of aerial liquid drops of Canadair CL-415 and Dash-8 airtankers.pdf,7,1521,Fig. 6(b),b,CL-415,0.001,cl415_alpha0p001_t0.5s,0.5,reported,red,"250,10,27",90.0,500,4,2050,300,1800,1700,streamwise_distance_y,m,215.5,0.0,1631.0,2.0,vertical_penetration_Z,m,271.5,0.0,1390.0,3.0,true,1384.00,1049.00,284,3434.00,1349.00,1.65101,2.08538,0.020,0.030,500dpi page-7 raster; red connected stroke; median pixel center per 4px plot-x column plus visible endpoints; no curve fitting or bridging
128eeb1ea3ad30f5a2ecf9194e2b784be37e837982dec3bdcb7b9db48aa4e7e4,Numerical simulation of aerial liquid drops of Canadair CL-415 and Dash-8 airtankers.pdf,7,1521,Fig. 6(b),b,CL-415,0.001,cl415_alpha0p001_t0.5s,0.5,reported,red,"250,10,27",90.0,500,4,2050,300,1800,1700,streamwise_distance_y,m,215.5,0.0,1631.0,2.0,vertical_penetration_Z,m,271.5,0.0,1390.0,3.0,true,1388.00,1049.00,285,3438.00,1349.00,1.65666,2.08538,0.020,0.030,500dpi page-7 raster; red connected stroke; median pixel center per 4px plot-x column plus visible endpoints; no curve fitting or bridging
128eeb1ea3ad30f5a2ecf9194e2b784be37e837982dec3bdcb7b9db48aa4e7e4,Numerical simulation of aerial liquid drops of Canadair CL-415 and Dash-8 airtankers.pdf,7,1521,Fig. 6(b),b,CL-415,0.001,cl415_alpha0p001_t0.5s,0.5,reported,red,"250,10,27",90.0,500,4,2050,300,1800,1700,streamwise_distance_y,m,215.5,0.0,1631.0,2.0,vertical_penetration_Z,m,271.5,0.0,1390.0,3.0,true,1392.00,1049.00,286,3442.00,1349.00,1.66231,2.08538,0.020,0.030,500dpi page-7 raster; red connected stroke; median pixel center per 4px plot-x column plus visible endpoints; no curve fitting or bridging
128eeb1ea3ad30f5a2ecf9194e2b784be37e837982dec3bdcb7b9db48aa4e7e4,Numerical simulation of aerial liquid drops of Canadair CL-415 and Dash-8 airtankers.pdf,7,1521,Fig. 6(b),b,CL-415,0.001,cl415_alpha0p001_t0.5s,0.5,reported,red,"250,10,27",90.0,500,4,2050,300,1800,1700,streamwise_distance_y,m,215.5,0.0,1631.0,2.0,vertical_penetration_Z,m,271.5,0.0,1390.0,3.0,true,1396.00,1049.00,287,3446.00,1349.00,1.66796,2.08538,0.020,0.030,500dpi page-7 raster; red connected stroke; median pixel center per 4px plot-x column plus visible endpoints; no curve fitting or bridging
128eeb1ea3ad30f5a2ecf9194e2b784be37e837982dec3bdcb7b9db48aa4e7e4,Numerical simulation of aerial liquid drops of Canadair CL-415 and Dash-8 airtankers.pdf,7,1521,Fig. 6(b),b,CL-415,0.001,cl415_alpha0p001_t0.5s,0.5,reported,red,"250,10,27",90.0,500,4,2050,300,1800,1700,streamwise_distance_y,m,215.5,0.0,1631.0,2.0,vertical_penetration_Z,m,271.5,0.0,1390.0,3.0,true,1400.00,1049.50,288,3450.00,1349.50,1.67361,2.08672,0.020,0.030,500dpi page-7 raster; red connected stroke; median pixel center per 4px plot-x column plus visible endpoints; no curve fitting or bridging
128eeb1ea3ad30f5a2ecf9194e2b784be37e837982dec3bdcb7b9db48aa4e7e4,Numerical simulation of aerial liquid drops of Canadair CL-415 and Dash-8 airtankers.pdf,7,1521,Fig. 6(b),b,CL-415,0.001,cl415_alpha0p001_t0.5s,0.5,reported,red,"250,10,27",90.0,500,4,2050,300,1800,1700,streamwise_distance_y,m,215.5,0.0,1631.0,2.0,vertical_penetration_Z,m,271.5,0.0,1390.0,3.0,true,1404.00,1052.50,289,3454.00,1352.50,1.67927,2.09477,0.020,0.030,500dpi page-7 raster; red connected stroke; median pixel center per 4px plot-x column plus visible endpoints; no curve fitting or bridging
128eeb1ea3ad30f5a2ecf9194e2b784be37e837982dec3bdcb7b9db48aa4e7e4,Numerical simulation of aerial liquid drops of Canadair CL-415 and Dash-8 airtankers.pdf,7,1521,Fig. 6(b),b,CL-415,0.001,cl415_alpha0p001_t0.5s,0.5,reported,red,"250,10,27",90.0,500,4,2050,300,1800,1700,streamwise_distance_y,m,215.5,0.0,1631.0,2.0,vertical_penetration_Z,m,271.5,0.0,1390.0,3.0,true,1408.00,1057.00,290,3458.00,1357.00,1.68492,2.10684,0.020,0.030,500dpi page-7 raster; red connected stroke; median pixel center per 4px plot-x column plus visible endpoints; no curve fitting or bridging
128eeb1ea3ad30f5a2ecf9194e2b784be37e837982dec3bdcb7b9db48aa4e7e4,Numerical simulation of aerial liquid drops of Canadair CL-415 and Dash-8 airtankers.pdf,7,1521,Fig. 6(b),b,CL-415,0.001,cl415_alpha0p001_t0.5s,0.5,reported,red,"250,10,27",90.0,500,4,2050,300,1800,1700,streamwise_distance_y,m,215.5,0.0,1631.0,2.0,vertical_penetration_Z,m,271.5,0.0,1390.0,3.0,true,1412.00,1062.50,291,3462.00,1362.50,1.69057,2.12159,0.020,0.030,500dpi page-7 raster; red connected stroke; median pixel center per 4px plot-x column plus visible endpoints; no curve fitting or bridging
128eeb1ea3ad30f5a2ecf9194e2b784be37e837982dec3bdcb7b9db48aa4e7e4,Numerical simulation of aerial liquid drops of Canadair CL-415 and Dash-8 airtankers.pdf,7,1521,Fig. 6(b),b,CL-415,0.001,cl415_alpha0p001_t0.5s,0.5,reported,red,"250,10,27",90.0,500,4,2050,300,1800,1700,streamwise_distance_y,m,215.5,0.0,1631.0,2.0,vertical_penetration_Z,m,271.5,0.0,1390.0,3.0,true,1416.00,1068.50,292,3466.00,1368.50,1.69622,2.13768,0.020,0.030,500dpi page-7 raster; red connected stroke; median pixel center per 4px plot-x column plus visible endpoints; no curve fitting or bridging
128eeb1ea3ad30f5a2ecf9194e2b784be37e837982dec3bdcb7b9db48aa4e7e4,Numerical simulation of aerial liquid drops of Canadair CL-415 and Dash-8 airtankers.pdf,7,1521,Fig. 6(b),b,CL-415,0.001,cl415_alpha0p001_t0.5s,0.5,reported,red,"250,10,27",90.0,500,4,2050,300,1800,1700,streamwise_distance_y,m,215.5,0.0,1631.0,2.0,vertical_penetration_Z,m,271.5,0.0,1390.0,3.0,true,1420.00,1075.00,293,3470.00,1375.00,1.70187,2.15512,0.020,0.030,500dpi page-7 raster; red connected stroke; median pixel center per 4px plot-x column plus visible endpoints; no curve fitting or bridging
128eeb1ea3ad30f5a2ecf9194e2b784be37e837982dec3bdcb7b9db48aa4e7e4,Numerical simulation of aerial liquid drops of Canadair CL-415 and Dash-8 airtankers.pdf,7,1521,Fig. 6(b),b,CL-415,0.001,cl415_alpha0p001_t0.5s,0.5,reported,red,"250,10,27",90.0,500,4,2050,300,1800,1700,streamwise_distance_y,m,215.5,0.0,1631.0,2.0,vertical_penetration_Z,m,271.5,0.0,1390.0,3.0,true,1424.00,1082.00,294,3474.00,1382.00,1.70752,2.17389,0.020,0.030,500dpi page-7 raster; red connected stroke; median pixel center per 4px plot-x column plus visible endpoints; no curve fitting or bridging
128eeb1ea3ad30f5a2ecf9194e2b784be37e837982dec3bdcb7b9db48aa4e7e4,Numerical simulation of aerial liquid drops of Canadair CL-415 and Dash-8 airtankers.pdf,7,1521,Fig. 6(b),b,CL-415,0.001,cl415_alpha0p001_t0.5s,0.5,reported,red,"250,10,27",90.0,500,4,2050,300,1800,1700,streamwise_distance_y,m,215.5,0.0,1631.0,2.0,vertical_penetration_Z,m,271.5,0.0,1390.0,3.0,true,1428.00,1087.00,295,3478.00,1387.00,1.71318,2.18730,0.020,0.030,500dpi page-7 raster; red connected stroke; median pixel center per 4px plot-x column plus visible endpoints; no curve fitting or bridging
128eeb1ea3ad30f5a2ecf9194e2b784be37e837982dec3bdcb7b9db48aa4e7e4,Numerical simulation of aerial liquid drops of Canadair CL-415 and Dash-8 airtankers.pdf,7,1521,Fig. 6(b),b,CL-415,0.001,cl415_alpha0p001_t0.5s,0.5,reported,red,"250,10,27",90.0,500,4,2050,300,1800,1700,streamwise_distance_y,m,215.5,0.0,1631.0,2.0,vertical_penetration_Z,m,271.5,0.0,1390.0,3.0,true,1432.00,1090.50,296,3482.00,1390.50,1.71883,2.19669,0.020,0.030,500dpi page-7 raster; red connected stroke; median pixel center per 4px plot-x column plus visible endpoints; no curve fitting or bridging
128eeb1ea3ad30f5a2ecf9194e2b784be37e837982dec3bdcb7b9db48aa4e7e4,Numerical simulation of aerial liquid drops of Canadair CL-415 and Dash-8 airtankers.pdf,7,1521,Fig. 6(b),b,CL-415,0.001,cl415_alpha0p001_t0.5s,0.5,reported,red,"250,10,27",90.0,500,4,2050,300,1800,1700,streamwise_distance_y,m,215.5,0.0,1631.0,2.0,vertical_penetration_Z,m,271.5,0.0,1390.0,3.0,true,1436.00,1091.00,297,3486.00,1391.00,1.72448,2.19803,0.020,0.030,500dpi page-7 raster; red connected stroke; median pixel center per 4px plot-x column plus visible endpoints; no curve fitting or bridging
128eeb1ea3ad30f5a2ecf9194e2b784be37e837982dec3bdcb7b9db48aa4e7e4,Numerical simulation of aerial liquid drops of Canadair CL-415 and Dash-8 airtankers.pdf,7,1521,Fig. 6(b),b,CL-415,0.001,cl415_alpha0p001_t0.5s,0.5,reported,red,"250,10,27",90.0,500,4,2050,300,1800,1700,streamwise_distance_y,m,215.5,0.0,1631.0,2.0,vertical_penetration_Z,m,271.5,0.0,1390.0,3.0,true,1440.00,1089.50,298,3490.00,1389.50,1.73013,2.19401,0.020,0.030,500dpi page-7 raster; red connected stroke; median pixel center per 4px plot-x column plus visible endpoints; no curve fitting or bridging
128eeb1ea3ad30f5a2ecf9194e2b784be37e837982dec3bdcb7b9db48aa4e7e4,Numerical simulation of aerial liquid drops of Canadair CL-415 and Dash-8 airtankers.pdf,7,1521,Fig. 6(b),b,CL-415,0.001,cl415_alpha0p001_t0.5s,0.5,reported,red,"250,10,27",90.0,500,4,2050,300,1800,1700,streamwise_distance_y,m,215.5,0.0,1631.0,2.0,vertical_penetration_Z,m,271.5,0.0,1390.0,3.0,true,1444.00,1087.00,299,3494.00,1387.00,1.73578,2.18730,0.020,0.030,500dpi page-7 raster; red connected stroke; median pixel center per 4px plot-x column plus visible endpoints; no curve fitting or bridging
128eeb1ea3ad30f5a2ecf9194e2b784be37e837982dec3bdcb7b9db48aa4e7e4,Numerical simulation of aerial liquid drops of Canadair CL-415 and Dash-8 airtankers.pdf,7,1521,Fig. 6(b),b,CL-415,0.001,cl415_alpha0p001_t0.5s,0.5,reported,red,"250,10,27",90.0,500,4,2050,300,1800,1700,streamwise_distance_y,m,215.5,0.0,1631.0,2.0,vertical_penetration_Z,m,271.5,0.0,1390.0,3.0,true,1448.00,1085.00,300,3498.00,1385.00,1.74143,2.18194,0.020,0.030,500dpi page-7 raster; red connected stroke; median pixel center per 4px plot-x column plus visible endpoints; no curve fitting or bridging
128eeb1ea3ad30f5a2ecf9194e2b784be37e837982dec3bdcb7b9db48aa4e7e4,Numerical simulation of aerial liquid drops of Canadair CL-415 and Dash-8 airtankers.pdf,7,1521,Fig. 6(b),b,CL-415,0.001,cl415_alpha0p001_t0.5s,0.5,reported,red,"250,10,27",90.0,500,4,2050,300,1800,1700,streamwise_distance_y,m,215.5,0.0,1631.0,2.0,vertical_penetration_Z,m,271.5,0.0,1390.0,3.0,true,1452.00,1083.00,301,3502.00,1383.00,1.74709,2.17658,0.020,0.030,500dpi page-7 raster; red connected stroke; median pixel center per 4px plot-x column plus visible endpoints; no curve fitting or bridging
128eeb1ea3ad30f5a2ecf9194e2b784be37e837982dec3bdcb7b9db48aa4e7e4,Numerical simulation of aerial liquid drops of Canadair CL-415 and Dash-8 airtankers.pdf,7,1521,Fig. 6(b),b,CL-415,0.001,cl415_alpha0p001_t0.5s,0.5,reported,red,"250,10,27",90.0,500,4,2050,300,1800,1700,streamwise_distance_y,m,215.5,0.0,1631.0,2.0,vertical_penetration_Z,m,271.5,0.0,1390.0,3.0,true,1456.00,1081.00,302,3506.00,1381.00,1.75274,2.17121,0.020,0.030,500dpi page-7 raster; red connected stroke; median pixel center per 4px plot-x column plus visible endpoints; no curve fitting or bridging
128eeb1ea3ad30f5a2ecf9194e2b784be37e837982dec3bdcb7b9db48aa4e7e4,Numerical simulation of aerial liquid drops of Canadair CL-415 and Dash-8 airtankers.pdf,7,1521,Fig. 6(b),b,CL-415,0.001,cl415_alpha0p001_t0.5s,0.5,reported,red,"250,10,27",90.0,500,4,2050,300,1800,1700,streamwise_distance_y,m,215.5,0.0,1631.0,2.0,vertical_penetration_Z,m,271.5,0.0,1390.0,3.0,true,1460.00,1080.00,303,3510.00,1380.00,1.75839,2.16853,0.020,0.030,500dpi page-7 raster; red connected stroke; median pixel center per 4px plot-x column plus visible endpoints; no curve fitting or bridging
128eeb1ea3ad30f5a2ecf9194e2b784be37e837982dec3bdcb7b9db48aa4e7e4,Numerical simulation of aerial liquid drops of Canadair CL-415 and Dash-8 airtankers.pdf,7,1521,Fig. 6(b),b,CL-415,0.001,cl415_alpha0p001_t0.5s,0.5,reported,red,"250,10,27",90.0,500,4,2050,300,1800,1700,streamwise_distance_y,m,215.5,0.0,1631.0,2.0,vertical_penetration_Z,m,271.5,0.0,1390.0,3.0,true,1464.00,1081.00,304,3514.00,1381.00,1.76404,2.17121,0.020,0.030,500dpi page-7 raster; red connected stroke; median pixel center per 4px plot-x column plus visible endpoints; no curve fitting or bridging
128eeb1ea3ad30f5a2ecf9194e2b784be37e837982dec3bdcb7b9db48aa4e7e4,Numerical simulation of aerial liquid drops of Canadair CL-415 and Dash-8 airtankers.pdf,7,1521,Fig. 6(b),b,CL-415,0.001,cl415_alpha0p001_t0.5s,0.5,reported,red,"250,10,27",90.0,500,4,2050,300,1800,1700,streamwise_distance_y,m,215.5,0.0,1631.0,2.0,vertical_penetration_Z,m,271.5,0.0,1390.0,3.0,true,1468.00,1083.00,305,3518.00,1383.00,1.76969,2.17658,0.020,0.030,500dpi page-7 raster; red connected stroke; median pixel center per 4px plot-x column plus visible endpoints; no curve fitting or bridging
128eeb1ea3ad30f5a2ecf9194e2b784be37e837982dec3bdcb7b9db48aa4e7e4,Numerical simulation of aerial liquid drops of Canadair CL-415 and Dash-8 airtankers.pdf,7,1521,Fig. 6(b),b,CL-415,0.001,cl415_alpha0p001_t0.5s,0.5,reported,red,"250,10,27",90.0,500,4,2050,300,1800,1700,streamwise_distance_y,m,215.5,0.0,1631.0,2.0,vertical_penetration_Z,m,271.5,0.0,1390.0,3.0,true,1472.00,1085.00,306,3522.00,1385.00,1.77534,2.18194,0.020,0.030,500dpi page-7 raster; red connected stroke; median pixel center per 4px plot-x column plus visible endpoints; no curve fitting or bridging
128eeb1ea3ad30f5a2ecf9194e2b784be37e837982dec3bdcb7b9db48aa4e7e4,Numerical simulation of aerial liquid drops of Canadair CL-415 and Dash-8 airtankers.pdf,7,1521,Fig. 6(b),b,CL-415,0.001,cl415_alpha0p001_t0.5s,0.5,reported,red,"250,10,27",90.0,500,4,2050,300,1800,1700,streamwise_distance_y,m,215.5,0.0,1631.0,2.0,vertical_penetration_Z,m,271.5,0.0,1390.0,3.0,true,1476.00,1087.00,307,3526.00,1387.00,1.78100,2.18730,0.020,0.030,500dpi page-7 raster; red connected stroke; median pixel center per 4px plot-x column plus visible endpoints; no curve fitting or bridging
128eeb1ea3ad30f5a2ecf9194e2b784be37e837982dec3bdcb7b9db48aa4e7e4,Numerical simulation of aerial liquid drops of Canadair CL-415 and Dash-8 airtankers.pdf,7,1521,Fig. 6(b),b,CL-415,0.001,cl415_alpha0p001_t0.5s,0.5,reported,red,"250,10,27",90.0,500,4,2050,300,1800,1700,streamwise_distance_y,m,215.5,0.0,1631.0,2.0,vertical_penetration_Z,m,271.5,0.0,1390.0,3.0,true,1480.00,1089.00,308,3530.00,1389.00,1.78665,2.19267,0.020,0.030,500dpi page-7 raster; red connected stroke; median pixel center per 4px plot-x column plus visible endpoints; no curve fitting or bridging
128eeb1ea3ad30f5a2ecf9194e2b784be37e837982dec3bdcb7b9db48aa4e7e4,Numerical simulation of aerial liquid drops of Canadair CL-415 and Dash-8 airtankers.pdf,7,1521,Fig. 6(b),b,CL-415,0.001,cl415_alpha0p001_t0.5s,0.5,reported,red,"250,10,27",90.0,500,4,2050,300,1800,1700,streamwise_distance_y,m,215.5,0.0,1631.0,2.0,vertical_penetration_Z,m,271.5,0.0,1390.0,3.0,true,1484.00,1091.00,309,3534.00,1391.00,1.79230,2.19803,0.020,0.030,500dpi page-7 raster; red connected stroke; median pixel center per 4px plot-x column plus visible endpoints; no curve fitting or bridging
128eeb1ea3ad30f5a2ecf9194e2b784be37e837982dec3bdcb7b9db48aa4e7e4,Numerical simulation of aerial liquid drops of Canadair CL-415 and Dash-8 airtankers.pdf,7,1521,Fig. 6(b),b,CL-415,0.001,cl415_alpha0p001_t0.5s,0.5,reported,red,"250,10,27",90.0,500,4,2050,300,1800,1700,streamwise_distance_y,m,215.5,0.0,1631.0,2.0,vertical_penetration_Z,m,271.5,0.0,1390.0,3.0,true,1488.00,1093.50,310,3538.00,1393.50,1.79795,2.20474,0.020,0.030,500dpi page-7 raster; red connected stroke; median pixel center per 4px plot-x column plus visible endpoints; no curve fitting or bridging
128eeb1ea3ad30f5a2ecf9194e2b784be37e837982dec3bdcb7b9db48aa4e7e4,Numerical simulation of aerial liquid drops of Canadair CL-415 and Dash-8 airtankers.pdf,7,1521,Fig. 6(b),b,CL-415,0.001,cl415_alpha0p001_t0.5s,0.5,reported,red,"250,10,27",90.0,500,4,2050,300,1800,1700,streamwise_distance_y,m,215.5,0.0,1631.0,2.0,vertical_penetration_Z,m,271.5,0.0,1390.0,3.0,true,1492.00,1095.50,311,3542.00,1395.50,1.80360,2.21010,0.020,0.030,500dpi page-7 raster; red connected stroke; median pixel center per 4px plot-x column plus visible endpoints; no curve fitting or bridging
128eeb1ea3ad30f5a2ecf9194e2b784be37e837982dec3bdcb7b9db48aa4e7e4,Numerical simulation of aerial liquid drops of Canadair CL-415 and Dash-8 airtankers.pdf,7,1521,Fig. 6(b),b,CL-415,0.001,cl415_alpha0p001_t0.5s,0.5,reported,red,"250,10,27",90.0,500,4,2050,300,1800,1700,streamwise_distance_y,m,215.5,0.0,1631.0,2.0,vertical_penetration_Z,m,271.5,0.0,1390.0,3.0,true,1496.00,1097.50,312,3546.00,1397.50,1.80925,2.21547,0.020,0.030,500dpi page-7 raster; red connected stroke; median pixel center per 4px plot-x column plus visible endpoints; no curve fitting or bridging
128eeb1ea3ad30f5a2ecf9194e2b784be37e837982dec3bdcb7b9db48aa4e7e4,Numerical simulation of aerial liquid drops of Canadair CL-415 and Dash-8 airtankers.pdf,7,1521,Fig. 6(b),b,CL-415,0.001,cl415_alpha0p001_t0.5s,0.5,reported,red,"250,10,27",90.0,500,4,2050,300,1800,1700,streamwise_distance_y,m,215.5,0.0,1631.0,2.0,vertical_penetration_Z,m,271.5,0.0,1390.0,3.0,true,1500.00,1100.00,313,3550.00,1400.00,1.81491,2.22217,0.020,0.030,500dpi page-7 raster; red connected stroke; median pixel center per 4px plot-x column plus visible endpoints; no curve fitting or bridging
128eeb1ea3ad30f5a2ecf9194e2b784be37e837982dec3bdcb7b9db48aa4e7e4,Numerical simulation of aerial liquid drops of Canadair CL-415 and Dash-8 airtankers.pdf,7,1521,Fig. 6(b),b,CL-415,0.001,cl415_alpha0p001_t0.5s,0.5,reported,red,"250,10,27",90.0,500,4,2050,300,1800,1700,streamwise_distance_y,m,215.5,0.0,1631.0,2.0,vertical_penetration_Z,m,271.5,0.0,1390.0,3.0,true,1504.00,1102.00,314,3554.00,1402.00,1.82056,2.22754,0.020,0.030,500dpi page-7 raster; red connected stroke; median pixel center per 4px plot-x column plus visible endpoints; no curve fitting or bridging
128eeb1ea3ad30f5a2ecf9194e2b784be37e837982dec3bdcb7b9db48aa4e7e4,Numerical simulation of aerial liquid drops of Canadair CL-415 and Dash-8 airtankers.pdf,7,1521,Fig. 6(b),b,CL-415,0.001,cl415_alpha0p001_t0.5s,0.5,reported,red,"250,10,27",90.0,500,4,2050,300,1800,1700,streamwise_distance_y,m,215.5,0.0,1631.0,2.0,vertical_penetration_Z,m,271.5,0.0,1390.0,3.0,true,1508.00,1104.50,315,3558.00,1404.50,1.82621,2.23424,0.020,0.030,500dpi page-7 raster; red connected stroke; median pixel center per 4px plot-x column plus visible endpoints; no curve fitting or bridging
128eeb1ea3ad30f5a2ecf9194e2b784be37e837982dec3bdcb7b9db48aa4e7e4,Numerical simulation of aerial liquid drops of Canadair CL-415 and Dash-8 airtankers.pdf,7,1521,Fig. 6(b),b,CL-415,0.001,cl415_alpha0p001_t0.5s,0.5,reported,red,"250,10,27",90.0,500,4,2050,300,1800,1700,streamwise_distance_y,m,215.5,0.0,1631.0,2.0,vertical_penetration_Z,m,271.5,0.0,1390.0,3.0,true,1512.00,1106.00,316,3562.00,1406.00,1.83186,2.23827,0.020,0.030,500dpi page-7 raster; red connected stroke; median pixel center per 4px plot-x column plus visible endpoints; no curve fitting or bridging
128eeb1ea3ad30f5a2ecf9194e2b784be37e837982dec3bdcb7b9db48aa4e7e4,Numerical simulation of aerial liquid drops of Canadair CL-415 and Dash-8 airtankers.pdf,7,1521,Fig. 6(b),b,CL-415,0.001,cl415_alpha0p001_t0.5s,0.5,reported,red,"250,10,27",90.0,500,4,2050,300,1800,1700,streamwise_distance_y,m,215.5,0.0,1631.0,2.0,vertical_penetration_Z,m,271.5,0.0,1390.0,3.0,true,1516.00,1108.00,317,3566.00,1408.00,1.83751,2.24363,0.020,0.030,500dpi page-7 raster; red connected stroke; median pixel center per 4px plot-x column plus visible endpoints; no curve fitting or bridging
128eeb1ea3ad30f5a2ecf9194e2b784be37e837982dec3bdcb7b9db48aa4e7e4,Numerical simulation of aerial liquid drops of Canadair CL-415 and Dash-8 airtankers.pdf,7,1521,Fig. 6(b),b,CL-415,0.001,cl415_alpha0p001_t0.5s,0.5,reported,red,"250,10,27",90.0,500,4,2050,300,1800,1700,streamwise_distance_y,m,215.5,0.0,1631.0,2.0,vertical_penetration_Z,m,271.5,0.0,1390.0,3.0,true,1520.00,1109.00,318,3570.00,1409.00,1.84316,2.24631,0.020,0.030,500dpi page-7 raster; red connected stroke; median pixel center per 4px plot-x column plus visible endpoints; no curve fitting or bridging
128eeb1ea3ad30f5a2ecf9194e2b784be37e837982dec3bdcb7b9db48aa4e7e4,Numerical simulation of aerial liquid drops of Canadair CL-415 and Dash-8 airtankers.pdf,7,1521,Fig. 6(b),b,CL-415,0.001,cl415_alpha0p001_t0.5s,0.5,reported,red,"250,10,27",90.0,500,4,2050,300,1800,1700,streamwise_distance_y,m,215.5,0.0,1631.0,2.0,vertical_penetration_Z,m,271.5,0.0,1390.0,3.0,true,1524.00,1109.00,319,3574.00,1409.00,1.84882,2.24631,0.020,0.030,500dpi page-7 raster; red connected stroke; median pixel center per 4px plot-x column plus visible endpoints; no curve fitting or bridging
128eeb1ea3ad30f5a2ecf9194e2b784be37e837982dec3bdcb7b9db48aa4e7e4,Numerical simulation of aerial liquid drops of Canadair CL-415 and Dash-8 airtankers.pdf,7,1521,Fig. 6(b),b,CL-415,0.001,cl415_alpha0p001_t0.5s,0.5,reported,red,"250,10,27",90.0,500,4,2050,300,1800,1700,streamwise_distance_y,m,215.5,0.0,1631.0,2.0,vertical_penetration_Z,m,271.5,0.0,1390.0,3.0,true,1528.00,1109.00,320,3578.00,1409.00,1.85447,2.24631,0.020,0.030,500dpi page-7 raster; red connected stroke; median pixel center per 4px plot-x column plus visible endpoints; no curve fitting or bridging
128eeb1ea3ad30f5a2ecf9194e2b784be37e837982dec3bdcb7b9db48aa4e7e4,Numerical simulation of aerial liquid drops of Canadair CL-415 and Dash-8 airtankers.pdf,7,1521,Fig. 6(b),b,CL-415,0.001,cl415_alpha0p001_t0.5s,0.5,reported,red,"250,10,27",90.0,500,4,2050,300,1800,1700,streamwise_distance_y,m,215.5,0.0,1631.0,2.0,vertical_penetration_Z,m,271.5,0.0,1390.0,3.0,true,1532.00,1109.00,321,3582.00,1409.00,1.86012,2.24631,0.020,0.030,500dpi page-7 raster; red connected stroke; median pixel center per 4px plot-x column plus visible endpoints; no curve fitting or bridging
128eeb1ea3ad30f5a2ecf9194e2b784be37e837982dec3bdcb7b9db48aa4e7e4,Numerical simulation of aerial liquid drops of Canadair CL-415 and Dash-8 airtankers.pdf,7,1521,Fig. 6(b),b,CL-415,0.001,cl415_alpha0p001_t0.5s,0.5,reported,red,"250,10,27",90.0,500,4,2050,300,1800,1700,streamwise_distance_y,m,215.5,0.0,1631.0,2.0,vertical_penetration_Z,m,271.5,0.0,1390.0,3.0,true,1536.00,1109.00,322,3586.00,1409.00,1.86577,2.24631,0.020,0.030,500dpi page-7 raster; red connected stroke; median pixel center per 4px plot-x column plus visible endpoints; no curve fitting or bridging
128eeb1ea3ad30f5a2ecf9194e2b784be37e837982dec3bdcb7b9db48aa4e7e4,Numerical simulation of aerial liquid drops of Canadair CL-415 and Dash-8 airtankers.pdf,7,1521,Fig. 6(b),b,CL-415,0.001,cl415_alpha0p001_t0.5s,0.5,reported,red,"250,10,27",90.0,500,4,2050,300,1800,1700,streamwise_distance_y,m,215.5,0.0,1631.0,2.0,vertical_penetration_Z,m,271.5,0.0,1390.0,3.0,true,1540.00,1109.00,323,3590.00,1409.00,1.87142,2.24631,0.020,0.030,500dpi page-7 raster; red connected stroke; median pixel center per 4px plot-x column plus visible endpoints; no curve fitting or bridging
128eeb1ea3ad30f5a2ecf9194e2b784be37e837982dec3bdcb7b9db48aa4e7e4,Numerical simulation of aerial liquid drops of Canadair CL-415 and Dash-8 airtankers.pdf,7,1521,Fig. 6(b),b,CL-415,0.001,cl415_alpha0p001_t0.5s,0.5,reported,red,"250,10,27",90.0,500,4,2050,300,1800,1700,streamwise_distance_y,m,215.5,0.0,1631.0,2.0,vertical_penetration_Z,m,271.5,0.0,1390.0,3.0,true,1544.00,1109.00,324,3594.00,1409.00,1.87708,2.24631,0.020,0.030,500dpi page-7 raster; red connected stroke; median pixel center per 4px plot-x column plus visible endpoints; no curve fitting or bridging
128eeb1ea3ad30f5a2ecf9194e2b784be37e837982dec3bdcb7b9db48aa4e7e4,Numerical simulation of aerial liquid drops of Canadair CL-415 and Dash-8 airtankers.pdf,7,1521,Fig. 6(b),b,CL-415,0.001,cl415_alpha0p001_t0.5s,0.5,reported,red,"250,10,27",90.0,500,4,2050,300,1800,1700,streamwise_distance_y,m,215.5,0.0,1631.0,2.0,vertical_penetration_Z,m,271.5,0.0,1390.0,3.0,true,1548.00,1109.00,325,3598.00,1409.00,1.88273,2.24631,0.020,0.030,500dpi page-7 raster; red connected stroke; median pixel center per 4px plot-x column plus visible endpoints; no curve fitting or bridging
128eeb1ea3ad30f5a2ecf9194e2b784be37e837982dec3bdcb7b9db48aa4e7e4,Numerical simulation of aerial liquid drops of Canadair CL-415 and Dash-8 airtankers.pdf,7,1521,Fig. 6(b),b,CL-415,0.001,cl415_alpha0p001_t0.5s,0.5,reported,red,"250,10,27",90.0,500,4,2050,300,1800,1700,streamwise_distance_y,m,215.5,0.0,1631.0,2.0,vertical_penetration_Z,m,271.5,0.0,1390.0,3.0,true,1552.00,1109.00,326,3602.00,1409.00,1.88838,2.24631,0.020,0.030,500dpi page-7 raster; red connected stroke; median pixel center per 4px plot-x column plus visible endpoints; no curve fitting or bridging
128eeb1ea3ad30f5a2ecf9194e2b784be37e837982dec3bdcb7b9db48aa4e7e4,Numerical simulation of aerial liquid drops of Canadair CL-415 and Dash-8 airtankers.pdf,7,1521,Fig. 6(b),b,CL-415,0.001,cl415_alpha0p001_t0.5s,0.5,reported,red,"250,10,27",90.0,500,4,2050,300,1800,1700,streamwise_distance_y,m,215.5,0.0,1631.0,2.0,vertical_penetration_Z,m,271.5,0.0,1390.0,3.0,true,1556.00,1109.00,327,3606.00,1409.00,1.89403,2.24631,0.020,0.030,500dpi page-7 raster; red connected stroke; median pixel center per 4px plot-x column plus visible endpoints; no curve fitting or bridging
128eeb1ea3ad30f5a2ecf9194e2b784be37e837982dec3bdcb7b9db48aa4e7e4,Numerical simulation of aerial liquid drops of Canadair CL-415 and Dash-8 airtankers.pdf,7,1521,Fig. 6(b),b,CL-415,0.001,cl415_alpha0p001_t0.5s,0.5,reported,red,"250,10,27",90.0,500,4,2050,300,1800,1700,streamwise_distance_y,m,215.5,0.0,1631.0,2.0,vertical_penetration_Z,m,271.5,0.0,1390.0,3.0,true,1560.00,1109.00,328,3610.00,1409.00,1.89968,2.24631,0.020,0.030,500dpi page-7 raster; red connected stroke; median pixel center per 4px plot-x column plus visible endpoints; no curve fitting or bridging
128eeb1ea3ad30f5a2ecf9194e2b784be37e837982dec3bdcb7b9db48aa4e7e4,Numerical simulation of aerial liquid drops of Canadair CL-415 and Dash-8 airtankers.pdf,7,1521,Fig. 6(b),b,CL-415,0.001,cl415_alpha0p001_t0.5s,0.5,reported,red,"250,10,27",90.0,500,4,2050,300,1800,1700,streamwise_distance_y,m,215.5,0.0,1631.0,2.0,vertical_penetration_Z,m,271.5,0.0,1390.0,3.0,true,1564.00,1109.00,329,3614.00,1409.00,1.90533,2.24631,0.020,0.030,500dpi page-7 raster; red connected stroke; median pixel center per 4px plot-x column plus visible endpoints; no curve fitting or bridging
128eeb1ea3ad30f5a2ecf9194e2b784be37e837982dec3bdcb7b9db48aa4e7e4,Numerical simulation of aerial liquid drops of Canadair CL-415 and Dash-8 airtankers.pdf,7,1521,Fig. 6(b),b,CL-415,0.001,cl415_alpha0p001_t0.5s,0.5,reported,red,"250,10,27",90.0,500,4,2050,300,1800,1700,streamwise_distance_y,m,215.5,0.0,1631.0,2.0,vertical_penetration_Z,m,271.5,0.0,1390.0,3.0,true,1568.00,1109.00,330,3618.00,1409.00,1.91099,2.24631,0.020,0.030,500dpi page-7 raster; red connected stroke; median pixel center per 4px plot-x column plus visible endpoints; no curve fitting or bridging
128eeb1ea3ad30f5a2ecf9194e2b784be37e837982dec3bdcb7b9db48aa4e7e4,Numerical simulation of aerial liquid drops of Canadair CL-415 and Dash-8 airtankers.pdf,7,1521,Fig. 6(b),b,CL-415,0.001,cl415_alpha0p001_t0.5s,0.5,reported,red,"250,10,27",90.0,500,4,2050,300,1800,1700,streamwise_distance_y,m,215.5,0.0,1631.0,2.0,vertical_penetration_Z,m,271.5,0.0,1390.0,3.0,true,1572.00,1109.00,331,3622.00,1409.00,1.91664,2.24631,0.020,0.030,500dpi page-7 raster; red connected stroke; median pixel center per 4px plot-x column plus visible endpoints; no curve fitting or bridging
128eeb1ea3ad30f5a2ecf9194e2b784be37e837982dec3bdcb7b9db48aa4e7e4,Numerical simulation of aerial liquid drops of Canadair CL-415 and Dash-8 airtankers.pdf,7,1521,Fig. 6(b),b,CL-415,0.001,cl415_alpha0p001_t0.5s,0.5,reported,red,"250,10,27",90.0,500,4,2050,300,1800,1700,streamwise_distance_y,m,215.5,0.0,1631.0,2.0,vertical_penetration_Z,m,271.5,0.0,1390.0,3.0,true,1576.00,1109.00,332,3626.00,1409.00,1.92229,2.24631,0.020,0.030,500dpi page-7 raster; red connected stroke; median pixel center per 4px plot-x column plus visible endpoints; no curve fitting or bridging
128eeb1ea3ad30f5a2ecf9194e2b784be37e837982dec3bdcb7b9db48aa4e7e4,Numerical simulation of aerial liquid drops of Canadair CL-415 and Dash-8 airtankers.pdf,7,1521,Fig. 6(b),b,CL-415,0.001,cl415_alpha0p001_t0.5s,0.5,reported,red,"250,10,27",90.0,500,4,2050,300,1800,1700,streamwise_distance_y,m,215.5,0.0,1631.0,2.0,vertical_penetration_Z,m,271.5,0.0,1390.0,3.0,true,1580.00,1109.00,333,3630.00,1409.00,1.92794,2.24631,0.020,0.030,500dpi page-7 raster; red connected stroke; median pixel center per 4px plot-x column plus visible endpoints; no curve fitting or bridging
128eeb1ea3ad30f5a2ecf9194e2b784be37e837982dec3bdcb7b9db48aa4e7e4,Numerical simulation of aerial liquid drops of Canadair CL-415 and Dash-8 airtankers.pdf,7,1521,Fig. 6(b),b,CL-415,0.001,cl415_alpha0p001_t0.5s,0.5,reported,red,"250,10,27",90.0,500,4,2050,300,1800,1700,streamwise_distance_y,m,215.5,0.0,1631.0,2.0,vertical_penetration_Z,m,271.5,0.0,1390.0,3.0,true,1584.00,1109.00,334,3634.00,1409.00,1.93359,2.24631,0.020,0.030,500dpi page-7 raster; red connected stroke; median pixel center per 4px plot-x column plus visible endpoints; no curve fitting or bridging
128eeb1ea3ad30f5a2ecf9194e2b784be37e837982dec3bdcb7b9db48aa4e7e4,Numerical simulation of aerial liquid drops of Canadair CL-415 and Dash-8 airtankers.pdf,7,1521,Fig. 6(b),b,CL-415,0.001,cl415_alpha0p001_t0.5s,0.5,reported,red,"250,10,27",90.0,500,4,2050,300,1800,1700,streamwise_distance_y,m,215.5,0.0,1631.0,2.0,vertical_penetration_Z,m,271.5,0.0,1390.0,3.0,true,1588.00,1109.00,335,3638.00,1409.00,1.93924,2.24631,0.020,0.030,500dpi page-7 raster; red connected stroke; median pixel center per 4px plot-x column plus visible endpoints; no curve fitting or bridging
128eeb1ea3ad30f5a2ecf9194e2b784be37e837982dec3bdcb7b9db48aa4e7e4,Numerical simulation of aerial liquid drops of Canadair CL-415 and Dash-8 airtankers.pdf,7,1521,Fig. 6(b),b,CL-415,0.001,cl415_alpha0p001_t0.5s,0.5,reported,red,"250,10,27",90.0,500,4,2050,300,1800,1700,streamwise_distance_y,m,215.5,0.0,1631.0,2.0,vertical_penetration_Z,m,271.5,0.0,1390.0,3.0,true,1592.00,1109.00,336,3642.00,1409.00,1.94490,2.24631,0.020,0.030,500dpi page-7 raster; red connected stroke; median pixel center per 4px plot-x column plus visible endpoints; no curve fitting or bridging
128eeb1ea3ad30f5a2ecf9194e2b784be37e837982dec3bdcb7b9db48aa4e7e4,Numerical simulation of aerial liquid drops of Canadair CL-415 and Dash-8 airtankers.pdf,7,1521,Fig. 6(b),b,CL-415,0.001,cl415_alpha0p001_t0.5s,0.5,reported,red,"250,10,27",90.0,500,4,2050,300,1800,1700,streamwise_distance_y,m,215.5,0.0,1631.0,2.0,vertical_penetration_Z,m,271.5,0.0,1390.0,3.0,true,1596.00,1109.00,337,3646.00,1409.00,1.95055,2.24631,0.020,0.030,500dpi page-7 raster; red connected stroke; median pixel center per 4px plot-x column plus visible endpoints; no curve fitting or bridging
128eeb1ea3ad30f5a2ecf9194e2b784be37e837982dec3bdcb7b9db48aa4e7e4,Numerical simulation of aerial liquid drops of Canadair CL-415 and Dash-8 airtankers.pdf,7,1521,Fig. 6(b),b,CL-415,0.001,cl415_alpha0p001_t0.5s,0.5,reported,red,"250,10,27",90.0,500,4,2050,300,1800,1700,streamwise_distance_y,m,215.5,0.0,1631.0,2.0,vertical_penetration_Z,m,271.5,0.0,1390.0,3.0,true,1599.00,1106.50,338,3649.00,1406.50,1.95479,2.23961,0.020,0.030,500dpi page-7 raster; red connected stroke; median pixel center per 4px plot-x column plus visible endpoints; no curve fitting or bridging
