figure,series,segment,x_variable,x_unit,y_variable,y_unit,x_value,y_value,read_bound_x,read_bound_y,plot_x_px,plot_y_px
Fig. 6(b),dash8_alpha0p001,1,streamwise_distance_y,m,vertical_penetration_Z,m,0.0290,0.0080,0.020,0.030,236.00,274.50
Fig. 6(b),dash8_alpha0p001,1,streamwise_distance_y,m,vertical_penetration_Z,m,0.0346,0.0174,0.020,0.030,240.00,278.00
Fig. 6(b),dash8_alpha0p001,1,streamwise_distance_y,m,vertical_penetration_Z,m,0.0403,0.0282,0.020,0.030,244.00,282.00
Fig. 6(b),dash8_alpha0p001,1,streamwise_distance_y,m,vertical_penetration_Z,m,0.0459,0.0456,0.020,0.030,248.00,288.50
Fig. 6(b),dash8_alpha0p001,1,streamwise_distance_y,m,vertical_penetration_Z,m,0.0516,0.0657,0.020,0.030,252.00,296.00
Fig. 6(b),dash8_alpha0p001,1,streamwise_distance_y,m,vertical_penetration_Z,m,0.0572,0.0885,0.020,0.030,256.00,304.50
Fig. 6(b),dash8_alpha0p001,1,streamwise_distance_y,m,vertical_penetration_Z,m,0.0629,0.1100,0.020,0.030,260.00,312.50
Fig. 6(b),dash8_alpha0p001,1,streamwise_distance_y,m,vertical_penetration_Z,m,0.0685,0.1328,0.020,0.030,264.00,321.00
Fig. 6(b),dash8_alpha0p001,1,streamwise_distance_y,m,vertical_penetration_Z,m,0.0742,0.1542,0.020,0.030,268.00,329.00
Fig. 6(b),dash8_alpha0p001,1,streamwise_distance_y,m,vertical_penetration_Z,m,0.0798,0.1784,0.020,0.030,272.00,338.00
Fig. 6(b),dash8_alpha0p001,1,streamwise_distance_y,m,vertical_penetration_Z,m,0.0855,0.2012,0.020,0.030,276.00,346.50
Fig. 6(b),dash8_alpha0p001,1,streamwise_distance_y,m,vertical_penetration_Z,m,0.0911,0.2226,0.020,0.030,280.00,354.50
Fig. 6(b),dash8_alpha0p001,1,streamwise_distance_y,m,vertical_penetration_Z,m,0.0968,0.2468,0.020,0.030,284.00,363.50
Fig. 6(b),dash8_alpha0p001,1,streamwise_distance_y,m,vertical_penetration_Z,m,0.1024,0.2696,0.020,0.030,288.00,372.00
Fig. 6(b),dash8_alpha0p001,1,streamwise_distance_y,m,vertical_penetration_Z,m,0.1081,0.2910,0.020,0.030,292.00,380.00
Fig. 6(b),dash8_alpha0p001,1,streamwise_distance_y,m,vertical_penetration_Z,m,0.1137,0.3098,0.020,0.030,296.00,387.00
Fig. 6(b),dash8_alpha0p001,1,streamwise_distance_y,m,vertical_penetration_Z,m,0.1194,0.3299,0.020,0.030,300.00,394.50
Fig. 6(b),dash8_alpha0p001,1,streamwise_distance_y,m,vertical_penetration_Z,m,0.1250,0.3487,0.020,0.030,304.00,401.50
Fig. 6(b),dash8_alpha0p001,1,streamwise_distance_y,m,vertical_penetration_Z,m,0.1307,0.3661,0.020,0.030,308.00,408.00
Fig. 6(b),dash8_alpha0p001,1,streamwise_distance_y,m,vertical_penetration_Z,m,0.1363,0.3835,0.020,0.030,312.00,414.50
Fig. 6(b),dash8_alpha0p001,1,streamwise_distance_y,m,vertical_penetration_Z,m,0.1420,0.3996,0.020,0.030,316.00,420.50
Fig. 6(b),dash8_alpha0p001,1,streamwise_distance_y,m,vertical_penetration_Z,m,0.1477,0.4144,0.020,0.030,320.00,426.00
Fig. 6(b),dash8_alpha0p001,1,streamwise_distance_y,m,vertical_penetration_Z,m,0.1533,0.4278,0.020,0.030,324.00,431.00
Fig. 6(b),dash8_alpha0p001,1,streamwise_distance_y,m,vertical_penetration_Z,m,0.1590,0.4359,0.020,0.030,328.00,434.00
Fig. 6(b),dash8_alpha0p001,1,streamwise_distance_y,m,vertical_penetration_Z,m,0.1646,0.4372,0.020,0.030,332.00,434.50
Fig. 6(b),dash8_alpha0p001,1,streamwise_distance_y,m,vertical_penetration_Z,m,0.1703,0.4385,0.020,0.030,336.00,435.00
Fig. 6(b),dash8_alpha0p001,1,streamwise_distance_y,m,vertical_penetration_Z,m,0.1759,0.4385,0.020,0.030,340.00,435.00
Fig. 6(b),dash8_alpha0p001,1,streamwise_distance_y,m,vertical_penetration_Z,m,0.1816,0.4385,0.020,0.030,344.00,435.00
Fig. 6(b),dash8_alpha0p001,1,streamwise_distance_y,m,vertical_penetration_Z,m,0.1872,0.4372,0.020,0.030,348.00,434.50
Fig. 6(b),dash8_alpha0p001,1,streamwise_distance_y,m,vertical_penetration_Z,m,0.1929,0.4439,0.020,0.030,352.00,437.00
Fig. 6(b),dash8_alpha0p001,1,streamwise_distance_y,m,vertical_penetration_Z,m,0.1985,0.4519,0.020,0.030,356.00,440.00
Fig. 6(b),dash8_alpha0p001,1,streamwise_distance_y,m,vertical_penetration_Z,m,0.2042,0.4667,0.020,0.030,360.00,445.50
Fig. 6(b),dash8_alpha0p001,1,streamwise_distance_y,m,vertical_penetration_Z,m,0.2098,0.4841,0.020,0.030,364.00,452.00
Fig. 6(b),dash8_alpha0p001,1,streamwise_distance_y,m,vertical_penetration_Z,m,0.2155,0.5002,0.020,0.030,368.00,458.00
Fig. 6(b),dash8_alpha0p001,1,streamwise_distance_y,m,vertical_penetration_Z,m,0.2211,0.5177,0.020,0.030,372.00,464.50
Fig. 6(b),dash8_alpha0p001,1,streamwise_distance_y,m,vertical_penetration_Z,m,0.2268,0.5338,0.020,0.030,376.00,470.50
Fig. 6(b),dash8_alpha0p001,1,streamwise_distance_y,m,vertical_penetration_Z,m,0.2324,0.5512,0.020,0.030,380.00,477.00
Fig. 6(b),dash8_alpha0p001,1,streamwise_distance_y,m,vertical_penetration_Z,m,0.2381,0.5673,0.020,0.030,384.00,483.00
Fig. 6(b),dash8_alpha0p001,1,streamwise_distance_y,m,vertical_penetration_Z,m,0.2437,0.5847,0.020,0.030,388.00,489.50
Fig. 6(b),dash8_alpha0p001,1,streamwise_distance_y,m,vertical_penetration_Z,m,0.2494,0.6021,0.020,0.030,392.00,496.00
Fig. 6(b),dash8_alpha0p001,1,streamwise_distance_y,m,vertical_penetration_Z,m,0.2550,0.6196,0.020,0.030,396.00,502.50
Fig. 6(b),dash8_alpha0p001,1,streamwise_distance_y,m,vertical_penetration_Z,m,0.2607,0.6357,0.020,0.030,400.00,508.50
Fig. 6(b),dash8_alpha0p001,1,streamwise_distance_y,m,vertical_penetration_Z,m,0.2663,0.6518,0.020,0.030,404.00,514.50
Fig. 6(b),dash8_alpha0p001,1,streamwise_distance_y,m,vertical_penetration_Z,m,0.2720,0.6665,0.020,0.030,408.00,520.00
Fig. 6(b),dash8_alpha0p001,1,streamwise_distance_y,m,vertical_penetration_Z,m,0.2776,0.6786,0.020,0.030,412.00,524.50
Fig. 6(b),dash8_alpha0p001,1,streamwise_distance_y,m,vertical_penetration_Z,m,0.2833,0.6880,0.020,0.030,416.00,528.00
Fig. 6(b),dash8_alpha0p001,1,streamwise_distance_y,m,vertical_penetration_Z,m,0.2889,0.6933,0.020,0.030,420.00,530.00
Fig. 6(b),dash8_alpha0p001,1,streamwise_distance_y,m,vertical_penetration_Z,m,0.2946,0.6987,0.020,0.030,424.00,532.00
Fig. 6(b),dash8_alpha0p001,1,streamwise_distance_y,m,vertical_penetration_Z,m,0.3002,0.7041,0.020,0.030,428.00,534.00
Fig. 6(b),dash8_alpha0p001,1,streamwise_distance_y,m,vertical_penetration_Z,m,0.3059,0.7108,0.020,0.030,432.00,536.50
Fig. 6(b),dash8_alpha0p001,1,streamwise_distance_y,m,vertical_penetration_Z,m,0.3116,0.7188,0.020,0.030,436.00,539.50
Fig. 6(b),dash8_alpha0p001,1,streamwise_distance_y,m,vertical_penetration_Z,m,0.3172,0.7295,0.020,0.030,440.00,543.50
Fig. 6(b),dash8_alpha0p001,1,streamwise_distance_y,m,vertical_penetration_Z,m,0.3229,0.7430,0.020,0.030,444.00,548.50
Fig. 6(b),dash8_alpha0p001,1,streamwise_distance_y,m,vertical_penetration_Z,m,0.3285,0.7604,0.020,0.030,448.00,555.00
Fig. 6(b),dash8_alpha0p001,1,streamwise_distance_y,m,vertical_penetration_Z,m,0.3342,0.7765,0.020,0.030,452.00,561.00
Fig. 6(b),dash8_alpha0p001,1,streamwise_distance_y,m,vertical_penetration_Z,m,0.3398,0.7939,0.020,0.030,456.00,567.50
Fig. 6(b),dash8_alpha0p001,1,streamwise_distance_y,m,vertical_penetration_Z,m,0.3455,0.8100,0.020,0.030,460.00,573.50
Fig. 6(b),dash8_alpha0p001,1,streamwise_distance_y,m,vertical_penetration_Z,m,0.3511,0.8261,0.020,0.030,464.00,579.50
Fig. 6(b),dash8_alpha0p001,1,streamwise_distance_y,m,vertical_penetration_Z,m,0.3568,0.8382,0.020,0.030,468.00,584.00
Fig. 6(b),dash8_alpha0p001,1,streamwise_distance_y,m,vertical_penetration_Z,m,0.3624,0.8529,0.020,0.030,472.00,589.50
Fig. 6(b),dash8_alpha0p001,1,streamwise_distance_y,m,vertical_penetration_Z,m,0.3681,0.8650,0.020,0.030,476.00,594.00
Fig. 6(b),dash8_alpha0p001,1,streamwise_distance_y,m,vertical_penetration_Z,m,0.3737,0.8784,0.020,0.030,480.00,599.00
Fig. 6(b),dash8_alpha0p001,1,streamwise_distance_y,m,vertical_penetration_Z,m,0.3794,0.8891,0.020,0.030,484.00,603.00
Fig. 6(b),dash8_alpha0p001,1,streamwise_distance_y,m,vertical_penetration_Z,m,0.3850,0.8999,0.020,0.030,488.00,607.00
Fig. 6(b),dash8_alpha0p001,1,streamwise_distance_y,m,vertical_penetration_Z,m,0.3907,0.9106,0.020,0.030,492.00,611.00
Fig. 6(b),dash8_alpha0p001,1,streamwise_distance_y,m,vertical_penetration_Z,m,0.3963,0.9213,0.020,0.030,496.00,615.00
Fig. 6(b),dash8_alpha0p001,1,streamwise_distance_y,m,vertical_penetration_Z,m,0.4020,0.9321,0.020,0.030,500.00,619.00
Fig. 6(b),dash8_alpha0p001,1,streamwise_distance_y,m,vertical_penetration_Z,m,0.4076,0.9455,0.020,0.030,504.00,624.00
Fig. 6(b),dash8_alpha0p001,1,streamwise_distance_y,m,vertical_penetration_Z,m,0.4133,0.9562,0.020,0.030,508.00,628.00
Fig. 6(b),dash8_alpha0p001,1,streamwise_distance_y,m,vertical_penetration_Z,m,0.4189,0.9669,0.020,0.030,512.00,632.00
Fig. 6(b),dash8_alpha0p001,1,streamwise_distance_y,m,vertical_penetration_Z,m,0.4246,0.9790,0.020,0.030,516.00,636.50
Fig. 6(b),dash8_alpha0p001,1,streamwise_distance_y,m,vertical_penetration_Z,m,0.4302,0.9897,0.020,0.030,520.00,640.50
Fig. 6(b),dash8_alpha0p001,1,streamwise_distance_y,m,vertical_penetration_Z,m,0.4359,0.9991,0.020,0.030,524.00,644.00
Fig. 6(b),dash8_alpha0p001,1,streamwise_distance_y,m,vertical_penetration_Z,m,0.4415,1.0058,0.020,0.030,528.00,646.50
Fig. 6(b),dash8_alpha0p001,1,streamwise_distance_y,m,vertical_penetration_Z,m,0.4472,1.0125,0.020,0.030,532.00,649.00
Fig. 6(b),dash8_alpha0p001,1,streamwise_distance_y,m,vertical_penetration_Z,m,0.4528,1.0179,0.020,0.030,536.00,651.00
Fig. 6(b),dash8_alpha0p001,1,streamwise_distance_y,m,vertical_penetration_Z,m,0.4585,1.0232,0.020,0.030,540.00,653.00
Fig. 6(b),dash8_alpha0p001,1,streamwise_distance_y,m,vertical_penetration_Z,m,0.4641,1.0300,0.020,0.030,544.00,655.50
Fig. 6(b),dash8_alpha0p001,1,streamwise_distance_y,m,vertical_penetration_Z,m,0.4698,1.0367,0.020,0.030,548.00,658.00
Fig. 6(b),dash8_alpha0p001,1,streamwise_distance_y,m,vertical_penetration_Z,m,0.4755,1.0474,0.020,0.030,552.00,662.00
Fig. 6(b),dash8_alpha0p001,1,streamwise_distance_y,m,vertical_penetration_Z,m,0.4811,1.0595,0.020,0.030,556.00,666.50
Fig. 6(b),dash8_alpha0p001,1,streamwise_distance_y,m,vertical_penetration_Z,m,0.4868,1.0742,0.020,0.030,560.00,672.00
Fig. 6(b),dash8_alpha0p001,1,streamwise_distance_y,m,vertical_penetration_Z,m,0.4924,1.0916,0.020,0.030,564.00,678.50
Fig. 6(b),dash8_alpha0p001,1,streamwise_distance_y,m,vertical_penetration_Z,m,0.4981,1.1077,0.020,0.030,568.00,684.50
Fig. 6(b),dash8_alpha0p001,1,streamwise_distance_y,m,vertical_penetration_Z,m,0.5037,1.1238,0.020,0.030,572.00,690.50
Fig. 6(b),dash8_alpha0p001,1,streamwise_distance_y,m,vertical_penetration_Z,m,0.5094,1.1426,0.020,0.030,576.00,697.50
Fig. 6(b),dash8_alpha0p001,1,streamwise_distance_y,m,vertical_penetration_Z,m,0.5150,1.1560,0.020,0.030,580.00,702.50
Fig. 6(b),dash8_alpha0p001,1,streamwise_distance_y,m,vertical_penetration_Z,m,0.5207,1.1694,0.020,0.030,584.00,707.50
Fig. 6(b),dash8_alpha0p001,1,streamwise_distance_y,m,vertical_penetration_Z,m,0.5263,1.1815,0.020,0.030,588.00,712.00
Fig. 6(b),dash8_alpha0p001,1,streamwise_distance_y,m,vertical_penetration_Z,m,0.5320,1.1922,0.020,0.030,592.00,716.00
Fig. 6(b),dash8_alpha0p001,1,streamwise_distance_y,m,vertical_penetration_Z,m,0.5376,1.2056,0.020,0.030,596.00,721.00
Fig. 6(b),dash8_alpha0p001,1,streamwise_distance_y,m,vertical_penetration_Z,m,0.5433,1.2164,0.020,0.030,600.00,725.00
Fig. 6(b),dash8_alpha0p001,1,streamwise_distance_y,m,vertical_penetration_Z,m,0.5489,1.2284,0.020,0.030,604.00,729.50
Fig. 6(b),dash8_alpha0p001,1,streamwise_distance_y,m,vertical_penetration_Z,m,0.5546,1.2378,0.020,0.030,608.00,733.00
Fig. 6(b),dash8_alpha0p001,1,streamwise_distance_y,m,vertical_penetration_Z,m,0.5602,1.2445,0.020,0.030,612.00,735.50
Fig. 6(b),dash8_alpha0p001,1,streamwise_distance_y,m,vertical_penetration_Z,m,0.5659,1.2512,0.020,0.030,616.00,738.00
Fig. 6(b),dash8_alpha0p001,1,streamwise_distance_y,m,vertical_penetration_Z,m,0.5715,1.2579,0.020,0.030,620.00,740.50
Fig. 6(b),dash8_alpha0p001,1,streamwise_distance_y,m,vertical_penetration_Z,m,0.5772,1.2620,0.020,0.030,624.00,742.00
Fig. 6(b),dash8_alpha0p001,1,streamwise_distance_y,m,vertical_penetration_Z,m,0.5828,1.2687,0.020,0.030,628.00,744.50
Fig. 6(b),dash8_alpha0p001,1,streamwise_distance_y,m,vertical_penetration_Z,m,0.5885,1.2754,0.020,0.030,632.00,747.00
Fig. 6(b),dash8_alpha0p001,1,streamwise_distance_y,m,vertical_penetration_Z,m,0.5941,1.2821,0.020,0.030,636.00,749.50
Fig. 6(b),dash8_alpha0p001,1,streamwise_distance_y,m,vertical_penetration_Z,m,0.5998,1.2915,0.020,0.030,640.00,753.00
Fig. 6(b),dash8_alpha0p001,1,streamwise_distance_y,m,vertical_penetration_Z,m,0.6054,1.3008,0.020,0.030,644.00,756.50
Fig. 6(b),dash8_alpha0p001,1,streamwise_distance_y,m,vertical_penetration_Z,m,0.6111,1.3129,0.020,0.030,648.00,761.00
Fig. 6(b),dash8_alpha0p001,1,streamwise_distance_y,m,vertical_penetration_Z,m,0.6167,1.3236,0.020,0.030,652.00,765.00
Fig. 6(b),dash8_alpha0p001,1,streamwise_distance_y,m,vertical_penetration_Z,m,0.6224,1.3344,0.020,0.030,656.00,769.00
Fig. 6(b),dash8_alpha0p001,1,streamwise_distance_y,m,vertical_penetration_Z,m,0.6280,1.3478,0.020,0.030,660.00,774.00
Fig. 6(b),dash8_alpha0p001,1,streamwise_distance_y,m,vertical_penetration_Z,m,0.6337,1.3639,0.020,0.030,664.00,780.00
Fig. 6(b),dash8_alpha0p001,1,streamwise_distance_y,m,vertical_penetration_Z,m,0.6394,1.3800,0.020,0.030,668.00,786.00
Fig. 6(b),dash8_alpha0p001,1,streamwise_distance_y,m,vertical_penetration_Z,m,0.6450,1.4001,0.020,0.030,672.00,793.50
Fig. 6(b),dash8_alpha0p001,1,streamwise_distance_y,m,vertical_penetration_Z,m,0.6507,1.4215,0.020,0.030,676.00,801.50
Fig. 6(b),dash8_alpha0p001,1,streamwise_distance_y,m,vertical_penetration_Z,m,0.6563,1.4443,0.020,0.030,680.00,810.00
Fig. 6(b),dash8_alpha0p001,1,streamwise_distance_y,m,vertical_penetration_Z,m,0.6620,1.4671,0.020,0.030,684.00,818.50
Fig. 6(b),dash8_alpha0p001,1,streamwise_distance_y,m,vertical_penetration_Z,m,0.6676,1.4873,0.020,0.030,688.00,826.00
Fig. 6(b),dash8_alpha0p001,1,streamwise_distance_y,m,vertical_penetration_Z,m,0.6733,1.5020,0.020,0.030,692.00,831.50
Fig. 6(b),dash8_alpha0p001,1,streamwise_distance_y,m,vertical_penetration_Z,m,0.6789,1.5154,0.020,0.030,696.00,836.50
Fig. 6(b),dash8_alpha0p001,1,streamwise_distance_y,m,vertical_penetration_Z,m,0.6846,1.5127,0.020,0.030,700.00,835.50
Fig. 6(b),dash8_alpha0p001,1,streamwise_distance_y,m,vertical_penetration_Z,m,0.6902,1.5087,0.020,0.030,704.00,834.00
Fig. 6(b),dash8_alpha0p001,1,streamwise_distance_y,m,vertical_penetration_Z,m,0.6959,1.5034,0.020,0.030,708.00,832.00
Fig. 6(b),dash8_alpha0p001,1,streamwise_distance_y,m,vertical_penetration_Z,m,0.7015,1.4980,0.020,0.030,712.00,830.00
Fig. 6(b),dash8_alpha0p001,1,streamwise_distance_y,m,vertical_penetration_Z,m,0.7072,1.4926,0.020,0.030,716.00,828.00
Fig. 6(b),dash8_alpha0p001,1,streamwise_distance_y,m,vertical_penetration_Z,m,0.7128,1.4953,0.020,0.030,720.00,829.00
Fig. 6(b),dash8_alpha0p001,1,streamwise_distance_y,m,vertical_penetration_Z,m,0.7185,1.5127,0.020,0.030,724.00,835.50
Fig. 6(b),dash8_alpha0p001,1,streamwise_distance_y,m,vertical_penetration_Z,m,0.7241,1.5329,0.020,0.030,728.00,843.00
Fig. 6(b),dash8_alpha0p001,1,streamwise_distance_y,m,vertical_penetration_Z,m,0.7298,1.5664,0.020,0.030,732.00,855.50
Fig. 6(b),dash8_alpha0p001,1,streamwise_distance_y,m,vertical_penetration_Z,m,0.7354,1.5999,0.020,0.030,736.00,868.00
Fig. 6(b),dash8_alpha0p001,1,streamwise_distance_y,m,vertical_penetration_Z,m,0.7411,1.6334,0.020,0.030,740.00,880.50
Fig. 6(b),dash8_alpha0p001,1,streamwise_distance_y,m,vertical_penetration_Z,m,0.7467,1.6683,0.020,0.030,744.00,893.50
Fig. 6(b),dash8_alpha0p001,1,streamwise_distance_y,m,vertical_penetration_Z,m,0.7524,1.7018,0.020,0.030,748.00,906.00
Fig. 6(b),dash8_alpha0p001,1,streamwise_distance_y,m,vertical_penetration_Z,m,0.7580,1.7300,0.020,0.030,752.00,916.50
Fig. 6(b),dash8_alpha0p001,1,streamwise_distance_y,m,vertical_penetration_Z,m,0.7637,1.7622,0.020,0.030,756.00,928.50
Fig. 6(b),dash8_alpha0p001,1,streamwise_distance_y,m,vertical_penetration_Z,m,0.7693,1.7890,0.020,0.030,760.00,938.50
Fig. 6(b),dash8_alpha0p001,1,streamwise_distance_y,m,vertical_penetration_Z,m,0.7750,1.8185,0.020,0.030,764.00,949.50
Fig. 6(b),dash8_alpha0p001,1,streamwise_distance_y,m,vertical_penetration_Z,m,0.7806,1.8467,0.020,0.030,768.00,960.00
Fig. 6(b),dash8_alpha0p001,1,streamwise_distance_y,m,vertical_penetration_Z,m,0.7863,1.8748,0.020,0.030,772.00,970.50
Fig. 6(b),dash8_alpha0p001,1,streamwise_distance_y,m,vertical_penetration_Z,m,0.7919,1.8963,0.020,0.030,776.00,978.50
Fig. 6(b),dash8_alpha0p001,1,streamwise_distance_y,m,vertical_penetration_Z,m,0.7976,1.9164,0.020,0.030,780.00,986.00
Fig. 6(b),dash8_alpha0p001,1,streamwise_distance_y,m,vertical_penetration_Z,m,0.8032,1.9365,0.020,0.030,784.00,993.50
Fig. 6(b),dash8_alpha0p001,1,streamwise_distance_y,m,vertical_penetration_Z,m,0.8089,1.9513,0.020,0.030,788.00,999.00
Fig. 6(b),dash8_alpha0p001,1,streamwise_distance_y,m,vertical_penetration_Z,m,0.8146,1.9620,0.020,0.030,792.00,1003.00
Fig. 6(b),dash8_alpha0p001,1,streamwise_distance_y,m,vertical_penetration_Z,m,0.8202,1.9727,0.020,0.030,796.00,1007.00
Fig. 6(b),dash8_alpha0p001,1,streamwise_distance_y,m,vertical_penetration_Z,m,0.8259,1.9835,0.020,0.030,800.00,1011.00
Fig. 6(b),dash8_alpha0p001,1,streamwise_distance_y,m,vertical_penetration_Z,m,0.8315,1.9942,0.020,0.030,804.00,1015.00
Fig. 6(b),dash8_alpha0p001,1,streamwise_distance_y,m,vertical_penetration_Z,m,0.8372,2.0063,0.020,0.030,808.00,1019.50
Fig. 6(b),dash8_alpha0p001,1,streamwise_distance_y,m,vertical_penetration_Z,m,0.8428,2.0183,0.020,0.030,812.00,1024.00
Fig. 6(b),dash8_alpha0p001,1,streamwise_distance_y,m,vertical_penetration_Z,m,0.8485,2.0291,0.020,0.030,816.00,1028.00
Fig. 6(b),dash8_alpha0p001,1,streamwise_distance_y,m,vertical_penetration_Z,m,0.8541,2.0398,0.020,0.030,820.00,1032.00
Fig. 6(b),dash8_alpha0p001,1,streamwise_distance_y,m,vertical_penetration_Z,m,0.8598,2.0532,0.020,0.030,824.00,1037.00
Fig. 6(b),dash8_alpha0p001,1,streamwise_distance_y,m,vertical_penetration_Z,m,0.8654,2.0639,0.020,0.030,828.00,1041.00
Fig. 6(b),dash8_alpha0p001,1,streamwise_distance_y,m,vertical_penetration_Z,m,0.8711,2.0733,0.020,0.030,832.00,1044.50
Fig. 6(b),dash8_alpha0p001,1,streamwise_distance_y,m,vertical_penetration_Z,m,0.8767,2.0814,0.020,0.030,836.00,1047.50
Fig. 6(b),dash8_alpha0p001,1,streamwise_distance_y,m,vertical_penetration_Z,m,0.8824,2.0840,0.020,0.030,840.00,1048.50
Fig. 6(b),dash8_alpha0p001,1,streamwise_distance_y,m,vertical_penetration_Z,m,0.8880,2.0854,0.020,0.030,844.00,1049.00
Fig. 6(b),dash8_alpha0p001,1,streamwise_distance_y,m,vertical_penetration_Z,m,0.8937,2.0854,0.020,0.030,848.00,1049.00
Fig. 6(b),dash8_alpha0p001,1,streamwise_distance_y,m,vertical_penetration_Z,m,0.8993,2.0854,0.020,0.030,852.00,1049.00
Fig. 6(b),dash8_alpha0p001,1,streamwise_distance_y,m,vertical_penetration_Z,m,0.9050,2.0854,0.020,0.030,856.00,1049.00
Fig. 6(b),dash8_alpha0p001,1,streamwise_distance_y,m,vertical_penetration_Z,m,0.9106,2.0854,0.020,0.030,860.00,1049.00
Fig. 6(b),dash8_alpha0p001,1,streamwise_distance_y,m,vertical_penetration_Z,m,0.9163,2.0854,0.020,0.030,864.00,1049.00
Fig. 6(b),dash8_alpha0p001,1,streamwise_distance_y,m,vertical_penetration_Z,m,0.9219,2.0854,0.020,0.030,868.00,1049.00
Fig. 6(b),dash8_alpha0p001,1,streamwise_distance_y,m,vertical_penetration_Z,m,0.9276,2.0854,0.020,0.030,872.00,1049.00
Fig. 6(b),dash8_alpha0p001,1,streamwise_distance_y,m,vertical_penetration_Z,m,0.9332,2.0854,0.020,0.030,876.00,1049.00
Fig. 6(b),dash8_alpha0p001,1,streamwise_distance_y,m,vertical_penetration_Z,m,0.9389,2.0854,0.020,0.030,880.00,1049.00
Fig. 6(b),dash8_alpha0p001,1,streamwise_distance_y,m,vertical_penetration_Z,m,0.9445,2.0854,0.020,0.030,884.00,1049.00
Fig. 6(b),dash8_alpha0p001,1,streamwise_distance_y,m,vertical_penetration_Z,m,0.9502,2.0854,0.020,0.030,888.00,1049.00
Fig. 6(b),dash8_alpha0p001,1,streamwise_distance_y,m,vertical_penetration_Z,m,0.9558,2.0867,0.020,0.030,892.00,1049.50
Fig. 6(b),dash8_alpha0p001,1,streamwise_distance_y,m,vertical_penetration_Z,m,0.9615,2.0894,0.020,0.030,896.00,1050.50
Fig. 6(b),dash8_alpha0p001,1,streamwise_distance_y,m,vertical_penetration_Z,m,0.9671,2.0948,0.020,0.030,900.00,1052.50
Fig. 6(b),dash8_alpha0p001,1,streamwise_distance_y,m,vertical_penetration_Z,m,0.9728,2.1015,0.020,0.030,904.00,1055.00
Fig. 6(b),dash8_alpha0p001,1,streamwise_distance_y,m,vertical_penetration_Z,m,0.9785,2.1082,0.020,0.030,908.00,1057.50
Fig. 6(b),dash8_alpha0p001,1,streamwise_distance_y,m,vertical_penetration_Z,m,0.9841,2.1135,0.020,0.030,912.00,1059.50
Fig. 6(b),dash8_alpha0p001,1,streamwise_distance_y,m,vertical_penetration_Z,m,0.9898,2.1189,0.020,0.030,916.00,1061.50
Fig. 6(b),dash8_alpha0p001,1,streamwise_distance_y,m,vertical_penetration_Z,m,0.9954,2.1243,0.020,0.030,920.00,1063.50
Fig. 6(b),dash8_alpha0p001,1,streamwise_distance_y,m,vertical_penetration_Z,m,1.0011,2.1296,0.020,0.030,924.00,1065.50
Fig. 6(b),dash8_alpha0p001,1,streamwise_distance_y,m,vertical_penetration_Z,m,1.0067,2.1363,0.020,0.030,928.00,1068.00
Fig. 6(b),dash8_alpha0p001,1,streamwise_distance_y,m,vertical_penetration_Z,m,1.0124,2.1417,0.020,0.030,932.00,1070.00
Fig. 6(b),dash8_alpha0p001,1,streamwise_distance_y,m,vertical_penetration_Z,m,1.0180,2.1471,0.020,0.030,936.00,1072.00
Fig. 6(b),dash8_alpha0p001,1,streamwise_distance_y,m,vertical_penetration_Z,m,1.0237,2.1524,0.020,0.030,940.00,1074.00
Fig. 6(b),dash8_alpha0p001,1,streamwise_distance_y,m,vertical_penetration_Z,m,1.0293,2.1578,0.020,0.030,944.00,1076.00
Fig. 6(b),dash8_alpha0p001,1,streamwise_distance_y,m,vertical_penetration_Z,m,1.0350,2.1632,0.020,0.030,948.00,1078.00
Fig. 6(b),dash8_alpha0p001,1,streamwise_distance_y,m,vertical_penetration_Z,m,1.0406,2.1685,0.020,0.030,952.00,1080.00
Fig. 6(b),dash8_alpha0p001,1,streamwise_distance_y,m,vertical_penetration_Z,m,1.0463,2.1739,0.020,0.030,956.00,1082.00
Fig. 6(b),dash8_alpha0p001,1,streamwise_distance_y,m,vertical_penetration_Z,m,1.0519,2.1793,0.020,0.030,960.00,1084.00
Fig. 6(b),dash8_alpha0p001,1,streamwise_distance_y,m,vertical_penetration_Z,m,1.0576,2.1846,0.020,0.030,964.00,1086.00
Fig. 6(b),dash8_alpha0p001,1,streamwise_distance_y,m,vertical_penetration_Z,m,1.0632,2.1913,0.020,0.030,968.00,1088.50
Fig. 6(b),dash8_alpha0p001,1,streamwise_distance_y,m,vertical_penetration_Z,m,1.0689,2.1967,0.020,0.030,972.00,1090.50
Fig. 6(b),dash8_alpha0p001,1,streamwise_distance_y,m,vertical_penetration_Z,m,1.0745,2.2021,0.020,0.030,976.00,1092.50
Fig. 6(b),dash8_alpha0p001,1,streamwise_distance_y,m,vertical_penetration_Z,m,1.0802,2.2021,0.020,0.030,980.00,1092.50
Fig. 6(b),dash8_alpha0p001,1,streamwise_distance_y,m,vertical_penetration_Z,m,1.0858,2.1967,0.020,0.030,984.00,1090.50
Fig. 6(b),dash8_alpha0p001,1,streamwise_distance_y,m,vertical_penetration_Z,m,1.0915,2.1913,0.020,0.030,988.00,1088.50
Fig. 6(b),dash8_alpha0p001,1,streamwise_distance_y,m,vertical_penetration_Z,m,1.0971,2.1846,0.020,0.030,992.00,1086.00
Fig. 6(b),dash8_alpha0p001,1,streamwise_distance_y,m,vertical_penetration_Z,m,1.1028,2.1793,0.020,0.030,996.00,1084.00
Fig. 6(b),dash8_alpha0p001,1,streamwise_distance_y,m,vertical_penetration_Z,m,1.1084,2.1739,0.020,0.030,1000.00,1082.00
Fig. 6(b),dash8_alpha0p001,1,streamwise_distance_y,m,vertical_penetration_Z,m,1.1141,2.1685,0.020,0.030,1004.00,1080.00
Fig. 6(b),dash8_alpha0p001,1,streamwise_distance_y,m,vertical_penetration_Z,m,1.1197,2.1685,0.020,0.030,1008.00,1080.00
Fig. 6(b),dash8_alpha0p001,1,streamwise_distance_y,m,vertical_penetration_Z,m,1.1254,2.1739,0.020,0.030,1012.00,1082.00
Fig. 6(b),dash8_alpha0p001,1,streamwise_distance_y,m,vertical_penetration_Z,m,1.1310,2.1793,0.020,0.030,1016.00,1084.00
Fig. 6(b),dash8_alpha0p001,1,streamwise_distance_y,m,vertical_penetration_Z,m,1.1367,2.1846,0.020,0.030,1020.00,1086.00
Fig. 6(b),dash8_alpha0p001,1,streamwise_distance_y,m,vertical_penetration_Z,m,1.1424,2.1900,0.020,0.030,1024.00,1088.00
Fig. 6(b),dash8_alpha0p001,1,streamwise_distance_y,m,vertical_penetration_Z,m,1.1480,2.1954,0.020,0.030,1028.00,1090.00
Fig. 6(b),dash8_alpha0p001,1,streamwise_distance_y,m,vertical_penetration_Z,m,1.1537,2.2007,0.020,0.030,1032.00,1092.00
Fig. 6(b),dash8_alpha0p001,1,streamwise_distance_y,m,vertical_penetration_Z,m,1.1593,2.2047,0.020,0.030,1036.00,1093.50
Fig. 6(b),dash8_alpha0p001,1,streamwise_distance_y,m,vertical_penetration_Z,m,1.1650,2.2061,0.020,0.030,1040.00,1094.00
Fig. 6(b),dash8_alpha0p001,1,streamwise_distance_y,m,vertical_penetration_Z,m,1.1706,2.2061,0.020,0.030,1044.00,1094.00
Fig. 6(b),dash8_alpha0p001,1,streamwise_distance_y,m,vertical_penetration_Z,m,1.1763,2.2061,0.020,0.030,1048.00,1094.00
Fig. 6(b),dash8_alpha0p001,1,streamwise_distance_y,m,vertical_penetration_Z,m,1.1819,2.2061,0.020,0.030,1052.00,1094.00
Fig. 6(b),dash8_alpha0p001,1,streamwise_distance_y,m,vertical_penetration_Z,m,1.1876,2.2061,0.020,0.030,1056.00,1094.00
Fig. 6(b),dash8_alpha0p001,1,streamwise_distance_y,m,vertical_penetration_Z,m,1.1932,2.2061,0.020,0.030,1060.00,1094.00
Fig. 6(b),dash8_alpha0p001,1,streamwise_distance_y,m,vertical_penetration_Z,m,1.1989,2.2061,0.020,0.030,1064.00,1094.00
Fig. 6(b),dash8_alpha0p001,1,streamwise_distance_y,m,vertical_penetration_Z,m,1.2045,2.2061,0.020,0.030,1068.00,1094.00
Fig. 6(b),dash8_alpha0p001,1,streamwise_distance_y,m,vertical_penetration_Z,m,1.2102,2.2061,0.020,0.030,1072.00,1094.00
Fig. 6(b),dash8_alpha0p001,1,streamwise_distance_y,m,vertical_penetration_Z,m,1.2158,2.2061,0.020,0.030,1076.00,1094.00
Fig. 6(b),dash8_alpha0p001,1,streamwise_distance_y,m,vertical_penetration_Z,m,1.2215,2.2061,0.020,0.030,1080.00,1094.00
Fig. 6(b),dash8_alpha0p001,1,streamwise_distance_y,m,vertical_penetration_Z,m,1.2271,2.2061,0.020,0.030,1084.00,1094.00
Fig. 6(b),dash8_alpha0p001,1,streamwise_distance_y,m,vertical_penetration_Z,m,1.2328,2.2061,0.020,0.030,1088.00,1094.00
Fig. 6(b),dash8_alpha0p001,1,streamwise_distance_y,m,vertical_penetration_Z,m,1.2384,2.2061,0.020,0.030,1092.00,1094.00
Fig. 6(b),dash8_alpha0p001,1,streamwise_distance_y,m,vertical_penetration_Z,m,1.2441,2.2061,0.020,0.030,1096.00,1094.00
Fig. 6(b),dash8_alpha0p001,1,streamwise_distance_y,m,vertical_penetration_Z,m,1.2497,2.2061,0.020,0.030,1100.00,1094.00
Fig. 6(b),dash8_alpha0p001,1,streamwise_distance_y,m,vertical_penetration_Z,m,1.2554,2.2061,0.020,0.030,1104.00,1094.00
Fig. 6(b),dash8_alpha0p001,1,streamwise_distance_y,m,vertical_penetration_Z,m,1.2610,2.2061,0.020,0.030,1108.00,1094.00
Fig. 6(b),dash8_alpha0p001,1,streamwise_distance_y,m,vertical_penetration_Z,m,1.2667,2.2061,0.020,0.030,1112.00,1094.00
Fig. 6(b),dash8_alpha0p001,1,streamwise_distance_y,m,vertical_penetration_Z,m,1.2723,2.2061,0.020,0.030,1116.00,1094.00
Fig. 6(b),dash8_alpha0p001,1,streamwise_distance_y,m,vertical_penetration_Z,m,1.2780,2.2061,0.020,0.030,1120.00,1094.00
Fig. 6(b),dash8_alpha0p001,1,streamwise_distance_y,m,vertical_penetration_Z,m,1.2836,2.2061,0.020,0.030,1124.00,1094.00
Fig. 6(b),dash8_alpha0p001,1,streamwise_distance_y,m,vertical_penetration_Z,m,1.2893,2.2061,0.020,0.030,1128.00,1094.00
Fig. 6(b),dash8_alpha0p001,1,streamwise_distance_y,m,vertical_penetration_Z,m,1.2949,2.2061,0.020,0.030,1132.00,1094.00
Fig. 6(b),dash8_alpha0p001,1,streamwise_distance_y,m,vertical_penetration_Z,m,1.3006,2.2061,0.020,0.030,1136.00,1094.00
Fig. 6(b),dash8_alpha0p001,1,streamwise_distance_y,m,vertical_penetration_Z,m,1.3063,2.2061,0.020,0.030,1140.00,1094.00
Fig. 6(b),dash8_alpha0p001,1,streamwise_distance_y,m,vertical_penetration_Z,m,1.3119,2.2061,0.020,0.030,1144.00,1094.00
Fig. 6(b),dash8_alpha0p001,1,streamwise_distance_y,m,vertical_penetration_Z,m,1.3176,2.2074,0.020,0.030,1148.00,1094.50
Fig. 6(b),dash8_alpha0p001,1,streamwise_distance_y,m,vertical_penetration_Z,m,1.3232,2.2128,0.020,0.030,1152.00,1096.50
Fig. 6(b),dash8_alpha0p001,1,streamwise_distance_y,m,vertical_penetration_Z,m,1.3289,2.2168,0.020,0.030,1156.00,1098.00
Fig. 6(b),dash8_alpha0p001,1,streamwise_distance_y,m,vertical_penetration_Z,m,1.3345,2.2235,0.020,0.030,1160.00,1100.50
Fig. 6(b),dash8_alpha0p001,1,streamwise_distance_y,m,vertical_penetration_Z,m,1.3402,2.2275,0.020,0.030,1164.00,1102.00
Fig. 6(b),dash8_alpha0p001,1,streamwise_distance_y,m,vertical_penetration_Z,m,1.3458,2.2342,0.020,0.030,1168.00,1104.50
Fig. 6(b),dash8_alpha0p001,1,streamwise_distance_y,m,vertical_penetration_Z,m,1.3515,2.2383,0.020,0.030,1172.00,1106.00
Fig. 6(b),dash8_alpha0p001,1,streamwise_distance_y,m,vertical_penetration_Z,m,1.3571,2.2423,0.020,0.030,1176.00,1107.50
Fig. 6(b),dash8_alpha0p001,1,streamwise_distance_y,m,vertical_penetration_Z,m,1.3628,2.2463,0.020,0.030,1180.00,1109.00
Fig. 6(b),dash8_alpha0p001,1,streamwise_distance_y,m,vertical_penetration_Z,m,1.3684,2.2463,0.020,0.030,1184.00,1109.00
Fig. 6(b),dash8_alpha0p001,1,streamwise_distance_y,m,vertical_penetration_Z,m,1.3741,2.2463,0.020,0.030,1188.00,1109.00
Fig. 6(b),dash8_alpha0p001,1,streamwise_distance_y,m,vertical_penetration_Z,m,1.3797,2.2463,0.020,0.030,1192.00,1109.00
Fig. 6(b),dash8_alpha0p001,1,streamwise_distance_y,m,vertical_penetration_Z,m,1.3854,2.2463,0.020,0.030,1196.00,1109.00
Fig. 6(b),dash8_alpha0p001,1,streamwise_distance_y,m,vertical_penetration_Z,m,1.3910,2.2463,0.020,0.030,1200.00,1109.00
Fig. 6(b),dash8_alpha0p001,1,streamwise_distance_y,m,vertical_penetration_Z,m,1.3967,2.2463,0.020,0.030,1204.00,1109.00
Fig. 6(b),dash8_alpha0p001,1,streamwise_distance_y,m,vertical_penetration_Z,m,1.4023,2.2503,0.020,0.030,1208.00,1110.50
Fig. 6(b),dash8_alpha0p001,1,streamwise_distance_y,m,vertical_penetration_Z,m,1.4080,2.2557,0.020,0.030,1212.00,1112.50
Fig. 6(b),dash8_alpha0p001,1,streamwise_distance_y,m,vertical_penetration_Z,m,1.4136,2.2611,0.020,0.030,1216.00,1114.50
Fig. 6(b),dash8_alpha0p001,1,streamwise_distance_y,m,vertical_penetration_Z,m,1.4193,2.2678,0.020,0.030,1220.00,1117.00
Fig. 6(b),dash8_alpha0p001,1,streamwise_distance_y,m,vertical_penetration_Z,m,1.4249,2.2718,0.020,0.030,1224.00,1118.50
Fig. 6(b),dash8_alpha0p001,1,streamwise_distance_y,m,vertical_penetration_Z,m,1.4306,2.2785,0.020,0.030,1228.00,1121.00
Fig. 6(b),dash8_alpha0p001,1,streamwise_distance_y,m,vertical_penetration_Z,m,1.4362,2.2825,0.020,0.030,1232.00,1122.50
Fig. 6(b),dash8_alpha0p001,1,streamwise_distance_y,m,vertical_penetration_Z,m,1.4419,2.2852,0.020,0.030,1236.00,1123.50
Fig. 6(b),dash8_alpha0p001,1,streamwise_distance_y,m,vertical_penetration_Z,m,1.4475,2.2865,0.020,0.030,1240.00,1124.00
Fig. 6(b),dash8_alpha0p001,1,streamwise_distance_y,m,vertical_penetration_Z,m,1.4532,2.2865,0.020,0.030,1244.00,1124.00
Fig. 6(b),dash8_alpha0p001,1,streamwise_distance_y,m,vertical_penetration_Z,m,1.4588,2.2865,0.020,0.030,1248.00,1124.00
Fig. 6(b),dash8_alpha0p001,1,streamwise_distance_y,m,vertical_penetration_Z,m,1.4645,2.2865,0.020,0.030,1252.00,1124.00
Fig. 6(b),dash8_alpha0p001,1,streamwise_distance_y,m,vertical_penetration_Z,m,1.4702,2.2865,0.020,0.030,1256.00,1124.00
Fig. 6(b),dash8_alpha0p001,1,streamwise_distance_y,m,vertical_penetration_Z,m,1.4758,2.2865,0.020,0.030,1260.00,1124.00
Fig. 6(b),dash8_alpha0p001,1,streamwise_distance_y,m,vertical_penetration_Z,m,1.4815,2.2865,0.020,0.030,1264.00,1124.00
Fig. 6(b),dash8_alpha0p001,1,streamwise_distance_y,m,vertical_penetration_Z,m,1.4871,2.2865,0.020,0.030,1268.00,1124.00
Fig. 6(b),dash8_alpha0p001,1,streamwise_distance_y,m,vertical_penetration_Z,m,1.4928,2.2865,0.020,0.030,1272.00,1124.00
Fig. 6(b),dash8_alpha0p001,1,streamwise_distance_y,m,vertical_penetration_Z,m,1.4984,2.2865,0.020,0.030,1276.00,1124.00
Fig. 6(b),dash8_alpha0p001,1,streamwise_distance_y,m,vertical_penetration_Z,m,1.5041,2.2865,0.020,0.030,1280.00,1124.00
Fig. 6(b),dash8_alpha0p001,1,streamwise_distance_y,m,vertical_penetration_Z,m,1.5097,2.2865,0.020,0.030,1284.00,1124.00
Fig. 6(b),dash8_alpha0p001,1,streamwise_distance_y,m,vertical_penetration_Z,m,1.5154,2.2865,0.020,0.030,1288.00,1124.00
Fig. 6(b),dash8_alpha0p001,1,streamwise_distance_y,m,vertical_penetration_Z,m,1.5210,2.2906,0.020,0.030,1292.00,1125.50
Fig. 6(b),dash8_alpha0p001,1,streamwise_distance_y,m,vertical_penetration_Z,m,1.5267,2.2946,0.020,0.030,1296.00,1127.00
Fig. 6(b),dash8_alpha0p001,1,streamwise_distance_y,m,vertical_penetration_Z,m,1.5323,2.3000,0.020,0.030,1300.00,1129.00
Fig. 6(b),dash8_alpha0p001,1,streamwise_distance_y,m,vertical_penetration_Z,m,1.5380,2.3067,0.020,0.030,1304.00,1131.50
Fig. 6(b),dash8_alpha0p001,1,streamwise_distance_y,m,vertical_penetration_Z,m,1.5436,2.3120,0.020,0.030,1308.00,1133.50
Fig. 6(b),dash8_alpha0p001,1,streamwise_distance_y,m,vertical_penetration_Z,m,1.5493,2.3174,0.020,0.030,1312.00,1135.50
Fig. 6(b),dash8_alpha0p001,1,streamwise_distance_y,m,vertical_penetration_Z,m,1.5549,2.3214,0.020,0.030,1316.00,1137.00
Fig. 6(b),dash8_alpha0p001,1,streamwise_distance_y,m,vertical_penetration_Z,m,1.5606,2.3254,0.020,0.030,1320.00,1138.50
Fig. 6(b),dash8_alpha0p001,1,streamwise_distance_y,m,vertical_penetration_Z,m,1.5662,2.3268,0.020,0.030,1324.00,1139.00
Fig. 6(b),dash8_alpha0p001,1,streamwise_distance_y,m,vertical_penetration_Z,m,1.5719,2.3268,0.020,0.030,1328.00,1139.00
Fig. 6(b),dash8_alpha0p001,1,streamwise_distance_y,m,vertical_penetration_Z,m,1.5775,2.3268,0.020,0.030,1332.00,1139.00
Fig. 6(b),dash8_alpha0p001,1,streamwise_distance_y,m,vertical_penetration_Z,m,1.5832,2.3268,0.020,0.030,1336.00,1139.00
Fig. 6(b),dash8_alpha0p001,1,streamwise_distance_y,m,vertical_penetration_Z,m,1.5888,2.3268,0.020,0.030,1340.00,1139.00
Fig. 6(b),dash8_alpha0p001,1,streamwise_distance_y,m,vertical_penetration_Z,m,1.5945,2.3281,0.020,0.030,1344.00,1139.50
Fig. 6(b),dash8_alpha0p001,1,streamwise_distance_y,m,vertical_penetration_Z,m,1.6001,2.3335,0.020,0.030,1348.00,1141.50
Fig. 6(b),dash8_alpha0p001,1,streamwise_distance_y,m,vertical_penetration_Z,m,1.6058,2.3415,0.020,0.030,1352.00,1144.50
Fig. 6(b),dash8_alpha0p001,1,streamwise_distance_y,m,vertical_penetration_Z,m,1.6114,2.3536,0.020,0.030,1356.00,1149.00
Fig. 6(b),dash8_alpha0p001,1,streamwise_distance_y,m,vertical_penetration_Z,m,1.6171,2.3643,0.020,0.030,1360.00,1153.00
Fig. 6(b),dash8_alpha0p001,1,streamwise_distance_y,m,vertical_penetration_Z,m,1.6227,2.3751,0.020,0.030,1364.00,1157.00
Fig. 6(b),dash8_alpha0p001,1,streamwise_distance_y,m,vertical_penetration_Z,m,1.6284,2.3858,0.020,0.030,1368.00,1161.00
Fig. 6(b),dash8_alpha0p001,1,streamwise_distance_y,m,vertical_penetration_Z,m,1.6341,2.3952,0.020,0.030,1372.00,1164.50
Fig. 6(b),dash8_alpha0p001,1,streamwise_distance_y,m,vertical_penetration_Z,m,1.6397,2.4019,0.020,0.030,1376.00,1167.00
Fig. 6(b),dash8_alpha0p001,1,streamwise_distance_y,m,vertical_penetration_Z,m,1.6454,2.4059,0.020,0.030,1380.00,1168.50
Fig. 6(b),dash8_alpha0p001,1,streamwise_distance_y,m,vertical_penetration_Z,m,1.6510,2.4072,0.020,0.030,1384.00,1169.00
Fig. 6(b),dash8_alpha0p001,1,streamwise_distance_y,m,vertical_penetration_Z,m,1.6567,2.4072,0.020,0.030,1388.00,1169.00
Fig. 6(b),dash8_alpha0p001,1,streamwise_distance_y,m,vertical_penetration_Z,m,1.6623,2.4072,0.020,0.030,1392.00,1169.00
Fig. 6(b),dash8_alpha0p001,1,streamwise_distance_y,m,vertical_penetration_Z,m,1.6680,2.4072,0.020,0.030,1396.00,1169.00
Fig. 6(b),dash8_alpha0p001,1,streamwise_distance_y,m,vertical_penetration_Z,m,1.6736,2.4072,0.020,0.030,1400.00,1169.00
Fig. 6(b),dash8_alpha0p001,1,streamwise_distance_y,m,vertical_penetration_Z,m,1.6793,2.4086,0.020,0.030,1404.00,1169.50
Fig. 6(b),dash8_alpha0p001,1,streamwise_distance_y,m,vertical_penetration_Z,m,1.6849,2.4126,0.020,0.030,1408.00,1171.00
Fig. 6(b),dash8_alpha0p001,1,streamwise_distance_y,m,vertical_penetration_Z,m,1.6906,2.4180,0.020,0.030,1412.00,1173.00
Fig. 6(b),dash8_alpha0p001,1,streamwise_distance_y,m,vertical_penetration_Z,m,1.6962,2.4247,0.020,0.030,1416.00,1175.50
Fig. 6(b),dash8_alpha0p001,1,streamwise_distance_y,m,vertical_penetration_Z,m,1.7019,2.4300,0.020,0.030,1420.00,1177.50
Fig. 6(b),dash8_alpha0p001,1,streamwise_distance_y,m,vertical_penetration_Z,m,1.7075,2.4354,0.020,0.030,1424.00,1179.50
Fig. 6(b),dash8_alpha0p001,1,streamwise_distance_y,m,vertical_penetration_Z,m,1.7132,2.4408,0.020,0.030,1428.00,1181.50
Fig. 6(b),dash8_alpha0p001,1,streamwise_distance_y,m,vertical_penetration_Z,m,1.7188,2.4461,0.020,0.030,1432.00,1183.50
Fig. 6(b),dash8_alpha0p001,1,streamwise_distance_y,m,vertical_penetration_Z,m,1.7245,2.4475,0.020,0.030,1436.00,1184.00
Fig. 6(b),dash8_alpha0p001,1,streamwise_distance_y,m,vertical_penetration_Z,m,1.7301,2.4475,0.020,0.030,1440.00,1184.00
Fig. 6(b),dash8_alpha0p001,1,streamwise_distance_y,m,vertical_penetration_Z,m,1.7358,2.4475,0.020,0.030,1444.00,1184.00
Fig. 6(b),dash8_alpha0p001,1,streamwise_distance_y,m,vertical_penetration_Z,m,1.7414,2.4475,0.020,0.030,1448.00,1184.00
Fig. 6(b),dash8_alpha0p001,1,streamwise_distance_y,m,vertical_penetration_Z,m,1.7471,2.4475,0.020,0.030,1452.00,1184.00
Fig. 6(b),dash8_alpha0p001,1,streamwise_distance_y,m,vertical_penetration_Z,m,1.7527,2.4475,0.020,0.030,1456.00,1184.00
Fig. 6(b),dash8_alpha0p001,1,streamwise_distance_y,m,vertical_penetration_Z,m,1.7584,2.4475,0.020,0.030,1460.00,1184.00
Fig. 6(b),dash8_alpha0p001,1,streamwise_distance_y,m,vertical_penetration_Z,m,1.7640,2.4475,0.020,0.030,1464.00,1184.00
Fig. 6(b),dash8_alpha0p001,1,streamwise_distance_y,m,vertical_penetration_Z,m,1.7697,2.4475,0.020,0.030,1468.00,1184.00
Fig. 6(b),dash8_alpha0p001,1,streamwise_distance_y,m,vertical_penetration_Z,m,1.7753,2.4475,0.020,0.030,1472.00,1184.00
Fig. 6(b),dash8_alpha0p001,1,streamwise_distance_y,m,vertical_penetration_Z,m,1.7810,2.4475,0.020,0.030,1476.00,1184.00
Fig. 6(b),dash8_alpha0p001,1,streamwise_distance_y,m,vertical_penetration_Z,m,1.7866,2.4475,0.020,0.030,1480.00,1184.00
Fig. 6(b),dash8_alpha0p001,1,streamwise_distance_y,m,vertical_penetration_Z,m,1.7923,2.4475,0.020,0.030,1484.00,1184.00
Fig. 6(b),dash8_alpha0p001,1,streamwise_distance_y,m,vertical_penetration_Z,m,1.7980,2.4461,0.020,0.030,1488.00,1183.50
Fig. 6(b),dash8_alpha0p001,1,streamwise_distance_y,m,vertical_penetration_Z,m,1.8036,2.4408,0.020,0.030,1492.00,1181.50
Fig. 6(b),dash8_alpha0p001,1,streamwise_distance_y,m,vertical_penetration_Z,m,1.8093,2.4367,0.020,0.030,1496.00,1180.00
Fig. 6(b),dash8_alpha0p001,1,streamwise_distance_y,m,vertical_penetration_Z,m,1.8149,2.4300,0.020,0.030,1500.00,1177.50
Fig. 6(b),dash8_alpha0p001,1,streamwise_distance_y,m,vertical_penetration_Z,m,1.8206,2.4247,0.020,0.030,1504.00,1175.50
Fig. 6(b),dash8_alpha0p001,1,streamwise_distance_y,m,vertical_penetration_Z,m,1.8262,2.4180,0.020,0.030,1508.00,1173.00
Fig. 6(b),dash8_alpha0p001,1,streamwise_distance_y,m,vertical_penetration_Z,m,1.8319,2.4139,0.020,0.030,1512.00,1171.50
Fig. 6(b),dash8_alpha0p001,1,streamwise_distance_y,m,vertical_penetration_Z,m,1.8375,2.4086,0.020,0.030,1516.00,1169.50
Fig. 6(b),dash8_alpha0p001,1,streamwise_distance_y,m,vertical_penetration_Z,m,1.8432,2.4072,0.020,0.030,1520.00,1169.00
Fig. 6(b),dash8_alpha0p001,1,streamwise_distance_y,m,vertical_penetration_Z,m,1.8488,2.4072,0.020,0.030,1524.00,1169.00
Fig. 6(b),dash8_alpha0p001,1,streamwise_distance_y,m,vertical_penetration_Z,m,1.8545,2.4072,0.020,0.030,1528.00,1169.00
Fig. 6(b),dash8_alpha0p001,1,streamwise_distance_y,m,vertical_penetration_Z,m,1.8601,2.4072,0.020,0.030,1532.00,1169.00
Fig. 6(b),dash8_alpha0p001,1,streamwise_distance_y,m,vertical_penetration_Z,m,1.8658,2.4072,0.020,0.030,1536.00,1169.00
Fig. 6(b),dash8_alpha0p001,1,streamwise_distance_y,m,vertical_penetration_Z,m,1.8714,2.4072,0.020,0.030,1540.00,1169.00
Fig. 6(b),dash8_alpha0p001,1,streamwise_distance_y,m,vertical_penetration_Z,m,1.8771,2.4072,0.020,0.030,1544.00,1169.00
Fig. 6(b),dash8_alpha0p001,1,streamwise_distance_y,m,vertical_penetration_Z,m,1.8827,2.4072,0.020,0.030,1548.00,1169.00
Fig. 6(b),dash8_alpha0p001,1,streamwise_distance_y,m,vertical_penetration_Z,m,1.8884,2.4072,0.020,0.030,1552.00,1169.00
Fig. 6(b),dash8_alpha0p001,1,streamwise_distance_y,m,vertical_penetration_Z,m,1.8940,2.4072,0.020,0.030,1556.00,1169.00
Fig. 6(b),dash8_alpha0p001,1,streamwise_distance_y,m,vertical_penetration_Z,m,1.8997,2.4072,0.020,0.030,1560.00,1169.00
Fig. 6(b),dash8_alpha0p001,1,streamwise_distance_y,m,vertical_penetration_Z,m,1.9053,2.4072,0.020,0.030,1564.00,1169.00
Fig. 6(b),dash8_alpha0p001,1,streamwise_distance_y,m,vertical_penetration_Z,m,1.9110,2.4059,0.020,0.030,1568.00,1168.50
Fig. 6(b),dash8_alpha0p001,1,streamwise_distance_y,m,vertical_penetration_Z,m,1.9166,2.4019,0.020,0.030,1572.00,1167.00
Fig. 6(b),dash8_alpha0p001,1,streamwise_distance_y,m,vertical_penetration_Z,m,1.9223,2.3938,0.020,0.030,1576.00,1164.00
Fig. 6(b),dash8_alpha0p001,1,streamwise_distance_y,m,vertical_penetration_Z,m,1.9279,2.3791,0.020,0.030,1580.00,1158.50
Fig. 6(b),dash8_alpha0p001,1,streamwise_distance_y,m,vertical_penetration_Z,m,1.9336,2.3630,0.020,0.030,1584.00,1152.50
Fig. 6(b),dash8_alpha0p001,1,streamwise_distance_y,m,vertical_penetration_Z,m,1.9392,2.3456,0.020,0.030,1588.00,1146.00
Fig. 6(b),dash8_alpha0p001,1,streamwise_distance_y,m,vertical_penetration_Z,m,1.9449,2.3281,0.020,0.030,1592.00,1139.50
Fig. 6(b),dash8_alpha0p001,1,streamwise_distance_y,m,vertical_penetration_Z,m,1.9505,2.3093,0.020,0.030,1596.00,1132.50
Fig. 6(b),dash8_alpha0p001,1,streamwise_distance_y,m,vertical_penetration_Z,m,1.9562,2.2879,0.020,0.030,1600.00,1124.50
Fig. 6(b),dash8_alpha0p001,1,streamwise_distance_y,m,vertical_penetration_Z,m,1.9619,2.2637,0.020,0.030,1604.00,1115.50
Fig. 6(b),dash8_alpha0p001,1,streamwise_distance_y,m,vertical_penetration_Z,m,1.9675,2.2342,0.020,0.030,1608.00,1104.50
Fig. 6(b),dash8_alpha0p001,1,streamwise_distance_y,m,vertical_penetration_Z,m,1.9732,2.2007,0.020,0.030,1612.00,1092.00
Fig. 6(b),dash8_alpha0p001,1,streamwise_distance_y,m,vertical_penetration_Z,m,1.9788,2.1672,0.020,0.030,1616.00,1079.50
Fig. 6(b),dash8_alpha0p001,1,streamwise_distance_y,m,vertical_penetration_Z,m,1.9845,2.1363,0.020,0.030,1620.00,1068.00
Fig. 6(b),dash8_alpha0p001,1,streamwise_distance_y,m,vertical_penetration_Z,m,1.9901,2.1001,0.020,0.030,1624.00,1054.50
Fig. 6(b),dash8_alpha0p001,1,streamwise_distance_y,m,vertical_penetration_Z,m,1.9958,2.0814,0.020,0.030,1628.00,1047.50
Fig. 7,dash8_simulation_alpha0p001,1,normalized_streamwise_distance_y_over_Lc,1,normalized_vertical_penetration_Z_over_Lc,1,0.0234,0.0047,0.020,0.020,121.00,191.00
Fig. 7,dash8_simulation_alpha0p001,1,normalized_streamwise_distance_y_over_Lc,1,normalized_vertical_penetration_Z_over_Lc,1,0.0290,0.0197,0.020,0.020,125.00,199.00
Fig. 7,dash8_simulation_alpha0p001,1,normalized_streamwise_distance_y_over_Lc,1,normalized_vertical_penetration_Z_over_Lc,1,0.0347,0.0244,0.020,0.020,129.00,201.50
Fig. 7,dash8_simulation_alpha0p001,1,normalized_streamwise_distance_y_over_Lc,1,normalized_vertical_penetration_Z_over_Lc,1,0.0404,0.0347,0.020,0.020,133.00,207.00
Fig. 7,dash8_simulation_alpha0p001,1,normalized_streamwise_distance_y_over_Lc,1,normalized_vertical_penetration_Z_over_Lc,1,0.0461,0.0628,0.020,0.020,137.00,222.00
Fig. 7,dash8_simulation_alpha0p001,1,normalized_streamwise_distance_y_over_Lc,1,normalized_vertical_penetration_Z_over_Lc,1,0.0517,0.0796,0.020,0.020,141.00,231.00
Fig. 7,dash8_simulation_alpha0p001,1,normalized_streamwise_distance_y_over_Lc,1,normalized_vertical_penetration_Z_over_Lc,1,0.0574,0.0927,0.020,0.020,145.00,238.00
Fig. 7,dash8_simulation_alpha0p001,1,normalized_streamwise_distance_y_over_Lc,1,normalized_vertical_penetration_Z_over_Lc,1,0.0631,0.1124,0.020,0.020,149.00,248.50
Fig. 7,dash8_simulation_alpha0p001,1,normalized_streamwise_distance_y_over_Lc,1,normalized_vertical_penetration_Z_over_Lc,1,0.0687,0.0712,0.020,0.020,153.00,226.50
Fig. 7,dash8_simulation_alpha0p001,1,normalized_streamwise_distance_y_over_Lc,1,normalized_vertical_penetration_Z_over_Lc,1,0.0687,0.1536,0.020,0.020,153.00,270.50
Fig. 7,dash8_simulation_alpha0p001,1,normalized_streamwise_distance_y_over_Lc,1,normalized_vertical_penetration_Z_over_Lc,1,0.0744,0.0749,0.020,0.020,157.00,228.50
Fig. 7,dash8_simulation_alpha0p001,1,normalized_streamwise_distance_y_over_Lc,1,normalized_vertical_penetration_Z_over_Lc,1,0.0744,0.1733,0.020,0.020,157.00,281.00
Fig. 7,dash8_simulation_alpha0p001,1,normalized_streamwise_distance_y_over_Lc,1,normalized_vertical_penetration_Z_over_Lc,1,0.0801,0.1930,0.020,0.020,161.00,291.50
Fig. 7,dash8_simulation_alpha0p001,1,normalized_streamwise_distance_y_over_Lc,1,normalized_vertical_penetration_Z_over_Lc,1,0.0857,0.2230,0.020,0.020,165.00,307.50
Fig. 7,dash8_simulation_alpha0p001,1,normalized_streamwise_distance_y_over_Lc,1,normalized_vertical_penetration_Z_over_Lc,1,0.0914,0.2436,0.020,0.020,169.00,318.50
Fig. 7,dash8_simulation_alpha0p001,1,normalized_streamwise_distance_y_over_Lc,1,normalized_vertical_penetration_Z_over_Lc,1,0.0971,0.2604,0.020,0.020,173.00,327.50
Fig. 7,dash8_simulation_alpha0p001,1,normalized_streamwise_distance_y_over_Lc,1,normalized_vertical_penetration_Z_over_Lc,1,0.1027,0.2801,0.020,0.020,177.00,338.00
Fig. 7,dash8_simulation_alpha0p001,1,normalized_streamwise_distance_y_over_Lc,1,normalized_vertical_penetration_Z_over_Lc,1,0.1084,0.3016,0.020,0.020,181.00,349.50
Fig. 7,dash8_simulation_alpha0p001,1,normalized_streamwise_distance_y_over_Lc,1,normalized_vertical_penetration_Z_over_Lc,1,0.1141,0.3194,0.020,0.020,185.00,359.00
Fig. 7,dash8_simulation_alpha0p001,1,normalized_streamwise_distance_y_over_Lc,1,normalized_vertical_penetration_Z_over_Lc,1,0.1197,0.3344,0.020,0.020,189.00,367.00
Fig. 7,dash8_simulation_alpha0p001,1,normalized_streamwise_distance_y_over_Lc,1,normalized_vertical_penetration_Z_over_Lc,1,0.1254,0.3522,0.020,0.020,193.00,376.50
Fig. 7,dash8_simulation_alpha0p001,1,normalized_streamwise_distance_y_over_Lc,1,normalized_vertical_penetration_Z_over_Lc,1,0.1311,0.3635,0.020,0.020,197.00,382.50
Fig. 7,dash8_simulation_alpha0p001,1,normalized_streamwise_distance_y_over_Lc,1,normalized_vertical_penetration_Z_over_Lc,1,0.1367,0.3728,0.020,0.020,201.00,387.50
Fig. 7,dash8_simulation_alpha0p001,1,normalized_streamwise_distance_y_over_Lc,1,normalized_vertical_penetration_Z_over_Lc,1,0.1424,0.3766,0.020,0.020,205.00,389.50
Fig. 7,dash8_simulation_alpha0p001,1,normalized_streamwise_distance_y_over_Lc,1,normalized_vertical_penetration_Z_over_Lc,1,0.1481,0.3766,0.020,0.020,209.00,389.50
Fig. 7,dash8_simulation_alpha0p001,1,normalized_streamwise_distance_y_over_Lc,1,normalized_vertical_penetration_Z_over_Lc,1,0.1537,0.3766,0.020,0.020,213.00,389.50
Fig. 7,dash8_simulation_alpha0p001,1,normalized_streamwise_distance_y_over_Lc,1,normalized_vertical_penetration_Z_over_Lc,1,0.1594,0.3766,0.020,0.020,217.00,389.50
Fig. 7,dash8_simulation_alpha0p001,1,normalized_streamwise_distance_y_over_Lc,1,normalized_vertical_penetration_Z_over_Lc,1,0.1651,0.3803,0.020,0.020,221.00,391.50
Fig. 7,dash8_simulation_alpha0p001,1,normalized_streamwise_distance_y_over_Lc,1,normalized_vertical_penetration_Z_over_Lc,1,0.1707,0.3897,0.020,0.020,225.00,396.50
Fig. 7,dash8_simulation_alpha0p001,1,normalized_streamwise_distance_y_over_Lc,1,normalized_vertical_penetration_Z_over_Lc,1,0.1764,0.4019,0.020,0.020,229.00,403.00
Fig. 7,dash8_simulation_alpha0p001,1,normalized_streamwise_distance_y_over_Lc,1,normalized_vertical_penetration_Z_over_Lc,1,0.1821,0.4206,0.020,0.020,233.00,413.00
Fig. 7,dash8_simulation_alpha0p001,1,normalized_streamwise_distance_y_over_Lc,1,normalized_vertical_penetration_Z_over_Lc,1,0.1877,0.4347,0.020,0.020,237.00,420.50
Fig. 7,dash8_simulation_alpha0p001,1,normalized_streamwise_distance_y_over_Lc,1,normalized_vertical_penetration_Z_over_Lc,1,0.1934,0.4496,0.020,0.020,241.00,428.50
Fig. 7,dash8_simulation_alpha0p001,1,normalized_streamwise_distance_y_over_Lc,1,normalized_vertical_penetration_Z_over_Lc,1,0.1991,0.4740,0.020,0.020,245.00,441.50
Fig. 7,dash8_simulation_alpha0p001,1,normalized_streamwise_distance_y_over_Lc,1,normalized_vertical_penetration_Z_over_Lc,1,0.2047,0.4871,0.020,0.020,249.00,448.50
Fig. 7,dash8_simulation_alpha0p001,1,normalized_streamwise_distance_y_over_Lc,1,normalized_vertical_penetration_Z_over_Lc,1,0.2104,0.5030,0.020,0.020,253.00,457.00
Fig. 7,dash8_simulation_alpha0p001,1,normalized_streamwise_distance_y_over_Lc,1,normalized_vertical_penetration_Z_over_Lc,1,0.2161,0.5208,0.020,0.020,257.00,466.50
Fig. 7,dash8_simulation_alpha0p001,1,normalized_streamwise_distance_y_over_Lc,1,normalized_vertical_penetration_Z_over_Lc,1,0.2217,0.5396,0.020,0.020,261.00,476.50
Fig. 7,dash8_simulation_alpha0p001,1,normalized_streamwise_distance_y_over_Lc,1,normalized_vertical_penetration_Z_over_Lc,1,0.2274,0.5564,0.020,0.020,265.00,485.50
Fig. 7,dash8_simulation_alpha0p001,1,normalized_streamwise_distance_y_over_Lc,1,normalized_vertical_penetration_Z_over_Lc,1,0.2331,0.5696,0.020,0.020,269.00,492.50
Fig. 7,dash8_simulation_alpha0p001,1,normalized_streamwise_distance_y_over_Lc,1,normalized_vertical_penetration_Z_over_Lc,1,0.2388,0.5817,0.020,0.020,273.00,499.00
Fig. 7,dash8_simulation_alpha0p001,1,normalized_streamwise_distance_y_over_Lc,1,normalized_vertical_penetration_Z_over_Lc,1,0.2444,0.5930,0.020,0.020,277.00,505.00
Fig. 7,dash8_simulation_alpha0p001,1,normalized_streamwise_distance_y_over_Lc,1,normalized_vertical_penetration_Z_over_Lc,1,0.2501,0.5995,0.020,0.020,281.00,508.50
Fig. 7,dash8_simulation_alpha0p001,1,normalized_streamwise_distance_y_over_Lc,1,normalized_vertical_penetration_Z_over_Lc,1,0.2558,0.6042,0.020,0.020,285.00,511.00
Fig. 7,dash8_simulation_alpha0p001,1,normalized_streamwise_distance_y_over_Lc,1,normalized_vertical_penetration_Z_over_Lc,1,0.2614,0.6108,0.020,0.020,289.00,514.50
Fig. 7,dash8_simulation_alpha0p001,1,normalized_streamwise_distance_y_over_Lc,1,normalized_vertical_penetration_Z_over_Lc,1,0.2671,0.6192,0.020,0.020,293.00,519.00
Fig. 7,dash8_simulation_alpha0p001,1,normalized_streamwise_distance_y_over_Lc,1,normalized_vertical_penetration_Z_over_Lc,1,0.2728,0.6295,0.020,0.020,297.00,524.50
Fig. 7,dash8_simulation_alpha0p001,1,normalized_streamwise_distance_y_over_Lc,1,normalized_vertical_penetration_Z_over_Lc,1,0.2784,0.6417,0.020,0.020,301.00,531.00
Fig. 7,dash8_simulation_alpha0p001,1,normalized_streamwise_distance_y_over_Lc,1,normalized_vertical_penetration_Z_over_Lc,1,0.2841,0.6529,0.020,0.020,305.00,537.00
Fig. 7,dash8_simulation_alpha0p001,1,normalized_streamwise_distance_y_over_Lc,1,normalized_vertical_penetration_Z_over_Lc,1,0.2898,0.6763,0.020,0.020,309.00,549.50
Fig. 7,dash8_simulation_alpha0p001,1,normalized_streamwise_distance_y_over_Lc,1,normalized_vertical_penetration_Z_over_Lc,1,0.2954,0.6904,0.020,0.020,313.00,557.00
Fig. 7,dash8_simulation_alpha0p001,1,normalized_streamwise_distance_y_over_Lc,1,normalized_vertical_penetration_Z_over_Lc,1,0.3011,0.7063,0.020,0.020,317.00,565.50
Fig. 7,dash8_simulation_alpha0p001,1,normalized_streamwise_distance_y_over_Lc,1,normalized_vertical_penetration_Z_over_Lc,1,0.3068,0.7194,0.020,0.020,321.00,572.50
Fig. 7,dash8_simulation_alpha0p001,1,normalized_streamwise_distance_y_over_Lc,1,normalized_vertical_penetration_Z_over_Lc,1,0.3124,0.7372,0.020,0.020,325.00,582.00
Fig. 7,dash8_simulation_alpha0p001,1,normalized_streamwise_distance_y_over_Lc,1,normalized_vertical_penetration_Z_over_Lc,1,0.3181,0.7475,0.020,0.020,329.00,587.50
Fig. 7,dash8_simulation_alpha0p001,1,normalized_streamwise_distance_y_over_Lc,1,normalized_vertical_penetration_Z_over_Lc,1,0.3238,0.7578,0.020,0.020,333.00,593.00
Fig. 7,dash8_simulation_alpha0p001,1,normalized_streamwise_distance_y_over_Lc,1,normalized_vertical_penetration_Z_over_Lc,1,0.3294,0.7710,0.020,0.020,337.00,600.00
Fig. 7,dash8_simulation_alpha0p001,1,normalized_streamwise_distance_y_over_Lc,1,normalized_vertical_penetration_Z_over_Lc,1,0.3351,0.7822,0.020,0.020,341.00,606.00
Fig. 7,dash8_simulation_alpha0p001,1,normalized_streamwise_distance_y_over_Lc,1,normalized_vertical_penetration_Z_over_Lc,1,0.3408,0.7925,0.020,0.020,345.00,611.50
Fig. 7,dash8_simulation_alpha0p001,1,normalized_streamwise_distance_y_over_Lc,1,normalized_vertical_penetration_Z_over_Lc,1,0.3464,0.8037,0.020,0.020,349.00,617.50
Fig. 7,dash8_simulation_alpha0p001,1,normalized_streamwise_distance_y_over_Lc,1,normalized_vertical_penetration_Z_over_Lc,1,0.3521,0.8178,0.020,0.020,353.00,625.00
Fig. 7,dash8_simulation_alpha0p001,1,normalized_streamwise_distance_y_over_Lc,1,normalized_vertical_penetration_Z_over_Lc,1,0.3578,0.8272,0.020,0.020,357.00,630.00
Fig. 7,dash8_simulation_alpha0p001,1,normalized_streamwise_distance_y_over_Lc,1,normalized_vertical_penetration_Z_over_Lc,1,0.3634,0.8393,0.020,0.020,361.00,636.50
Fig. 7,dash8_simulation_alpha0p001,1,normalized_streamwise_distance_y_over_Lc,1,normalized_vertical_penetration_Z_over_Lc,1,0.3691,0.8496,0.020,0.020,365.00,642.00
Fig. 7,dash8_simulation_alpha0p001,1,normalized_streamwise_distance_y_over_Lc,1,normalized_vertical_penetration_Z_over_Lc,1,0.3748,0.8590,0.020,0.020,369.00,647.00
Fig. 7,dash8_simulation_alpha0p001,1,normalized_streamwise_distance_y_over_Lc,1,normalized_vertical_penetration_Z_over_Lc,1,0.3804,0.8684,0.020,0.020,373.00,652.00
Fig. 7,dash8_simulation_alpha0p001,1,normalized_streamwise_distance_y_over_Lc,1,normalized_vertical_penetration_Z_over_Lc,1,0.3861,0.8740,0.020,0.020,377.00,655.00
Fig. 7,dash8_simulation_alpha0p001,1,normalized_streamwise_distance_y_over_Lc,1,normalized_vertical_penetration_Z_over_Lc,1,0.3918,0.8806,0.020,0.020,381.00,658.50
Fig. 7,dash8_simulation_alpha0p001,1,normalized_streamwise_distance_y_over_Lc,1,normalized_vertical_penetration_Z_over_Lc,1,0.3974,0.8852,0.020,0.020,385.00,661.00
Fig. 7,dash8_simulation_alpha0p001,1,normalized_streamwise_distance_y_over_Lc,1,normalized_vertical_penetration_Z_over_Lc,1,0.4031,0.8937,0.020,0.020,389.00,665.50
Fig. 7,dash8_simulation_alpha0p001,1,normalized_streamwise_distance_y_over_Lc,1,normalized_vertical_penetration_Z_over_Lc,1,0.4088,0.9059,0.020,0.020,393.00,672.00
Fig. 7,dash8_simulation_alpha0p001,1,normalized_streamwise_distance_y_over_Lc,1,normalized_vertical_penetration_Z_over_Lc,1,0.4145,0.9133,0.020,0.020,397.00,676.00
Fig. 7,dash8_simulation_alpha0p001,1,normalized_streamwise_distance_y_over_Lc,1,normalized_vertical_penetration_Z_over_Lc,1,0.4201,0.9302,0.020,0.020,401.00,685.00
Fig. 7,dash8_simulation_alpha0p001,1,normalized_streamwise_distance_y_over_Lc,1,normalized_vertical_penetration_Z_over_Lc,1,0.4258,0.9471,0.020,0.020,405.00,694.00
Fig. 7,dash8_simulation_alpha0p001,1,normalized_streamwise_distance_y_over_Lc,1,normalized_vertical_penetration_Z_over_Lc,1,0.4315,0.9602,0.020,0.020,409.00,701.00
Fig. 7,dash8_simulation_alpha0p001,1,normalized_streamwise_distance_y_over_Lc,1,normalized_vertical_penetration_Z_over_Lc,1,0.4371,0.9761,0.020,0.020,413.00,709.50
Fig. 7,dash8_simulation_alpha0p001,1,normalized_streamwise_distance_y_over_Lc,1,normalized_vertical_penetration_Z_over_Lc,1,0.4428,1.0023,0.020,0.020,417.00,723.50
Fig. 7,dash8_simulation_alpha0p001,1,normalized_streamwise_distance_y_over_Lc,1,normalized_vertical_penetration_Z_over_Lc,1,0.4485,1.0173,0.020,0.020,421.00,731.50
Fig. 7,dash8_simulation_alpha0p001,1,normalized_streamwise_distance_y_over_Lc,1,normalized_vertical_penetration_Z_over_Lc,1,0.4541,1.0333,0.020,0.020,425.00,740.00
Fig. 7,dash8_simulation_alpha0p001,1,normalized_streamwise_distance_y_over_Lc,1,normalized_vertical_penetration_Z_over_Lc,1,0.4598,1.0482,0.020,0.020,429.00,748.00
Fig. 7,dash8_simulation_alpha0p001,1,normalized_streamwise_distance_y_over_Lc,1,normalized_vertical_penetration_Z_over_Lc,1,0.4655,1.0585,0.020,0.020,433.00,753.50
Fig. 7,dash8_simulation_alpha0p001,1,normalized_streamwise_distance_y_over_Lc,1,normalized_vertical_penetration_Z_over_Lc,1,0.4711,1.0623,0.020,0.020,437.00,755.50
Fig. 7,dash8_simulation_alpha0p001,1,normalized_streamwise_distance_y_over_Lc,1,normalized_vertical_penetration_Z_over_Lc,1,0.4768,1.0679,0.020,0.020,441.00,758.50
Fig. 7,dash8_simulation_alpha0p001,1,normalized_streamwise_distance_y_over_Lc,1,normalized_vertical_penetration_Z_over_Lc,1,0.4825,1.0735,0.020,0.020,445.00,761.50
Fig. 7,dash8_simulation_alpha0p001,1,normalized_streamwise_distance_y_over_Lc,1,normalized_vertical_penetration_Z_over_Lc,1,0.4881,1.0820,0.020,0.020,449.00,766.00
Fig. 7,dash8_simulation_alpha0p001,1,normalized_streamwise_distance_y_over_Lc,1,normalized_vertical_penetration_Z_over_Lc,1,0.4938,1.0867,0.020,0.020,453.00,768.50
Fig. 7,dash8_simulation_alpha0p001,1,normalized_streamwise_distance_y_over_Lc,1,normalized_vertical_penetration_Z_over_Lc,1,0.4995,1.0932,0.020,0.020,457.00,772.00
Fig. 7,dash8_simulation_alpha0p001,1,normalized_streamwise_distance_y_over_Lc,1,normalized_vertical_penetration_Z_over_Lc,1,0.5051,1.0979,0.020,0.020,461.00,774.50
Fig. 7,dash8_simulation_alpha0p001,1,normalized_streamwise_distance_y_over_Lc,1,normalized_vertical_penetration_Z_over_Lc,1,0.5108,1.1054,0.020,0.020,465.00,778.50
Fig. 7,dash8_simulation_alpha0p001,1,normalized_streamwise_distance_y_over_Lc,1,normalized_vertical_penetration_Z_over_Lc,1,0.5165,1.1148,0.020,0.020,469.00,783.50
Fig. 7,dash8_simulation_alpha0p001,1,normalized_streamwise_distance_y_over_Lc,1,normalized_vertical_penetration_Z_over_Lc,1,0.5221,1.1232,0.020,0.020,473.00,788.00
Fig. 7,dash8_simulation_alpha0p001,1,normalized_streamwise_distance_y_over_Lc,1,normalized_vertical_penetration_Z_over_Lc,1,0.5278,1.1335,0.020,0.020,477.00,793.50
Fig. 7,dash8_simulation_alpha0p001,1,normalized_streamwise_distance_y_over_Lc,1,normalized_vertical_penetration_Z_over_Lc,1,0.5335,1.1457,0.020,0.020,481.00,800.00
Fig. 7,dash8_simulation_alpha0p001,1,normalized_streamwise_distance_y_over_Lc,1,normalized_vertical_penetration_Z_over_Lc,1,0.5391,1.1578,0.020,0.020,485.00,806.50
Fig. 7,dash8_simulation_alpha0p001,1,normalized_streamwise_distance_y_over_Lc,1,normalized_vertical_penetration_Z_over_Lc,1,0.5448,1.1710,0.020,0.020,489.00,813.50
Fig. 7,dash8_simulation_alpha0p001,1,normalized_streamwise_distance_y_over_Lc,1,normalized_vertical_penetration_Z_over_Lc,1,0.5505,1.1869,0.020,0.020,493.00,822.00
Fig. 7,dash8_simulation_alpha0p001,1,normalized_streamwise_distance_y_over_Lc,1,normalized_vertical_penetration_Z_over_Lc,1,0.5561,1.2066,0.020,0.020,497.00,832.50
Fig. 7,dash8_simulation_alpha0p001,1,normalized_streamwise_distance_y_over_Lc,1,normalized_vertical_penetration_Z_over_Lc,1,0.5618,1.2272,0.020,0.020,501.00,843.50
Fig. 7,dash8_simulation_alpha0p001,1,normalized_streamwise_distance_y_over_Lc,1,normalized_vertical_penetration_Z_over_Lc,1,0.5675,1.2478,0.020,0.020,505.00,854.50
Fig. 7,dash8_simulation_alpha0p001,1,normalized_streamwise_distance_y_over_Lc,1,normalized_vertical_penetration_Z_over_Lc,1,0.5731,1.2721,0.020,0.020,509.00,867.50
Fig. 7,dash8_simulation_alpha0p001,1,normalized_streamwise_distance_y_over_Lc,1,normalized_vertical_penetration_Z_over_Lc,1,0.5788,1.2909,0.020,0.020,513.00,877.50
Fig. 7,dash8_simulation_alpha0p001,1,normalized_streamwise_distance_y_over_Lc,1,normalized_vertical_penetration_Z_over_Lc,1,0.5845,1.3012,0.020,0.020,517.00,883.00
Fig. 7,dash8_simulation_alpha0p001,1,normalized_streamwise_distance_y_over_Lc,1,normalized_vertical_penetration_Z_over_Lc,1,0.5902,1.3096,0.020,0.020,521.00,887.50
Fig. 7,dash8_simulation_alpha0p001,1,normalized_streamwise_distance_y_over_Lc,1,normalized_vertical_penetration_Z_over_Lc,1,0.5958,1.3040,0.020,0.020,525.00,884.50
Fig. 7,dash8_simulation_alpha0p001,1,normalized_streamwise_distance_y_over_Lc,1,normalized_vertical_penetration_Z_over_Lc,1,0.6015,1.2993,0.020,0.020,529.00,882.00
Fig. 7,dash8_simulation_alpha0p001,1,normalized_streamwise_distance_y_over_Lc,1,normalized_vertical_penetration_Z_over_Lc,1,0.6072,1.2937,0.020,0.020,533.00,879.00
Fig. 7,dash8_simulation_alpha0p001,1,normalized_streamwise_distance_y_over_Lc,1,normalized_vertical_penetration_Z_over_Lc,1,0.6128,1.2899,0.020,0.020,537.00,877.00
Fig. 7,dash8_simulation_alpha0p001,1,normalized_streamwise_distance_y_over_Lc,1,normalized_vertical_penetration_Z_over_Lc,1,0.6185,1.3049,0.020,0.020,541.00,885.00
Fig. 7,dash8_simulation_alpha0p001,1,normalized_streamwise_distance_y_over_Lc,1,normalized_vertical_penetration_Z_over_Lc,1,0.6242,1.3208,0.020,0.020,545.00,893.50
Fig. 7,dash8_simulation_alpha0p001,1,normalized_streamwise_distance_y_over_Lc,1,normalized_vertical_penetration_Z_over_Lc,1,0.6298,1.3518,0.020,0.020,549.00,910.00
Fig. 7,dash8_simulation_alpha0p001,1,normalized_streamwise_distance_y_over_Lc,1,normalized_vertical_penetration_Z_over_Lc,1,0.6355,1.3817,0.020,0.020,553.00,926.00
Fig. 7,dash8_simulation_alpha0p001,1,normalized_streamwise_distance_y_over_Lc,1,normalized_vertical_penetration_Z_over_Lc,1,0.6412,1.4126,0.020,0.020,557.00,942.50
Fig. 7,dash8_simulation_alpha0p001,1,normalized_streamwise_distance_y_over_Lc,1,normalized_vertical_penetration_Z_over_Lc,1,0.6468,1.4520,0.020,0.020,561.00,963.50
Fig. 7,dash8_simulation_alpha0p001,1,normalized_streamwise_distance_y_over_Lc,1,normalized_vertical_penetration_Z_over_Lc,1,0.6525,1.4857,0.020,0.020,565.00,981.50
Fig. 7,dash8_simulation_alpha0p001,1,normalized_streamwise_distance_y_over_Lc,1,normalized_vertical_penetration_Z_over_Lc,1,0.6582,1.5119,0.020,0.020,569.00,995.50
Fig. 7,dash8_simulation_alpha0p001,1,normalized_streamwise_distance_y_over_Lc,1,normalized_vertical_penetration_Z_over_Lc,1,0.6638,1.5391,0.020,0.020,573.00,1010.00
Fig. 7,dash8_simulation_alpha0p001,1,normalized_streamwise_distance_y_over_Lc,1,normalized_vertical_penetration_Z_over_Lc,1,0.6695,1.5747,0.020,0.020,577.00,1029.00
Fig. 7,dash8_simulation_alpha0p001,1,normalized_streamwise_distance_y_over_Lc,1,normalized_vertical_penetration_Z_over_Lc,1,0.6752,1.6009,0.020,0.020,581.00,1043.00
Fig. 7,dash8_simulation_alpha0p001,1,normalized_streamwise_distance_y_over_Lc,1,normalized_vertical_penetration_Z_over_Lc,1,0.6808,1.6253,0.020,0.020,585.00,1056.00
Fig. 7,dash8_simulation_alpha0p001,1,normalized_streamwise_distance_y_over_Lc,1,normalized_vertical_penetration_Z_over_Lc,1,0.6865,1.6450,0.020,0.020,589.00,1066.50
Fig. 7,dash8_simulation_alpha0p001,1,normalized_streamwise_distance_y_over_Lc,1,normalized_vertical_penetration_Z_over_Lc,1,0.6922,1.6665,0.020,0.020,593.00,1078.00
Fig. 7,dash8_simulation_alpha0p001,1,normalized_streamwise_distance_y_over_Lc,1,normalized_vertical_penetration_Z_over_Lc,1,0.6978,1.6834,0.020,0.020,597.00,1087.00
Fig. 7,dash8_simulation_alpha0p001,1,normalized_streamwise_distance_y_over_Lc,1,normalized_vertical_penetration_Z_over_Lc,1,0.7035,1.6946,0.020,0.020,601.00,1093.00
Fig. 7,dash8_simulation_alpha0p001,1,normalized_streamwise_distance_y_over_Lc,1,normalized_vertical_penetration_Z_over_Lc,1,0.7092,1.7077,0.020,0.020,605.00,1100.00
Fig. 7,dash8_simulation_alpha0p001,1,normalized_streamwise_distance_y_over_Lc,1,normalized_vertical_penetration_Z_over_Lc,1,0.7148,1.7190,0.020,0.020,609.00,1106.00
Fig. 7,dash8_simulation_alpha0p001,1,normalized_streamwise_distance_y_over_Lc,1,normalized_vertical_penetration_Z_over_Lc,1,0.7205,1.7302,0.020,0.020,613.00,1112.00
Fig. 7,dash8_simulation_alpha0p001,1,normalized_streamwise_distance_y_over_Lc,1,normalized_vertical_penetration_Z_over_Lc,1,0.7262,1.7415,0.020,0.020,617.00,1118.00
Fig. 7,dash8_simulation_alpha0p001,1,normalized_streamwise_distance_y_over_Lc,1,normalized_vertical_penetration_Z_over_Lc,1,0.7318,1.7518,0.020,0.020,621.00,1123.50
Fig. 7,dash8_simulation_alpha0p001,1,normalized_streamwise_distance_y_over_Lc,1,normalized_vertical_penetration_Z_over_Lc,1,0.7375,1.7639,0.020,0.020,625.00,1130.00
Fig. 7,dash8_simulation_alpha0p001,1,normalized_streamwise_distance_y_over_Lc,1,normalized_vertical_penetration_Z_over_Lc,1,0.7432,1.7752,0.020,0.020,629.00,1136.00
Fig. 7,dash8_simulation_alpha0p001,1,normalized_streamwise_distance_y_over_Lc,1,normalized_vertical_penetration_Z_over_Lc,1,0.7488,1.7874,0.020,0.020,633.00,1142.50
Fig. 7,dash8_simulation_alpha0p001,1,normalized_streamwise_distance_y_over_Lc,1,normalized_vertical_penetration_Z_over_Lc,1,0.7545,1.7948,0.020,0.020,637.00,1146.50
Fig. 7,dash8_simulation_alpha0p001,1,normalized_streamwise_distance_y_over_Lc,1,normalized_vertical_penetration_Z_over_Lc,1,0.7602,1.8023,0.020,0.020,641.00,1150.50
Fig. 7,dash8_simulation_alpha0p001,1,normalized_streamwise_distance_y_over_Lc,1,normalized_vertical_penetration_Z_over_Lc,1,0.7659,1.8052,0.020,0.020,645.00,1152.00
Fig. 7,dash8_simulation_alpha0p001,1,normalized_streamwise_distance_y_over_Lc,1,normalized_vertical_penetration_Z_over_Lc,1,0.7715,1.8052,0.020,0.020,649.00,1152.00
Fig. 7,dash8_simulation_alpha0p001,1,normalized_streamwise_distance_y_over_Lc,1,normalized_vertical_penetration_Z_over_Lc,1,0.7772,1.8052,0.020,0.020,653.00,1152.00
Fig. 7,dash8_simulation_alpha0p001,1,normalized_streamwise_distance_y_over_Lc,1,normalized_vertical_penetration_Z_over_Lc,1,0.7829,1.8052,0.020,0.020,657.00,1152.00
Fig. 7,dash8_simulation_alpha0p001,1,normalized_streamwise_distance_y_over_Lc,1,normalized_vertical_penetration_Z_over_Lc,1,0.7885,1.8052,0.020,0.020,661.00,1152.00
Fig. 7,dash8_simulation_alpha0p001,1,normalized_streamwise_distance_y_over_Lc,1,normalized_vertical_penetration_Z_over_Lc,1,0.7942,1.8052,0.020,0.020,665.00,1152.00
Fig. 7,dash8_simulation_alpha0p001,1,normalized_streamwise_distance_y_over_Lc,1,normalized_vertical_penetration_Z_over_Lc,1,0.7999,1.8052,0.020,0.020,669.00,1152.00
Fig. 7,dash8_simulation_alpha0p001,1,normalized_streamwise_distance_y_over_Lc,1,normalized_vertical_penetration_Z_over_Lc,1,0.8055,1.8052,0.020,0.020,673.00,1152.00
Fig. 7,dash8_simulation_alpha0p001,1,normalized_streamwise_distance_y_over_Lc,1,normalized_vertical_penetration_Z_over_Lc,1,0.8112,1.8052,0.020,0.020,677.00,1152.00
Fig. 7,dash8_simulation_alpha0p001,1,normalized_streamwise_distance_y_over_Lc,1,normalized_vertical_penetration_Z_over_Lc,1,0.8169,1.8052,0.020,0.020,681.00,1152.00
Fig. 7,dash8_simulation_alpha0p001,1,normalized_streamwise_distance_y_over_Lc,1,normalized_vertical_penetration_Z_over_Lc,1,0.8225,1.8061,0.020,0.020,685.00,1152.50
Fig. 7,dash8_simulation_alpha0p001,1,normalized_streamwise_distance_y_over_Lc,1,normalized_vertical_penetration_Z_over_Lc,1,0.8282,1.8070,0.020,0.020,689.00,1153.00
Fig. 7,dash8_simulation_alpha0p001,1,normalized_streamwise_distance_y_over_Lc,1,normalized_vertical_penetration_Z_over_Lc,1,0.8339,1.8108,0.020,0.020,693.00,1155.00
Fig. 7,dash8_simulation_alpha0p001,1,normalized_streamwise_distance_y_over_Lc,1,normalized_vertical_penetration_Z_over_Lc,1,0.8395,1.8173,0.020,0.020,697.00,1158.50
Fig. 7,dash8_simulation_alpha0p001,1,normalized_streamwise_distance_y_over_Lc,1,normalized_vertical_penetration_Z_over_Lc,1,0.8452,1.8220,0.020,0.020,701.00,1161.00
Fig. 7,dash8_simulation_alpha0p001,1,normalized_streamwise_distance_y_over_Lc,1,normalized_vertical_penetration_Z_over_Lc,1,0.8509,1.8276,0.020,0.020,705.00,1164.00
Fig. 7,dash8_simulation_alpha0p001,1,normalized_streamwise_distance_y_over_Lc,1,normalized_vertical_penetration_Z_over_Lc,1,0.8565,1.8342,0.020,0.020,709.00,1167.50
Fig. 7,dash8_simulation_alpha0p001,1,normalized_streamwise_distance_y_over_Lc,1,normalized_vertical_penetration_Z_over_Lc,1,0.8622,1.8398,0.020,0.020,713.00,1170.50
Fig. 7,dash8_simulation_alpha0p001,1,normalized_streamwise_distance_y_over_Lc,1,normalized_vertical_penetration_Z_over_Lc,1,0.8679,1.8445,0.020,0.020,717.00,1173.00
Fig. 7,dash8_simulation_alpha0p001,1,normalized_streamwise_distance_y_over_Lc,1,normalized_vertical_penetration_Z_over_Lc,1,0.8735,1.8511,0.020,0.020,721.00,1176.50
Fig. 7,dash8_simulation_alpha0p001,1,normalized_streamwise_distance_y_over_Lc,1,normalized_vertical_penetration_Z_over_Lc,1,0.8792,1.8576,0.020,0.020,725.00,1180.00
Fig. 7,dash8_simulation_alpha0p001,1,normalized_streamwise_distance_y_over_Lc,1,normalized_vertical_penetration_Z_over_Lc,1,0.8849,1.8614,0.020,0.020,729.00,1182.00
Fig. 7,dash8_simulation_alpha0p001,1,normalized_streamwise_distance_y_over_Lc,1,normalized_vertical_penetration_Z_over_Lc,1,0.8905,1.8679,0.020,0.020,733.00,1185.50
Fig. 7,dash8_simulation_alpha0p001,1,normalized_streamwise_distance_y_over_Lc,1,normalized_vertical_penetration_Z_over_Lc,1,0.8962,1.8735,0.020,0.020,737.00,1188.50
Fig. 7,dash8_simulation_alpha0p001,1,normalized_streamwise_distance_y_over_Lc,1,normalized_vertical_penetration_Z_over_Lc,1,0.9019,1.8810,0.020,0.020,741.00,1192.50
Fig. 7,dash8_simulation_alpha0p001,1,normalized_streamwise_distance_y_over_Lc,1,normalized_vertical_penetration_Z_over_Lc,1,0.9075,1.8857,0.020,0.020,745.00,1195.00
Fig. 7,dash8_simulation_alpha0p001,1,normalized_streamwise_distance_y_over_Lc,1,normalized_vertical_penetration_Z_over_Lc,1,0.9132,1.8904,0.020,0.020,749.00,1197.50
Fig. 7,dash8_simulation_alpha0p001,1,normalized_streamwise_distance_y_over_Lc,1,normalized_vertical_penetration_Z_over_Lc,1,0.9189,1.8979,0.020,0.020,753.00,1201.50
Fig. 7,dash8_simulation_alpha0p001,1,normalized_streamwise_distance_y_over_Lc,1,normalized_vertical_penetration_Z_over_Lc,1,0.9245,1.9026,0.020,0.020,757.00,1204.00
Fig. 7,dash8_simulation_alpha0p001,1,normalized_streamwise_distance_y_over_Lc,1,normalized_vertical_penetration_Z_over_Lc,1,0.9302,1.9044,0.020,0.020,761.00,1205.00
Fig. 7,dash8_simulation_alpha0p001,1,normalized_streamwise_distance_y_over_Lc,1,normalized_vertical_penetration_Z_over_Lc,1,0.9359,1.9026,0.020,0.020,765.00,1204.00
Fig. 7,dash8_simulation_alpha0p001,1,normalized_streamwise_distance_y_over_Lc,1,normalized_vertical_penetration_Z_over_Lc,1,0.9416,1.8979,0.020,0.020,769.00,1201.50
Fig. 7,dash8_simulation_alpha0p001,1,normalized_streamwise_distance_y_over_Lc,1,normalized_vertical_penetration_Z_over_Lc,1,0.9472,1.8923,0.020,0.020,773.00,1198.50
Fig. 7,dash8_simulation_alpha0p001,1,normalized_streamwise_distance_y_over_Lc,1,normalized_vertical_penetration_Z_over_Lc,1,0.9529,1.8857,0.020,0.020,777.00,1195.00
Fig. 7,dash8_simulation_alpha0p001,1,normalized_streamwise_distance_y_over_Lc,1,normalized_vertical_penetration_Z_over_Lc,1,0.9586,1.8810,0.020,0.020,781.00,1192.50
Fig. 7,dash8_simulation_alpha0p001,1,normalized_streamwise_distance_y_over_Lc,1,normalized_vertical_penetration_Z_over_Lc,1,0.9642,1.8782,0.020,0.020,785.00,1191.00
Fig. 7,dash8_simulation_alpha0p001,1,normalized_streamwise_distance_y_over_Lc,1,normalized_vertical_penetration_Z_over_Lc,1,0.9699,1.8801,0.020,0.020,789.00,1192.00
Fig. 7,dash8_simulation_alpha0p001,1,normalized_streamwise_distance_y_over_Lc,1,normalized_vertical_penetration_Z_over_Lc,1,0.9756,1.8838,0.020,0.020,793.00,1194.00
Fig. 7,dash8_simulation_alpha0p001,1,normalized_streamwise_distance_y_over_Lc,1,normalized_vertical_penetration_Z_over_Lc,1,0.9812,1.8885,0.020,0.020,797.00,1196.50
Fig. 7,dash8_simulation_alpha0p001,1,normalized_streamwise_distance_y_over_Lc,1,normalized_vertical_penetration_Z_over_Lc,1,0.9869,1.8960,0.020,0.020,801.00,1200.50
Fig. 7,dash8_simulation_alpha0p001,1,normalized_streamwise_distance_y_over_Lc,1,normalized_vertical_penetration_Z_over_Lc,1,0.9926,1.9026,0.020,0.020,805.00,1204.00
Fig. 7,dash8_simulation_alpha0p001,1,normalized_streamwise_distance_y_over_Lc,1,normalized_vertical_penetration_Z_over_Lc,1,0.9982,1.9063,0.020,0.020,809.00,1206.00
Fig. 7,dash8_simulation_alpha0p001,1,normalized_streamwise_distance_y_over_Lc,1,normalized_vertical_penetration_Z_over_Lc,1,1.0039,1.9082,0.020,0.020,813.00,1207.00
Fig. 7,dash8_simulation_alpha0p001,1,normalized_streamwise_distance_y_over_Lc,1,normalized_vertical_penetration_Z_over_Lc,1,1.0096,1.9082,0.020,0.020,817.00,1207.00
Fig. 7,dash8_simulation_alpha0p001,1,normalized_streamwise_distance_y_over_Lc,1,normalized_vertical_penetration_Z_over_Lc,1,1.0152,1.9082,0.020,0.020,821.00,1207.00
Fig. 7,dash8_simulation_alpha0p001,1,normalized_streamwise_distance_y_over_Lc,1,normalized_vertical_penetration_Z_over_Lc,1,1.0209,1.9082,0.020,0.020,825.00,1207.00
Fig. 7,dash8_simulation_alpha0p001,1,normalized_streamwise_distance_y_over_Lc,1,normalized_vertical_penetration_Z_over_Lc,1,1.0266,1.9082,0.020,0.020,829.00,1207.00
Fig. 7,dash8_simulation_alpha0p001,1,normalized_streamwise_distance_y_over_Lc,1,normalized_vertical_penetration_Z_over_Lc,1,1.0322,1.9082,0.020,0.020,833.00,1207.00
Fig. 7,dash8_simulation_alpha0p001,1,normalized_streamwise_distance_y_over_Lc,1,normalized_vertical_penetration_Z_over_Lc,1,1.0379,1.9082,0.020,0.020,837.00,1207.00
Fig. 7,dash8_simulation_alpha0p001,1,normalized_streamwise_distance_y_over_Lc,1,normalized_vertical_penetration_Z_over_Lc,1,1.0436,1.9082,0.020,0.020,841.00,1207.00
Fig. 7,dash8_simulation_alpha0p001,1,normalized_streamwise_distance_y_over_Lc,1,normalized_vertical_penetration_Z_over_Lc,1,1.0492,1.9082,0.020,0.020,845.00,1207.00
Fig. 7,dash8_simulation_alpha0p001,1,normalized_streamwise_distance_y_over_Lc,1,normalized_vertical_penetration_Z_over_Lc,1,1.0549,1.9082,0.020,0.020,849.00,1207.00
Fig. 7,dash8_simulation_alpha0p001,1,normalized_streamwise_distance_y_over_Lc,1,normalized_vertical_penetration_Z_over_Lc,1,1.0606,1.9082,0.020,0.020,853.00,1207.00
Fig. 7,dash8_simulation_alpha0p001,1,normalized_streamwise_distance_y_over_Lc,1,normalized_vertical_penetration_Z_over_Lc,1,1.0662,1.9082,0.020,0.020,857.00,1207.00
Fig. 7,dash8_simulation_alpha0p001,1,normalized_streamwise_distance_y_over_Lc,1,normalized_vertical_penetration_Z_over_Lc,1,1.0719,1.9082,0.020,0.020,861.00,1207.00
Fig. 7,dash8_simulation_alpha0p001,1,normalized_streamwise_distance_y_over_Lc,1,normalized_vertical_penetration_Z_over_Lc,1,1.0776,1.9082,0.020,0.020,865.00,1207.00
Fig. 7,dash8_simulation_alpha0p001,1,normalized_streamwise_distance_y_over_Lc,1,normalized_vertical_penetration_Z_over_Lc,1,1.0832,1.9082,0.020,0.020,869.00,1207.00
Fig. 7,dash8_simulation_alpha0p001,1,normalized_streamwise_distance_y_over_Lc,1,normalized_vertical_penetration_Z_over_Lc,1,1.0889,1.9082,0.020,0.020,873.00,1207.00
Fig. 7,dash8_simulation_alpha0p001,1,normalized_streamwise_distance_y_over_Lc,1,normalized_vertical_penetration_Z_over_Lc,1,1.0946,1.9082,0.020,0.020,877.00,1207.00
Fig. 7,dash8_simulation_alpha0p001,1,normalized_streamwise_distance_y_over_Lc,1,normalized_vertical_penetration_Z_over_Lc,1,1.1002,1.9082,0.020,0.020,881.00,1207.00
Fig. 7,dash8_simulation_alpha0p001,1,normalized_streamwise_distance_y_over_Lc,1,normalized_vertical_penetration_Z_over_Lc,1,1.1059,1.9082,0.020,0.020,885.00,1207.00
Fig. 7,dash8_simulation_alpha0p001,1,normalized_streamwise_distance_y_over_Lc,1,normalized_vertical_penetration_Z_over_Lc,1,1.1116,1.9082,0.020,0.020,889.00,1207.00
Fig. 7,dash8_simulation_alpha0p001,1,normalized_streamwise_distance_y_over_Lc,1,normalized_vertical_penetration_Z_over_Lc,1,1.1173,1.9082,0.020,0.020,893.00,1207.00
Fig. 7,dash8_simulation_alpha0p001,1,normalized_streamwise_distance_y_over_Lc,1,normalized_vertical_penetration_Z_over_Lc,1,1.1229,1.9082,0.020,0.020,897.00,1207.00
Fig. 7,dash8_simulation_alpha0p001,1,normalized_streamwise_distance_y_over_Lc,1,normalized_vertical_penetration_Z_over_Lc,1,1.1286,1.9082,0.020,0.020,901.00,1207.00
Fig. 7,dash8_simulation_alpha0p001,1,normalized_streamwise_distance_y_over_Lc,1,normalized_vertical_penetration_Z_over_Lc,1,1.1343,1.9082,0.020,0.020,905.00,1207.00
Fig. 7,dash8_simulation_alpha0p001,1,normalized_streamwise_distance_y_over_Lc,1,normalized_vertical_penetration_Z_over_Lc,1,1.1399,1.9110,0.020,0.020,909.00,1208.50
Fig. 7,dash8_simulation_alpha0p001,1,normalized_streamwise_distance_y_over_Lc,1,normalized_vertical_penetration_Z_over_Lc,1,1.1456,1.9148,0.020,0.020,913.00,1210.50
Fig. 7,dash8_simulation_alpha0p001,1,normalized_streamwise_distance_y_over_Lc,1,normalized_vertical_penetration_Z_over_Lc,1,1.1513,1.9204,0.020,0.020,917.00,1213.50
Fig. 7,dash8_simulation_alpha0p001,1,normalized_streamwise_distance_y_over_Lc,1,normalized_vertical_penetration_Z_over_Lc,1,1.1569,1.9260,0.020,0.020,921.00,1216.50
Fig. 7,dash8_simulation_alpha0p001,1,normalized_streamwise_distance_y_over_Lc,1,normalized_vertical_penetration_Z_over_Lc,1,1.1626,1.9335,0.020,0.020,925.00,1220.50
Fig. 7,dash8_simulation_alpha0p001,1,normalized_streamwise_distance_y_over_Lc,1,normalized_vertical_penetration_Z_over_Lc,1,1.1683,1.9382,0.020,0.020,929.00,1223.00
Fig. 7,dash8_simulation_alpha0p001,1,normalized_streamwise_distance_y_over_Lc,1,normalized_vertical_penetration_Z_over_Lc,1,1.1739,1.9410,0.020,0.020,933.00,1224.50
Fig. 7,dash8_simulation_alpha0p001,1,normalized_streamwise_distance_y_over_Lc,1,normalized_vertical_penetration_Z_over_Lc,1,1.1796,1.9429,0.020,0.020,937.00,1225.50
Fig. 7,dash8_simulation_alpha0p001,1,normalized_streamwise_distance_y_over_Lc,1,normalized_vertical_penetration_Z_over_Lc,1,1.1853,1.9429,0.020,0.020,941.00,1225.50
Fig. 7,dash8_simulation_alpha0p001,1,normalized_streamwise_distance_y_over_Lc,1,normalized_vertical_penetration_Z_over_Lc,1,1.1909,1.9429,0.020,0.020,945.00,1225.50
Fig. 7,dash8_simulation_alpha0p001,1,normalized_streamwise_distance_y_over_Lc,1,normalized_vertical_penetration_Z_over_Lc,1,1.1966,1.9429,0.020,0.020,949.00,1225.50
Fig. 7,dash8_simulation_alpha0p001,1,normalized_streamwise_distance_y_over_Lc,1,normalized_vertical_penetration_Z_over_Lc,1,1.2023,1.9429,0.020,0.020,953.00,1225.50
Fig. 7,dash8_simulation_alpha0p001,1,normalized_streamwise_distance_y_over_Lc,1,normalized_vertical_penetration_Z_over_Lc,1,1.2079,1.9438,0.020,0.020,957.00,1226.00
Fig. 7,dash8_simulation_alpha0p001,1,normalized_streamwise_distance_y_over_Lc,1,normalized_vertical_penetration_Z_over_Lc,1,1.2136,1.9494,0.020,0.020,961.00,1229.00
Fig. 7,dash8_simulation_alpha0p001,1,normalized_streamwise_distance_y_over_Lc,1,normalized_vertical_penetration_Z_over_Lc,1,1.2193,1.9550,0.020,0.020,965.00,1232.00
Fig. 7,dash8_simulation_alpha0p001,1,normalized_streamwise_distance_y_over_Lc,1,normalized_vertical_penetration_Z_over_Lc,1,1.2249,1.9588,0.020,0.020,969.00,1234.00
Fig. 7,dash8_simulation_alpha0p001,1,normalized_streamwise_distance_y_over_Lc,1,normalized_vertical_penetration_Z_over_Lc,1,1.2306,1.9663,0.020,0.020,973.00,1238.00
Fig. 7,dash8_simulation_alpha0p001,1,normalized_streamwise_distance_y_over_Lc,1,normalized_vertical_penetration_Z_over_Lc,1,1.2363,1.9710,0.020,0.020,977.00,1240.50
Fig. 7,dash8_simulation_alpha0p001,1,normalized_streamwise_distance_y_over_Lc,1,normalized_vertical_penetration_Z_over_Lc,1,1.2419,1.9756,0.020,0.020,981.00,1243.00
Fig. 7,dash8_simulation_alpha0p001,1,normalized_streamwise_distance_y_over_Lc,1,normalized_vertical_penetration_Z_over_Lc,1,1.2476,1.9794,0.020,0.020,985.00,1245.00
Fig. 7,dash8_simulation_alpha0p001,1,normalized_streamwise_distance_y_over_Lc,1,normalized_vertical_penetration_Z_over_Lc,1,1.2533,1.9785,0.020,0.020,989.00,1244.50
Fig. 7,dash8_simulation_alpha0p001,1,normalized_streamwise_distance_y_over_Lc,1,normalized_vertical_penetration_Z_over_Lc,1,1.2589,1.9785,0.020,0.020,993.00,1244.50
Fig. 7,dash8_simulation_alpha0p001,1,normalized_streamwise_distance_y_over_Lc,1,normalized_vertical_penetration_Z_over_Lc,1,1.2646,1.9785,0.020,0.020,997.00,1244.50
Fig. 7,dash8_simulation_alpha0p001,1,normalized_streamwise_distance_y_over_Lc,1,normalized_vertical_penetration_Z_over_Lc,1,1.2703,1.9785,0.020,0.020,1001.00,1244.50
Fig. 7,dash8_simulation_alpha0p001,1,normalized_streamwise_distance_y_over_Lc,1,normalized_vertical_penetration_Z_over_Lc,1,1.2759,1.9785,0.020,0.020,1005.00,1244.50
Fig. 7,dash8_simulation_alpha0p001,1,normalized_streamwise_distance_y_over_Lc,1,normalized_vertical_penetration_Z_over_Lc,1,1.2816,1.9785,0.020,0.020,1009.00,1244.50
Fig. 7,dash8_simulation_alpha0p001,1,normalized_streamwise_distance_y_over_Lc,1,normalized_vertical_penetration_Z_over_Lc,1,1.2873,1.9785,0.020,0.020,1013.00,1244.50
Fig. 7,dash8_simulation_alpha0p001,1,normalized_streamwise_distance_y_over_Lc,1,normalized_vertical_penetration_Z_over_Lc,1,1.2930,1.9785,0.020,0.020,1017.00,1244.50
Fig. 7,dash8_simulation_alpha0p001,1,normalized_streamwise_distance_y_over_Lc,1,normalized_vertical_penetration_Z_over_Lc,1,1.2986,1.9785,0.020,0.020,1021.00,1244.50
Fig. 7,dash8_simulation_alpha0p001,1,normalized_streamwise_distance_y_over_Lc,1,normalized_vertical_penetration_Z_over_Lc,1,1.3043,1.9794,0.020,0.020,1025.00,1245.00
Fig. 7,dash8_simulation_alpha0p001,1,normalized_streamwise_distance_y_over_Lc,1,normalized_vertical_penetration_Z_over_Lc,1,1.3100,1.9794,0.020,0.020,1029.00,1245.00
Fig. 7,dash8_simulation_alpha0p001,1,normalized_streamwise_distance_y_over_Lc,1,normalized_vertical_penetration_Z_over_Lc,1,1.3156,1.9831,0.020,0.020,1033.00,1247.00
Fig. 7,dash8_simulation_alpha0p001,1,normalized_streamwise_distance_y_over_Lc,1,normalized_vertical_penetration_Z_over_Lc,1,1.3213,1.9869,0.020,0.020,1037.00,1249.00
Fig. 7,dash8_simulation_alpha0p001,1,normalized_streamwise_distance_y_over_Lc,1,normalized_vertical_penetration_Z_over_Lc,1,1.3270,1.9897,0.020,0.020,1041.00,1250.50
Fig. 7,dash8_simulation_alpha0p001,1,normalized_streamwise_distance_y_over_Lc,1,normalized_vertical_penetration_Z_over_Lc,1,1.3326,1.9925,0.020,0.020,1045.00,1252.00
Fig. 7,dash8_simulation_alpha0p001,1,normalized_streamwise_distance_y_over_Lc,1,normalized_vertical_penetration_Z_over_Lc,1,1.3383,1.9953,0.020,0.020,1049.00,1253.50
Fig. 7,dash8_simulation_alpha0p001,2,normalized_streamwise_distance_y_over_Lc,1,normalized_vertical_penetration_Z_over_Lc,1,1.6784,1.9972,0.020,0.020,1289.00,1254.50
Fig. 7,dash8_simulation_alpha0p001,2,normalized_streamwise_distance_y_over_Lc,1,normalized_vertical_penetration_Z_over_Lc,1,1.6840,1.9869,0.020,0.020,1293.00,1249.00
Fig. 7,dash8_simulation_alpha0p001,2,normalized_streamwise_distance_y_over_Lc,1,normalized_vertical_penetration_Z_over_Lc,1,1.6897,1.9700,0.020,0.020,1297.00,1240.00
Fig. 7,dash8_simulation_alpha0p001,2,normalized_streamwise_distance_y_over_Lc,1,normalized_vertical_penetration_Z_over_Lc,1,1.6954,1.9569,0.020,0.020,1301.00,1233.00
Fig. 7,dash8_simulation_alpha0p001,2,normalized_streamwise_distance_y_over_Lc,1,normalized_vertical_penetration_Z_over_Lc,1,1.7010,1.9316,0.020,0.020,1305.00,1219.50
Fig. 7,dash8_simulation_alpha0p001,2,normalized_streamwise_distance_y_over_Lc,1,normalized_vertical_penetration_Z_over_Lc,1,1.7067,1.8895,0.020,0.020,1309.00,1197.00
Fig. 7,dash8_simulation_alpha0p001,2,normalized_streamwise_distance_y_over_Lc,1,normalized_vertical_penetration_Z_over_Lc,1,1.7124,1.8632,0.020,0.020,1313.00,1183.00
Fig. 7,dash8_simulation_alpha0p001,2,normalized_streamwise_distance_y_over_Lc,1,normalized_vertical_penetration_Z_over_Lc,1,1.7180,1.8323,0.020,0.020,1317.00,1166.50
Fig. 7,dash8_simulation_alpha0p001,2,normalized_streamwise_distance_y_over_Lc,1,normalized_vertical_penetration_Z_over_Lc,1,1.7237,1.8014,0.020,0.020,1321.00,1150.00
Fig. 7,dash8_simulation_alpha0p001,2,normalized_streamwise_distance_y_over_Lc,1,normalized_vertical_penetration_Z_over_Lc,1,1.7294,1.7761,0.020,0.020,1325.00,1136.50
Fig. 7,dash8_simulation_alpha0p001,2,normalized_streamwise_distance_y_over_Lc,1,normalized_vertical_penetration_Z_over_Lc,1,1.7350,1.7583,0.020,0.020,1329.00,1127.00
Fig. 7,dash8_simulation_alpha0p001,2,normalized_streamwise_distance_y_over_Lc,1,normalized_vertical_penetration_Z_over_Lc,1,1.7407,1.7452,0.020,0.020,1333.00,1120.00
Fig. 7,dash8_simulation_alpha0p001,2,normalized_streamwise_distance_y_over_Lc,1,normalized_vertical_penetration_Z_over_Lc,1,1.7464,1.7311,0.020,0.020,1337.00,1112.50
Fig. 7,dash8_simulation_alpha0p001,2,normalized_streamwise_distance_y_over_Lc,1,normalized_vertical_penetration_Z_over_Lc,1,1.7520,1.7199,0.020,0.020,1341.00,1106.50
Fig. 7,dash8_simulation_alpha0p001,2,normalized_streamwise_distance_y_over_Lc,1,normalized_vertical_penetration_Z_over_Lc,1,1.7577,1.7068,0.020,0.020,1345.00,1099.50
Fig. 7,dash8_simulation_alpha0p001,2,normalized_streamwise_distance_y_over_Lc,1,normalized_vertical_penetration_Z_over_Lc,1,1.7634,1.6890,0.020,0.020,1349.00,1090.00
Fig. 7,dash8_simulation_alpha0p001,2,normalized_streamwise_distance_y_over_Lc,1,normalized_vertical_penetration_Z_over_Lc,1,1.7690,1.6684,0.020,0.020,1353.00,1079.00
Fig. 7,dash8_simulation_alpha0p001,2,normalized_streamwise_distance_y_over_Lc,1,normalized_vertical_penetration_Z_over_Lc,1,1.7747,1.6487,0.020,0.020,1357.00,1068.50
Fig. 7,dash8_simulation_alpha0p001,2,normalized_streamwise_distance_y_over_Lc,1,normalized_vertical_penetration_Z_over_Lc,1,1.7804,1.6262,0.020,0.020,1361.00,1056.50
Fig. 7,dash8_simulation_alpha0p001,2,normalized_streamwise_distance_y_over_Lc,1,normalized_vertical_penetration_Z_over_Lc,1,1.7860,1.6028,0.020,0.020,1365.00,1044.00
Fig. 7,dash8_simulation_alpha0p001,2,normalized_streamwise_distance_y_over_Lc,1,normalized_vertical_penetration_Z_over_Lc,1,1.7917,1.5850,0.020,0.020,1369.00,1034.50
Fig. 7,dash8_simulation_alpha0p001,2,normalized_streamwise_distance_y_over_Lc,1,normalized_vertical_penetration_Z_over_Lc,1,1.7974,1.5691,0.020,0.020,1373.00,1026.00
Fig. 7,dash8_simulation_alpha0p001,2,normalized_streamwise_distance_y_over_Lc,1,normalized_vertical_penetration_Z_over_Lc,1,1.8030,1.5560,0.020,0.020,1377.00,1019.00
Fig. 7,dash8_simulation_alpha0p001,2,normalized_streamwise_distance_y_over_Lc,1,normalized_vertical_penetration_Z_over_Lc,1,1.8087,1.5485,0.020,0.020,1381.00,1015.00
Fig. 7,dash8_simulation_alpha0p001,2,normalized_streamwise_distance_y_over_Lc,1,normalized_vertical_penetration_Z_over_Lc,1,1.8144,1.5429,0.020,0.020,1385.00,1012.00
Fig. 7,dash8_simulation_alpha0p001,2,normalized_streamwise_distance_y_over_Lc,1,normalized_vertical_penetration_Z_over_Lc,1,1.8200,1.5372,0.020,0.020,1389.00,1009.00
Fig. 7,dash8_simulation_alpha0p001,2,normalized_streamwise_distance_y_over_Lc,1,normalized_vertical_penetration_Z_over_Lc,1,1.8257,1.5326,0.020,0.020,1393.00,1006.50
Fig. 7,dash8_simulation_alpha0p001,2,normalized_streamwise_distance_y_over_Lc,1,normalized_vertical_penetration_Z_over_Lc,1,1.8314,1.5279,0.020,0.020,1397.00,1004.00
Fig. 7,dash8_simulation_alpha0p001,2,normalized_streamwise_distance_y_over_Lc,1,normalized_vertical_penetration_Z_over_Lc,1,1.8371,1.5260,0.020,0.020,1401.00,1003.00
Fig. 7,dash8_simulation_alpha0p001,2,normalized_streamwise_distance_y_over_Lc,1,normalized_vertical_penetration_Z_over_Lc,1,1.8427,1.5260,0.020,0.020,1405.00,1003.00
Fig. 7,dash8_simulation_alpha0p001,2,normalized_streamwise_distance_y_over_Lc,1,normalized_vertical_penetration_Z_over_Lc,1,1.8484,1.5260,0.020,0.020,1409.00,1003.00
Fig. 7,dash8_simulation_alpha0p001,2,normalized_streamwise_distance_y_over_Lc,1,normalized_vertical_penetration_Z_over_Lc,1,1.8541,1.5260,0.020,0.020,1413.00,1003.00
Fig. 7,dash8_simulation_alpha0p001,2,normalized_streamwise_distance_y_over_Lc,1,normalized_vertical_penetration_Z_over_Lc,1,1.8597,1.5260,0.020,0.020,1417.00,1003.00
Fig. 7,dash8_simulation_alpha0p001,2,normalized_streamwise_distance_y_over_Lc,1,normalized_vertical_penetration_Z_over_Lc,1,1.8654,1.5260,0.020,0.020,1421.00,1003.00
Fig. 7,dash8_simulation_alpha0p001,2,normalized_streamwise_distance_y_over_Lc,1,normalized_vertical_penetration_Z_over_Lc,1,1.8711,1.5260,0.020,0.020,1425.00,1003.00
Fig. 7,dash8_simulation_alpha0p001,2,normalized_streamwise_distance_y_over_Lc,1,normalized_vertical_penetration_Z_over_Lc,1,1.8767,1.5260,0.020,0.020,1429.00,1003.00
Fig. 7,dash8_simulation_alpha0p001,2,normalized_streamwise_distance_y_over_Lc,1,normalized_vertical_penetration_Z_over_Lc,1,1.8824,1.5260,0.020,0.020,1433.00,1003.00
Fig. 7,dash8_simulation_alpha0p001,2,normalized_streamwise_distance_y_over_Lc,1,normalized_vertical_penetration_Z_over_Lc,1,1.8881,1.5260,0.020,0.020,1437.00,1003.00
Fig. 7,dash8_simulation_alpha0p001,2,normalized_streamwise_distance_y_over_Lc,1,normalized_vertical_penetration_Z_over_Lc,1,1.8937,1.5260,0.020,0.020,1441.00,1003.00
Fig. 7,dash8_simulation_alpha0p001,2,normalized_streamwise_distance_y_over_Lc,1,normalized_vertical_penetration_Z_over_Lc,1,1.8994,1.5260,0.020,0.020,1445.00,1003.00
Fig. 7,dash8_simulation_alpha0p001,2,normalized_streamwise_distance_y_over_Lc,1,normalized_vertical_penetration_Z_over_Lc,1,1.9051,1.5260,0.020,0.020,1449.00,1003.00
Fig. 7,dash8_simulation_alpha0p001,2,normalized_streamwise_distance_y_over_Lc,1,normalized_vertical_penetration_Z_over_Lc,1,1.9107,1.5260,0.020,0.020,1453.00,1003.00
Fig. 7,dash8_simulation_alpha0p001,2,normalized_streamwise_distance_y_over_Lc,1,normalized_vertical_penetration_Z_over_Lc,1,1.9164,1.5260,0.020,0.020,1457.00,1003.00
Fig. 7,dash8_simulation_alpha0p001,2,normalized_streamwise_distance_y_over_Lc,1,normalized_vertical_penetration_Z_over_Lc,1,1.9221,1.5260,0.020,0.020,1461.00,1003.00
Fig. 7,dash8_simulation_alpha0p001,2,normalized_streamwise_distance_y_over_Lc,1,normalized_vertical_penetration_Z_over_Lc,1,1.9277,1.5260,0.020,0.020,1465.00,1003.00
Fig. 7,dash8_simulation_alpha0p001,2,normalized_streamwise_distance_y_over_Lc,1,normalized_vertical_penetration_Z_over_Lc,1,1.9334,1.5251,0.020,0.020,1469.00,1002.50
Fig. 7,dash8_simulation_alpha0p001,2,normalized_streamwise_distance_y_over_Lc,1,normalized_vertical_penetration_Z_over_Lc,1,1.9391,1.5213,0.020,0.020,1473.00,1000.50
Fig. 7,dash8_simulation_alpha0p001,2,normalized_streamwise_distance_y_over_Lc,1,normalized_vertical_penetration_Z_over_Lc,1,1.9447,1.5176,0.020,0.020,1477.00,998.50
Fig. 7,dash8_simulation_alpha0p001,2,normalized_streamwise_distance_y_over_Lc,1,normalized_vertical_penetration_Z_over_Lc,1,1.9504,1.5110,0.020,0.020,1481.00,995.00
Fig. 7,dash8_simulation_alpha0p001,2,normalized_streamwise_distance_y_over_Lc,1,normalized_vertical_penetration_Z_over_Lc,1,1.9561,1.5044,0.020,0.020,1485.00,991.50
Fig. 7,dash8_simulation_alpha0p001,2,normalized_streamwise_distance_y_over_Lc,1,normalized_vertical_penetration_Z_over_Lc,1,1.9617,1.4988,0.020,0.020,1489.00,988.50
Fig. 7,dash8_simulation_alpha0p001,2,normalized_streamwise_distance_y_over_Lc,1,normalized_vertical_penetration_Z_over_Lc,1,1.9674,1.4960,0.020,0.020,1493.00,987.00
Fig. 7,dash8_simulation_alpha0p001,2,normalized_streamwise_distance_y_over_Lc,1,normalized_vertical_penetration_Z_over_Lc,1,1.9731,1.5016,0.020,0.020,1497.00,990.00
Fig. 7,dash8_simulation_alpha0p001,2,normalized_streamwise_distance_y_over_Lc,1,normalized_vertical_penetration_Z_over_Lc,1,1.9787,1.5091,0.020,0.020,1501.00,994.00
Fig. 7,dash8_simulation_alpha0p001,2,normalized_streamwise_distance_y_over_Lc,1,normalized_vertical_penetration_Z_over_Lc,1,1.9844,1.5176,0.020,0.020,1505.00,998.50
Fig. 7,dash8_simulation_alpha0p001,2,normalized_streamwise_distance_y_over_Lc,1,normalized_vertical_penetration_Z_over_Lc,1,1.9901,1.5279,0.020,0.020,1509.00,1004.00
Fig. 7,dash8_simulation_alpha0p001,2,normalized_streamwise_distance_y_over_Lc,1,normalized_vertical_penetration_Z_over_Lc,1,1.9957,1.5316,0.020,0.020,1513.00,1006.00
Fig. 8(b),dash8_alpha0p001_caption_t1s_prose_t0p5s,1,lateral_expansion_L,m,vertical_distance_z,m,0.1556,0.0000,0.050,0.040,102.50,201.00
Fig. 8(b),dash8_alpha0p001_caption_t1s_prose_t0p5s,1,lateral_expansion_L,m,vertical_distance_z,m,0.1830,0.0127,0.050,0.040,109.00,205.00
Fig. 8(b),dash8_alpha0p001_caption_t1s_prose_t0p5s,1,lateral_expansion_L,m,vertical_distance_z,m,0.2061,0.0254,0.050,0.040,114.50,209.00
Fig. 8(b),dash8_alpha0p001_caption_t1s_prose_t0p5s,1,lateral_expansion_L,m,vertical_distance_z,m,0.2208,0.0380,0.050,0.040,118.00,213.00
Fig. 8(b),dash8_alpha0p001_caption_t1s_prose_t0p5s,1,lateral_expansion_L,m,vertical_distance_z,m,0.2355,0.0507,0.050,0.040,121.50,217.00
Fig. 8(b),dash8_alpha0p001_caption_t1s_prose_t0p5s,1,lateral_expansion_L,m,vertical_distance_z,m,0.2461,0.0634,0.050,0.040,124.00,221.00
Fig. 8(b),dash8_alpha0p001_caption_t1s_prose_t0p5s,1,lateral_expansion_L,m,vertical_distance_z,m,0.2587,0.0761,0.050,0.040,127.00,225.00
Fig. 8(b),dash8_alpha0p001_caption_t1s_prose_t0p5s,1,lateral_expansion_L,m,vertical_distance_z,m,0.2713,0.0888,0.050,0.040,130.00,229.00
Fig. 8(b),dash8_alpha0p001_caption_t1s_prose_t0p5s,1,lateral_expansion_L,m,vertical_distance_z,m,0.2860,0.1014,0.050,0.040,133.50,233.00
Fig. 8(b),dash8_alpha0p001_caption_t1s_prose_t0p5s,1,lateral_expansion_L,m,vertical_distance_z,m,0.2986,0.1141,0.050,0.040,136.50,237.00
Fig. 8(b),dash8_alpha0p001_caption_t1s_prose_t0p5s,1,lateral_expansion_L,m,vertical_distance_z,m,0.3028,0.1268,0.050,0.040,137.50,241.00
Fig. 8(b),dash8_alpha0p001_caption_t1s_prose_t0p5s,1,lateral_expansion_L,m,vertical_distance_z,m,0.3070,0.1395,0.050,0.040,138.50,245.00
Fig. 8(b),dash8_alpha0p001_caption_t1s_prose_t0p5s,1,lateral_expansion_L,m,vertical_distance_z,m,0.3070,0.1522,0.050,0.040,138.50,249.00
Fig. 8(b),dash8_alpha0p001_caption_t1s_prose_t0p5s,1,lateral_expansion_L,m,vertical_distance_z,m,0.3113,0.1649,0.050,0.040,139.50,253.00
Fig. 8(b),dash8_alpha0p001_caption_t1s_prose_t0p5s,1,lateral_expansion_L,m,vertical_distance_z,m,0.3197,0.1775,0.050,0.040,141.50,257.00
Fig. 8(b),dash8_alpha0p001_caption_t1s_prose_t0p5s,1,lateral_expansion_L,m,vertical_distance_z,m,0.3302,0.1902,0.050,0.040,144.00,261.00
Fig. 8(b),dash8_alpha0p001_caption_t1s_prose_t0p5s,1,lateral_expansion_L,m,vertical_distance_z,m,0.3491,0.2029,0.050,0.040,148.50,265.00
Fig. 8(b),dash8_alpha0p001_caption_t1s_prose_t0p5s,1,lateral_expansion_L,m,vertical_distance_z,m,0.3680,0.2156,0.050,0.040,153.00,269.00
Fig. 8(b),dash8_alpha0p001_caption_t1s_prose_t0p5s,1,lateral_expansion_L,m,vertical_distance_z,m,0.3849,0.2283,0.050,0.040,157.00,273.00
Fig. 8(b),dash8_alpha0p001_caption_t1s_prose_t0p5s,1,lateral_expansion_L,m,vertical_distance_z,m,0.4122,0.2409,0.050,0.040,163.50,277.00
Fig. 8(b),dash8_alpha0p001_caption_t1s_prose_t0p5s,1,lateral_expansion_L,m,vertical_distance_z,m,0.4374,0.2536,0.050,0.040,169.50,281.00
Fig. 8(b),dash8_alpha0p001_caption_t1s_prose_t0p5s,1,lateral_expansion_L,m,vertical_distance_z,m,0.4606,0.2663,0.050,0.040,175.00,285.00
Fig. 8(b),dash8_alpha0p001_caption_t1s_prose_t0p5s,1,lateral_expansion_L,m,vertical_distance_z,m,0.4795,0.2790,0.050,0.040,179.50,289.00
Fig. 8(b),dash8_alpha0p001_caption_t1s_prose_t0p5s,1,lateral_expansion_L,m,vertical_distance_z,m,0.4921,0.2917,0.050,0.040,182.50,293.00
Fig. 8(b),dash8_alpha0p001_caption_t1s_prose_t0p5s,1,lateral_expansion_L,m,vertical_distance_z,m,0.4942,0.3043,0.050,0.040,183.00,297.00
Fig. 8(b),dash8_alpha0p001_caption_t1s_prose_t0p5s,1,lateral_expansion_L,m,vertical_distance_z,m,0.4984,0.3170,0.050,0.040,184.00,301.00
Fig. 8(b),dash8_alpha0p001_caption_t1s_prose_t0p5s,1,lateral_expansion_L,m,vertical_distance_z,m,0.5741,0.3297,0.050,0.040,202.00,305.00
Fig. 8(b),dash8_alpha0p001_caption_t1s_prose_t0p5s,1,lateral_expansion_L,m,vertical_distance_z,m,0.6562,0.3424,0.050,0.040,221.50,309.00
Fig. 8(b),dash8_alpha0p001_caption_t1s_prose_t0p5s,1,lateral_expansion_L,m,vertical_distance_z,m,0.7361,0.3551,0.050,0.040,240.50,313.00
Fig. 8(b),dash8_alpha0p001_caption_t1s_prose_t0p5s,1,lateral_expansion_L,m,vertical_distance_z,m,0.8076,0.3678,0.050,0.040,257.50,317.00
Fig. 8(b),dash8_alpha0p001_caption_t1s_prose_t0p5s,1,lateral_expansion_L,m,vertical_distance_z,m,0.8812,0.3804,0.050,0.040,275.00,321.00
Fig. 8(b),dash8_alpha0p001_caption_t1s_prose_t0p5s,1,lateral_expansion_L,m,vertical_distance_z,m,0.9464,0.3931,0.050,0.040,290.50,325.00
Fig. 8(b),dash8_alpha0p001_caption_t1s_prose_t0p5s,1,lateral_expansion_L,m,vertical_distance_z,m,0.9422,0.4058,0.050,0.040,289.50,329.00
Fig. 8(b),dash8_alpha0p001_caption_t1s_prose_t0p5s,1,lateral_expansion_L,m,vertical_distance_z,m,0.9317,0.4185,0.050,0.040,287.00,333.00
Fig. 8(b),dash8_alpha0p001_caption_t1s_prose_t0p5s,1,lateral_expansion_L,m,vertical_distance_z,m,0.9127,0.4312,0.050,0.040,282.50,337.00
Fig. 8(b),dash8_alpha0p001_caption_t1s_prose_t0p5s,1,lateral_expansion_L,m,vertical_distance_z,m,0.8896,0.4438,0.050,0.040,277.00,341.00
Fig. 8(b),dash8_alpha0p001_caption_t1s_prose_t0p5s,1,lateral_expansion_L,m,vertical_distance_z,m,0.8707,0.4565,0.050,0.040,272.50,345.00
Fig. 8(b),dash8_alpha0p001_caption_t1s_prose_t0p5s,1,lateral_expansion_L,m,vertical_distance_z,m,0.8559,0.4692,0.050,0.040,269.00,349.00
Fig. 8(b),dash8_alpha0p001_caption_t1s_prose_t0p5s,1,lateral_expansion_L,m,vertical_distance_z,m,0.8370,0.4819,0.050,0.040,264.50,353.00
Fig. 8(b),dash8_alpha0p001_caption_t1s_prose_t0p5s,1,lateral_expansion_L,m,vertical_distance_z,m,0.8013,0.4946,0.050,0.040,256.00,357.00
Fig. 8(b),dash8_alpha0p001_caption_t1s_prose_t0p5s,1,lateral_expansion_L,m,vertical_distance_z,m,0.7676,0.5072,0.050,0.040,248.00,361.00
Fig. 8(b),dash8_alpha0p001_caption_t1s_prose_t0p5s,1,lateral_expansion_L,m,vertical_distance_z,m,0.7361,0.5199,0.050,0.040,240.50,365.00
Fig. 8(b),dash8_alpha0p001_caption_t1s_prose_t0p5s,1,lateral_expansion_L,m,vertical_distance_z,m,0.6961,0.5326,0.050,0.040,231.00,369.00
Fig. 8(b),dash8_alpha0p001_caption_t1s_prose_t0p5s,1,lateral_expansion_L,m,vertical_distance_z,m,0.6540,0.5453,0.050,0.040,221.00,373.00
Fig. 8(b),dash8_alpha0p001_caption_t1s_prose_t0p5s,1,lateral_expansion_L,m,vertical_distance_z,m,0.6246,0.5580,0.050,0.040,214.00,377.00
Fig. 8(b),dash8_alpha0p001_caption_t1s_prose_t0p5s,1,lateral_expansion_L,m,vertical_distance_z,m,0.6036,0.5707,0.050,0.040,209.00,381.00
Fig. 8(b),dash8_alpha0p001_caption_t1s_prose_t0p5s,1,lateral_expansion_L,m,vertical_distance_z,m,0.5720,0.5833,0.050,0.040,201.50,385.00
Fig. 8(b),dash8_alpha0p001_caption_t1s_prose_t0p5s,1,lateral_expansion_L,m,vertical_distance_z,m,0.5531,0.5960,0.050,0.040,197.00,389.00
Fig. 8(b),dash8_alpha0p001_caption_t1s_prose_t0p5s,1,lateral_expansion_L,m,vertical_distance_z,m,0.6141,0.6087,0.050,0.040,211.50,393.00
Fig. 8(b),dash8_alpha0p001_caption_t1s_prose_t0p5s,1,lateral_expansion_L,m,vertical_distance_z,m,0.7340,0.6214,0.050,0.040,240.00,397.00
Fig. 8(b),dash8_alpha0p001_caption_t1s_prose_t0p5s,1,lateral_expansion_L,m,vertical_distance_z,m,0.8538,0.6341,0.050,0.040,268.50,401.00
Fig. 8(b),dash8_alpha0p001_caption_t1s_prose_t0p5s,1,lateral_expansion_L,m,vertical_distance_z,m,1.0662,0.6467,0.050,0.040,319.00,405.00
Fig. 8(b),dash8_alpha0p001_caption_t1s_prose_t0p5s,1,lateral_expansion_L,m,vertical_distance_z,m,1.2450,0.6594,0.050,0.040,361.50,409.00
Fig. 8(b),dash8_alpha0p001_caption_t1s_prose_t0p5s,1,lateral_expansion_L,m,vertical_distance_z,m,1.4217,0.6721,0.050,0.040,403.50,413.00
Fig. 8(b),dash8_alpha0p001_caption_t1s_prose_t0p5s,1,lateral_expansion_L,m,vertical_distance_z,m,1.6130,0.6848,0.050,0.040,449.00,417.00
Fig. 8(b),dash8_alpha0p001_caption_t1s_prose_t0p5s,1,lateral_expansion_L,m,vertical_distance_z,m,1.7056,0.6975,0.050,0.040,471.00,421.00
Fig. 8(b),dash8_alpha0p001_caption_t1s_prose_t0p5s,1,lateral_expansion_L,m,vertical_distance_z,m,1.7834,0.7101,0.050,0.040,489.50,425.00
Fig. 8(b),dash8_alpha0p001_caption_t1s_prose_t0p5s,1,lateral_expansion_L,m,vertical_distance_z,m,1.8549,0.7228,0.050,0.040,506.50,429.00
Fig. 8(b),dash8_alpha0p001_caption_t1s_prose_t0p5s,1,lateral_expansion_L,m,vertical_distance_z,m,1.8696,0.7355,0.050,0.040,510.00,433.00
Fig. 8(b),dash8_alpha0p001_caption_t1s_prose_t0p5s,1,lateral_expansion_L,m,vertical_distance_z,m,1.8843,0.7482,0.050,0.040,513.50,437.00
Fig. 8(b),dash8_alpha0p001_caption_t1s_prose_t0p5s,1,lateral_expansion_L,m,vertical_distance_z,m,1.8948,0.7609,0.050,0.040,516.00,441.00
Fig. 8(b),dash8_alpha0p001_caption_t1s_prose_t0p5s,1,lateral_expansion_L,m,vertical_distance_z,m,1.9075,0.7736,0.050,0.040,519.00,445.00
Fig. 8(b),dash8_alpha0p001_caption_t1s_prose_t0p5s,1,lateral_expansion_L,m,vertical_distance_z,m,1.9285,0.7862,0.050,0.040,524.00,449.00
Fig. 8(b),dash8_alpha0p001_caption_t1s_prose_t0p5s,1,lateral_expansion_L,m,vertical_distance_z,m,1.9495,0.7989,0.050,0.040,529.00,453.00
Fig. 8(b),dash8_alpha0p001_caption_t1s_prose_t0p5s,1,lateral_expansion_L,m,vertical_distance_z,m,1.9727,0.8116,0.050,0.040,534.50,457.00
Fig. 8(b),dash8_alpha0p001_caption_t1s_prose_t0p5s,1,lateral_expansion_L,m,vertical_distance_z,m,2.0021,0.8243,0.050,0.040,541.50,461.00
Fig. 8(b),dash8_alpha0p001_caption_t1s_prose_t0p5s,1,lateral_expansion_L,m,vertical_distance_z,m,2.0273,0.8370,0.050,0.040,547.50,465.00
Fig. 8(b),dash8_alpha0p001_caption_t1s_prose_t0p5s,1,lateral_expansion_L,m,vertical_distance_z,m,2.0484,0.8496,0.050,0.040,552.50,469.00
Fig. 8(b),dash8_alpha0p001_caption_t1s_prose_t0p5s,1,lateral_expansion_L,m,vertical_distance_z,m,2.0736,0.8623,0.050,0.040,558.50,473.00
Fig. 8(b),dash8_alpha0p001_caption_t1s_prose_t0p5s,1,lateral_expansion_L,m,vertical_distance_z,m,2.1009,0.8750,0.050,0.040,565.00,477.00
Fig. 8(b),dash8_alpha0p001_caption_t1s_prose_t0p5s,1,lateral_expansion_L,m,vertical_distance_z,m,2.1241,0.8877,0.050,0.040,570.50,481.00
Fig. 8(b),dash8_alpha0p001_caption_t1s_prose_t0p5s,1,lateral_expansion_L,m,vertical_distance_z,m,2.1430,0.9004,0.050,0.040,575.00,485.00
Fig. 8(b),dash8_alpha0p001_caption_t1s_prose_t0p5s,1,lateral_expansion_L,m,vertical_distance_z,m,2.1514,0.9130,0.050,0.040,577.00,489.00
Fig. 8(b),dash8_alpha0p001_caption_t1s_prose_t0p5s,1,lateral_expansion_L,m,vertical_distance_z,m,2.1535,0.9257,0.050,0.040,577.50,493.00
Fig. 8(b),dash8_alpha0p001_caption_t1s_prose_t0p5s,1,lateral_expansion_L,m,vertical_distance_z,m,2.1535,0.9384,0.050,0.040,577.50,497.00
Fig. 8(b),dash8_alpha0p001_caption_t1s_prose_t0p5s,1,lateral_expansion_L,m,vertical_distance_z,m,2.1535,0.9511,0.050,0.040,577.50,501.00
Fig. 8(b),dash8_alpha0p001_caption_t1s_prose_t0p5s,1,lateral_expansion_L,m,vertical_distance_z,m,2.1535,0.9638,0.050,0.040,577.50,505.00
Fig. 8(b),dash8_alpha0p001_caption_t1s_prose_t0p5s,1,lateral_expansion_L,m,vertical_distance_z,m,2.1535,0.9764,0.050,0.040,577.50,509.00
Fig. 8(b),dash8_alpha0p001_caption_t1s_prose_t0p5s,1,lateral_expansion_L,m,vertical_distance_z,m,2.1535,0.9891,0.050,0.040,577.50,513.00
Fig. 8(b),dash8_alpha0p001_caption_t1s_prose_t0p5s,1,lateral_expansion_L,m,vertical_distance_z,m,2.1535,1.0018,0.050,0.040,577.50,517.00
Fig. 8(b),dash8_alpha0p001_caption_t1s_prose_t0p5s,1,lateral_expansion_L,m,vertical_distance_z,m,2.1535,1.0145,0.050,0.040,577.50,521.00
Fig. 8(b),dash8_alpha0p001_caption_t1s_prose_t0p5s,1,lateral_expansion_L,m,vertical_distance_z,m,2.1535,1.0272,0.050,0.040,577.50,525.00
Fig. 8(b),dash8_alpha0p001_caption_t1s_prose_t0p5s,1,lateral_expansion_L,m,vertical_distance_z,m,2.1535,1.0399,0.050,0.040,577.50,529.00
Fig. 8(b),dash8_alpha0p001_caption_t1s_prose_t0p5s,1,lateral_expansion_L,m,vertical_distance_z,m,2.1535,1.0525,0.050,0.040,577.50,533.00
Fig. 8(b),dash8_alpha0p001_caption_t1s_prose_t0p5s,1,lateral_expansion_L,m,vertical_distance_z,m,2.1535,1.0652,0.050,0.040,577.50,537.00
Fig. 8(b),dash8_alpha0p001_caption_t1s_prose_t0p5s,1,lateral_expansion_L,m,vertical_distance_z,m,2.1535,1.0779,0.050,0.040,577.50,541.00
Fig. 8(b),dash8_alpha0p001_caption_t1s_prose_t0p5s,1,lateral_expansion_L,m,vertical_distance_z,m,2.1535,1.0906,0.050,0.040,577.50,545.00
Fig. 8(b),dash8_alpha0p001_caption_t1s_prose_t0p5s,1,lateral_expansion_L,m,vertical_distance_z,m,2.1493,1.1033,0.050,0.040,576.50,549.00
Fig. 8(b),dash8_alpha0p001_caption_t1s_prose_t0p5s,1,lateral_expansion_L,m,vertical_distance_z,m,2.1346,1.1159,0.050,0.040,573.00,553.00
Fig. 8(b),dash8_alpha0p001_caption_t1s_prose_t0p5s,1,lateral_expansion_L,m,vertical_distance_z,m,2.1115,1.1286,0.050,0.040,567.50,557.00
Fig. 8(b),dash8_alpha0p001_caption_t1s_prose_t0p5s,1,lateral_expansion_L,m,vertical_distance_z,m,2.0715,1.1413,0.050,0.040,558.00,561.00
Fig. 8(b),dash8_alpha0p001_caption_t1s_prose_t0p5s,1,lateral_expansion_L,m,vertical_distance_z,m,2.0315,1.1540,0.050,0.040,548.50,565.00
Fig. 8(b),dash8_alpha0p001_caption_t1s_prose_t0p5s,1,lateral_expansion_L,m,vertical_distance_z,m,1.9832,1.1667,0.050,0.040,537.00,569.00
Fig. 8(b),dash8_alpha0p001_caption_t1s_prose_t0p5s,1,lateral_expansion_L,m,vertical_distance_z,m,1.9453,1.1793,0.050,0.040,528.00,573.00
Fig. 8(b),dash8_alpha0p001_caption_t1s_prose_t0p5s,1,lateral_expansion_L,m,vertical_distance_z,m,1.9180,1.1920,0.050,0.040,521.50,577.00
Fig. 8(b),dash8_alpha0p001_caption_t1s_prose_t0p5s,1,lateral_expansion_L,m,vertical_distance_z,m,1.9096,1.2047,0.050,0.040,519.50,581.00
Fig. 8(b),dash8_alpha0p001_caption_t1s_prose_t0p5s,1,lateral_expansion_L,m,vertical_distance_z,m,1.9579,1.2174,0.050,0.040,531.00,585.00
Fig. 8(b),dash8_alpha0p001_caption_t1s_prose_t0p5s,1,lateral_expansion_L,m,vertical_distance_z,m,2.0463,1.2301,0.050,0.040,552.00,589.00
Fig. 8(b),dash8_alpha0p001_caption_t1s_prose_t0p5s,1,lateral_expansion_L,m,vertical_distance_z,m,2.1115,1.2428,0.050,0.040,567.50,593.00
Fig. 8(b),dash8_alpha0p001_caption_t1s_prose_t0p5s,1,lateral_expansion_L,m,vertical_distance_z,m,2.1767,1.2554,0.050,0.040,583.00,597.00
Fig. 8(b),dash8_alpha0p001_caption_t1s_prose_t0p5s,1,lateral_expansion_L,m,vertical_distance_z,m,2.2629,1.2681,0.050,0.040,603.50,601.00
Fig. 8(b),dash8_alpha0p001_caption_t1s_prose_t0p5s,1,lateral_expansion_L,m,vertical_distance_z,m,2.3428,1.2808,0.050,0.040,622.50,605.00
Fig. 8(b),dash8_alpha0p001_caption_t1s_prose_t0p5s,1,lateral_expansion_L,m,vertical_distance_z,m,2.4143,1.2935,0.050,0.040,639.50,609.00
Fig. 8(b),dash8_alpha0p001_caption_t1s_prose_t0p5s,1,lateral_expansion_L,m,vertical_distance_z,m,2.4416,1.3062,0.050,0.040,646.00,613.00
Fig. 8(b),dash8_alpha0p001_caption_t1s_prose_t0p5s,1,lateral_expansion_L,m,vertical_distance_z,m,2.4753,1.3188,0.050,0.040,654.00,617.00
Fig. 8(b),dash8_alpha0p001_caption_t1s_prose_t0p5s,1,lateral_expansion_L,m,vertical_distance_z,m,2.4942,1.3315,0.050,0.040,658.50,621.00
Fig. 8(b),dash8_alpha0p001_caption_t1s_prose_t0p5s,1,lateral_expansion_L,m,vertical_distance_z,m,2.5047,1.3442,0.050,0.040,661.00,625.00
Fig. 8(b),dash8_alpha0p001_caption_t1s_prose_t0p5s,1,lateral_expansion_L,m,vertical_distance_z,m,2.5068,1.3569,0.050,0.040,661.50,629.00
Fig. 8(b),dash8_alpha0p001_caption_t1s_prose_t0p5s,1,lateral_expansion_L,m,vertical_distance_z,m,2.4984,1.3696,0.050,0.040,659.50,633.00
Fig. 8(b),dash8_alpha0p001_caption_t1s_prose_t0p5s,1,lateral_expansion_L,m,vertical_distance_z,m,2.4879,1.3822,0.050,0.040,657.00,637.00
Fig. 8(b),dash8_alpha0p001_caption_t1s_prose_t0p5s,1,lateral_expansion_L,m,vertical_distance_z,m,2.4879,1.3949,0.050,0.040,657.00,641.00
Fig. 8(b),dash8_alpha0p001_caption_t1s_prose_t0p5s,1,lateral_expansion_L,m,vertical_distance_z,m,2.5026,1.4076,0.050,0.040,660.50,645.00
Fig. 8(b),dash8_alpha0p001_caption_t1s_prose_t0p5s,1,lateral_expansion_L,m,vertical_distance_z,m,2.5258,1.4203,0.050,0.040,666.00,649.00
Fig. 8(b),dash8_alpha0p001_caption_t1s_prose_t0p5s,1,lateral_expansion_L,m,vertical_distance_z,m,2.5384,1.4330,0.050,0.040,669.00,653.00
Fig. 8(b),dash8_alpha0p001_caption_t1s_prose_t0p5s,1,lateral_expansion_L,m,vertical_distance_z,m,2.5426,1.4457,0.050,0.040,670.00,657.00
Fig. 8(b),dash8_alpha0p001_caption_t1s_prose_t0p5s,1,lateral_expansion_L,m,vertical_distance_z,m,2.5342,1.4583,0.050,0.040,668.00,661.00
Fig. 8(b),dash8_alpha0p001_caption_t1s_prose_t0p5s,1,lateral_expansion_L,m,vertical_distance_z,m,2.5237,1.4710,0.050,0.040,665.50,665.00
Fig. 8(b),dash8_alpha0p001_caption_t1s_prose_t0p5s,1,lateral_expansion_L,m,vertical_distance_z,m,2.5152,1.4837,0.050,0.040,663.50,669.00
Fig. 8(b),dash8_alpha0p001_caption_t1s_prose_t0p5s,1,lateral_expansion_L,m,vertical_distance_z,m,2.5152,1.4964,0.050,0.040,663.50,673.00
Fig. 8(b),dash8_alpha0p001_caption_t1s_prose_t0p5s,1,lateral_expansion_L,m,vertical_distance_z,m,2.5152,1.5091,0.050,0.040,663.50,677.00
Fig. 8(b),dash8_alpha0p001_caption_t1s_prose_t0p5s,1,lateral_expansion_L,m,vertical_distance_z,m,2.5237,1.5217,0.050,0.040,665.50,681.00
Fig. 8(b),dash8_alpha0p001_caption_t1s_prose_t0p5s,1,lateral_expansion_L,m,vertical_distance_z,m,2.5342,1.5344,0.050,0.040,668.00,685.00
Fig. 8(b),dash8_alpha0p001_caption_t1s_prose_t0p5s,1,lateral_expansion_L,m,vertical_distance_z,m,2.5426,1.5471,0.050,0.040,670.00,689.00
Fig. 8(b),dash8_alpha0p001_caption_t1s_prose_t0p5s,1,lateral_expansion_L,m,vertical_distance_z,m,2.5552,1.5598,0.050,0.040,673.00,693.00
Fig. 8(b),dash8_alpha0p001_caption_t1s_prose_t0p5s,1,lateral_expansion_L,m,vertical_distance_z,m,2.5573,1.5725,0.050,0.040,673.50,697.00
Fig. 8(b),dash8_alpha0p001_caption_t1s_prose_t0p5s,1,lateral_expansion_L,m,vertical_distance_z,m,2.5573,1.5851,0.050,0.040,673.50,701.00
Fig. 8(b),dash8_alpha0p001_caption_t1s_prose_t0p5s,1,lateral_expansion_L,m,vertical_distance_z,m,2.5573,1.5978,0.050,0.040,673.50,705.00
Fig. 8(b),dash8_alpha0p001_caption_t1s_prose_t0p5s,1,lateral_expansion_L,m,vertical_distance_z,m,2.5573,1.6105,0.050,0.040,673.50,709.00
Fig. 8(b),dash8_alpha0p001_caption_t1s_prose_t0p5s,1,lateral_expansion_L,m,vertical_distance_z,m,2.5573,1.6232,0.050,0.040,673.50,713.00
Fig. 8(b),dash8_alpha0p001_caption_t1s_prose_t0p5s,1,lateral_expansion_L,m,vertical_distance_z,m,2.5573,1.6359,0.050,0.040,673.50,717.00
Fig. 8(b),dash8_alpha0p001_caption_t1s_prose_t0p5s,1,lateral_expansion_L,m,vertical_distance_z,m,2.5657,1.6486,0.050,0.040,675.50,721.00
Fig. 8(b),dash8_alpha0p001_caption_t1s_prose_t0p5s,1,lateral_expansion_L,m,vertical_distance_z,m,2.5804,1.6612,0.050,0.040,679.00,725.00
Fig. 8(b),dash8_alpha0p001_caption_t1s_prose_t0p5s,1,lateral_expansion_L,m,vertical_distance_z,m,2.5910,1.6739,0.050,0.040,681.50,729.00
Fig. 8(b),dash8_alpha0p001_caption_t1s_prose_t0p5s,1,lateral_expansion_L,m,vertical_distance_z,m,2.6015,1.6866,0.050,0.040,684.00,733.00
Fig. 8(b),dash8_alpha0p001_caption_t1s_prose_t0p5s,1,lateral_expansion_L,m,vertical_distance_z,m,2.6141,1.6993,0.050,0.040,687.00,737.00
Fig. 8(b),dash8_alpha0p001_caption_t1s_prose_t0p5s,1,lateral_expansion_L,m,vertical_distance_z,m,2.6288,1.7120,0.050,0.040,690.50,741.00
Fig. 8(b),dash8_alpha0p001_caption_t1s_prose_t0p5s,1,lateral_expansion_L,m,vertical_distance_z,m,2.6351,1.7246,0.050,0.040,692.00,745.00
Fig. 8(b),dash8_alpha0p001_caption_t1s_prose_t0p5s,1,lateral_expansion_L,m,vertical_distance_z,m,2.6393,1.7373,0.050,0.040,693.00,749.00
Fig. 8(b),dash8_alpha0p001_caption_t1s_prose_t0p5s,1,lateral_expansion_L,m,vertical_distance_z,m,2.6393,1.7500,0.050,0.040,693.00,753.00
Fig. 8(b),dash8_alpha0p001_caption_t1s_prose_t0p5s,1,lateral_expansion_L,m,vertical_distance_z,m,2.6393,1.7627,0.050,0.040,693.00,757.00
Fig. 8(b),dash8_alpha0p001_caption_t1s_prose_t0p5s,1,lateral_expansion_L,m,vertical_distance_z,m,2.6393,1.7754,0.050,0.040,693.00,761.00
Fig. 8(b),dash8_alpha0p001_caption_t1s_prose_t0p5s,1,lateral_expansion_L,m,vertical_distance_z,m,2.6393,1.7880,0.050,0.040,693.00,765.00
Fig. 8(b),dash8_alpha0p001_caption_t1s_prose_t0p5s,1,lateral_expansion_L,m,vertical_distance_z,m,2.6414,1.8007,0.050,0.040,693.50,769.00
Fig. 8(b),dash8_alpha0p001_caption_t1s_prose_t0p5s,1,lateral_expansion_L,m,vertical_distance_z,m,2.6477,1.8134,0.050,0.040,695.00,773.00
Fig. 8(b),dash8_alpha0p001_caption_t1s_prose_t0p5s,1,lateral_expansion_L,m,vertical_distance_z,m,2.6583,1.8261,0.050,0.040,697.50,777.00
Fig. 8(b),dash8_alpha0p001_caption_t1s_prose_t0p5s,1,lateral_expansion_L,m,vertical_distance_z,m,2.6667,1.8388,0.050,0.040,699.50,781.00
Fig. 8(b),dash8_alpha0p001_caption_t1s_prose_t0p5s,1,lateral_expansion_L,m,vertical_distance_z,m,2.6667,1.8514,0.050,0.040,699.50,785.00
Fig. 8(b),dash8_alpha0p001_caption_t1s_prose_t0p5s,1,lateral_expansion_L,m,vertical_distance_z,m,2.6583,1.8641,0.050,0.040,697.50,789.00
Fig. 8(b),dash8_alpha0p001_caption_t1s_prose_t0p5s,1,lateral_expansion_L,m,vertical_distance_z,m,2.6477,1.8768,0.050,0.040,695.00,793.00
Fig. 8(b),dash8_alpha0p001_caption_t1s_prose_t0p5s,1,lateral_expansion_L,m,vertical_distance_z,m,2.6562,1.8895,0.050,0.040,697.00,797.00
Fig. 8(b),dash8_alpha0p001_caption_t1s_prose_t0p5s,1,lateral_expansion_L,m,vertical_distance_z,m,2.6751,1.9022,0.050,0.040,701.50,801.00
Fig. 8(b),dash8_alpha0p001_caption_t1s_prose_t0p5s,1,lateral_expansion_L,m,vertical_distance_z,m,2.6877,1.9149,0.050,0.040,704.50,805.00
Fig. 8(b),dash8_alpha0p001_caption_t1s_prose_t0p5s,1,lateral_expansion_L,m,vertical_distance_z,m,2.7024,1.9275,0.050,0.040,708.00,809.00
Fig. 8(b),dash8_alpha0p001_caption_t1s_prose_t0p5s,1,lateral_expansion_L,m,vertical_distance_z,m,2.7003,1.9402,0.050,0.040,707.50,813.00
Fig. 8(b),dash8_alpha0p001_caption_t1s_prose_t0p5s,1,lateral_expansion_L,m,vertical_distance_z,m,2.6877,1.9529,0.050,0.040,704.50,817.00
Fig. 8(b),dash8_alpha0p001_caption_t1s_prose_t0p5s,1,lateral_expansion_L,m,vertical_distance_z,m,2.6793,1.9656,0.050,0.040,702.50,821.00
Fig. 8(b),dash8_alpha0p001_caption_t1s_prose_t0p5s,1,lateral_expansion_L,m,vertical_distance_z,m,2.6772,1.9783,0.050,0.040,702.00,825.00
Fig. 8(b),dash8_alpha0p001_caption_t1s_prose_t0p5s,1,lateral_expansion_L,m,vertical_distance_z,m,2.6772,1.9909,0.050,0.040,702.00,829.00
Fig. 8(b),dash8_alpha0p001_caption_t1s_prose_t0p5s,1,lateral_expansion_L,m,vertical_distance_z,m,2.6772,2.0036,0.050,0.040,702.00,833.00
Fig. 8(b),dash8_alpha0p001_caption_t1s_prose_t0p5s,1,lateral_expansion_L,m,vertical_distance_z,m,2.6772,2.0163,0.050,0.040,702.00,837.00
Fig. 8(b),dash8_alpha0p001_caption_t1s_prose_t0p5s,1,lateral_expansion_L,m,vertical_distance_z,m,2.6772,2.0290,0.050,0.040,702.00,841.00
Fig. 8(b),dash8_alpha0p001_caption_t1s_prose_t0p5s,1,lateral_expansion_L,m,vertical_distance_z,m,2.6772,2.0417,0.050,0.040,702.00,845.00
Fig. 8(b),dash8_alpha0p001_caption_t1s_prose_t0p5s,1,lateral_expansion_L,m,vertical_distance_z,m,2.6835,2.0543,0.050,0.040,703.50,849.00
Fig. 8(b),dash8_alpha0p001_caption_t1s_prose_t0p5s,1,lateral_expansion_L,m,vertical_distance_z,m,2.6940,2.0670,0.050,0.040,706.00,853.00
Fig. 8(b),dash8_alpha0p001_caption_t1s_prose_t0p5s,1,lateral_expansion_L,m,vertical_distance_z,m,2.7045,2.0797,0.050,0.040,708.50,857.00
Fig. 8(b),dash8_alpha0p001_caption_t1s_prose_t0p5s,1,lateral_expansion_L,m,vertical_distance_z,m,2.7129,2.0924,0.050,0.040,710.50,861.00
Fig. 8(b),dash8_alpha0p001_caption_t1s_prose_t0p5s,1,lateral_expansion_L,m,vertical_distance_z,m,2.7192,2.1051,0.050,0.040,712.00,865.00
Fig. 8(b),dash8_alpha0p001_caption_t1s_prose_t0p5s,1,lateral_expansion_L,m,vertical_distance_z,m,2.7192,2.1178,0.050,0.040,712.00,869.00
Fig. 8(b),dash8_alpha0p001_caption_t1s_prose_t0p5s,1,lateral_expansion_L,m,vertical_distance_z,m,2.7213,2.1304,0.050,0.040,712.50,873.00
Fig. 8(b),dash8_alpha0p001_caption_t1s_prose_t0p5s,1,lateral_expansion_L,m,vertical_distance_z,m,2.7298,2.1431,0.050,0.040,714.50,877.00
Fig. 8(b),dash8_alpha0p001_caption_t1s_prose_t0p5s,1,lateral_expansion_L,m,vertical_distance_z,m,2.7403,2.1558,0.050,0.040,717.00,881.00
Fig. 8(b),dash8_alpha0p001_caption_t1s_prose_t0p5s,1,lateral_expansion_L,m,vertical_distance_z,m,2.7529,2.1685,0.050,0.040,720.00,885.00
Fig. 8(b),dash8_alpha0p001_caption_t1s_prose_t0p5s,1,lateral_expansion_L,m,vertical_distance_z,m,2.7550,2.1812,0.050,0.040,720.50,889.00
Fig. 8(b),dash8_alpha0p001_caption_t1s_prose_t0p5s,1,lateral_expansion_L,m,vertical_distance_z,m,2.7571,2.1938,0.050,0.040,721.00,893.00
Fig. 8(b),dash8_alpha0p001_caption_t1s_prose_t0p5s,1,lateral_expansion_L,m,vertical_distance_z,m,2.7592,2.2065,0.050,0.040,721.50,897.00
Fig. 8(b),dash8_alpha0p001_caption_t1s_prose_t0p5s,1,lateral_expansion_L,m,vertical_distance_z,m,2.7676,2.2192,0.050,0.040,723.50,901.00
Fig. 8(b),dash8_alpha0p001_caption_t1s_prose_t0p5s,1,lateral_expansion_L,m,vertical_distance_z,m,2.7760,2.2319,0.050,0.040,725.50,905.00
Fig. 8(b),dash8_alpha0p001_caption_t1s_prose_t0p5s,1,lateral_expansion_L,m,vertical_distance_z,m,2.7865,2.2446,0.050,0.040,728.00,909.00
Fig. 8(b),dash8_alpha0p001_caption_t1s_prose_t0p5s,1,lateral_expansion_L,m,vertical_distance_z,m,2.7865,2.2572,0.050,0.040,728.00,913.00
Fig. 8(b),dash8_alpha0p001_caption_t1s_prose_t0p5s,1,lateral_expansion_L,m,vertical_distance_z,m,2.7802,2.2699,0.050,0.040,726.50,917.00
Fig. 8(b),dash8_alpha0p001_caption_t1s_prose_t0p5s,1,lateral_expansion_L,m,vertical_distance_z,m,2.7676,2.2826,0.050,0.040,723.50,921.00
Fig. 8(b),dash8_alpha0p001_caption_t1s_prose_t0p5s,1,lateral_expansion_L,m,vertical_distance_z,m,2.7592,2.2953,0.050,0.040,721.50,925.00
Fig. 8(b),dash8_alpha0p001_caption_t1s_prose_t0p5s,1,lateral_expansion_L,m,vertical_distance_z,m,2.7571,2.3080,0.050,0.040,721.00,929.00
Fig. 8(b),dash8_alpha0p001_caption_t1s_prose_t0p5s,1,lateral_expansion_L,m,vertical_distance_z,m,2.7571,2.3207,0.050,0.040,721.00,933.00
Fig. 8(b),dash8_alpha0p001_caption_t1s_prose_t0p5s,1,lateral_expansion_L,m,vertical_distance_z,m,2.7592,2.3333,0.050,0.040,721.50,937.00
Fig. 8(b),dash8_alpha0p001_caption_t1s_prose_t0p5s,1,lateral_expansion_L,m,vertical_distance_z,m,2.7676,2.3460,0.050,0.040,723.50,941.00
Fig. 8(b),dash8_alpha0p001_caption_t1s_prose_t0p5s,1,lateral_expansion_L,m,vertical_distance_z,m,2.7802,2.3587,0.050,0.040,726.50,945.00
Fig. 8(b),dash8_alpha0p001_caption_t1s_prose_t0p5s,1,lateral_expansion_L,m,vertical_distance_z,m,2.7844,2.3714,0.050,0.040,727.50,949.00
Fig. 8(b),dash8_alpha0p001_caption_t1s_prose_t0p5s,1,lateral_expansion_L,m,vertical_distance_z,m,2.7739,2.3841,0.050,0.040,725.00,953.00
Fig. 8(b),dash8_alpha0p001_caption_t1s_prose_t0p5s,1,lateral_expansion_L,m,vertical_distance_z,m,2.7550,2.3967,0.050,0.040,720.50,957.00
Fig. 8(b),dash8_alpha0p001_caption_t1s_prose_t0p5s,1,lateral_expansion_L,m,vertical_distance_z,m,2.7382,2.4094,0.050,0.040,716.50,961.00
Fig. 8(b),dash8_alpha0p001_caption_t1s_prose_t0p5s,1,lateral_expansion_L,m,vertical_distance_z,m,2.7171,2.4221,0.050,0.040,711.50,965.00
Fig. 8(b),dash8_alpha0p001_caption_t1s_prose_t0p5s,1,lateral_expansion_L,m,vertical_distance_z,m,2.7003,2.4348,0.050,0.040,707.50,969.00
Fig. 8(b),dash8_alpha0p001_caption_t1s_prose_t0p5s,1,lateral_expansion_L,m,vertical_distance_z,m,2.6856,2.4475,0.050,0.040,704.00,973.00
Fig. 8(b),dash8_alpha0p001_caption_t1s_prose_t0p5s,1,lateral_expansion_L,m,vertical_distance_z,m,2.6751,2.4601,0.050,0.040,701.50,977.00
Fig. 8(b),dash8_alpha0p001_caption_t1s_prose_t0p5s,1,lateral_expansion_L,m,vertical_distance_z,m,2.6604,2.4728,0.050,0.040,698.00,981.00
Fig. 8(b),dash8_alpha0p001_caption_t1s_prose_t0p5s,1,lateral_expansion_L,m,vertical_distance_z,m,2.6393,2.4855,0.050,0.040,693.00,985.00
Fig. 8(b),dash8_alpha0p001_caption_t1s_prose_t0p5s,1,lateral_expansion_L,m,vertical_distance_z,m,2.6183,2.4982,0.050,0.040,688.00,989.00
Fig. 8(b),dash8_alpha0p001_caption_t1s_prose_t0p5s,1,lateral_expansion_L,m,vertical_distance_z,m,2.5973,2.5109,0.050,0.040,683.00,993.00
Fig. 8(b),dash8_alpha0p001_caption_t1s_prose_t0p5s,1,lateral_expansion_L,m,vertical_distance_z,m,2.5573,2.5236,0.050,0.040,673.50,997.00
Fig. 8(b),dash8_alpha0p001_caption_t1s_prose_t0p5s,1,lateral_expansion_L,m,vertical_distance_z,m,2.5152,2.5362,0.050,0.040,663.50,1001.00
Fig. 8(b),dash8_alpha0p001_caption_t1s_prose_t0p5s,1,lateral_expansion_L,m,vertical_distance_z,m,2.4732,2.5489,0.050,0.040,653.50,1005.00
Fig. 8(b),dash8_alpha0p001_caption_t1s_prose_t0p5s,1,lateral_expansion_L,m,vertical_distance_z,m,2.4332,2.5616,0.050,0.040,644.00,1009.00
Fig. 8(b),dash8_alpha0p001_caption_t1s_prose_t0p5s,1,lateral_expansion_L,m,vertical_distance_z,m,2.4017,2.5743,0.050,0.040,636.50,1013.00
Fig. 8(b),dash8_alpha0p001_caption_t1s_prose_t0p5s,1,lateral_expansion_L,m,vertical_distance_z,m,2.3743,2.5870,0.050,0.040,630.00,1017.00
Fig. 8(b),dash8_alpha0p001_caption_t1s_prose_t0p5s,1,lateral_expansion_L,m,vertical_distance_z,m,2.3575,2.5996,0.050,0.040,626.00,1021.00
Fig. 8(b),dash8_alpha0p001_caption_t1s_prose_t0p5s,1,lateral_expansion_L,m,vertical_distance_z,m,2.3575,2.6123,0.050,0.040,626.00,1025.00
Fig. 8(b),dash8_alpha0p001_caption_t1s_prose_t0p5s,1,lateral_expansion_L,m,vertical_distance_z,m,2.3638,2.6250,0.050,0.040,627.50,1029.00
Fig. 8(b),dash8_alpha0p001_caption_t1s_prose_t0p5s,1,lateral_expansion_L,m,vertical_distance_z,m,2.3743,2.6377,0.050,0.040,630.00,1033.00
Fig. 8(b),dash8_alpha0p001_caption_t1s_prose_t0p5s,1,lateral_expansion_L,m,vertical_distance_z,m,2.3807,2.6504,0.050,0.040,631.50,1037.00
Fig. 8(b),dash8_alpha0p001_caption_t1s_prose_t0p5s,1,lateral_expansion_L,m,vertical_distance_z,m,2.3912,2.6630,0.050,0.040,634.00,1041.00
Fig. 8(b),dash8_alpha0p001_caption_t1s_prose_t0p5s,1,lateral_expansion_L,m,vertical_distance_z,m,2.3975,2.6757,0.050,0.040,635.50,1045.00
Fig. 8(b),dash8_alpha0p001_caption_t1s_prose_t0p5s,1,lateral_expansion_L,m,vertical_distance_z,m,2.3975,2.6884,0.050,0.040,635.50,1049.00
Fig. 8(b),dash8_alpha0p001_caption_t1s_prose_t0p5s,1,lateral_expansion_L,m,vertical_distance_z,m,2.3912,2.7011,0.050,0.040,634.00,1053.00
Fig. 8(b),dash8_alpha0p001_caption_t1s_prose_t0p5s,1,lateral_expansion_L,m,vertical_distance_z,m,2.3849,2.7138,0.050,0.040,632.50,1057.00
Fig. 8(b),dash8_alpha0p001_caption_t1s_prose_t0p5s,1,lateral_expansion_L,m,vertical_distance_z,m,2.3743,2.7264,0.050,0.040,630.00,1061.00
Fig. 8(b),dash8_alpha0p001_caption_t1s_prose_t0p5s,1,lateral_expansion_L,m,vertical_distance_z,m,2.3617,2.7391,0.050,0.040,627.00,1065.00
Fig. 8(b),dash8_alpha0p001_caption_t1s_prose_t0p5s,1,lateral_expansion_L,m,vertical_distance_z,m,2.3575,2.7518,0.050,0.040,626.00,1069.00
Fig. 8(b),dash8_alpha0p001_caption_t1s_prose_t0p5s,1,lateral_expansion_L,m,vertical_distance_z,m,2.3575,2.7645,0.050,0.040,626.00,1073.00
Fig. 8(b),dash8_alpha0p001_caption_t1s_prose_t0p5s,1,lateral_expansion_L,m,vertical_distance_z,m,2.3533,2.7772,0.050,0.040,625.00,1077.00
Fig. 8(b),dash8_alpha0p001_caption_t1s_prose_t0p5s,1,lateral_expansion_L,m,vertical_distance_z,m,2.3491,2.7899,0.050,0.040,624.00,1081.00
Fig. 8(b),dash8_alpha0p001_caption_t1s_prose_t0p5s,1,lateral_expansion_L,m,vertical_distance_z,m,2.3386,2.8025,0.050,0.040,621.50,1085.00
Fig. 8(b),dash8_alpha0p001_caption_t1s_prose_t0p5s,1,lateral_expansion_L,m,vertical_distance_z,m,2.3260,2.8152,0.050,0.040,618.50,1089.00
Fig. 8(b),dash8_alpha0p001_caption_t1s_prose_t0p5s,1,lateral_expansion_L,m,vertical_distance_z,m,2.3134,2.8279,0.050,0.040,615.50,1093.00
Fig. 8(b),dash8_alpha0p001_caption_t1s_prose_t0p5s,1,lateral_expansion_L,m,vertical_distance_z,m,2.3007,2.8406,0.050,0.040,612.50,1097.00
Fig. 8(b),dash8_alpha0p001_caption_t1s_prose_t0p5s,1,lateral_expansion_L,m,vertical_distance_z,m,2.2860,2.8533,0.050,0.040,609.00,1101.00
Fig. 8(b),dash8_alpha0p001_caption_t1s_prose_t0p5s,1,lateral_expansion_L,m,vertical_distance_z,m,2.2692,2.8659,0.050,0.040,605.00,1105.00
Fig. 8(b),dash8_alpha0p001_caption_t1s_prose_t0p5s,1,lateral_expansion_L,m,vertical_distance_z,m,2.2482,2.8786,0.050,0.040,600.00,1109.00
Fig. 8(b),dash8_alpha0p001_caption_t1s_prose_t0p5s,1,lateral_expansion_L,m,vertical_distance_z,m,2.2229,2.8913,0.050,0.040,594.00,1113.00
Fig. 8(b),dash8_alpha0p001_caption_t1s_prose_t0p5s,1,lateral_expansion_L,m,vertical_distance_z,m,2.1767,2.9040,0.050,0.040,583.00,1117.00
Fig. 8(b),dash8_alpha0p001_caption_t1s_prose_t0p5s,1,lateral_expansion_L,m,vertical_distance_z,m,2.1220,2.9167,0.050,0.040,570.00,1121.00
Fig. 8(b),dash8_alpha0p001_caption_t1s_prose_t0p5s,1,lateral_expansion_L,m,vertical_distance_z,m,2.0610,2.9293,0.050,0.040,555.50,1125.00
Fig. 8(b),dash8_alpha0p001_caption_t1s_prose_t0p5s,1,lateral_expansion_L,m,vertical_distance_z,m,2.0168,2.9420,0.050,0.040,545.00,1129.00
Fig. 8(b),dash8_alpha0p001_caption_t1s_prose_t0p5s,1,lateral_expansion_L,m,vertical_distance_z,m,1.9664,2.9547,0.050,0.040,533.00,1133.00
Fig. 8(b),dash8_alpha0p001_caption_t1s_prose_t0p5s,1,lateral_expansion_L,m,vertical_distance_z,m,1.8948,2.9674,0.050,0.040,516.00,1137.00
Fig. 8(b),dash8_alpha0p001_caption_t1s_prose_t0p5s,1,lateral_expansion_L,m,vertical_distance_z,m,1.8654,2.9801,0.050,0.040,509.00,1141.00
Fig. 8(b),dash8_alpha0p001_caption_t1s_prose_t0p5s,1,lateral_expansion_L,m,vertical_distance_z,m,1.8360,2.9928,0.050,0.040,502.00,1145.00
Fig. 8(b),dash8_alpha0p001_caption_t1s_prose_t0p5s,1,lateral_expansion_L,m,vertical_distance_z,m,1.8023,3.0054,0.050,0.040,494.00,1149.00
Fig. 8(b),dash8_alpha0p001_caption_t1s_prose_t0p5s,1,lateral_expansion_L,m,vertical_distance_z,m,1.7729,3.0181,0.050,0.040,487.00,1153.00
Fig. 8(b),dash8_alpha0p001_caption_t1s_prose_t0p5s,1,lateral_expansion_L,m,vertical_distance_z,m,1.7392,3.0308,0.050,0.040,479.00,1157.00
Fig. 8(b),dash8_alpha0p001_caption_t1s_prose_t0p5s,1,lateral_expansion_L,m,vertical_distance_z,m,1.7119,3.0435,0.050,0.040,472.50,1161.00
Fig. 8(b),dash8_alpha0p001_caption_t1s_prose_t0p5s,1,lateral_expansion_L,m,vertical_distance_z,m,1.6761,3.0562,0.050,0.040,464.00,1165.00
Fig. 8(b),dash8_alpha0p001_caption_t1s_prose_t0p5s,1,lateral_expansion_L,m,vertical_distance_z,m,1.6257,3.0688,0.050,0.040,452.00,1169.00
Fig. 8(b),dash8_alpha0p001_caption_t1s_prose_t0p5s,1,lateral_expansion_L,m,vertical_distance_z,m,1.5878,3.0815,0.050,0.040,443.00,1173.00
Fig. 8(b),dash8_alpha0p001_caption_t1s_prose_t0p5s,1,lateral_expansion_L,m,vertical_distance_z,m,1.5226,3.0942,0.050,0.040,427.50,1177.00
Fig. 8(b),dash8_alpha0p001_caption_t1s_prose_t0p5s,1,lateral_expansion_L,m,vertical_distance_z,m,1.2976,3.1069,0.050,0.040,374.00,1181.00
Fig. 8(b),dash8_alpha0p001_caption_t1s_prose_t0p5s,1,lateral_expansion_L,m,vertical_distance_z,m,1.0936,3.1196,0.050,0.040,325.50,1185.00
Fig. 8(b),dash8_alpha0p001_caption_t1s_prose_t0p5s,1,lateral_expansion_L,m,vertical_distance_z,m,0.8980,3.1322,0.050,0.040,279.00,1189.00
Fig. 8(b),dash8_alpha0p001_caption_t1s_prose_t0p5s,1,lateral_expansion_L,m,vertical_distance_z,m,0.7382,3.1449,0.050,0.040,241.00,1193.00
Fig. 8(b),dash8_alpha0p001_caption_t1s_prose_t0p5s,1,lateral_expansion_L,m,vertical_distance_z,m,0.5342,3.1576,0.050,0.040,192.50,1197.00
Fig. 8(b),dash8_alpha0p001_caption_t1s_prose_t0p5s,1,lateral_expansion_L,m,vertical_distance_z,m,0.3155,3.1703,0.050,0.040,140.50,1201.00
Fig. 8(b),dash8_alpha0p001_caption_t1s_prose_t0p5s,1,lateral_expansion_L,m,vertical_distance_z,m,0.2524,3.1830,0.050,0.040,125.50,1205.00
Fig. 8(b),dash8_alpha0p001_caption_t1s_prose_t0p5s,1,lateral_expansion_L,m,vertical_distance_z,m,0.2334,3.1957,0.050,0.040,121.00,1209.00
Fig. 8(b),dash8_alpha0p001_caption_t1s_prose_t0p5s,1,lateral_expansion_L,m,vertical_distance_z,m,0.2145,3.2083,0.050,0.040,116.50,1213.00
Fig. 8(b),dash8_alpha0p001_caption_t1s_prose_t0p5s,1,lateral_expansion_L,m,vertical_distance_z,m,0.1977,3.2210,0.050,0.040,112.50,1217.00
Fig. 8(b),dash8_alpha0p001_caption_t1s_prose_t0p5s,1,lateral_expansion_L,m,vertical_distance_z,m,0.1725,3.2337,0.050,0.040,106.50,1221.00
Fig. 8(b),dash8_alpha0p001_caption_t1s_prose_t0p5s,1,lateral_expansion_L,m,vertical_distance_z,m,0.1493,3.2464,0.050,0.040,101.00,1225.00
Fig. 8(b),dash8_alpha0p001_caption_t1s_prose_t0p5s,1,lateral_expansion_L,m,vertical_distance_z,m,0.1157,3.2591,0.050,0.040,93.00,1229.00
Fig. 8(b),dash8_alpha0p001_caption_t1s_prose_t0p5s,1,lateral_expansion_L,m,vertical_distance_z,m,0.0820,3.2717,0.050,0.040,85.00,1233.00
Fig. 8(b),dash8_alpha0p001_caption_t1s_prose_t0p5s,1,lateral_expansion_L,m,vertical_distance_z,m,0.0547,3.2844,0.050,0.040,78.50,1237.00
Fig. 8(b),dash8_alpha0p001_caption_t1s_prose_t0p5s,1,lateral_expansion_L,m,vertical_distance_z,m,0.0379,3.2971,0.050,0.040,74.50,1241.00
Fig. 8(b),dash8_alpha0p001_caption_t1s_prose_t0p5s,1,lateral_expansion_L,m,vertical_distance_z,m,0.0252,3.3098,0.050,0.040,71.50,1245.00
Fig. 8(b),dash8_alpha0p001_caption_t1s_prose_t0p5s,1,lateral_expansion_L,m,vertical_distance_z,m,0.0126,3.3225,0.050,0.040,68.50,1249.00
Fig. 9(a),fig9_dash8_alpha0p001_t0p5s,1,normalized_lateral_expansion_L_over_Lc,1,normalized_vertical_distance_z_over_Lc,1,0.0066,0.0589,0.080,0.070,168.50,208.00
Fig. 9(a),fig9_dash8_alpha0p001_t0p5s,1,normalized_lateral_expansion_L_over_Lc,1,normalized_vertical_distance_z_over_Lc,1,0.2295,0.0883,0.080,0.070,202.50,212.00
Fig. 9(a),fig9_dash8_alpha0p001_t0p5s,1,normalized_lateral_expansion_L_over_Lc,1,normalized_vertical_distance_z_over_Lc,1,0.2262,0.1178,0.080,0.070,202.00,216.00
Fig. 9(a),fig9_dash8_alpha0p001_t0p5s,1,normalized_lateral_expansion_L_over_Lc,1,normalized_vertical_distance_z_over_Lc,1,0.2393,0.1472,0.080,0.070,204.00,220.00
Fig. 9(a),fig9_dash8_alpha0p001_t0p5s,2,normalized_lateral_expansion_L_over_Lc,1,normalized_vertical_distance_z_over_Lc,1,0.6131,0.3533,0.080,0.070,261.00,248.00
Fig. 9(a),fig9_dash8_alpha0p001_t0p5s,2,normalized_lateral_expansion_L_over_Lc,1,normalized_vertical_distance_z_over_Lc,1,0.6885,0.3827,0.080,0.070,272.50,252.00
Fig. 9(a),fig9_dash8_alpha0p001_t0p5s,2,normalized_lateral_expansion_L_over_Lc,1,normalized_vertical_distance_z_over_Lc,1,0.7738,0.4121,0.080,0.070,285.50,256.00
Fig. 9(a),fig9_dash8_alpha0p001_t0p5s,2,normalized_lateral_expansion_L_over_Lc,1,normalized_vertical_distance_z_over_Lc,1,0.7574,0.4416,0.080,0.070,283.00,260.00
Fig. 9(a),fig9_dash8_alpha0p001_t0p5s,2,normalized_lateral_expansion_L_over_Lc,1,normalized_vertical_distance_z_over_Lc,1,0.6492,0.4710,0.080,0.070,266.50,264.00
Fig. 9(a),fig9_dash8_alpha0p001_t0p5s,3,normalized_lateral_expansion_L_over_Lc,1,normalized_vertical_distance_z_over_Lc,1,0.8590,0.5888,0.080,0.070,298.50,280.00
Fig. 9(a),fig9_dash8_alpha0p001_t0p5s,3,normalized_lateral_expansion_L_over_Lc,1,normalized_vertical_distance_z_over_Lc,1,1.0459,0.6182,0.080,0.070,327.00,284.00
Fig. 9(a),fig9_dash8_alpha0p001_t0p5s,3,normalized_lateral_expansion_L_over_Lc,1,normalized_vertical_distance_z_over_Lc,1,1.3410,0.6477,0.080,0.070,372.00,288.00
Fig. 9(a),fig9_dash8_alpha0p001_t0p5s,3,normalized_lateral_expansion_L_over_Lc,1,normalized_vertical_distance_z_over_Lc,1,1.5508,0.6771,0.080,0.070,404.00,292.00
Fig. 9(a),fig9_dash8_alpha0p001_t0p5s,3,normalized_lateral_expansion_L_over_Lc,1,normalized_vertical_distance_z_over_Lc,1,1.6492,0.7065,0.080,0.070,419.00,296.00
Fig. 9(a),fig9_dash8_alpha0p001_t0p5s,3,normalized_lateral_expansion_L_over_Lc,1,normalized_vertical_distance_z_over_Lc,1,1.6918,0.7360,0.080,0.070,425.50,300.00
Fig. 9(a),fig9_dash8_alpha0p001_t0p5s,3,normalized_lateral_expansion_L_over_Lc,1,normalized_vertical_distance_z_over_Lc,1,1.7508,0.7654,0.080,0.070,434.50,304.00
Fig. 9(a),fig9_dash8_alpha0p001_t0p5s,3,normalized_lateral_expansion_L_over_Lc,1,normalized_vertical_distance_z_over_Lc,1,1.7967,0.7948,0.080,0.070,441.50,308.00
Fig. 9(a),fig9_dash8_alpha0p001_t0p5s,3,normalized_lateral_expansion_L_over_Lc,1,normalized_vertical_distance_z_over_Lc,1,1.8328,0.8243,0.080,0.070,447.00,312.00
Fig. 9(a),fig9_dash8_alpha0p001_t0p5s,3,normalized_lateral_expansion_L_over_Lc,1,normalized_vertical_distance_z_over_Lc,1,1.8557,0.8537,0.080,0.070,450.50,316.00
Fig. 9(a),fig9_dash8_alpha0p001_t0p5s,3,normalized_lateral_expansion_L_over_Lc,1,normalized_vertical_distance_z_over_Lc,1,1.8557,0.8832,0.080,0.070,450.50,320.00
Fig. 9(a),fig9_dash8_alpha0p001_t0p5s,3,normalized_lateral_expansion_L_over_Lc,1,normalized_vertical_distance_z_over_Lc,1,1.8557,0.9126,0.080,0.070,450.50,324.00
Fig. 9(a),fig9_dash8_alpha0p001_t0p5s,4,normalized_lateral_expansion_L_over_Lc,1,normalized_vertical_distance_z_over_Lc,1,1.6820,1.0304,0.080,0.070,424.00,340.00
Fig. 9(a),fig9_dash8_alpha0p001_t0p5s,4,normalized_lateral_expansion_L_over_Lc,1,normalized_vertical_distance_z_over_Lc,1,1.7180,1.0598,0.080,0.070,429.50,344.00
Fig. 9(a),fig9_dash8_alpha0p001_t0p5s,4,normalized_lateral_expansion_L_over_Lc,1,normalized_vertical_distance_z_over_Lc,1,1.7639,1.0892,0.080,0.070,436.50,348.00
Fig. 9(a),fig9_dash8_alpha0p001_t0p5s,4,normalized_lateral_expansion_L_over_Lc,1,normalized_vertical_distance_z_over_Lc,1,1.8721,1.1187,0.080,0.070,453.00,352.00
Fig. 9(a),fig9_dash8_alpha0p001_t0p5s,4,normalized_lateral_expansion_L_over_Lc,1,normalized_vertical_distance_z_over_Lc,1,1.9705,1.1481,0.080,0.070,468.00,356.00
Fig. 9(a),fig9_dash8_alpha0p001_t0p5s,4,normalized_lateral_expansion_L_over_Lc,1,normalized_vertical_distance_z_over_Lc,1,2.1115,1.1776,0.080,0.070,489.50,360.00
Fig. 9(a),fig9_dash8_alpha0p001_t0p5s,4,normalized_lateral_expansion_L_over_Lc,1,normalized_vertical_distance_z_over_Lc,1,2.1508,1.2070,0.080,0.070,495.50,364.00
Fig. 9(a),fig9_dash8_alpha0p001_t0p5s,4,normalized_lateral_expansion_L_over_Lc,1,normalized_vertical_distance_z_over_Lc,1,2.1705,1.2364,0.080,0.070,498.50,368.00
Fig. 9(a),fig9_dash8_alpha0p001_t0p5s,4,normalized_lateral_expansion_L_over_Lc,1,normalized_vertical_distance_z_over_Lc,1,2.1738,1.2659,0.080,0.070,499.00,372.00
Fig. 9(a),fig9_dash8_alpha0p001_t0p5s,4,normalized_lateral_expansion_L_over_Lc,1,normalized_vertical_distance_z_over_Lc,1,2.1803,1.2953,0.080,0.070,500.00,376.00
Fig. 9(a),fig9_dash8_alpha0p001_t0p5s,4,normalized_lateral_expansion_L_over_Lc,1,normalized_vertical_distance_z_over_Lc,1,2.1738,1.3247,0.080,0.070,499.00,380.00
Fig. 9(a),fig9_dash8_alpha0p001_t0p5s,4,normalized_lateral_expansion_L_over_Lc,1,normalized_vertical_distance_z_over_Lc,1,2.1836,1.3542,0.080,0.070,500.50,384.00
Fig. 9(a),fig9_dash8_alpha0p001_t0p5s,4,normalized_lateral_expansion_L_over_Lc,1,normalized_vertical_distance_z_over_Lc,1,2.2000,1.3836,0.080,0.070,503.00,388.00
Fig. 9(a),fig9_dash8_alpha0p001_t0p5s,4,normalized_lateral_expansion_L_over_Lc,1,normalized_vertical_distance_z_over_Lc,1,2.2033,1.4131,0.080,0.070,503.50,392.00
Fig. 9(a),fig9_dash8_alpha0p001_t0p5s,4,normalized_lateral_expansion_L_over_Lc,1,normalized_vertical_distance_z_over_Lc,1,2.2131,1.4425,0.080,0.070,505.00,396.00
Fig. 9(a),fig9_dash8_alpha0p001_t0p5s,4,normalized_lateral_expansion_L_over_Lc,1,normalized_vertical_distance_z_over_Lc,1,2.2328,1.4719,0.080,0.070,508.00,400.00
Fig. 9(a),fig9_dash8_alpha0p001_t0p5s,4,normalized_lateral_expansion_L_over_Lc,1,normalized_vertical_distance_z_over_Lc,1,2.2557,1.5014,0.080,0.070,511.50,404.00
Fig. 9(a),fig9_dash8_alpha0p001_t0p5s,4,normalized_lateral_expansion_L_over_Lc,1,normalized_vertical_distance_z_over_Lc,1,2.2689,1.5308,0.080,0.070,513.50,408.00
Fig. 9(a),fig9_dash8_alpha0p001_t0p5s,4,normalized_lateral_expansion_L_over_Lc,1,normalized_vertical_distance_z_over_Lc,1,2.2754,1.5603,0.080,0.070,514.50,412.00
Fig. 9(a),fig9_dash8_alpha0p001_t0p5s,4,normalized_lateral_expansion_L_over_Lc,1,normalized_vertical_distance_z_over_Lc,1,2.2820,1.5897,0.080,0.070,515.50,416.00
Fig. 9(a),fig9_dash8_alpha0p001_t0p5s,4,normalized_lateral_expansion_L_over_Lc,1,normalized_vertical_distance_z_over_Lc,1,2.2918,1.6191,0.080,0.070,517.00,420.00
Fig. 9(a),fig9_dash8_alpha0p001_t0p5s,4,normalized_lateral_expansion_L_over_Lc,1,normalized_vertical_distance_z_over_Lc,1,2.3016,1.6486,0.080,0.070,518.50,424.00
Fig. 9(a),fig9_dash8_alpha0p001_t0p5s,4,normalized_lateral_expansion_L_over_Lc,1,normalized_vertical_distance_z_over_Lc,1,2.3115,1.6780,0.080,0.070,520.00,428.00
Fig. 9(a),fig9_dash8_alpha0p001_t0p5s,4,normalized_lateral_expansion_L_over_Lc,1,normalized_vertical_distance_z_over_Lc,1,2.3180,1.7075,0.080,0.070,521.00,432.00
Fig. 9(a),fig9_dash8_alpha0p001_t0p5s,4,normalized_lateral_expansion_L_over_Lc,1,normalized_vertical_distance_z_over_Lc,1,2.3148,1.7369,0.080,0.070,520.50,436.00
Fig. 9(a),fig9_dash8_alpha0p001_t0p5s,4,normalized_lateral_expansion_L_over_Lc,1,normalized_vertical_distance_z_over_Lc,1,2.3115,1.7663,0.080,0.070,520.00,440.00
Fig. 9(a),fig9_dash8_alpha0p001_t0p5s,4,normalized_lateral_expansion_L_over_Lc,1,normalized_vertical_distance_z_over_Lc,1,2.3180,1.7958,0.080,0.070,521.00,444.00
Fig. 9(a),fig9_dash8_alpha0p001_t0p5s,4,normalized_lateral_expansion_L_over_Lc,1,normalized_vertical_distance_z_over_Lc,1,2.3311,1.8252,0.080,0.070,523.00,448.00
Fig. 9(a),fig9_dash8_alpha0p001_t0p5s,4,normalized_lateral_expansion_L_over_Lc,1,normalized_vertical_distance_z_over_Lc,1,2.3443,1.8546,0.080,0.070,525.00,452.00
Fig. 9(a),fig9_dash8_alpha0p001_t0p5s,4,normalized_lateral_expansion_L_over_Lc,1,normalized_vertical_distance_z_over_Lc,1,2.3639,1.8841,0.080,0.070,528.00,456.00
Fig. 9(a),fig9_dash8_alpha0p001_t0p5s,4,normalized_lateral_expansion_L_over_Lc,1,normalized_vertical_distance_z_over_Lc,1,2.3770,1.9135,0.080,0.070,530.00,460.00
Fig. 9(a),fig9_dash8_alpha0p001_t0p5s,4,normalized_lateral_expansion_L_over_Lc,1,normalized_vertical_distance_z_over_Lc,1,2.3934,1.9430,0.080,0.070,532.50,464.00
Fig. 9(a),fig9_dash8_alpha0p001_t0p5s,4,normalized_lateral_expansion_L_over_Lc,1,normalized_vertical_distance_z_over_Lc,1,2.3934,1.9724,0.080,0.070,532.50,468.00
Fig. 9(a),fig9_dash8_alpha0p001_t0p5s,4,normalized_lateral_expansion_L_over_Lc,1,normalized_vertical_distance_z_over_Lc,1,2.3869,2.0018,0.080,0.070,531.50,472.00
Fig. 9(a),fig9_dash8_alpha0p001_t0p5s,4,normalized_lateral_expansion_L_over_Lc,1,normalized_vertical_distance_z_over_Lc,1,2.3869,2.0313,0.080,0.070,531.50,476.00
Fig. 9(a),fig9_dash8_alpha0p001_t0p5s,4,normalized_lateral_expansion_L_over_Lc,1,normalized_vertical_distance_z_over_Lc,1,2.3869,2.0607,0.080,0.070,531.50,480.00
Fig. 9(a),fig9_dash8_alpha0p001_t0p5s,4,normalized_lateral_expansion_L_over_Lc,1,normalized_vertical_distance_z_over_Lc,1,2.3672,2.0902,0.080,0.070,528.50,484.00
Fig. 9(a),fig9_dash8_alpha0p001_t0p5s,4,normalized_lateral_expansion_L_over_Lc,1,normalized_vertical_distance_z_over_Lc,1,2.3443,2.1196,0.080,0.070,525.00,488.00
Fig. 9(a),fig9_dash8_alpha0p001_t0p5s,4,normalized_lateral_expansion_L_over_Lc,1,normalized_vertical_distance_z_over_Lc,1,2.2951,2.1490,0.080,0.070,517.50,492.00
Fig. 9(a),fig9_dash8_alpha0p001_t0p5s,4,normalized_lateral_expansion_L_over_Lc,1,normalized_vertical_distance_z_over_Lc,1,2.2393,2.1785,0.080,0.070,509.00,496.00
Fig. 9(a),fig9_dash8_alpha0p001_t0p5s,4,normalized_lateral_expansion_L_over_Lc,1,normalized_vertical_distance_z_over_Lc,1,2.1639,2.2079,0.080,0.070,497.50,500.00
Fig. 9(a),fig9_dash8_alpha0p001_t0p5s,4,normalized_lateral_expansion_L_over_Lc,1,normalized_vertical_distance_z_over_Lc,1,2.1115,2.2374,0.080,0.070,489.50,504.00
Fig. 9(a),fig9_dash8_alpha0p001_t0p5s,4,normalized_lateral_expansion_L_over_Lc,1,normalized_vertical_distance_z_over_Lc,1,2.0525,2.2668,0.080,0.070,480.50,508.00
Fig. 9(a),fig9_dash8_alpha0p001_t0p5s,4,normalized_lateral_expansion_L_over_Lc,1,normalized_vertical_distance_z_over_Lc,1,2.0492,2.2962,0.080,0.070,480.00,512.00
Fig. 9(a),fig9_dash8_alpha0p001_t0p5s,4,normalized_lateral_expansion_L_over_Lc,1,normalized_vertical_distance_z_over_Lc,1,2.0590,2.3257,0.080,0.070,481.50,516.00
Fig. 9(a),fig9_dash8_alpha0p001_t0p5s,4,normalized_lateral_expansion_L_over_Lc,1,normalized_vertical_distance_z_over_Lc,1,2.0557,2.3551,0.080,0.070,481.00,520.00
Fig. 9(a),fig9_dash8_alpha0p001_t0p5s,4,normalized_lateral_expansion_L_over_Lc,1,normalized_vertical_distance_z_over_Lc,1,2.0393,2.3845,0.080,0.070,478.50,524.00
Fig. 9(a),fig9_dash8_alpha0p001_t0p5s,4,normalized_lateral_expansion_L_over_Lc,1,normalized_vertical_distance_z_over_Lc,1,2.0230,2.4140,0.080,0.070,476.00,528.00
Fig. 9(a),fig9_dash8_alpha0p001_t0p5s,4,normalized_lateral_expansion_L_over_Lc,1,normalized_vertical_distance_z_over_Lc,1,2.0066,2.4434,0.080,0.070,473.50,532.00
Fig. 9(a),fig9_dash8_alpha0p001_t0p5s,4,normalized_lateral_expansion_L_over_Lc,1,normalized_vertical_distance_z_over_Lc,1,1.9738,2.4729,0.080,0.070,468.50,536.00
Fig. 9(a),fig9_dash8_alpha0p001_t0p5s,4,normalized_lateral_expansion_L_over_Lc,1,normalized_vertical_distance_z_over_Lc,1,1.8984,2.5023,0.080,0.070,457.00,540.00
Fig. 9(a),fig9_dash8_alpha0p001_t0p5s,4,normalized_lateral_expansion_L_over_Lc,1,normalized_vertical_distance_z_over_Lc,1,1.8098,2.5317,0.080,0.070,443.50,544.00
Fig. 9(a),fig9_dash8_alpha0p001_t0p5s,4,normalized_lateral_expansion_L_over_Lc,1,normalized_vertical_distance_z_over_Lc,1,1.7279,2.5612,0.080,0.070,431.00,548.00
Fig. 9(a),fig9_dash8_alpha0p001_t0p5s,4,normalized_lateral_expansion_L_over_Lc,1,normalized_vertical_distance_z_over_Lc,1,1.6131,2.5906,0.080,0.070,413.50,552.00
Fig. 9(a),fig9_dash8_alpha0p001_t0p5s,4,normalized_lateral_expansion_L_over_Lc,1,normalized_vertical_distance_z_over_Lc,1,1.5180,2.6201,0.080,0.070,399.00,556.00
Fig. 9(a),fig9_dash8_alpha0p001_t0p5s,4,normalized_lateral_expansion_L_over_Lc,1,normalized_vertical_distance_z_over_Lc,1,1.4295,2.6495,0.080,0.070,385.50,560.00
Fig. 9(a),fig9_dash8_alpha0p001_t0p5s,4,normalized_lateral_expansion_L_over_Lc,1,normalized_vertical_distance_z_over_Lc,1,1.1443,2.6789,0.080,0.070,342.00,564.00
Fig. 9(a),fig9_dash8_alpha0p001_t0p5s,4,normalized_lateral_expansion_L_over_Lc,1,normalized_vertical_distance_z_over_Lc,1,0.8033,2.7084,0.080,0.070,290.00,568.00
Fig. 9(a),fig9_dash8_alpha0p001_t0p5s,4,normalized_lateral_expansion_L_over_Lc,1,normalized_vertical_distance_z_over_Lc,1,0.7148,2.7378,0.080,0.070,276.50,572.00
Fig. 9(a),fig9_dash8_alpha0p001_t0p5s,4,normalized_lateral_expansion_L_over_Lc,1,normalized_vertical_distance_z_over_Lc,1,0.2295,2.7672,0.080,0.070,202.50,576.00
Fig. 9(a),fig9_dash8_alpha0p001_t0p5s,4,normalized_lateral_expansion_L_over_Lc,1,normalized_vertical_distance_z_over_Lc,1,0.1410,2.7967,0.080,0.070,189.00,580.00
Fig. 9(a),fig9_dash8_alpha0p001_t0p5s,4,normalized_lateral_expansion_L_over_Lc,1,normalized_vertical_distance_z_over_Lc,1,0.0918,2.8261,0.080,0.070,181.50,584.00
Fig. 9(a),fig9_dash8_alpha0p001_t0p5s,4,normalized_lateral_expansion_L_over_Lc,1,normalized_vertical_distance_z_over_Lc,1,0.0590,2.8556,0.080,0.070,176.50,588.00
Fig. 9(a),fig9_dash8_alpha0p001_t0p5s,4,normalized_lateral_expansion_L_over_Lc,1,normalized_vertical_distance_z_over_Lc,1,0.0230,2.8850,0.080,0.070,171.00,592.00
Fig. 9(a),fig9_dash8_alpha0p001_t1p0s,1,normalized_lateral_expansion_L_over_Lc,1,normalized_vertical_distance_z_over_Lc,1,0.0262,0.1178,0.080,0.070,171.50,216.00
Fig. 9(a),fig9_dash8_alpha0p001_t1p0s,2,normalized_lateral_expansion_L_over_Lc,1,normalized_vertical_distance_z_over_Lc,1,0.2557,0.2061,0.080,0.070,206.50,228.00
Fig. 9(a),fig9_dash8_alpha0p001_t1p0s,3,normalized_lateral_expansion_L_over_Lc,1,normalized_vertical_distance_z_over_Lc,1,0.0197,0.2649,0.080,0.070,170.50,236.00
Fig. 9(a),fig9_dash8_alpha0p001_t1p0s,3,normalized_lateral_expansion_L_over_Lc,1,normalized_vertical_distance_z_over_Lc,1,0.0459,0.2944,0.080,0.070,174.50,240.00
Fig. 9(a),fig9_dash8_alpha0p001_t1p0s,4,normalized_lateral_expansion_L_over_Lc,1,normalized_vertical_distance_z_over_Lc,1,0.9803,0.3533,0.080,0.070,317.00,248.00
Fig. 9(a),fig9_dash8_alpha0p001_t1p0s,4,normalized_lateral_expansion_L_over_Lc,1,normalized_vertical_distance_z_over_Lc,1,1.0131,0.3827,0.080,0.070,322.00,252.00
Fig. 9(a),fig9_dash8_alpha0p001_t1p0s,4,normalized_lateral_expansion_L_over_Lc,1,normalized_vertical_distance_z_over_Lc,1,1.0098,0.4121,0.080,0.070,321.50,256.00
Fig. 9(a),fig9_dash8_alpha0p001_t1p0s,4,normalized_lateral_expansion_L_over_Lc,1,normalized_vertical_distance_z_over_Lc,1,1.1082,0.4416,0.080,0.070,336.50,260.00
Fig. 9(a),fig9_dash8_alpha0p001_t1p0s,4,normalized_lateral_expansion_L_over_Lc,1,normalized_vertical_distance_z_over_Lc,1,1.1049,0.4710,0.080,0.070,336.00,264.00
Fig. 9(a),fig9_dash8_alpha0p001_t1p0s,4,normalized_lateral_expansion_L_over_Lc,1,normalized_vertical_distance_z_over_Lc,1,0.7344,0.5005,0.080,0.070,279.50,268.00
Fig. 9(a),fig9_dash8_alpha0p001_t1p0s,4,normalized_lateral_expansion_L_over_Lc,1,normalized_vertical_distance_z_over_Lc,1,0.5738,0.5299,0.080,0.070,255.00,272.00
Fig. 9(a),fig9_dash8_alpha0p001_t1p0s,4,normalized_lateral_expansion_L_over_Lc,1,normalized_vertical_distance_z_over_Lc,1,0.3082,0.5593,0.080,0.070,214.50,276.00
Fig. 9(a),fig9_dash8_alpha0p001_t1p0s,4,normalized_lateral_expansion_L_over_Lc,1,normalized_vertical_distance_z_over_Lc,1,0.0131,0.5888,0.080,0.070,169.50,280.00
Fig. 9(a),fig9_dash8_alpha0p001_t1p0s,4,normalized_lateral_expansion_L_over_Lc,1,normalized_vertical_distance_z_over_Lc,1,0.0066,0.6182,0.080,0.070,168.50,284.00
Fig. 9(a),fig9_dash8_alpha0p001_t1p0s,4,normalized_lateral_expansion_L_over_Lc,1,normalized_vertical_distance_z_over_Lc,1,0.0131,0.6477,0.080,0.070,169.50,288.00
Fig. 9(a),fig9_dash8_alpha0p001_t1p0s,4,normalized_lateral_expansion_L_over_Lc,1,normalized_vertical_distance_z_over_Lc,1,0.0230,0.6771,0.080,0.070,171.00,292.00
Fig. 9(a),fig9_dash8_alpha0p001_t1p0s,4,normalized_lateral_expansion_L_over_Lc,1,normalized_vertical_distance_z_over_Lc,1,0.0492,0.7065,0.080,0.070,175.00,296.00
Fig. 9(a),fig9_dash8_alpha0p001_t1p0s,4,normalized_lateral_expansion_L_over_Lc,1,normalized_vertical_distance_z_over_Lc,1,0.0787,0.7360,0.080,0.070,179.50,300.00
Fig. 9(a),fig9_dash8_alpha0p001_t1p0s,4,normalized_lateral_expansion_L_over_Lc,1,normalized_vertical_distance_z_over_Lc,1,0.2754,0.7654,0.080,0.070,209.50,304.00
Fig. 9(a),fig9_dash8_alpha0p001_t1p0s,4,normalized_lateral_expansion_L_over_Lc,1,normalized_vertical_distance_z_over_Lc,1,0.4918,0.7948,0.080,0.070,242.50,308.00
Fig. 9(a),fig9_dash8_alpha0p001_t1p0s,4,normalized_lateral_expansion_L_over_Lc,1,normalized_vertical_distance_z_over_Lc,1,0.5738,0.8243,0.080,0.070,255.00,312.00
Fig. 9(a),fig9_dash8_alpha0p001_t1p0s,4,normalized_lateral_expansion_L_over_Lc,1,normalized_vertical_distance_z_over_Lc,1,0.8885,0.8537,0.080,0.070,303.00,316.00
Fig. 9(a),fig9_dash8_alpha0p001_t1p0s,4,normalized_lateral_expansion_L_over_Lc,1,normalized_vertical_distance_z_over_Lc,1,1.0262,0.8832,0.080,0.070,324.00,320.00
Fig. 9(a),fig9_dash8_alpha0p001_t1p0s,4,normalized_lateral_expansion_L_over_Lc,1,normalized_vertical_distance_z_over_Lc,1,1.0951,0.9126,0.080,0.070,334.50,324.00
Fig. 9(a),fig9_dash8_alpha0p001_t1p0s,4,normalized_lateral_expansion_L_over_Lc,1,normalized_vertical_distance_z_over_Lc,1,1.3672,0.9420,0.080,0.070,376.00,328.00
Fig. 9(a),fig9_dash8_alpha0p001_t1p0s,4,normalized_lateral_expansion_L_over_Lc,1,normalized_vertical_distance_z_over_Lc,1,1.6000,0.9715,0.080,0.070,411.50,332.00
Fig. 9(a),fig9_dash8_alpha0p001_t1p0s,4,normalized_lateral_expansion_L_over_Lc,1,normalized_vertical_distance_z_over_Lc,1,1.6951,1.0009,0.080,0.070,426.00,336.00
Fig. 9(a),fig9_dash8_alpha0p001_t1p0s,5,normalized_lateral_expansion_L_over_Lc,1,normalized_vertical_distance_z_over_Lc,1,2.4885,1.1481,0.080,0.070,547.00,356.00
Fig. 9(a),fig9_dash8_alpha0p001_t1p0s,5,normalized_lateral_expansion_L_over_Lc,1,normalized_vertical_distance_z_over_Lc,1,2.5508,1.1776,0.080,0.070,556.50,360.00
Fig. 9(a),fig9_dash8_alpha0p001_t1p0s,5,normalized_lateral_expansion_L_over_Lc,1,normalized_vertical_distance_z_over_Lc,1,2.6623,1.2070,0.080,0.070,573.50,364.00
Fig. 9(a),fig9_dash8_alpha0p001_t1p0s,5,normalized_lateral_expansion_L_over_Lc,1,normalized_vertical_distance_z_over_Lc,1,2.6852,1.2364,0.080,0.070,577.00,368.00
Fig. 9(a),fig9_dash8_alpha0p001_t1p0s,5,normalized_lateral_expansion_L_over_Lc,1,normalized_vertical_distance_z_over_Lc,1,2.7213,1.2659,0.080,0.070,582.50,372.00
Fig. 9(a),fig9_dash8_alpha0p001_t1p0s,5,normalized_lateral_expansion_L_over_Lc,1,normalized_vertical_distance_z_over_Lc,1,2.7279,1.2953,0.080,0.070,583.50,376.00
Fig. 9(a),fig9_dash8_alpha0p001_t1p0s,5,normalized_lateral_expansion_L_over_Lc,1,normalized_vertical_distance_z_over_Lc,1,2.7279,1.3247,0.080,0.070,583.50,380.00
Fig. 9(a),fig9_dash8_alpha0p001_t1p0s,5,normalized_lateral_expansion_L_over_Lc,1,normalized_vertical_distance_z_over_Lc,1,2.7574,1.3542,0.080,0.070,588.00,384.00
Fig. 9(a),fig9_dash8_alpha0p001_t1p0s,5,normalized_lateral_expansion_L_over_Lc,1,normalized_vertical_distance_z_over_Lc,1,2.7770,1.3836,0.080,0.070,591.00,388.00
Fig. 9(a),fig9_dash8_alpha0p001_t1p0s,5,normalized_lateral_expansion_L_over_Lc,1,normalized_vertical_distance_z_over_Lc,1,2.7869,1.4131,0.080,0.070,592.50,392.00
Fig. 9(a),fig9_dash8_alpha0p001_t1p0s,5,normalized_lateral_expansion_L_over_Lc,1,normalized_vertical_distance_z_over_Lc,1,2.7902,1.4425,0.080,0.070,593.00,396.00
Fig. 9(a),fig9_dash8_alpha0p001_t1p0s,5,normalized_lateral_expansion_L_over_Lc,1,normalized_vertical_distance_z_over_Lc,1,2.8295,1.4719,0.080,0.070,599.00,400.00
Fig. 9(a),fig9_dash8_alpha0p001_t1p0s,5,normalized_lateral_expansion_L_over_Lc,1,normalized_vertical_distance_z_over_Lc,1,2.8689,1.5014,0.080,0.070,605.00,404.00
Fig. 9(a),fig9_dash8_alpha0p001_t1p0s,5,normalized_lateral_expansion_L_over_Lc,1,normalized_vertical_distance_z_over_Lc,1,2.9213,1.5308,0.080,0.070,613.00,408.00
Fig. 9(a),fig9_dash8_alpha0p001_t1p0s,5,normalized_lateral_expansion_L_over_Lc,1,normalized_vertical_distance_z_over_Lc,1,2.9344,1.5603,0.080,0.070,615.00,412.00
Fig. 9(a),fig9_dash8_alpha0p001_t1p0s,5,normalized_lateral_expansion_L_over_Lc,1,normalized_vertical_distance_z_over_Lc,1,2.9443,1.5897,0.080,0.070,616.50,416.00
Fig. 9(a),fig9_dash8_alpha0p001_t1p0s,5,normalized_lateral_expansion_L_over_Lc,1,normalized_vertical_distance_z_over_Lc,1,2.9574,1.6191,0.080,0.070,618.50,420.00
Fig. 9(a),fig9_dash8_alpha0p001_t1p0s,5,normalized_lateral_expansion_L_over_Lc,1,normalized_vertical_distance_z_over_Lc,1,2.9738,1.6486,0.080,0.070,621.00,424.00
Fig. 9(a),fig9_dash8_alpha0p001_t1p0s,5,normalized_lateral_expansion_L_over_Lc,1,normalized_vertical_distance_z_over_Lc,1,3.0951,1.6780,0.080,0.070,639.50,428.00
Fig. 9(a),fig9_dash8_alpha0p001_t1p0s,5,normalized_lateral_expansion_L_over_Lc,1,normalized_vertical_distance_z_over_Lc,1,3.2033,1.7075,0.080,0.070,656.00,432.00
Fig. 9(a),fig9_dash8_alpha0p001_t1p0s,5,normalized_lateral_expansion_L_over_Lc,1,normalized_vertical_distance_z_over_Lc,1,3.3148,1.7369,0.080,0.070,673.00,436.00
Fig. 9(a),fig9_dash8_alpha0p001_t1p0s,5,normalized_lateral_expansion_L_over_Lc,1,normalized_vertical_distance_z_over_Lc,1,3.3607,1.7663,0.080,0.070,680.00,440.00
Fig. 9(a),fig9_dash8_alpha0p001_t1p0s,5,normalized_lateral_expansion_L_over_Lc,1,normalized_vertical_distance_z_over_Lc,1,3.2361,1.7958,0.080,0.070,661.00,444.00
Fig. 9(a),fig9_dash8_alpha0p001_t1p0s,5,normalized_lateral_expansion_L_over_Lc,1,normalized_vertical_distance_z_over_Lc,1,3.2164,1.8252,0.080,0.070,658.00,448.00
Fig. 9(a),fig9_dash8_alpha0p001_t1p0s,5,normalized_lateral_expansion_L_over_Lc,1,normalized_vertical_distance_z_over_Lc,1,3.0820,1.8546,0.080,0.070,637.50,452.00
Fig. 9(a),fig9_dash8_alpha0p001_t1p0s,5,normalized_lateral_expansion_L_over_Lc,1,normalized_vertical_distance_z_over_Lc,1,3.1016,1.8841,0.080,0.070,640.50,456.00
Fig. 9(a),fig9_dash8_alpha0p001_t1p0s,5,normalized_lateral_expansion_L_over_Lc,1,normalized_vertical_distance_z_over_Lc,1,3.1705,1.9135,0.080,0.070,651.00,460.00
Fig. 9(a),fig9_dash8_alpha0p001_t1p0s,5,normalized_lateral_expansion_L_over_Lc,1,normalized_vertical_distance_z_over_Lc,1,3.2033,1.9430,0.080,0.070,656.00,464.00
Fig. 9(a),fig9_dash8_alpha0p001_t1p0s,5,normalized_lateral_expansion_L_over_Lc,1,normalized_vertical_distance_z_over_Lc,1,3.2393,1.9724,0.080,0.070,661.50,468.00
Fig. 9(a),fig9_dash8_alpha0p001_t1p0s,5,normalized_lateral_expansion_L_over_Lc,1,normalized_vertical_distance_z_over_Lc,1,3.3016,2.0018,0.080,0.070,671.00,472.00
Fig. 9(a),fig9_dash8_alpha0p001_t1p0s,5,normalized_lateral_expansion_L_over_Lc,1,normalized_vertical_distance_z_over_Lc,1,3.3443,2.0313,0.080,0.070,677.50,476.00
Fig. 9(a),fig9_dash8_alpha0p001_t1p0s,5,normalized_lateral_expansion_L_over_Lc,1,normalized_vertical_distance_z_over_Lc,1,3.4098,2.0607,0.080,0.070,687.50,480.00
Fig. 9(a),fig9_dash8_alpha0p001_t1p0s,5,normalized_lateral_expansion_L_over_Lc,1,normalized_vertical_distance_z_over_Lc,1,3.4721,2.0902,0.080,0.070,697.00,484.00
Fig. 9(a),fig9_dash8_alpha0p001_t1p0s,5,normalized_lateral_expansion_L_over_Lc,1,normalized_vertical_distance_z_over_Lc,1,3.5180,2.1196,0.080,0.070,704.00,488.00
Fig. 9(a),fig9_dash8_alpha0p001_t1p0s,5,normalized_lateral_expansion_L_over_Lc,1,normalized_vertical_distance_z_over_Lc,1,3.5541,2.1490,0.080,0.070,709.50,492.00
Fig. 9(a),fig9_dash8_alpha0p001_t1p0s,5,normalized_lateral_expansion_L_over_Lc,1,normalized_vertical_distance_z_over_Lc,1,3.5836,2.1785,0.080,0.070,714.00,496.00
Fig. 9(a),fig9_dash8_alpha0p001_t1p0s,5,normalized_lateral_expansion_L_over_Lc,1,normalized_vertical_distance_z_over_Lc,1,3.6033,2.2079,0.080,0.070,717.00,500.00
Fig. 9(a),fig9_dash8_alpha0p001_t1p0s,5,normalized_lateral_expansion_L_over_Lc,1,normalized_vertical_distance_z_over_Lc,1,3.6131,2.2374,0.080,0.070,718.50,504.00
Fig. 9(a),fig9_dash8_alpha0p001_t1p0s,5,normalized_lateral_expansion_L_over_Lc,1,normalized_vertical_distance_z_over_Lc,1,3.6361,2.2668,0.080,0.070,722.00,508.00
Fig. 9(a),fig9_dash8_alpha0p001_t1p0s,5,normalized_lateral_expansion_L_over_Lc,1,normalized_vertical_distance_z_over_Lc,1,3.6656,2.2962,0.080,0.070,726.50,512.00
Fig. 9(a),fig9_dash8_alpha0p001_t1p0s,5,normalized_lateral_expansion_L_over_Lc,1,normalized_vertical_distance_z_over_Lc,1,3.6951,2.3257,0.080,0.070,731.00,516.00
Fig. 9(a),fig9_dash8_alpha0p001_t1p0s,5,normalized_lateral_expansion_L_over_Lc,1,normalized_vertical_distance_z_over_Lc,1,3.7180,2.3551,0.080,0.070,734.50,520.00
Fig. 9(a),fig9_dash8_alpha0p001_t1p0s,5,normalized_lateral_expansion_L_over_Lc,1,normalized_vertical_distance_z_over_Lc,1,3.7180,2.3845,0.080,0.070,734.50,524.00
Fig. 9(a),fig9_dash8_alpha0p001_t1p0s,5,normalized_lateral_expansion_L_over_Lc,1,normalized_vertical_distance_z_over_Lc,1,3.7213,2.4140,0.080,0.070,735.00,528.00
Fig. 9(a),fig9_dash8_alpha0p001_t1p0s,5,normalized_lateral_expansion_L_over_Lc,1,normalized_vertical_distance_z_over_Lc,1,3.8230,2.4434,0.080,0.070,750.50,532.00
Fig. 9(a),fig9_dash8_alpha0p001_t1p0s,5,normalized_lateral_expansion_L_over_Lc,1,normalized_vertical_distance_z_over_Lc,1,3.9180,2.4729,0.080,0.070,765.00,536.00
Fig. 9(a),fig9_dash8_alpha0p001_t1p0s,5,normalized_lateral_expansion_L_over_Lc,1,normalized_vertical_distance_z_over_Lc,1,3.9934,2.5023,0.080,0.070,776.50,540.00
Fig. 9(a),fig9_dash8_alpha0p001_t1p0s,5,normalized_lateral_expansion_L_over_Lc,1,normalized_vertical_distance_z_over_Lc,1,4.1410,2.5317,0.080,0.070,799.00,544.00
Fig. 9(a),fig9_dash8_alpha0p001_t1p0s,5,normalized_lateral_expansion_L_over_Lc,1,normalized_vertical_distance_z_over_Lc,1,4.1607,2.5612,0.080,0.070,802.00,548.00
Fig. 9(a),fig9_dash8_alpha0p001_t1p0s,5,normalized_lateral_expansion_L_over_Lc,1,normalized_vertical_distance_z_over_Lc,1,4.1639,2.5906,0.080,0.070,802.50,552.00
Fig. 9(a),fig9_dash8_alpha0p001_t1p0s,5,normalized_lateral_expansion_L_over_Lc,1,normalized_vertical_distance_z_over_Lc,1,4.1639,2.6201,0.080,0.070,802.50,556.00
Fig. 9(a),fig9_dash8_alpha0p001_t1p0s,5,normalized_lateral_expansion_L_over_Lc,1,normalized_vertical_distance_z_over_Lc,1,4.1574,2.6495,0.080,0.070,801.50,560.00
Fig. 9(a),fig9_dash8_alpha0p001_t1p0s,5,normalized_lateral_expansion_L_over_Lc,1,normalized_vertical_distance_z_over_Lc,1,4.1672,2.6789,0.080,0.070,803.00,564.00
Fig. 9(a),fig9_dash8_alpha0p001_t1p0s,5,normalized_lateral_expansion_L_over_Lc,1,normalized_vertical_distance_z_over_Lc,1,4.2393,2.7084,0.080,0.070,814.00,568.00
Fig. 9(a),fig9_dash8_alpha0p001_t1p0s,5,normalized_lateral_expansion_L_over_Lc,1,normalized_vertical_distance_z_over_Lc,1,4.4426,2.7378,0.080,0.070,845.00,572.00
Fig. 9(a),fig9_dash8_alpha0p001_t1p0s,5,normalized_lateral_expansion_L_over_Lc,1,normalized_vertical_distance_z_over_Lc,1,4.5377,2.7672,0.080,0.070,859.50,576.00
Fig. 9(a),fig9_dash8_alpha0p001_t1p0s,5,normalized_lateral_expansion_L_over_Lc,1,normalized_vertical_distance_z_over_Lc,1,4.7607,2.7967,0.080,0.070,893.50,580.00
Fig. 9(a),fig9_dash8_alpha0p001_t1p0s,5,normalized_lateral_expansion_L_over_Lc,1,normalized_vertical_distance_z_over_Lc,1,4.9016,2.8261,0.080,0.070,915.00,584.00
Fig. 9(a),fig9_dash8_alpha0p001_t1p0s,5,normalized_lateral_expansion_L_over_Lc,1,normalized_vertical_distance_z_over_Lc,1,4.9803,2.8556,0.080,0.070,927.00,588.00
Fig. 9(a),fig9_dash8_alpha0p001_t1p0s,5,normalized_lateral_expansion_L_over_Lc,1,normalized_vertical_distance_z_over_Lc,1,5.0197,2.8850,0.080,0.070,933.00,592.00
Fig. 9(a),fig9_dash8_alpha0p001_t1p0s,5,normalized_lateral_expansion_L_over_Lc,1,normalized_vertical_distance_z_over_Lc,1,5.0557,2.9144,0.080,0.070,938.50,596.00
Fig. 9(a),fig9_dash8_alpha0p001_t1p0s,5,normalized_lateral_expansion_L_over_Lc,1,normalized_vertical_distance_z_over_Lc,1,5.0984,2.9439,0.080,0.070,945.00,600.00
Fig. 9(a),fig9_dash8_alpha0p001_t1p0s,5,normalized_lateral_expansion_L_over_Lc,1,normalized_vertical_distance_z_over_Lc,1,5.1344,2.9733,0.080,0.070,950.50,604.00
Fig. 9(a),fig9_dash8_alpha0p001_t1p0s,5,normalized_lateral_expansion_L_over_Lc,1,normalized_vertical_distance_z_over_Lc,1,5.2164,3.0028,0.080,0.070,963.00,608.00
Fig. 9(a),fig9_dash8_alpha0p001_t1p0s,5,normalized_lateral_expansion_L_over_Lc,1,normalized_vertical_distance_z_over_Lc,1,5.2820,3.0322,0.080,0.070,973.00,612.00
Fig. 9(a),fig9_dash8_alpha0p001_t1p0s,5,normalized_lateral_expansion_L_over_Lc,1,normalized_vertical_distance_z_over_Lc,1,5.3279,3.0616,0.080,0.070,980.00,616.00
Fig. 9(a),fig9_dash8_alpha0p001_t1p0s,5,normalized_lateral_expansion_L_over_Lc,1,normalized_vertical_distance_z_over_Lc,1,5.3803,3.0911,0.080,0.070,988.00,620.00
Fig. 9(a),fig9_dash8_alpha0p001_t1p0s,5,normalized_lateral_expansion_L_over_Lc,1,normalized_vertical_distance_z_over_Lc,1,5.4230,3.1205,0.080,0.070,994.50,624.00
Fig. 9(a),fig9_dash8_alpha0p001_t1p0s,5,normalized_lateral_expansion_L_over_Lc,1,normalized_vertical_distance_z_over_Lc,1,5.4721,3.1500,0.080,0.070,1002.00,628.00
Fig. 9(a),fig9_dash8_alpha0p001_t1p0s,5,normalized_lateral_expansion_L_over_Lc,1,normalized_vertical_distance_z_over_Lc,1,5.5279,3.1794,0.080,0.070,1010.50,632.00
Fig. 9(a),fig9_dash8_alpha0p001_t1p0s,5,normalized_lateral_expansion_L_over_Lc,1,normalized_vertical_distance_z_over_Lc,1,5.5705,3.2088,0.080,0.070,1017.00,636.00
Fig. 9(a),fig9_dash8_alpha0p001_t1p0s,5,normalized_lateral_expansion_L_over_Lc,1,normalized_vertical_distance_z_over_Lc,1,5.6098,3.2383,0.080,0.070,1023.00,640.00
Fig. 9(a),fig9_dash8_alpha0p001_t1p0s,5,normalized_lateral_expansion_L_over_Lc,1,normalized_vertical_distance_z_over_Lc,1,5.6262,3.2677,0.080,0.070,1025.50,644.00
Fig. 9(a),fig9_dash8_alpha0p001_t1p0s,5,normalized_lateral_expansion_L_over_Lc,1,normalized_vertical_distance_z_over_Lc,1,5.6393,3.2971,0.080,0.070,1027.50,648.00
Fig. 9(a),fig9_dash8_alpha0p001_t1p0s,5,normalized_lateral_expansion_L_over_Lc,1,normalized_vertical_distance_z_over_Lc,1,5.6689,3.3266,0.080,0.070,1032.00,652.00
Fig. 9(a),fig9_dash8_alpha0p001_t1p0s,5,normalized_lateral_expansion_L_over_Lc,1,normalized_vertical_distance_z_over_Lc,1,5.6820,3.3560,0.080,0.070,1034.00,656.00
Fig. 9(a),fig9_dash8_alpha0p001_t1p0s,5,normalized_lateral_expansion_L_over_Lc,1,normalized_vertical_distance_z_over_Lc,1,5.6820,3.3855,0.080,0.070,1034.00,660.00
Fig. 9(a),fig9_dash8_alpha0p001_t1p0s,5,normalized_lateral_expansion_L_over_Lc,1,normalized_vertical_distance_z_over_Lc,1,5.6656,3.4149,0.080,0.070,1031.50,664.00
Fig. 9(a),fig9_dash8_alpha0p001_t1p0s,5,normalized_lateral_expansion_L_over_Lc,1,normalized_vertical_distance_z_over_Lc,1,5.6459,3.4443,0.080,0.070,1028.50,668.00
Fig. 9(a),fig9_dash8_alpha0p001_t1p0s,5,normalized_lateral_expansion_L_over_Lc,1,normalized_vertical_distance_z_over_Lc,1,5.6328,3.4738,0.080,0.070,1026.50,672.00
Fig. 9(a),fig9_dash8_alpha0p001_t1p0s,5,normalized_lateral_expansion_L_over_Lc,1,normalized_vertical_distance_z_over_Lc,1,5.6066,3.5032,0.080,0.070,1022.50,676.00
Fig. 9(a),fig9_dash8_alpha0p001_t1p0s,5,normalized_lateral_expansion_L_over_Lc,1,normalized_vertical_distance_z_over_Lc,1,5.5869,3.5327,0.080,0.070,1019.50,680.00
Fig. 9(a),fig9_dash8_alpha0p001_t1p0s,5,normalized_lateral_expansion_L_over_Lc,1,normalized_vertical_distance_z_over_Lc,1,5.5803,3.5621,0.080,0.070,1018.50,684.00
Fig. 9(a),fig9_dash8_alpha0p001_t1p0s,5,normalized_lateral_expansion_L_over_Lc,1,normalized_vertical_distance_z_over_Lc,1,5.6000,3.5915,0.080,0.070,1021.50,688.00
Fig. 9(a),fig9_dash8_alpha0p001_t1p0s,5,normalized_lateral_expansion_L_over_Lc,1,normalized_vertical_distance_z_over_Lc,1,5.6328,3.6210,0.080,0.070,1026.50,692.00
Fig. 9(a),fig9_dash8_alpha0p001_t1p0s,5,normalized_lateral_expansion_L_over_Lc,1,normalized_vertical_distance_z_over_Lc,1,5.6721,3.6504,0.080,0.070,1032.50,696.00
Fig. 9(a),fig9_dash8_alpha0p001_t1p0s,5,normalized_lateral_expansion_L_over_Lc,1,normalized_vertical_distance_z_over_Lc,1,5.7115,3.6799,0.080,0.070,1038.50,700.00
Fig. 9(a),fig9_dash8_alpha0p001_t1p0s,5,normalized_lateral_expansion_L_over_Lc,1,normalized_vertical_distance_z_over_Lc,1,5.7311,3.7093,0.080,0.070,1041.50,704.00
Fig. 9(a),fig9_dash8_alpha0p001_t1p0s,5,normalized_lateral_expansion_L_over_Lc,1,normalized_vertical_distance_z_over_Lc,1,5.7443,3.7387,0.080,0.070,1043.50,708.00
Fig. 9(a),fig9_dash8_alpha0p001_t1p0s,5,normalized_lateral_expansion_L_over_Lc,1,normalized_vertical_distance_z_over_Lc,1,5.7574,3.7682,0.080,0.070,1045.50,712.00
Fig. 9(a),fig9_dash8_alpha0p001_t1p0s,5,normalized_lateral_expansion_L_over_Lc,1,normalized_vertical_distance_z_over_Lc,1,5.7803,3.7976,0.080,0.070,1049.00,716.00
Fig. 9(a),fig9_dash8_alpha0p001_t1p0s,5,normalized_lateral_expansion_L_over_Lc,1,normalized_vertical_distance_z_over_Lc,1,5.7836,3.8270,0.080,0.070,1049.50,720.00
Fig. 9(a),fig9_dash8_alpha0p001_t1p0s,5,normalized_lateral_expansion_L_over_Lc,1,normalized_vertical_distance_z_over_Lc,1,5.7836,3.8565,0.080,0.070,1049.50,724.00
Fig. 9(a),fig9_dash8_alpha0p001_t1p0s,5,normalized_lateral_expansion_L_over_Lc,1,normalized_vertical_distance_z_over_Lc,1,5.7967,3.8859,0.080,0.070,1051.50,728.00
Fig. 9(a),fig9_dash8_alpha0p001_t1p0s,5,normalized_lateral_expansion_L_over_Lc,1,normalized_vertical_distance_z_over_Lc,1,5.8033,3.9154,0.080,0.070,1052.50,732.00
Fig. 9(a),fig9_dash8_alpha0p001_t1p0s,5,normalized_lateral_expansion_L_over_Lc,1,normalized_vertical_distance_z_over_Lc,1,5.7738,3.9448,0.080,0.070,1048.00,736.00
Fig. 9(a),fig9_dash8_alpha0p001_t1p0s,5,normalized_lateral_expansion_L_over_Lc,1,normalized_vertical_distance_z_over_Lc,1,5.7443,3.9742,0.080,0.070,1043.50,740.00
Fig. 9(a),fig9_dash8_alpha0p001_t1p0s,5,normalized_lateral_expansion_L_over_Lc,1,normalized_vertical_distance_z_over_Lc,1,5.7148,4.0037,0.080,0.070,1039.00,744.00
Fig. 9(a),fig9_dash8_alpha0p001_t1p0s,5,normalized_lateral_expansion_L_over_Lc,1,normalized_vertical_distance_z_over_Lc,1,5.6918,4.0331,0.080,0.070,1035.50,748.00
Fig. 9(a),fig9_dash8_alpha0p001_t1p0s,5,normalized_lateral_expansion_L_over_Lc,1,normalized_vertical_distance_z_over_Lc,1,5.6459,4.0626,0.080,0.070,1028.50,752.00
Fig. 9(a),fig9_dash8_alpha0p001_t1p0s,5,normalized_lateral_expansion_L_over_Lc,1,normalized_vertical_distance_z_over_Lc,1,5.6066,4.0920,0.080,0.070,1022.50,756.00
Fig. 9(a),fig9_dash8_alpha0p001_t1p0s,5,normalized_lateral_expansion_L_over_Lc,1,normalized_vertical_distance_z_over_Lc,1,5.5705,4.1214,0.080,0.070,1017.00,760.00
Fig. 9(a),fig9_dash8_alpha0p001_t1p0s,5,normalized_lateral_expansion_L_over_Lc,1,normalized_vertical_distance_z_over_Lc,1,5.5574,4.1509,0.080,0.070,1015.00,764.00
Fig. 9(a),fig9_dash8_alpha0p001_t1p0s,5,normalized_lateral_expansion_L_over_Lc,1,normalized_vertical_distance_z_over_Lc,1,5.6000,4.1803,0.080,0.070,1021.50,768.00
Fig. 9(a),fig9_dash8_alpha0p001_t1p0s,5,normalized_lateral_expansion_L_over_Lc,1,normalized_vertical_distance_z_over_Lc,1,5.6426,4.2098,0.080,0.070,1028.00,772.00
Fig. 9(a),fig9_dash8_alpha0p001_t1p0s,5,normalized_lateral_expansion_L_over_Lc,1,normalized_vertical_distance_z_over_Lc,1,5.7246,4.2392,0.080,0.070,1040.50,776.00
Fig. 9(a),fig9_dash8_alpha0p001_t1p0s,5,normalized_lateral_expansion_L_over_Lc,1,normalized_vertical_distance_z_over_Lc,1,5.8361,4.2686,0.080,0.070,1057.50,780.00
Fig. 9(a),fig9_dash8_alpha0p001_t1p0s,5,normalized_lateral_expansion_L_over_Lc,1,normalized_vertical_distance_z_over_Lc,1,5.8721,4.2981,0.080,0.070,1063.00,784.00
Fig. 9(a),fig9_dash8_alpha0p001_t1p0s,5,normalized_lateral_expansion_L_over_Lc,1,normalized_vertical_distance_z_over_Lc,1,6.0393,4.3275,0.080,0.070,1088.50,788.00
Fig. 9(a),fig9_dash8_alpha0p001_t1p0s,5,normalized_lateral_expansion_L_over_Lc,1,normalized_vertical_distance_z_over_Lc,1,6.0852,4.3569,0.080,0.070,1095.50,792.00
Fig. 9(a),fig9_dash8_alpha0p001_t1p0s,5,normalized_lateral_expansion_L_over_Lc,1,normalized_vertical_distance_z_over_Lc,1,6.1410,4.3864,0.080,0.070,1104.00,796.00
Fig. 9(a),fig9_dash8_alpha0p001_t1p0s,5,normalized_lateral_expansion_L_over_Lc,1,normalized_vertical_distance_z_over_Lc,1,6.1639,4.4158,0.080,0.070,1107.50,800.00
Fig. 9(a),fig9_dash8_alpha0p001_t1p0s,5,normalized_lateral_expansion_L_over_Lc,1,normalized_vertical_distance_z_over_Lc,1,6.1574,4.4453,0.080,0.070,1106.50,804.00
Fig. 9(a),fig9_dash8_alpha0p001_t1p0s,5,normalized_lateral_expansion_L_over_Lc,1,normalized_vertical_distance_z_over_Lc,1,6.1541,4.4747,0.080,0.070,1106.00,808.00
Fig. 9(a),fig9_dash8_alpha0p001_t1p0s,5,normalized_lateral_expansion_L_over_Lc,1,normalized_vertical_distance_z_over_Lc,1,6.1574,4.5041,0.080,0.070,1106.50,812.00
Fig. 9(a),fig9_dash8_alpha0p001_t1p0s,5,normalized_lateral_expansion_L_over_Lc,1,normalized_vertical_distance_z_over_Lc,1,6.1574,4.5336,0.080,0.070,1106.50,816.00
Fig. 9(a),fig9_dash8_alpha0p001_t1p0s,5,normalized_lateral_expansion_L_over_Lc,1,normalized_vertical_distance_z_over_Lc,1,6.1311,4.5630,0.080,0.070,1102.50,820.00
Fig. 9(a),fig9_dash8_alpha0p001_t1p0s,5,normalized_lateral_expansion_L_over_Lc,1,normalized_vertical_distance_z_over_Lc,1,6.1016,4.5925,0.080,0.070,1098.00,824.00
Fig. 9(a),fig9_dash8_alpha0p001_t1p0s,5,normalized_lateral_expansion_L_over_Lc,1,normalized_vertical_distance_z_over_Lc,1,6.0787,4.6219,0.080,0.070,1094.50,828.00
Fig. 9(a),fig9_dash8_alpha0p001_t1p0s,5,normalized_lateral_expansion_L_over_Lc,1,normalized_vertical_distance_z_over_Lc,1,6.0623,4.6513,0.080,0.070,1092.00,832.00
Fig. 9(a),fig9_dash8_alpha0p001_t1p0s,5,normalized_lateral_expansion_L_over_Lc,1,normalized_vertical_distance_z_over_Lc,1,6.0361,4.6808,0.080,0.070,1088.00,836.00
Fig. 9(a),fig9_dash8_alpha0p001_t1p0s,5,normalized_lateral_expansion_L_over_Lc,1,normalized_vertical_distance_z_over_Lc,1,6.0098,4.7102,0.080,0.070,1084.00,840.00
Fig. 9(a),fig9_dash8_alpha0p001_t1p0s,5,normalized_lateral_expansion_L_over_Lc,1,normalized_vertical_distance_z_over_Lc,1,5.9738,4.7397,0.080,0.070,1078.50,844.00
Fig. 9(a),fig9_dash8_alpha0p001_t1p0s,5,normalized_lateral_expansion_L_over_Lc,1,normalized_vertical_distance_z_over_Lc,1,5.9377,4.7691,0.080,0.070,1073.00,848.00
Fig. 9(a),fig9_dash8_alpha0p001_t1p0s,5,normalized_lateral_expansion_L_over_Lc,1,normalized_vertical_distance_z_over_Lc,1,5.9148,4.7985,0.080,0.070,1069.50,852.00
Fig. 9(a),fig9_dash8_alpha0p001_t1p0s,5,normalized_lateral_expansion_L_over_Lc,1,normalized_vertical_distance_z_over_Lc,1,5.8852,4.8280,0.080,0.070,1065.00,856.00
Fig. 9(a),fig9_dash8_alpha0p001_t1p0s,5,normalized_lateral_expansion_L_over_Lc,1,normalized_vertical_distance_z_over_Lc,1,5.8525,4.8574,0.080,0.070,1060.00,860.00
Fig. 9(a),fig9_dash8_alpha0p001_t1p0s,5,normalized_lateral_expansion_L_over_Lc,1,normalized_vertical_distance_z_over_Lc,1,5.7967,4.8868,0.080,0.070,1051.50,864.00
Fig. 9(a),fig9_dash8_alpha0p001_t1p0s,5,normalized_lateral_expansion_L_over_Lc,1,normalized_vertical_distance_z_over_Lc,1,5.7574,4.9163,0.080,0.070,1045.50,868.00
Fig. 9(a),fig9_dash8_alpha0p001_t1p0s,5,normalized_lateral_expansion_L_over_Lc,1,normalized_vertical_distance_z_over_Lc,1,5.7016,4.9457,0.080,0.070,1037.00,872.00
Fig. 9(a),fig9_dash8_alpha0p001_t1p0s,5,normalized_lateral_expansion_L_over_Lc,1,normalized_vertical_distance_z_over_Lc,1,5.6557,4.9752,0.080,0.070,1030.00,876.00
Fig. 9(a),fig9_dash8_alpha0p001_t1p0s,5,normalized_lateral_expansion_L_over_Lc,1,normalized_vertical_distance_z_over_Lc,1,5.6164,5.0046,0.080,0.070,1024.00,880.00
Fig. 9(a),fig9_dash8_alpha0p001_t1p0s,5,normalized_lateral_expansion_L_over_Lc,1,normalized_vertical_distance_z_over_Lc,1,5.5803,5.0340,0.080,0.070,1018.50,884.00
Fig. 9(a),fig9_dash8_alpha0p001_t1p0s,5,normalized_lateral_expansion_L_over_Lc,1,normalized_vertical_distance_z_over_Lc,1,5.5410,5.0635,0.080,0.070,1012.50,888.00
Fig. 9(a),fig9_dash8_alpha0p001_t1p0s,5,normalized_lateral_expansion_L_over_Lc,1,normalized_vertical_distance_z_over_Lc,1,5.4623,5.0929,0.080,0.070,1000.50,892.00
Fig. 9(a),fig9_dash8_alpha0p001_t1p0s,5,normalized_lateral_expansion_L_over_Lc,1,normalized_vertical_distance_z_over_Lc,1,5.4295,5.1224,0.080,0.070,995.50,896.00
Fig. 9(a),fig9_dash8_alpha0p001_t1p0s,5,normalized_lateral_expansion_L_over_Lc,1,normalized_vertical_distance_z_over_Lc,1,5.3574,5.1518,0.080,0.070,984.50,900.00
Fig. 9(a),fig9_dash8_alpha0p001_t1p0s,5,normalized_lateral_expansion_L_over_Lc,1,normalized_vertical_distance_z_over_Lc,1,5.2721,5.1812,0.080,0.070,971.50,904.00
Fig. 9(a),fig9_dash8_alpha0p001_t1p0s,5,normalized_lateral_expansion_L_over_Lc,1,normalized_vertical_distance_z_over_Lc,1,5.1869,5.2107,0.080,0.070,958.50,908.00
Fig. 9(a),fig9_dash8_alpha0p001_t1p0s,5,normalized_lateral_expansion_L_over_Lc,1,normalized_vertical_distance_z_over_Lc,1,5.0492,5.2401,0.080,0.070,937.50,912.00
Fig. 9(a),fig9_dash8_alpha0p001_t1p0s,5,normalized_lateral_expansion_L_over_Lc,1,normalized_vertical_distance_z_over_Lc,1,4.9770,5.2695,0.080,0.070,926.50,916.00
Fig. 9(a),fig9_dash8_alpha0p001_t1p0s,5,normalized_lateral_expansion_L_over_Lc,1,normalized_vertical_distance_z_over_Lc,1,4.8656,5.2990,0.080,0.070,909.50,920.00
Fig. 9(a),fig9_dash8_alpha0p001_t1p0s,5,normalized_lateral_expansion_L_over_Lc,1,normalized_vertical_distance_z_over_Lc,1,4.7836,5.3284,0.080,0.070,897.00,924.00
Fig. 9(a),fig9_dash8_alpha0p001_t1p0s,5,normalized_lateral_expansion_L_over_Lc,1,normalized_vertical_distance_z_over_Lc,1,4.7246,5.3579,0.080,0.070,888.00,928.00
Fig. 9(a),fig9_dash8_alpha0p001_t1p0s,5,normalized_lateral_expansion_L_over_Lc,1,normalized_vertical_distance_z_over_Lc,1,4.6492,5.3873,0.080,0.070,876.50,932.00
Fig. 9(a),fig9_dash8_alpha0p001_t1p0s,5,normalized_lateral_expansion_L_over_Lc,1,normalized_vertical_distance_z_over_Lc,1,4.5410,5.4167,0.080,0.070,860.00,936.00
Fig. 9(a),fig9_dash8_alpha0p001_t1p0s,5,normalized_lateral_expansion_L_over_Lc,1,normalized_vertical_distance_z_over_Lc,1,4.4623,5.4462,0.080,0.070,848.00,940.00
Fig. 9(a),fig9_dash8_alpha0p001_t1p0s,5,normalized_lateral_expansion_L_over_Lc,1,normalized_vertical_distance_z_over_Lc,1,4.3738,5.4756,0.080,0.070,834.50,944.00
Fig. 9(a),fig9_dash8_alpha0p001_t1p0s,5,normalized_lateral_expansion_L_over_Lc,1,normalized_vertical_distance_z_over_Lc,1,4.2951,5.5051,0.080,0.070,822.50,948.00
Fig. 9(a),fig9_dash8_alpha0p001_t1p0s,5,normalized_lateral_expansion_L_over_Lc,1,normalized_vertical_distance_z_over_Lc,1,4.2393,5.5345,0.080,0.070,814.00,952.00
Fig. 9(a),fig9_dash8_alpha0p001_t1p0s,5,normalized_lateral_expansion_L_over_Lc,1,normalized_vertical_distance_z_over_Lc,1,4.1836,5.5639,0.080,0.070,805.50,956.00
Fig. 9(a),fig9_dash8_alpha0p001_t1p0s,5,normalized_lateral_expansion_L_over_Lc,1,normalized_vertical_distance_z_over_Lc,1,4.1213,5.5934,0.080,0.070,796.00,960.00
Fig. 9(a),fig9_dash8_alpha0p001_t1p0s,5,normalized_lateral_expansion_L_over_Lc,1,normalized_vertical_distance_z_over_Lc,1,4.0787,5.6228,0.080,0.070,789.50,964.00
Fig. 9(a),fig9_dash8_alpha0p001_t1p0s,5,normalized_lateral_expansion_L_over_Lc,1,normalized_vertical_distance_z_over_Lc,1,4.0656,5.6523,0.080,0.070,787.50,968.00
Fig. 9(a),fig9_dash8_alpha0p001_t1p0s,5,normalized_lateral_expansion_L_over_Lc,1,normalized_vertical_distance_z_over_Lc,1,4.0689,5.6817,0.080,0.070,788.00,972.00
Fig. 9(a),fig9_dash8_alpha0p001_t1p0s,5,normalized_lateral_expansion_L_over_Lc,1,normalized_vertical_distance_z_over_Lc,1,4.0623,5.7111,0.080,0.070,787.00,976.00
Fig. 9(a),fig9_dash8_alpha0p001_t1p0s,5,normalized_lateral_expansion_L_over_Lc,1,normalized_vertical_distance_z_over_Lc,1,4.0525,5.7406,0.080,0.070,785.50,980.00
Fig. 9(a),fig9_dash8_alpha0p001_t1p0s,5,normalized_lateral_expansion_L_over_Lc,1,normalized_vertical_distance_z_over_Lc,1,3.8525,5.7700,0.080,0.070,755.00,984.00
Fig. 9(a),fig9_dash8_alpha0p001_t1p0s,5,normalized_lateral_expansion_L_over_Lc,1,normalized_vertical_distance_z_over_Lc,1,3.8033,5.7994,0.080,0.070,747.50,988.00
Fig. 9(a),fig9_dash8_alpha0p001_t1p0s,5,normalized_lateral_expansion_L_over_Lc,1,normalized_vertical_distance_z_over_Lc,1,3.6689,5.8289,0.080,0.070,727.00,992.00
Fig. 9(a),fig9_dash8_alpha0p001_t1p0s,5,normalized_lateral_expansion_L_over_Lc,1,normalized_vertical_distance_z_over_Lc,1,3.6459,5.8583,0.080,0.070,723.50,996.00
Fig. 9(a),fig9_dash8_alpha0p001_t1p0s,5,normalized_lateral_expansion_L_over_Lc,1,normalized_vertical_distance_z_over_Lc,1,3.6098,5.8878,0.080,0.070,718.00,1000.00
Fig. 9(a),fig9_dash8_alpha0p001_t1p0s,5,normalized_lateral_expansion_L_over_Lc,1,normalized_vertical_distance_z_over_Lc,1,3.5639,5.9172,0.080,0.070,711.00,1004.00
Fig. 9(a),fig9_dash8_alpha0p001_t1p0s,5,normalized_lateral_expansion_L_over_Lc,1,normalized_vertical_distance_z_over_Lc,1,3.5311,5.9466,0.080,0.070,706.00,1008.00
Fig. 9(a),fig9_dash8_alpha0p001_t1p0s,5,normalized_lateral_expansion_L_over_Lc,1,normalized_vertical_distance_z_over_Lc,1,3.5016,5.9761,0.080,0.070,701.50,1012.00
Fig. 9(a),fig9_dash8_alpha0p001_t1p0s,5,normalized_lateral_expansion_L_over_Lc,1,normalized_vertical_distance_z_over_Lc,1,3.4885,6.0055,0.080,0.070,699.50,1016.00
Fig. 9(a),fig9_dash8_alpha0p001_t1p0s,5,normalized_lateral_expansion_L_over_Lc,1,normalized_vertical_distance_z_over_Lc,1,3.4885,6.0350,0.080,0.070,699.50,1020.00
Fig. 9(a),fig9_dash8_alpha0p001_t1p0s,5,normalized_lateral_expansion_L_over_Lc,1,normalized_vertical_distance_z_over_Lc,1,3.4852,6.0644,0.080,0.070,699.00,1024.00
Fig. 9(a),fig9_dash8_alpha0p001_t1p0s,5,normalized_lateral_expansion_L_over_Lc,1,normalized_vertical_distance_z_over_Lc,1,3.4721,6.0938,0.080,0.070,697.00,1028.00
Fig. 9(a),fig9_dash8_alpha0p001_t1p0s,5,normalized_lateral_expansion_L_over_Lc,1,normalized_vertical_distance_z_over_Lc,1,3.4623,6.1233,0.080,0.070,695.50,1032.00
Fig. 9(a),fig9_dash8_alpha0p001_t1p0s,5,normalized_lateral_expansion_L_over_Lc,1,normalized_vertical_distance_z_over_Lc,1,3.4689,6.1527,0.080,0.070,696.50,1036.00
Fig. 9(a),fig9_dash8_alpha0p001_t1p0s,5,normalized_lateral_expansion_L_over_Lc,1,normalized_vertical_distance_z_over_Lc,1,3.4754,6.1822,0.080,0.070,697.50,1040.00
Fig. 9(a),fig9_dash8_alpha0p001_t1p0s,5,normalized_lateral_expansion_L_over_Lc,1,normalized_vertical_distance_z_over_Lc,1,3.4525,6.2116,0.080,0.070,694.00,1044.00
Fig. 9(a),fig9_dash8_alpha0p001_t1p0s,5,normalized_lateral_expansion_L_over_Lc,1,normalized_vertical_distance_z_over_Lc,1,3.4328,6.2410,0.080,0.070,691.00,1048.00
Fig. 9(a),fig9_dash8_alpha0p001_t1p0s,5,normalized_lateral_expansion_L_over_Lc,1,normalized_vertical_distance_z_over_Lc,1,3.3770,6.2705,0.080,0.070,682.50,1052.00
Fig. 9(a),fig9_dash8_alpha0p001_t1p0s,5,normalized_lateral_expansion_L_over_Lc,1,normalized_vertical_distance_z_over_Lc,1,3.3377,6.2999,0.080,0.070,676.50,1056.00
Fig. 9(a),fig9_dash8_alpha0p001_t1p0s,5,normalized_lateral_expansion_L_over_Lc,1,normalized_vertical_distance_z_over_Lc,1,3.2590,6.3293,0.080,0.070,664.50,1060.00
Fig. 9(a),fig9_dash8_alpha0p001_t1p0s,5,normalized_lateral_expansion_L_over_Lc,1,normalized_vertical_distance_z_over_Lc,1,3.1803,6.3588,0.080,0.070,652.50,1064.00
Fig. 9(a),fig9_dash8_alpha0p001_t1p0s,5,normalized_lateral_expansion_L_over_Lc,1,normalized_vertical_distance_z_over_Lc,1,3.1148,6.3882,0.080,0.070,642.50,1068.00
Fig. 9(a),fig9_dash8_alpha0p001_t1p0s,5,normalized_lateral_expansion_L_over_Lc,1,normalized_vertical_distance_z_over_Lc,1,2.9475,6.4177,0.080,0.070,617.00,1072.00
Fig. 9(a),fig9_dash8_alpha0p001_t1p0s,5,normalized_lateral_expansion_L_over_Lc,1,normalized_vertical_distance_z_over_Lc,1,2.8951,6.4471,0.080,0.070,609.00,1076.00
Fig. 9(a),fig9_dash8_alpha0p001_t1p0s,5,normalized_lateral_expansion_L_over_Lc,1,normalized_vertical_distance_z_over_Lc,1,2.7770,6.4765,0.080,0.070,591.00,1080.00
Fig. 9(a),fig9_dash8_alpha0p001_t1p0s,5,normalized_lateral_expansion_L_over_Lc,1,normalized_vertical_distance_z_over_Lc,1,2.6787,6.5060,0.080,0.070,576.00,1084.00
Fig. 9(a),fig9_dash8_alpha0p001_t1p0s,5,normalized_lateral_expansion_L_over_Lc,1,normalized_vertical_distance_z_over_Lc,1,2.6459,6.5354,0.080,0.070,571.00,1088.00
Fig. 9(a),fig9_dash8_alpha0p001_t1p0s,5,normalized_lateral_expansion_L_over_Lc,1,normalized_vertical_distance_z_over_Lc,1,2.6230,6.5649,0.080,0.070,567.50,1092.00
Fig. 9(a),fig9_dash8_alpha0p001_t1p0s,5,normalized_lateral_expansion_L_over_Lc,1,normalized_vertical_distance_z_over_Lc,1,2.6000,6.5943,0.080,0.070,564.00,1096.00
Fig. 9(a),fig9_dash8_alpha0p001_t1p0s,5,normalized_lateral_expansion_L_over_Lc,1,normalized_vertical_distance_z_over_Lc,1,2.5869,6.6237,0.080,0.070,562.00,1100.00
Fig. 9(a),fig9_dash8_alpha0p001_t1p0s,5,normalized_lateral_expansion_L_over_Lc,1,normalized_vertical_distance_z_over_Lc,1,2.5377,6.6532,0.080,0.070,554.50,1104.00
Fig. 9(a),fig9_dash8_alpha0p001_t1p0s,5,normalized_lateral_expansion_L_over_Lc,1,normalized_vertical_distance_z_over_Lc,1,2.3803,6.6826,0.080,0.070,530.50,1108.00
Fig. 9(a),fig9_dash8_alpha0p001_t1p0s,5,normalized_lateral_expansion_L_over_Lc,1,normalized_vertical_distance_z_over_Lc,1,2.2984,6.7121,0.080,0.070,518.00,1112.00
Fig. 9(a),fig9_dash8_alpha0p001_t1p0s,5,normalized_lateral_expansion_L_over_Lc,1,normalized_vertical_distance_z_over_Lc,1,2.2328,6.7415,0.080,0.070,508.00,1116.00
Fig. 9(a),fig9_dash8_alpha0p001_t1p0s,5,normalized_lateral_expansion_L_over_Lc,1,normalized_vertical_distance_z_over_Lc,1,2.0689,6.7709,0.080,0.070,483.00,1120.00
Fig. 9(a),fig9_dash8_alpha0p001_t1p0s,5,normalized_lateral_expansion_L_over_Lc,1,normalized_vertical_distance_z_over_Lc,1,2.0328,6.8004,0.080,0.070,477.50,1124.00
Fig. 9(a),fig9_dash8_alpha0p001_t1p0s,5,normalized_lateral_expansion_L_over_Lc,1,normalized_vertical_distance_z_over_Lc,1,1.9770,6.8298,0.080,0.070,469.00,1128.00
Fig. 9(a),fig9_dash8_alpha0p001_t1p0s,5,normalized_lateral_expansion_L_over_Lc,1,normalized_vertical_distance_z_over_Lc,1,1.8754,6.8592,0.080,0.070,453.50,1132.00
Fig. 9(a),fig9_dash8_alpha0p001_t1p0s,5,normalized_lateral_expansion_L_over_Lc,1,normalized_vertical_distance_z_over_Lc,1,1.5738,6.8887,0.080,0.070,407.50,1136.00
Fig. 9(a),fig9_dash8_alpha0p001_t1p0s,5,normalized_lateral_expansion_L_over_Lc,1,normalized_vertical_distance_z_over_Lc,1,1.2623,6.9181,0.080,0.070,360.00,1140.00
Fig. 9(a),fig9_dash8_alpha0p001_t1p0s,5,normalized_lateral_expansion_L_over_Lc,1,normalized_vertical_distance_z_over_Lc,1,1.1082,6.9476,0.080,0.070,336.50,1144.00
Fig. 9(a),fig9_dash8_alpha0p001_t1p0s,5,normalized_lateral_expansion_L_over_Lc,1,normalized_vertical_distance_z_over_Lc,1,0.6754,6.9770,0.080,0.070,270.50,1148.00
Fig. 9(a),fig9_dash8_alpha0p001_t1p0s,5,normalized_lateral_expansion_L_over_Lc,1,normalized_vertical_distance_z_over_Lc,1,0.6230,7.0064,0.080,0.070,262.50,1152.00
Fig. 9(a),fig9_dash8_alpha0p001_t1p0s,5,normalized_lateral_expansion_L_over_Lc,1,normalized_vertical_distance_z_over_Lc,1,0.5803,7.0359,0.080,0.070,256.00,1156.00
Fig. 9(a),fig9_dash8_alpha0p001_t1p0s,5,normalized_lateral_expansion_L_over_Lc,1,normalized_vertical_distance_z_over_Lc,1,0.5443,7.0653,0.080,0.070,250.50,1160.00
Fig. 9(a),fig9_dash8_alpha0p001_t1p0s,5,normalized_lateral_expansion_L_over_Lc,1,normalized_vertical_distance_z_over_Lc,1,0.5115,7.0948,0.080,0.070,245.50,1164.00
Fig. 9(a),fig9_dash8_alpha0p001_t1p0s,5,normalized_lateral_expansion_L_over_Lc,1,normalized_vertical_distance_z_over_Lc,1,0.5049,7.1242,0.080,0.070,244.50,1168.00
Fig. 9(a),fig9_dash8_alpha0p001_t1p0s,5,normalized_lateral_expansion_L_over_Lc,1,normalized_vertical_distance_z_over_Lc,1,0.5016,7.1536,0.080,0.070,244.00,1172.00
Fig. 9(a),fig9_dash8_alpha0p001_t1p0s,5,normalized_lateral_expansion_L_over_Lc,1,normalized_vertical_distance_z_over_Lc,1,0.4951,7.1831,0.080,0.070,243.00,1176.00
Fig. 9(a),fig9_dash8_alpha0p001_t1p0s,5,normalized_lateral_expansion_L_over_Lc,1,normalized_vertical_distance_z_over_Lc,1,0.4590,7.2125,0.080,0.070,237.50,1180.00
Fig. 9(a),fig9_dash8_alpha0p001_t1p0s,5,normalized_lateral_expansion_L_over_Lc,1,normalized_vertical_distance_z_over_Lc,1,0.4262,7.2420,0.080,0.070,232.50,1184.00
Fig. 9(a),fig9_dash8_alpha0p001_t1p0s,5,normalized_lateral_expansion_L_over_Lc,1,normalized_vertical_distance_z_over_Lc,1,0.3770,7.2714,0.080,0.070,225.00,1188.00
Fig. 9(a),fig9_dash8_alpha0p001_t1p0s,5,normalized_lateral_expansion_L_over_Lc,1,normalized_vertical_distance_z_over_Lc,1,0.3410,7.3008,0.080,0.070,219.50,1192.00
Fig. 9(a),fig9_dash8_alpha0p001_t1p0s,5,normalized_lateral_expansion_L_over_Lc,1,normalized_vertical_distance_z_over_Lc,1,0.3115,7.3303,0.080,0.070,215.00,1196.00
Fig. 9(a),fig9_dash8_alpha0p001_t1p0s,5,normalized_lateral_expansion_L_over_Lc,1,normalized_vertical_distance_z_over_Lc,1,0.2590,7.3597,0.080,0.070,207.00,1200.00
Fig. 9(a),fig9_dash8_alpha0p001_t1p0s,5,normalized_lateral_expansion_L_over_Lc,1,normalized_vertical_distance_z_over_Lc,1,0.2328,7.3891,0.080,0.070,203.00,1204.00
Fig. 9(a),fig9_dash8_alpha0p001_t1p0s,5,normalized_lateral_expansion_L_over_Lc,1,normalized_vertical_distance_z_over_Lc,1,0.1115,7.4186,0.080,0.070,184.50,1208.00
Fig. 9(a),fig9_dash8_alpha0p001_t1p0s,5,normalized_lateral_expansion_L_over_Lc,1,normalized_vertical_distance_z_over_Lc,1,0.0918,7.4480,0.080,0.070,181.50,1212.00
Fig. 9(a),fig9_dash8_alpha0p001_t1p0s,5,normalized_lateral_expansion_L_over_Lc,1,normalized_vertical_distance_z_over_Lc,1,0.0393,7.4775,0.080,0.070,173.50,1216.00
Fig. 9(a),fig9_dash8_alpha0p001_t1p5s,1,normalized_lateral_expansion_L_over_Lc,1,normalized_vertical_distance_z_over_Lc,1,0.0590,0.0589,0.080,0.070,176.50,208.00
Fig. 9(a),fig9_dash8_alpha0p001_t1p5s,1,normalized_lateral_expansion_L_over_Lc,1,normalized_vertical_distance_z_over_Lc,1,0.1016,0.0883,0.080,0.070,183.00,212.00
Fig. 9(a),fig9_dash8_alpha0p001_t1p5s,1,normalized_lateral_expansion_L_over_Lc,1,normalized_vertical_distance_z_over_Lc,1,0.1148,0.1178,0.080,0.070,185.00,216.00
Fig. 9(a),fig9_dash8_alpha0p001_t1p5s,1,normalized_lateral_expansion_L_over_Lc,1,normalized_vertical_distance_z_over_Lc,1,0.1049,0.1472,0.080,0.070,183.50,220.00
Fig. 9(a),fig9_dash8_alpha0p001_t1p5s,1,normalized_lateral_expansion_L_over_Lc,1,normalized_vertical_distance_z_over_Lc,1,0.0754,0.1766,0.080,0.070,179.00,224.00
Fig. 9(a),fig9_dash8_alpha0p001_t1p5s,1,normalized_lateral_expansion_L_over_Lc,1,normalized_vertical_distance_z_over_Lc,1,0.0689,0.2061,0.080,0.070,178.00,228.00
Fig. 9(a),fig9_dash8_alpha0p001_t1p5s,1,normalized_lateral_expansion_L_over_Lc,1,normalized_vertical_distance_z_over_Lc,1,0.1475,0.2355,0.080,0.070,190.00,232.00
Fig. 9(a),fig9_dash8_alpha0p001_t1p5s,1,normalized_lateral_expansion_L_over_Lc,1,normalized_vertical_distance_z_over_Lc,1,0.5148,0.2649,0.080,0.070,246.00,236.00
Fig. 9(a),fig9_dash8_alpha0p001_t1p5s,1,normalized_lateral_expansion_L_over_Lc,1,normalized_vertical_distance_z_over_Lc,1,0.5705,0.2944,0.080,0.070,254.50,240.00
Fig. 9(a),fig9_dash8_alpha0p001_t1p5s,1,normalized_lateral_expansion_L_over_Lc,1,normalized_vertical_distance_z_over_Lc,1,0.8918,0.3238,0.080,0.070,303.50,244.00
Fig. 9(a),fig9_dash8_alpha0p001_t1p5s,1,normalized_lateral_expansion_L_over_Lc,1,normalized_vertical_distance_z_over_Lc,1,1.2262,0.3533,0.080,0.070,354.50,248.00
Fig. 9(a),fig9_dash8_alpha0p001_t1p5s,1,normalized_lateral_expansion_L_over_Lc,1,normalized_vertical_distance_z_over_Lc,1,1.2361,0.3827,0.080,0.070,356.00,252.00
Fig. 9(a),fig9_dash8_alpha0p001_t1p5s,1,normalized_lateral_expansion_L_over_Lc,1,normalized_vertical_distance_z_over_Lc,1,1.3443,0.4121,0.080,0.070,372.50,256.00
Fig. 9(a),fig9_dash8_alpha0p001_t1p5s,2,normalized_lateral_expansion_L_over_Lc,1,normalized_vertical_distance_z_over_Lc,1,2.1541,0.4710,0.080,0.070,496.00,264.00
Fig. 9(a),fig9_dash8_alpha0p001_t1p5s,2,normalized_lateral_expansion_L_over_Lc,1,normalized_vertical_distance_z_over_Lc,1,2.2787,0.5005,0.080,0.070,515.00,268.00
Fig. 9(a),fig9_dash8_alpha0p001_t1p5s,2,normalized_lateral_expansion_L_over_Lc,1,normalized_vertical_distance_z_over_Lc,1,2.3213,0.5299,0.080,0.070,521.50,272.00
Fig. 9(a),fig9_dash8_alpha0p001_t1p5s,2,normalized_lateral_expansion_L_over_Lc,1,normalized_vertical_distance_z_over_Lc,1,2.3115,0.5593,0.080,0.070,520.00,276.00
Fig. 9(a),fig9_dash8_alpha0p001_t1p5s,3,normalized_lateral_expansion_L_over_Lc,1,normalized_vertical_distance_z_over_Lc,1,2.5705,0.6771,0.080,0.070,559.50,292.00
Fig. 9(a),fig9_dash8_alpha0p001_t1p5s,3,normalized_lateral_expansion_L_over_Lc,1,normalized_vertical_distance_z_over_Lc,1,2.6459,0.7065,0.080,0.070,571.00,296.00
Fig. 9(a),fig9_dash8_alpha0p001_t1p5s,3,normalized_lateral_expansion_L_over_Lc,1,normalized_vertical_distance_z_over_Lc,1,2.6787,0.7360,0.080,0.070,576.00,300.00
Fig. 9(a),fig9_dash8_alpha0p001_t1p5s,3,normalized_lateral_expansion_L_over_Lc,1,normalized_vertical_distance_z_over_Lc,1,2.7279,0.7654,0.080,0.070,583.50,304.00
Fig. 9(a),fig9_dash8_alpha0p001_t1p5s,3,normalized_lateral_expansion_L_over_Lc,1,normalized_vertical_distance_z_over_Lc,1,2.7902,0.7948,0.080,0.070,593.00,308.00
Fig. 9(a),fig9_dash8_alpha0p001_t1p5s,3,normalized_lateral_expansion_L_over_Lc,1,normalized_vertical_distance_z_over_Lc,1,2.7934,0.8243,0.080,0.070,593.50,312.00
Fig. 9(a),fig9_dash8_alpha0p001_t1p5s,3,normalized_lateral_expansion_L_over_Lc,1,normalized_vertical_distance_z_over_Lc,1,2.7902,0.8537,0.080,0.070,593.00,316.00
Fig. 9(a),fig9_dash8_alpha0p001_t1p5s,3,normalized_lateral_expansion_L_over_Lc,1,normalized_vertical_distance_z_over_Lc,1,2.7967,0.8832,0.080,0.070,594.00,320.00
Fig. 9(a),fig9_dash8_alpha0p001_t1p5s,3,normalized_lateral_expansion_L_over_Lc,1,normalized_vertical_distance_z_over_Lc,1,2.5377,0.9126,0.080,0.070,554.50,324.00
Fig. 9(a),fig9_dash8_alpha0p001_t1p5s,3,normalized_lateral_expansion_L_over_Lc,1,normalized_vertical_distance_z_over_Lc,1,2.4459,0.9420,0.080,0.070,540.50,328.00
Fig. 9(a),fig9_dash8_alpha0p001_t1p5s,3,normalized_lateral_expansion_L_over_Lc,1,normalized_vertical_distance_z_over_Lc,1,2.3443,0.9715,0.080,0.070,525.00,332.00
Fig. 9(a),fig9_dash8_alpha0p001_t1p5s,3,normalized_lateral_expansion_L_over_Lc,1,normalized_vertical_distance_z_over_Lc,1,2.1049,1.0009,0.080,0.070,488.50,336.00
Fig. 9(a),fig9_dash8_alpha0p001_t1p5s,3,normalized_lateral_expansion_L_over_Lc,1,normalized_vertical_distance_z_over_Lc,1,2.2557,1.0304,0.080,0.070,511.50,340.00
Fig. 9(a),fig9_dash8_alpha0p001_t1p5s,3,normalized_lateral_expansion_L_over_Lc,1,normalized_vertical_distance_z_over_Lc,1,2.9639,1.0598,0.080,0.070,619.50,344.00
Fig. 9(a),fig9_dash8_alpha0p001_t1p5s,3,normalized_lateral_expansion_L_over_Lc,1,normalized_vertical_distance_z_over_Lc,1,2.9836,1.0892,0.080,0.070,622.50,348.00
Fig. 9(a),fig9_dash8_alpha0p001_t1p5s,3,normalized_lateral_expansion_L_over_Lc,1,normalized_vertical_distance_z_over_Lc,1,3.3934,1.1187,0.080,0.070,685.00,352.00
Fig. 9(a),fig9_dash8_alpha0p001_t1p5s,4,normalized_lateral_expansion_L_over_Lc,1,normalized_vertical_distance_z_over_Lc,1,4.3803,1.1776,0.080,0.070,835.50,360.00
Fig. 9(a),fig9_dash8_alpha0p001_t1p5s,4,normalized_lateral_expansion_L_over_Lc,1,normalized_vertical_distance_z_over_Lc,1,4.4820,1.2070,0.080,0.070,851.00,364.00
Fig. 9(a),fig9_dash8_alpha0p001_t1p5s,4,normalized_lateral_expansion_L_over_Lc,1,normalized_vertical_distance_z_over_Lc,1,4.7410,1.2364,0.080,0.070,890.50,368.00
Fig. 9(a),fig9_dash8_alpha0p001_t1p5s,4,normalized_lateral_expansion_L_over_Lc,1,normalized_vertical_distance_z_over_Lc,1,4.8590,1.2659,0.080,0.070,908.50,372.00
Fig. 9(a),fig9_dash8_alpha0p001_t1p5s,4,normalized_lateral_expansion_L_over_Lc,1,normalized_vertical_distance_z_over_Lc,1,4.9311,1.2953,0.080,0.070,919.50,376.00
Fig. 9(a),fig9_dash8_alpha0p001_t1p5s,4,normalized_lateral_expansion_L_over_Lc,1,normalized_vertical_distance_z_over_Lc,1,5.0230,1.3247,0.080,0.070,933.50,380.00
Fig. 9(a),fig9_dash8_alpha0p001_t1p5s,4,normalized_lateral_expansion_L_over_Lc,1,normalized_vertical_distance_z_over_Lc,1,5.0623,1.3542,0.080,0.070,939.50,384.00
Fig. 9(a),fig9_dash8_alpha0p001_t1p5s,4,normalized_lateral_expansion_L_over_Lc,1,normalized_vertical_distance_z_over_Lc,1,5.0918,1.3836,0.080,0.070,944.00,388.00
Fig. 9(a),fig9_dash8_alpha0p001_t1p5s,4,normalized_lateral_expansion_L_over_Lc,1,normalized_vertical_distance_z_over_Lc,1,5.1279,1.4131,0.080,0.070,949.50,392.00
Fig. 9(a),fig9_dash8_alpha0p001_t1p5s,4,normalized_lateral_expansion_L_over_Lc,1,normalized_vertical_distance_z_over_Lc,1,5.1705,1.4425,0.080,0.070,956.00,396.00
Fig. 9(a),fig9_dash8_alpha0p001_t1p5s,4,normalized_lateral_expansion_L_over_Lc,1,normalized_vertical_distance_z_over_Lc,1,5.1902,1.4719,0.080,0.070,959.00,400.00
Fig. 9(a),fig9_dash8_alpha0p001_t1p5s,4,normalized_lateral_expansion_L_over_Lc,1,normalized_vertical_distance_z_over_Lc,1,5.2131,1.5014,0.080,0.070,962.50,404.00
Fig. 9(a),fig9_dash8_alpha0p001_t1p5s,4,normalized_lateral_expansion_L_over_Lc,1,normalized_vertical_distance_z_over_Lc,1,5.2295,1.5308,0.080,0.070,965.00,408.00
Fig. 9(a),fig9_dash8_alpha0p001_t1p5s,4,normalized_lateral_expansion_L_over_Lc,1,normalized_vertical_distance_z_over_Lc,1,5.2295,1.5603,0.080,0.070,965.00,412.00
Fig. 9(a),fig9_dash8_alpha0p001_t1p5s,4,normalized_lateral_expansion_L_over_Lc,1,normalized_vertical_distance_z_over_Lc,1,5.2295,1.5897,0.080,0.070,965.00,416.00
Fig. 9(a),fig9_dash8_alpha0p001_t1p5s,4,normalized_lateral_expansion_L_over_Lc,1,normalized_vertical_distance_z_over_Lc,1,5.2393,1.6191,0.080,0.070,966.50,420.00
Fig. 9(a),fig9_dash8_alpha0p001_t1p5s,4,normalized_lateral_expansion_L_over_Lc,1,normalized_vertical_distance_z_over_Lc,1,5.2590,1.6486,0.080,0.070,969.50,424.00
Fig. 9(a),fig9_dash8_alpha0p001_t1p5s,4,normalized_lateral_expansion_L_over_Lc,1,normalized_vertical_distance_z_over_Lc,1,5.2852,1.6780,0.080,0.070,973.50,428.00
Fig. 9(a),fig9_dash8_alpha0p001_t1p5s,4,normalized_lateral_expansion_L_over_Lc,1,normalized_vertical_distance_z_over_Lc,1,5.3148,1.7075,0.080,0.070,978.00,432.00
Fig. 9(a),fig9_dash8_alpha0p001_t1p5s,4,normalized_lateral_expansion_L_over_Lc,1,normalized_vertical_distance_z_over_Lc,1,5.3410,1.7369,0.080,0.070,982.00,436.00
Fig. 9(a),fig9_dash8_alpha0p001_t1p5s,4,normalized_lateral_expansion_L_over_Lc,1,normalized_vertical_distance_z_over_Lc,1,5.3574,1.7663,0.080,0.070,984.50,440.00
Fig. 9(a),fig9_dash8_alpha0p001_t1p5s,4,normalized_lateral_expansion_L_over_Lc,1,normalized_vertical_distance_z_over_Lc,1,5.3410,1.7958,0.080,0.070,982.00,444.00
Fig. 9(a),fig9_dash8_alpha0p001_t1p5s,4,normalized_lateral_expansion_L_over_Lc,1,normalized_vertical_distance_z_over_Lc,1,5.3246,1.8252,0.080,0.070,979.50,448.00
Fig. 9(a),fig9_dash8_alpha0p001_t1p5s,4,normalized_lateral_expansion_L_over_Lc,1,normalized_vertical_distance_z_over_Lc,1,5.3082,1.8546,0.080,0.070,977.00,452.00
Fig. 9(a),fig9_dash8_alpha0p001_t1p5s,4,normalized_lateral_expansion_L_over_Lc,1,normalized_vertical_distance_z_over_Lc,1,5.3148,1.8841,0.080,0.070,978.00,456.00
Fig. 9(a),fig9_dash8_alpha0p001_t1p5s,4,normalized_lateral_expansion_L_over_Lc,1,normalized_vertical_distance_z_over_Lc,1,5.3213,1.9135,0.080,0.070,979.00,460.00
Fig. 9(a),fig9_dash8_alpha0p001_t1p5s,4,normalized_lateral_expansion_L_over_Lc,1,normalized_vertical_distance_z_over_Lc,1,5.3344,1.9430,0.080,0.070,981.00,464.00
Fig. 9(a),fig9_dash8_alpha0p001_t1p5s,5,normalized_lateral_expansion_L_over_Lc,1,normalized_vertical_distance_z_over_Lc,1,5.2328,2.0018,0.080,0.070,965.50,472.00
Fig. 9(a),fig9_dash8_alpha0p001_t1p5s,5,normalized_lateral_expansion_L_over_Lc,1,normalized_vertical_distance_z_over_Lc,1,5.2492,2.0313,0.080,0.070,968.00,476.00
Fig. 9(a),fig9_dash8_alpha0p001_t1p5s,5,normalized_lateral_expansion_L_over_Lc,1,normalized_vertical_distance_z_over_Lc,1,5.2689,2.0607,0.080,0.070,971.00,480.00
Fig. 9(a),fig9_dash8_alpha0p001_t1p5s,5,normalized_lateral_expansion_L_over_Lc,1,normalized_vertical_distance_z_over_Lc,1,5.2852,2.0902,0.080,0.070,973.50,484.00
Fig. 9(a),fig9_dash8_alpha0p001_t1p5s,5,normalized_lateral_expansion_L_over_Lc,1,normalized_vertical_distance_z_over_Lc,1,5.3049,2.1196,0.080,0.070,976.50,488.00
Fig. 9(a),fig9_dash8_alpha0p001_t1p5s,5,normalized_lateral_expansion_L_over_Lc,1,normalized_vertical_distance_z_over_Lc,1,5.3049,2.1490,0.080,0.070,976.50,492.00
Fig. 9(a),fig9_dash8_alpha0p001_t1p5s,5,normalized_lateral_expansion_L_over_Lc,1,normalized_vertical_distance_z_over_Lc,1,5.3016,2.1785,0.080,0.070,976.00,496.00
Fig. 9(a),fig9_dash8_alpha0p001_t1p5s,5,normalized_lateral_expansion_L_over_Lc,1,normalized_vertical_distance_z_over_Lc,1,5.2918,2.2079,0.080,0.070,974.50,500.00
Fig. 9(a),fig9_dash8_alpha0p001_t1p5s,5,normalized_lateral_expansion_L_over_Lc,1,normalized_vertical_distance_z_over_Lc,1,5.2754,2.2374,0.080,0.070,972.00,504.00
Fig. 9(a),fig9_dash8_alpha0p001_t1p5s,5,normalized_lateral_expansion_L_over_Lc,1,normalized_vertical_distance_z_over_Lc,1,5.2623,2.2668,0.080,0.070,970.00,508.00
Fig. 9(a),fig9_dash8_alpha0p001_t1p5s,5,normalized_lateral_expansion_L_over_Lc,1,normalized_vertical_distance_z_over_Lc,1,5.2689,2.2962,0.080,0.070,971.00,512.00
Fig. 9(a),fig9_dash8_alpha0p001_t1p5s,5,normalized_lateral_expansion_L_over_Lc,1,normalized_vertical_distance_z_over_Lc,1,5.3148,2.3257,0.080,0.070,978.00,516.00
Fig. 9(a),fig9_dash8_alpha0p001_t1p5s,5,normalized_lateral_expansion_L_over_Lc,1,normalized_vertical_distance_z_over_Lc,1,5.3902,2.3551,0.080,0.070,989.50,520.00
Fig. 9(a),fig9_dash8_alpha0p001_t1p5s,5,normalized_lateral_expansion_L_over_Lc,1,normalized_vertical_distance_z_over_Lc,1,5.4361,2.3845,0.080,0.070,996.50,524.00
Fig. 9(a),fig9_dash8_alpha0p001_t1p5s,5,normalized_lateral_expansion_L_over_Lc,1,normalized_vertical_distance_z_over_Lc,1,5.5049,2.4140,0.080,0.070,1007.00,528.00
Fig. 9(a),fig9_dash8_alpha0p001_t1p5s,5,normalized_lateral_expansion_L_over_Lc,1,normalized_vertical_distance_z_over_Lc,1,5.5443,2.4434,0.080,0.070,1013.00,532.00
Fig. 9(a),fig9_dash8_alpha0p001_t1p5s,5,normalized_lateral_expansion_L_over_Lc,1,normalized_vertical_distance_z_over_Lc,1,5.5705,2.4729,0.080,0.070,1017.00,536.00
Fig. 9(a),fig9_dash8_alpha0p001_t1p5s,5,normalized_lateral_expansion_L_over_Lc,1,normalized_vertical_distance_z_over_Lc,1,5.6000,2.5023,0.080,0.070,1021.50,540.00
Fig. 9(a),fig9_dash8_alpha0p001_t1p5s,5,normalized_lateral_expansion_L_over_Lc,1,normalized_vertical_distance_z_over_Lc,1,5.6262,2.5317,0.080,0.070,1025.50,544.00
Fig. 9(a),fig9_dash8_alpha0p001_t1p5s,5,normalized_lateral_expansion_L_over_Lc,1,normalized_vertical_distance_z_over_Lc,1,5.6393,2.5612,0.080,0.070,1027.50,548.00
Fig. 9(a),fig9_dash8_alpha0p001_t1p5s,5,normalized_lateral_expansion_L_over_Lc,1,normalized_vertical_distance_z_over_Lc,1,5.6557,2.5906,0.080,0.070,1030.00,552.00
Fig. 9(a),fig9_dash8_alpha0p001_t1p5s,5,normalized_lateral_expansion_L_over_Lc,1,normalized_vertical_distance_z_over_Lc,1,5.6656,2.6201,0.080,0.070,1031.50,556.00
Fig. 9(a),fig9_dash8_alpha0p001_t1p5s,5,normalized_lateral_expansion_L_over_Lc,1,normalized_vertical_distance_z_over_Lc,1,5.6885,2.6495,0.080,0.070,1035.00,560.00
Fig. 9(a),fig9_dash8_alpha0p001_t1p5s,5,normalized_lateral_expansion_L_over_Lc,1,normalized_vertical_distance_z_over_Lc,1,5.6984,2.6789,0.080,0.070,1036.50,564.00
Fig. 9(a),fig9_dash8_alpha0p001_t1p5s,5,normalized_lateral_expansion_L_over_Lc,1,normalized_vertical_distance_z_over_Lc,1,5.7016,2.7084,0.080,0.070,1037.00,568.00
Fig. 9(a),fig9_dash8_alpha0p001_t1p5s,5,normalized_lateral_expansion_L_over_Lc,1,normalized_vertical_distance_z_over_Lc,1,5.7311,2.7378,0.080,0.070,1041.50,572.00
Fig. 9(a),fig9_dash8_alpha0p001_t1p5s,5,normalized_lateral_expansion_L_over_Lc,1,normalized_vertical_distance_z_over_Lc,1,5.7475,2.7672,0.080,0.070,1044.00,576.00
Fig. 9(a),fig9_dash8_alpha0p001_t1p5s,5,normalized_lateral_expansion_L_over_Lc,1,normalized_vertical_distance_z_over_Lc,1,5.7803,2.7967,0.080,0.070,1049.00,580.00
Fig. 9(a),fig9_dash8_alpha0p001_t1p5s,5,normalized_lateral_expansion_L_over_Lc,1,normalized_vertical_distance_z_over_Lc,1,5.7836,2.8261,0.080,0.070,1049.50,584.00
Fig. 9(a),fig9_dash8_alpha0p001_t1p5s,5,normalized_lateral_expansion_L_over_Lc,1,normalized_vertical_distance_z_over_Lc,1,5.7869,2.8556,0.080,0.070,1050.00,588.00
Fig. 9(a),fig9_dash8_alpha0p001_t1p5s,5,normalized_lateral_expansion_L_over_Lc,1,normalized_vertical_distance_z_over_Lc,1,5.8131,2.8850,0.080,0.070,1054.00,592.00
Fig. 9(a),fig9_dash8_alpha0p001_t1p5s,5,normalized_lateral_expansion_L_over_Lc,1,normalized_vertical_distance_z_over_Lc,1,5.8623,2.9144,0.080,0.070,1061.50,596.00
Fig. 9(a),fig9_dash8_alpha0p001_t1p5s,5,normalized_lateral_expansion_L_over_Lc,1,normalized_vertical_distance_z_over_Lc,1,5.9082,2.9439,0.080,0.070,1068.50,600.00
Fig. 9(a),fig9_dash8_alpha0p001_t1p5s,5,normalized_lateral_expansion_L_over_Lc,1,normalized_vertical_distance_z_over_Lc,1,5.9607,2.9733,0.080,0.070,1076.50,604.00
Fig. 9(a),fig9_dash8_alpha0p001_t1p5s,5,normalized_lateral_expansion_L_over_Lc,1,normalized_vertical_distance_z_over_Lc,1,6.0492,3.0028,0.080,0.070,1090.00,608.00
Fig. 9(a),fig9_dash8_alpha0p001_t1p5s,5,normalized_lateral_expansion_L_over_Lc,1,normalized_vertical_distance_z_over_Lc,1,6.0918,3.0322,0.080,0.070,1096.50,612.00
Fig. 9(a),fig9_dash8_alpha0p001_t1p5s,5,normalized_lateral_expansion_L_over_Lc,1,normalized_vertical_distance_z_over_Lc,1,6.1672,3.0616,0.080,0.070,1108.00,616.00
Fig. 9(a),fig9_dash8_alpha0p001_t1p5s,5,normalized_lateral_expansion_L_over_Lc,1,normalized_vertical_distance_z_over_Lc,1,6.2656,3.0911,0.080,0.070,1123.00,620.00
Fig. 9(a),fig9_dash8_alpha0p001_t1p5s,5,normalized_lateral_expansion_L_over_Lc,1,normalized_vertical_distance_z_over_Lc,1,6.3082,3.1205,0.080,0.070,1129.50,624.00
Fig. 9(a),fig9_dash8_alpha0p001_t1p5s,5,normalized_lateral_expansion_L_over_Lc,1,normalized_vertical_distance_z_over_Lc,1,6.3738,3.1500,0.080,0.070,1139.50,628.00
Fig. 9(a),fig9_dash8_alpha0p001_t1p5s,5,normalized_lateral_expansion_L_over_Lc,1,normalized_vertical_distance_z_over_Lc,1,6.4131,3.1794,0.080,0.070,1145.50,632.00
Fig. 9(a),fig9_dash8_alpha0p001_t1p5s,5,normalized_lateral_expansion_L_over_Lc,1,normalized_vertical_distance_z_over_Lc,1,6.4459,3.2088,0.080,0.070,1150.50,636.00
Fig. 9(a),fig9_dash8_alpha0p001_t1p5s,5,normalized_lateral_expansion_L_over_Lc,1,normalized_vertical_distance_z_over_Lc,1,6.4689,3.2383,0.080,0.070,1154.00,640.00
Fig. 9(a),fig9_dash8_alpha0p001_t1p5s,5,normalized_lateral_expansion_L_over_Lc,1,normalized_vertical_distance_z_over_Lc,1,6.4787,3.2677,0.080,0.070,1155.50,644.00
Fig. 9(a),fig9_dash8_alpha0p001_t1p5s,5,normalized_lateral_expansion_L_over_Lc,1,normalized_vertical_distance_z_over_Lc,1,6.4787,3.2971,0.080,0.070,1155.50,648.00
Fig. 9(a),fig9_dash8_alpha0p001_t1p5s,5,normalized_lateral_expansion_L_over_Lc,1,normalized_vertical_distance_z_over_Lc,1,6.4787,3.3266,0.080,0.070,1155.50,652.00
Fig. 9(a),fig9_dash8_alpha0p001_t1p5s,5,normalized_lateral_expansion_L_over_Lc,1,normalized_vertical_distance_z_over_Lc,1,6.4787,3.3560,0.080,0.070,1155.50,656.00
Fig. 9(a),fig9_dash8_alpha0p001_t1p5s,5,normalized_lateral_expansion_L_over_Lc,1,normalized_vertical_distance_z_over_Lc,1,6.4852,3.3855,0.080,0.070,1156.50,660.00
Fig. 9(a),fig9_dash8_alpha0p001_t1p5s,5,normalized_lateral_expansion_L_over_Lc,1,normalized_vertical_distance_z_over_Lc,1,6.5279,3.4149,0.080,0.070,1163.00,664.00
Fig. 9(a),fig9_dash8_alpha0p001_t1p5s,5,normalized_lateral_expansion_L_over_Lc,1,normalized_vertical_distance_z_over_Lc,1,6.5574,3.4443,0.080,0.070,1167.50,668.00
Fig. 9(a),fig9_dash8_alpha0p001_t1p5s,5,normalized_lateral_expansion_L_over_Lc,1,normalized_vertical_distance_z_over_Lc,1,6.6066,3.4738,0.080,0.070,1175.00,672.00
Fig. 9(a),fig9_dash8_alpha0p001_t1p5s,5,normalized_lateral_expansion_L_over_Lc,1,normalized_vertical_distance_z_over_Lc,1,6.6885,3.5032,0.080,0.070,1187.50,676.00
Fig. 9(a),fig9_dash8_alpha0p001_t1p5s,5,normalized_lateral_expansion_L_over_Lc,1,normalized_vertical_distance_z_over_Lc,1,6.7279,3.5327,0.080,0.070,1193.50,680.00
Fig. 9(a),fig9_dash8_alpha0p001_t1p5s,5,normalized_lateral_expansion_L_over_Lc,1,normalized_vertical_distance_z_over_Lc,1,6.8164,3.5621,0.080,0.070,1207.00,684.00
Fig. 9(a),fig9_dash8_alpha0p001_t1p5s,5,normalized_lateral_expansion_L_over_Lc,1,normalized_vertical_distance_z_over_Lc,1,6.9148,3.5915,0.080,0.070,1222.00,688.00
Fig. 9(a),fig9_dash8_alpha0p001_t1p5s,5,normalized_lateral_expansion_L_over_Lc,1,normalized_vertical_distance_z_over_Lc,1,6.9607,3.6210,0.080,0.070,1229.00,692.00
Fig. 9(a),fig9_dash8_alpha0p001_t1p5s,5,normalized_lateral_expansion_L_over_Lc,1,normalized_vertical_distance_z_over_Lc,1,7.0066,3.6504,0.080,0.070,1236.00,696.00
Fig. 9(a),fig9_dash8_alpha0p001_t1p5s,5,normalized_lateral_expansion_L_over_Lc,1,normalized_vertical_distance_z_over_Lc,1,7.0426,3.6799,0.080,0.070,1241.50,700.00
Fig. 9(a),fig9_dash8_alpha0p001_t1p5s,5,normalized_lateral_expansion_L_over_Lc,1,normalized_vertical_distance_z_over_Lc,1,7.1082,3.7093,0.080,0.070,1251.50,704.00
Fig. 9(a),fig9_dash8_alpha0p001_t1p5s,5,normalized_lateral_expansion_L_over_Lc,1,normalized_vertical_distance_z_over_Lc,1,7.1311,3.7387,0.080,0.070,1255.00,708.00
Fig. 9(a),fig9_dash8_alpha0p001_t1p5s,5,normalized_lateral_expansion_L_over_Lc,1,normalized_vertical_distance_z_over_Lc,1,7.1770,3.7682,0.080,0.070,1262.00,712.00
Fig. 9(a),fig9_dash8_alpha0p001_t1p5s,5,normalized_lateral_expansion_L_over_Lc,1,normalized_vertical_distance_z_over_Lc,1,7.6131,3.7976,0.080,0.070,1328.50,716.00
Fig. 9(a),fig9_dash8_alpha0p001_t1p5s,5,normalized_lateral_expansion_L_over_Lc,1,normalized_vertical_distance_z_over_Lc,1,7.7639,3.8270,0.080,0.070,1351.50,720.00
Fig. 9(a),fig9_dash8_alpha0p001_t1p5s,5,normalized_lateral_expansion_L_over_Lc,1,normalized_vertical_distance_z_over_Lc,1,7.8000,3.8565,0.080,0.070,1357.00,724.00
Fig. 9(a),fig9_dash8_alpha0p001_t1p5s,5,normalized_lateral_expansion_L_over_Lc,1,normalized_vertical_distance_z_over_Lc,1,7.8459,3.8859,0.080,0.070,1364.00,728.00
Fig. 9(a),fig9_dash8_alpha0p001_t1p5s,5,normalized_lateral_expansion_L_over_Lc,1,normalized_vertical_distance_z_over_Lc,1,7.8689,3.9154,0.080,0.070,1367.50,732.00
Fig. 9(a),fig9_dash8_alpha0p001_t1p5s,5,normalized_lateral_expansion_L_over_Lc,1,normalized_vertical_distance_z_over_Lc,1,7.9148,3.9448,0.080,0.070,1374.50,736.00
Fig. 9(a),fig9_dash8_alpha0p001_t1p5s,5,normalized_lateral_expansion_L_over_Lc,1,normalized_vertical_distance_z_over_Lc,1,7.9213,3.9742,0.080,0.070,1375.50,740.00
Fig. 9(a),fig9_dash8_alpha0p001_t1p5s,5,normalized_lateral_expansion_L_over_Lc,1,normalized_vertical_distance_z_over_Lc,1,7.9213,4.0037,0.080,0.070,1375.50,744.00
Fig. 9(a),fig9_dash8_alpha0p001_t1p5s,5,normalized_lateral_expansion_L_over_Lc,1,normalized_vertical_distance_z_over_Lc,1,7.9180,4.0331,0.080,0.070,1375.00,748.00
Fig. 9(a),fig9_dash8_alpha0p001_t1p5s,5,normalized_lateral_expansion_L_over_Lc,1,normalized_vertical_distance_z_over_Lc,1,7.8984,4.0626,0.080,0.070,1372.00,752.00
Fig. 9(a),fig9_dash8_alpha0p001_t1p5s,5,normalized_lateral_expansion_L_over_Lc,1,normalized_vertical_distance_z_over_Lc,1,7.8623,4.0920,0.080,0.070,1366.50,756.00
Fig. 9(a),fig9_dash8_alpha0p001_t1p5s,5,normalized_lateral_expansion_L_over_Lc,1,normalized_vertical_distance_z_over_Lc,1,7.8492,4.1214,0.080,0.070,1364.50,760.00
Fig. 9(a),fig9_dash8_alpha0p001_t1p5s,5,normalized_lateral_expansion_L_over_Lc,1,normalized_vertical_distance_z_over_Lc,1,7.8131,4.1509,0.080,0.070,1359.00,764.00
Fig. 9(a),fig9_dash8_alpha0p001_t1p5s,5,normalized_lateral_expansion_L_over_Lc,1,normalized_vertical_distance_z_over_Lc,1,7.7869,4.1803,0.080,0.070,1355.00,768.00
Fig. 9(a),fig9_dash8_alpha0p001_t1p5s,5,normalized_lateral_expansion_L_over_Lc,1,normalized_vertical_distance_z_over_Lc,1,7.7738,4.2098,0.080,0.070,1353.00,772.00
Fig. 9(a),fig9_dash8_alpha0p001_t1p5s,5,normalized_lateral_expansion_L_over_Lc,1,normalized_vertical_distance_z_over_Lc,1,7.7934,4.2392,0.080,0.070,1356.00,776.00
Fig. 9(a),fig9_dash8_alpha0p001_t1p5s,5,normalized_lateral_expansion_L_over_Lc,1,normalized_vertical_distance_z_over_Lc,1,7.8262,4.2686,0.080,0.070,1361.00,780.00
Fig. 9(a),fig9_dash8_alpha0p001_t1p5s,5,normalized_lateral_expansion_L_over_Lc,1,normalized_vertical_distance_z_over_Lc,1,7.8492,4.2981,0.080,0.070,1364.50,784.00
Fig. 9(a),fig9_dash8_alpha0p001_t1p5s,5,normalized_lateral_expansion_L_over_Lc,1,normalized_vertical_distance_z_over_Lc,1,7.9541,4.3275,0.080,0.070,1380.50,788.00
Fig. 9(a),fig9_dash8_alpha0p001_t1p5s,5,normalized_lateral_expansion_L_over_Lc,1,normalized_vertical_distance_z_over_Lc,1,7.9836,4.3569,0.080,0.070,1385.00,792.00
Fig. 9(a),fig9_dash8_alpha0p001_t1p5s,5,normalized_lateral_expansion_L_over_Lc,1,normalized_vertical_distance_z_over_Lc,1,8.0098,4.3864,0.080,0.070,1389.00,796.00
Fig. 9(a),fig9_dash8_alpha0p001_t1p5s,5,normalized_lateral_expansion_L_over_Lc,1,normalized_vertical_distance_z_over_Lc,1,8.0328,4.4158,0.080,0.070,1392.50,800.00
Fig. 9(a),fig9_dash8_alpha0p001_t1p5s,5,normalized_lateral_expansion_L_over_Lc,1,normalized_vertical_distance_z_over_Lc,1,8.0557,4.4453,0.080,0.070,1396.00,804.00
Fig. 9(a),fig9_dash8_alpha0p001_t1p5s,5,normalized_lateral_expansion_L_over_Lc,1,normalized_vertical_distance_z_over_Lc,1,8.0754,4.4747,0.080,0.070,1399.00,808.00
Fig. 9(a),fig9_dash8_alpha0p001_t1p5s,5,normalized_lateral_expansion_L_over_Lc,1,normalized_vertical_distance_z_over_Lc,1,8.0885,4.5041,0.080,0.070,1401.00,812.00
Fig. 9(a),fig9_dash8_alpha0p001_t1p5s,5,normalized_lateral_expansion_L_over_Lc,1,normalized_vertical_distance_z_over_Lc,1,8.0852,4.5336,0.080,0.070,1400.50,816.00
Fig. 9(a),fig9_dash8_alpha0p001_t1p5s,5,normalized_lateral_expansion_L_over_Lc,1,normalized_vertical_distance_z_over_Lc,1,8.0689,4.5630,0.080,0.070,1398.00,820.00
Fig. 9(a),fig9_dash8_alpha0p001_t1p5s,5,normalized_lateral_expansion_L_over_Lc,1,normalized_vertical_distance_z_over_Lc,1,8.0361,4.5925,0.080,0.070,1393.00,824.00
Fig. 9(a),fig9_dash8_alpha0p001_t1p5s,5,normalized_lateral_expansion_L_over_Lc,1,normalized_vertical_distance_z_over_Lc,1,8.0066,4.6219,0.080,0.070,1388.50,828.00
Fig. 9(a),fig9_dash8_alpha0p001_t1p5s,5,normalized_lateral_expansion_L_over_Lc,1,normalized_vertical_distance_z_over_Lc,1,7.9803,4.6513,0.080,0.070,1384.50,832.00
Fig. 9(a),fig9_dash8_alpha0p001_t1p5s,5,normalized_lateral_expansion_L_over_Lc,1,normalized_vertical_distance_z_over_Lc,1,7.9508,4.6808,0.080,0.070,1380.00,836.00
Fig. 9(a),fig9_dash8_alpha0p001_t1p5s,5,normalized_lateral_expansion_L_over_Lc,1,normalized_vertical_distance_z_over_Lc,1,7.9311,4.7102,0.080,0.070,1377.00,840.00
Fig. 9(a),fig9_dash8_alpha0p001_t1p5s,5,normalized_lateral_expansion_L_over_Lc,1,normalized_vertical_distance_z_over_Lc,1,7.9082,4.7397,0.080,0.070,1373.50,844.00
Fig. 9(a),fig9_dash8_alpha0p001_t1p5s,5,normalized_lateral_expansion_L_over_Lc,1,normalized_vertical_distance_z_over_Lc,1,7.8623,4.7691,0.080,0.070,1366.50,848.00
Fig. 9(a),fig9_dash8_alpha0p001_t1p5s,5,normalized_lateral_expansion_L_over_Lc,1,normalized_vertical_distance_z_over_Lc,1,7.8295,4.7985,0.080,0.070,1361.50,852.00
Fig. 9(a),fig9_dash8_alpha0p001_t1p5s,5,normalized_lateral_expansion_L_over_Lc,1,normalized_vertical_distance_z_over_Lc,1,7.8000,4.8280,0.080,0.070,1357.00,856.00
Fig. 9(a),fig9_dash8_alpha0p001_t1p5s,5,normalized_lateral_expansion_L_over_Lc,1,normalized_vertical_distance_z_over_Lc,1,7.7672,4.8574,0.080,0.070,1352.00,860.00
Fig. 9(a),fig9_dash8_alpha0p001_t1p5s,5,normalized_lateral_expansion_L_over_Lc,1,normalized_vertical_distance_z_over_Lc,1,7.7180,4.8868,0.080,0.070,1344.50,864.00
Fig. 9(a),fig9_dash8_alpha0p001_t1p5s,5,normalized_lateral_expansion_L_over_Lc,1,normalized_vertical_distance_z_over_Lc,1,7.4754,4.9163,0.080,0.070,1307.50,868.00
Fig. 9(a),fig9_dash8_alpha0p001_t1p5s,5,normalized_lateral_expansion_L_over_Lc,1,normalized_vertical_distance_z_over_Lc,1,7.3049,4.9457,0.080,0.070,1281.50,872.00
Fig. 9(a),fig9_dash8_alpha0p001_t1p5s,5,normalized_lateral_expansion_L_over_Lc,1,normalized_vertical_distance_z_over_Lc,1,7.1180,4.9752,0.080,0.070,1253.00,876.00
Fig. 9(a),fig9_dash8_alpha0p001_t1p5s,5,normalized_lateral_expansion_L_over_Lc,1,normalized_vertical_distance_z_over_Lc,1,6.9115,5.0046,0.080,0.070,1221.50,880.00
Fig. 9(a),fig9_dash8_alpha0p001_t1p5s,5,normalized_lateral_expansion_L_over_Lc,1,normalized_vertical_distance_z_over_Lc,1,6.7475,5.0340,0.080,0.070,1196.50,884.00
Fig. 9(a),fig9_dash8_alpha0p001_t1p5s,5,normalized_lateral_expansion_L_over_Lc,1,normalized_vertical_distance_z_over_Lc,1,6.7049,5.0635,0.080,0.070,1190.00,888.00
Fig. 9(a),fig9_dash8_alpha0p001_t1p5s,5,normalized_lateral_expansion_L_over_Lc,1,normalized_vertical_distance_z_over_Lc,1,6.6721,5.0929,0.080,0.070,1185.00,892.00
Fig. 9(a),fig9_dash8_alpha0p001_t1p5s,5,normalized_lateral_expansion_L_over_Lc,1,normalized_vertical_distance_z_over_Lc,1,6.6459,5.1224,0.080,0.070,1181.00,896.00
Fig. 9(a),fig9_dash8_alpha0p001_t1p5s,5,normalized_lateral_expansion_L_over_Lc,1,normalized_vertical_distance_z_over_Lc,1,6.6361,5.1518,0.080,0.070,1179.50,900.00
Fig. 9(a),fig9_dash8_alpha0p001_t1p5s,5,normalized_lateral_expansion_L_over_Lc,1,normalized_vertical_distance_z_over_Lc,1,6.5738,5.1812,0.080,0.070,1170.00,904.00
Fig. 9(a),fig9_dash8_alpha0p001_t1p5s,5,normalized_lateral_expansion_L_over_Lc,1,normalized_vertical_distance_z_over_Lc,1,6.4525,5.2107,0.080,0.070,1151.50,908.00
Fig. 9(a),fig9_dash8_alpha0p001_t1p5s,5,normalized_lateral_expansion_L_over_Lc,1,normalized_vertical_distance_z_over_Lc,1,6.3082,5.2401,0.080,0.070,1129.50,912.00
Fig. 9(a),fig9_dash8_alpha0p001_t1p5s,5,normalized_lateral_expansion_L_over_Lc,1,normalized_vertical_distance_z_over_Lc,1,6.2197,5.2695,0.080,0.070,1116.00,916.00
Fig. 9(a),fig9_dash8_alpha0p001_t1p5s,5,normalized_lateral_expansion_L_over_Lc,1,normalized_vertical_distance_z_over_Lc,1,6.0754,5.2990,0.080,0.070,1094.00,920.00
Fig. 9(a),fig9_dash8_alpha0p001_t1p5s,5,normalized_lateral_expansion_L_over_Lc,1,normalized_vertical_distance_z_over_Lc,1,6.0262,5.3284,0.080,0.070,1086.50,924.00
Fig. 9(a),fig9_dash8_alpha0p001_t1p5s,5,normalized_lateral_expansion_L_over_Lc,1,normalized_vertical_distance_z_over_Lc,1,6.0230,5.3579,0.080,0.070,1086.00,928.00
Fig. 9(a),fig9_dash8_alpha0p001_t1p5s,5,normalized_lateral_expansion_L_over_Lc,1,normalized_vertical_distance_z_over_Lc,1,6.0393,5.3873,0.080,0.070,1088.50,932.00
Fig. 9(a),fig9_dash8_alpha0p001_t1p5s,5,normalized_lateral_expansion_L_over_Lc,1,normalized_vertical_distance_z_over_Lc,1,6.0590,5.4167,0.080,0.070,1091.50,936.00
Fig. 9(a),fig9_dash8_alpha0p001_t1p5s,5,normalized_lateral_expansion_L_over_Lc,1,normalized_vertical_distance_z_over_Lc,1,6.1049,5.4462,0.080,0.070,1098.50,940.00
Fig. 9(a),fig9_dash8_alpha0p001_t1p5s,5,normalized_lateral_expansion_L_over_Lc,1,normalized_vertical_distance_z_over_Lc,1,6.1213,5.4756,0.080,0.070,1101.00,944.00
Fig. 9(a),fig9_dash8_alpha0p001_t1p5s,5,normalized_lateral_expansion_L_over_Lc,1,normalized_vertical_distance_z_over_Lc,1,6.1508,5.5051,0.080,0.070,1105.50,948.00
Fig. 9(a),fig9_dash8_alpha0p001_t1p5s,5,normalized_lateral_expansion_L_over_Lc,1,normalized_vertical_distance_z_over_Lc,1,6.1475,5.5345,0.080,0.070,1105.00,952.00
Fig. 9(a),fig9_dash8_alpha0p001_t1p5s,5,normalized_lateral_expansion_L_over_Lc,1,normalized_vertical_distance_z_over_Lc,1,6.0787,5.5639,0.080,0.070,1094.50,956.00
Fig. 9(a),fig9_dash8_alpha0p001_t1p5s,5,normalized_lateral_expansion_L_over_Lc,1,normalized_vertical_distance_z_over_Lc,1,6.0164,5.5934,0.080,0.070,1085.00,960.00
Fig. 9(a),fig9_dash8_alpha0p001_t1p5s,5,normalized_lateral_expansion_L_over_Lc,1,normalized_vertical_distance_z_over_Lc,1,5.9803,5.6228,0.080,0.070,1079.50,964.00
Fig. 9(a),fig9_dash8_alpha0p001_t1p5s,5,normalized_lateral_expansion_L_over_Lc,1,normalized_vertical_distance_z_over_Lc,1,5.8754,5.6523,0.080,0.070,1063.50,968.00
Fig. 9(a),fig9_dash8_alpha0p001_t1p5s,5,normalized_lateral_expansion_L_over_Lc,1,normalized_vertical_distance_z_over_Lc,1,5.8525,5.6817,0.080,0.070,1060.00,972.00
Fig. 9(a),fig9_dash8_alpha0p001_t1p5s,5,normalized_lateral_expansion_L_over_Lc,1,normalized_vertical_distance_z_over_Lc,1,5.8525,5.7111,0.080,0.070,1060.00,976.00
Fig. 9(a),fig9_dash8_alpha0p001_t1p5s,5,normalized_lateral_expansion_L_over_Lc,1,normalized_vertical_distance_z_over_Lc,1,5.8492,5.7406,0.080,0.070,1059.50,980.00
Fig. 9(a),fig9_dash8_alpha0p001_t1p5s,5,normalized_lateral_expansion_L_over_Lc,1,normalized_vertical_distance_z_over_Lc,1,5.8721,5.7700,0.080,0.070,1063.00,984.00
Fig. 9(a),fig9_dash8_alpha0p001_t1p5s,5,normalized_lateral_expansion_L_over_Lc,1,normalized_vertical_distance_z_over_Lc,1,5.9639,5.7994,0.080,0.070,1077.00,988.00
Fig. 9(a),fig9_dash8_alpha0p001_t1p5s,5,normalized_lateral_expansion_L_over_Lc,1,normalized_vertical_distance_z_over_Lc,1,5.9869,5.8289,0.080,0.070,1080.50,992.00
Fig. 9(a),fig9_dash8_alpha0p001_t1p5s,5,normalized_lateral_expansion_L_over_Lc,1,normalized_vertical_distance_z_over_Lc,1,6.0984,5.8583,0.080,0.070,1097.50,996.00
Fig. 9(a),fig9_dash8_alpha0p001_t1p5s,5,normalized_lateral_expansion_L_over_Lc,1,normalized_vertical_distance_z_over_Lc,1,6.1475,5.8878,0.080,0.070,1105.00,1000.00
Fig. 9(a),fig9_dash8_alpha0p001_t1p5s,5,normalized_lateral_expansion_L_over_Lc,1,normalized_vertical_distance_z_over_Lc,1,6.1475,5.9172,0.080,0.070,1105.00,1004.00
Fig. 9(a),fig9_dash8_alpha0p001_t1p5s,5,normalized_lateral_expansion_L_over_Lc,1,normalized_vertical_distance_z_over_Lc,1,6.1377,5.9466,0.080,0.070,1103.50,1008.00
Fig. 9(a),fig9_dash8_alpha0p001_t1p5s,5,normalized_lateral_expansion_L_over_Lc,1,normalized_vertical_distance_z_over_Lc,1,6.1344,5.9761,0.080,0.070,1103.00,1012.00
Fig. 9(a),fig9_dash8_alpha0p001_t1p5s,5,normalized_lateral_expansion_L_over_Lc,1,normalized_vertical_distance_z_over_Lc,1,6.1443,6.0055,0.080,0.070,1104.50,1016.00
Fig. 9(a),fig9_dash8_alpha0p001_t1p5s,5,normalized_lateral_expansion_L_over_Lc,1,normalized_vertical_distance_z_over_Lc,1,6.1672,6.0350,0.080,0.070,1108.00,1020.00
Fig. 9(a),fig9_dash8_alpha0p001_t1p5s,5,normalized_lateral_expansion_L_over_Lc,1,normalized_vertical_distance_z_over_Lc,1,6.1934,6.0644,0.080,0.070,1112.00,1024.00
Fig. 9(a),fig9_dash8_alpha0p001_t1p5s,5,normalized_lateral_expansion_L_over_Lc,1,normalized_vertical_distance_z_over_Lc,1,6.2361,6.0938,0.080,0.070,1118.50,1028.00
Fig. 9(a),fig9_dash8_alpha0p001_t1p5s,5,normalized_lateral_expansion_L_over_Lc,1,normalized_vertical_distance_z_over_Lc,1,6.2721,6.1233,0.080,0.070,1124.00,1032.00
Fig. 9(a),fig9_dash8_alpha0p001_t1p5s,5,normalized_lateral_expansion_L_over_Lc,1,normalized_vertical_distance_z_over_Lc,1,6.3279,6.1527,0.080,0.070,1132.50,1036.00
Fig. 9(a),fig9_dash8_alpha0p001_t1p5s,5,normalized_lateral_expansion_L_over_Lc,1,normalized_vertical_distance_z_over_Lc,1,6.4033,6.1822,0.080,0.070,1144.00,1040.00
Fig. 9(a),fig9_dash8_alpha0p001_t1p5s,5,normalized_lateral_expansion_L_over_Lc,1,normalized_vertical_distance_z_over_Lc,1,6.4623,6.2116,0.080,0.070,1153.00,1044.00
Fig. 9(a),fig9_dash8_alpha0p001_t1p5s,5,normalized_lateral_expansion_L_over_Lc,1,normalized_vertical_distance_z_over_Lc,1,6.5410,6.2410,0.080,0.070,1165.00,1048.00
Fig. 9(a),fig9_dash8_alpha0p001_t1p5s,5,normalized_lateral_expansion_L_over_Lc,1,normalized_vertical_distance_z_over_Lc,1,6.6131,6.2705,0.080,0.070,1176.00,1052.00
Fig. 9(a),fig9_dash8_alpha0p001_t1p5s,5,normalized_lateral_expansion_L_over_Lc,1,normalized_vertical_distance_z_over_Lc,1,6.6787,6.2999,0.080,0.070,1186.00,1056.00
Fig. 9(a),fig9_dash8_alpha0p001_t1p5s,5,normalized_lateral_expansion_L_over_Lc,1,normalized_vertical_distance_z_over_Lc,1,6.7279,6.3293,0.080,0.070,1193.50,1060.00
Fig. 9(a),fig9_dash8_alpha0p001_t1p5s,5,normalized_lateral_expansion_L_over_Lc,1,normalized_vertical_distance_z_over_Lc,1,6.7705,6.3588,0.080,0.070,1200.00,1064.00
Fig. 9(a),fig9_dash8_alpha0p001_t1p5s,5,normalized_lateral_expansion_L_over_Lc,1,normalized_vertical_distance_z_over_Lc,1,6.8098,6.3882,0.080,0.070,1206.00,1068.00
Fig. 9(a),fig9_dash8_alpha0p001_t1p5s,5,normalized_lateral_expansion_L_over_Lc,1,normalized_vertical_distance_z_over_Lc,1,6.8426,6.4177,0.080,0.070,1211.00,1072.00
Fig. 9(a),fig9_dash8_alpha0p001_t1p5s,5,normalized_lateral_expansion_L_over_Lc,1,normalized_vertical_distance_z_over_Lc,1,6.8557,6.4471,0.080,0.070,1213.00,1076.00
Fig. 9(a),fig9_dash8_alpha0p001_t1p5s,5,normalized_lateral_expansion_L_over_Lc,1,normalized_vertical_distance_z_over_Lc,1,6.8852,6.4765,0.080,0.070,1217.50,1080.00
Fig. 9(a),fig9_dash8_alpha0p001_t1p5s,5,normalized_lateral_expansion_L_over_Lc,1,normalized_vertical_distance_z_over_Lc,1,6.9016,6.5060,0.080,0.070,1220.00,1084.00
Fig. 9(a),fig9_dash8_alpha0p001_t1p5s,5,normalized_lateral_expansion_L_over_Lc,1,normalized_vertical_distance_z_over_Lc,1,6.9082,6.5354,0.080,0.070,1221.00,1088.00
Fig. 9(a),fig9_dash8_alpha0p001_t1p5s,5,normalized_lateral_expansion_L_over_Lc,1,normalized_vertical_distance_z_over_Lc,1,6.9082,6.5649,0.080,0.070,1221.00,1092.00
Fig. 9(a),fig9_dash8_alpha0p001_t1p5s,5,normalized_lateral_expansion_L_over_Lc,1,normalized_vertical_distance_z_over_Lc,1,6.9016,6.5943,0.080,0.070,1220.00,1096.00
Fig. 9(a),fig9_dash8_alpha0p001_t1p5s,5,normalized_lateral_expansion_L_over_Lc,1,normalized_vertical_distance_z_over_Lc,1,6.8754,6.6237,0.080,0.070,1216.00,1100.00
Fig. 9(a),fig9_dash8_alpha0p001_t1p5s,5,normalized_lateral_expansion_L_over_Lc,1,normalized_vertical_distance_z_over_Lc,1,6.8590,6.6532,0.080,0.070,1213.50,1104.00
Fig. 9(a),fig9_dash8_alpha0p001_t1p5s,5,normalized_lateral_expansion_L_over_Lc,1,normalized_vertical_distance_z_over_Lc,1,6.8230,6.6826,0.080,0.070,1208.00,1108.00
Fig. 9(a),fig9_dash8_alpha0p001_t1p5s,5,normalized_lateral_expansion_L_over_Lc,1,normalized_vertical_distance_z_over_Lc,1,6.7967,6.7121,0.080,0.070,1204.00,1112.00
Fig. 9(a),fig9_dash8_alpha0p001_t1p5s,5,normalized_lateral_expansion_L_over_Lc,1,normalized_vertical_distance_z_over_Lc,1,6.7869,6.7415,0.080,0.070,1202.50,1116.00
Fig. 9(a),fig9_dash8_alpha0p001_t1p5s,5,normalized_lateral_expansion_L_over_Lc,1,normalized_vertical_distance_z_over_Lc,1,6.7869,6.7709,0.080,0.070,1202.50,1120.00
Fig. 9(a),fig9_dash8_alpha0p001_t1p5s,5,normalized_lateral_expansion_L_over_Lc,1,normalized_vertical_distance_z_over_Lc,1,6.7869,6.8004,0.080,0.070,1202.50,1124.00
Fig. 9(a),fig9_dash8_alpha0p001_t1p5s,5,normalized_lateral_expansion_L_over_Lc,1,normalized_vertical_distance_z_over_Lc,1,6.7705,6.8298,0.080,0.070,1200.00,1128.00
Fig. 9(a),fig9_dash8_alpha0p001_t1p5s,5,normalized_lateral_expansion_L_over_Lc,1,normalized_vertical_distance_z_over_Lc,1,6.7475,6.8592,0.080,0.070,1196.50,1132.00
Fig. 9(a),fig9_dash8_alpha0p001_t1p5s,5,normalized_lateral_expansion_L_over_Lc,1,normalized_vertical_distance_z_over_Lc,1,6.7148,6.8887,0.080,0.070,1191.50,1136.00
Fig. 9(a),fig9_dash8_alpha0p001_t1p5s,5,normalized_lateral_expansion_L_over_Lc,1,normalized_vertical_distance_z_over_Lc,1,6.6590,6.9181,0.080,0.070,1183.00,1140.00
Fig. 9(a),fig9_dash8_alpha0p001_t1p5s,5,normalized_lateral_expansion_L_over_Lc,1,normalized_vertical_distance_z_over_Lc,1,6.6000,6.9476,0.080,0.070,1174.00,1144.00
Fig. 9(a),fig9_dash8_alpha0p001_t1p5s,5,normalized_lateral_expansion_L_over_Lc,1,normalized_vertical_distance_z_over_Lc,1,6.5443,6.9770,0.080,0.070,1165.50,1148.00
Fig. 9(a),fig9_dash8_alpha0p001_t1p5s,5,normalized_lateral_expansion_L_over_Lc,1,normalized_vertical_distance_z_over_Lc,1,6.4852,7.0064,0.080,0.070,1156.50,1152.00
Fig. 9(a),fig9_dash8_alpha0p001_t1p5s,6,normalized_lateral_expansion_L_over_Lc,1,normalized_vertical_distance_z_over_Lc,1,5.5672,7.0653,0.080,0.070,1016.50,1160.00
Fig. 9(a),fig9_dash8_alpha0p001_t1p5s,6,normalized_lateral_expansion_L_over_Lc,1,normalized_vertical_distance_z_over_Lc,1,5.3672,7.0948,0.080,0.070,986.00,1164.00
Fig. 9(a),fig9_dash8_alpha0p001_t1p5s,6,normalized_lateral_expansion_L_over_Lc,1,normalized_vertical_distance_z_over_Lc,1,4.7016,7.1242,0.080,0.070,884.50,1168.00
Fig. 9(a),fig9_dash8_alpha0p001_t1p5s,6,normalized_lateral_expansion_L_over_Lc,1,normalized_vertical_distance_z_over_Lc,1,4.6459,7.1536,0.080,0.070,876.00,1172.00
Fig. 9(a),fig9_dash8_alpha0p001_t1p5s,6,normalized_lateral_expansion_L_over_Lc,1,normalized_vertical_distance_z_over_Lc,1,4.6262,7.1831,0.080,0.070,873.00,1176.00
Fig. 9(a),fig9_dash8_alpha0p001_t1p5s,6,normalized_lateral_expansion_L_over_Lc,1,normalized_vertical_distance_z_over_Lc,1,4.5967,7.2125,0.080,0.070,868.50,1180.00
Fig. 9(a),fig9_dash8_alpha0p001_t1p5s,6,normalized_lateral_expansion_L_over_Lc,1,normalized_vertical_distance_z_over_Lc,1,4.5443,7.2420,0.080,0.070,860.50,1184.00
Fig. 9(a),fig9_dash8_alpha0p001_t1p5s,6,normalized_lateral_expansion_L_over_Lc,1,normalized_vertical_distance_z_over_Lc,1,4.4951,7.2714,0.080,0.070,853.00,1188.00
Fig. 9(a),fig9_dash8_alpha0p001_t1p5s,6,normalized_lateral_expansion_L_over_Lc,1,normalized_vertical_distance_z_over_Lc,1,4.4426,7.3008,0.080,0.070,845.00,1192.00
Fig. 9(a),fig9_dash8_alpha0p001_t1p5s,6,normalized_lateral_expansion_L_over_Lc,1,normalized_vertical_distance_z_over_Lc,1,4.3738,7.3303,0.080,0.070,834.50,1196.00
Fig. 9(a),fig9_dash8_alpha0p001_t1p5s,6,normalized_lateral_expansion_L_over_Lc,1,normalized_vertical_distance_z_over_Lc,1,4.3213,7.3597,0.080,0.070,826.50,1200.00
Fig. 9(a),fig9_dash8_alpha0p001_t1p5s,6,normalized_lateral_expansion_L_over_Lc,1,normalized_vertical_distance_z_over_Lc,1,4.2787,7.3891,0.080,0.070,820.00,1204.00
Fig. 9(a),fig9_dash8_alpha0p001_t1p5s,6,normalized_lateral_expansion_L_over_Lc,1,normalized_vertical_distance_z_over_Lc,1,4.2000,7.4186,0.080,0.070,808.00,1208.00
Fig. 9(a),fig9_dash8_alpha0p001_t1p5s,6,normalized_lateral_expansion_L_over_Lc,1,normalized_vertical_distance_z_over_Lc,1,4.1639,7.4480,0.080,0.070,802.50,1212.00
Fig. 9(a),fig9_dash8_alpha0p001_t1p5s,6,normalized_lateral_expansion_L_over_Lc,1,normalized_vertical_distance_z_over_Lc,1,4.1180,7.4775,0.080,0.070,795.50,1216.00
Fig. 9(a),fig9_dash8_alpha0p001_t1p5s,6,normalized_lateral_expansion_L_over_Lc,1,normalized_vertical_distance_z_over_Lc,1,4.0492,7.5069,0.080,0.070,785.00,1220.00
Fig. 9(a),fig9_dash8_alpha0p001_t1p5s,6,normalized_lateral_expansion_L_over_Lc,1,normalized_vertical_distance_z_over_Lc,1,3.9836,7.5363,0.080,0.070,775.00,1224.00
Fig. 9(a),fig9_dash8_alpha0p001_t1p5s,6,normalized_lateral_expansion_L_over_Lc,1,normalized_vertical_distance_z_over_Lc,1,3.9246,7.5658,0.080,0.070,766.00,1228.00
Fig. 9(a),fig9_dash8_alpha0p001_t1p5s,6,normalized_lateral_expansion_L_over_Lc,1,normalized_vertical_distance_z_over_Lc,1,3.8623,7.5952,0.080,0.070,756.50,1232.00
Fig. 9(a),fig9_dash8_alpha0p001_t1p5s,6,normalized_lateral_expansion_L_over_Lc,1,normalized_vertical_distance_z_over_Lc,1,3.7967,7.6247,0.080,0.070,746.50,1236.00
Fig. 9(a),fig9_dash8_alpha0p001_t1p5s,6,normalized_lateral_expansion_L_over_Lc,1,normalized_vertical_distance_z_over_Lc,1,3.7705,7.6541,0.080,0.070,742.50,1240.00
Fig. 9(a),fig9_dash8_alpha0p001_t1p5s,6,normalized_lateral_expansion_L_over_Lc,1,normalized_vertical_distance_z_over_Lc,1,3.7541,7.6835,0.080,0.070,740.00,1244.00
Fig. 9(a),fig9_dash8_alpha0p001_t1p5s,6,normalized_lateral_expansion_L_over_Lc,1,normalized_vertical_distance_z_over_Lc,1,3.7475,7.7130,0.080,0.070,739.00,1248.00
Fig. 9(a),fig9_dash8_alpha0p001_t1p5s,6,normalized_lateral_expansion_L_over_Lc,1,normalized_vertical_distance_z_over_Lc,1,3.7443,7.7424,0.080,0.070,738.50,1252.00
Fig. 9(a),fig9_dash8_alpha0p001_t1p5s,6,normalized_lateral_expansion_L_over_Lc,1,normalized_vertical_distance_z_over_Lc,1,3.7246,7.7718,0.080,0.070,735.50,1256.00
Fig. 9(a),fig9_dash8_alpha0p001_t1p5s,6,normalized_lateral_expansion_L_over_Lc,1,normalized_vertical_distance_z_over_Lc,1,3.7049,7.8013,0.080,0.070,732.50,1260.00
Fig. 9(a),fig9_dash8_alpha0p001_t1p5s,6,normalized_lateral_expansion_L_over_Lc,1,normalized_vertical_distance_z_over_Lc,1,3.6656,7.8307,0.080,0.070,726.50,1264.00
Fig. 9(a),fig9_dash8_alpha0p001_t1p5s,6,normalized_lateral_expansion_L_over_Lc,1,normalized_vertical_distance_z_over_Lc,1,3.6459,7.8602,0.080,0.070,723.50,1268.00
Fig. 9(a),fig9_dash8_alpha0p001_t1p5s,6,normalized_lateral_expansion_L_over_Lc,1,normalized_vertical_distance_z_over_Lc,1,3.6262,7.8896,0.080,0.070,720.50,1272.00
