figure,pdf_page,journal_page,panel,aircraft,alpha_l_threshold,series_id,time_s,time_candidates_s,time_status,independent_variable,independent_value,independent_unit,dependent_variable,dependent_value,dependent_unit,segment_id,branch_id,point_index,read_bound_independent,read_bound_dependent
6,7,1521,b,Dash-8,0.001,dash8_t0.5s,0.5,0.5,reported,y,0.028268551236749116,m,Z,0.02,m,1,0,0,0.004711425206124852,0.03111111111111111
6,7,1521,b,Dash-8,0.001,dash8_t0.5s,0.5,0.5,reported,y,0.030624263839811542,m,Z,0.024444444444444446,m,1,0,1,0.004711425206124852,0.03111111111111111
6,7,1521,b,Dash-8,0.001,dash8_t0.5s,0.5,0.5,reported,y,0.03297997644287397,m,Z,0.02666666666666667,m,1,0,2,0.004711425206124852,0.03111111111111111
6,7,1521,b,Dash-8,0.001,dash8_t0.5s,0.5,0.5,reported,y,0.0353356890459364,m,Z,0.028888888888888888,m,1,0,3,0.004711425206124852,0.03111111111111111
6,7,1521,b,Dash-8,0.001,dash8_t0.5s,0.5,0.5,reported,y,0.03769140164899882,m,Z,0.035555555555555556,m,1,0,4,0.004711425206124852,0.03111111111111111
6,7,1521,b,Dash-8,0.001,dash8_t0.5s,0.5,0.5,reported,y,0.04004711425206125,m,Z,0.04,m,1,0,5,0.004711425206124852,0.03111111111111111
6,7,1521,b,Dash-8,0.001,dash8_t0.5s,0.5,0.5,reported,y,0.04240282685512368,m,Z,0.03111111111111111,m,1,0,6,0.004711425206124852,0.03111111111111111
6,7,1521,b,Dash-8,0.001,dash8_t0.5s,0.5,0.5,reported,y,0.04240282685512368,m,Z,0.057777777777777775,m,1,0,7,0.004711425206124852,0.03111111111111111
6,7,1521,b,Dash-8,0.001,dash8_t0.5s,0.5,0.5,reported,y,0.0447585394581861,m,Z,0.035555555555555556,m,1,0,8,0.004711425206124852,0.03111111111111111
6,7,1521,b,Dash-8,0.001,dash8_t0.5s,0.5,0.5,reported,y,0.0447585394581861,m,Z,0.06666666666666667,m,1,0,9,0.004711425206124852,0.03111111111111111
6,7,1521,b,Dash-8,0.001,dash8_t0.5s,0.5,0.5,reported,y,0.04711425206124853,m,Z,0.044444444444444446,m,1,0,10,0.004711425206124852,0.03111111111111111
6,7,1521,b,Dash-8,0.001,dash8_t0.5s,0.5,0.5,reported,y,0.04711425206124853,m,Z,0.07555555555555556,m,1,0,11,0.004711425206124852,0.03111111111111111
6,7,1521,b,Dash-8,0.001,dash8_t0.5s,0.5,0.5,reported,y,0.04946996466431095,m,Z,0.04888888888888889,m,1,0,12,0.004711425206124852,0.03111111111111111
6,7,1521,b,Dash-8,0.001,dash8_t0.5s,0.5,0.5,reported,y,0.04946996466431095,m,Z,0.08444444444444445,m,1,0,13,0.004711425206124852,0.03111111111111111
6,7,1521,b,Dash-8,0.001,dash8_t0.5s,0.5,0.5,reported,y,0.05182567726737338,m,Z,0.05333333333333334,m,1,0,14,0.004711425206124852,0.03111111111111111
6,7,1521,b,Dash-8,0.001,dash8_t0.5s,0.5,0.5,reported,y,0.05182567726737338,m,Z,0.09333333333333334,m,1,0,15,0.004711425206124852,0.03111111111111111
6,7,1521,b,Dash-8,0.001,dash8_t0.5s,0.5,0.5,reported,y,0.05418138987043581,m,Z,0.06222222222222222,m,1,0,16,0.004711425206124852,0.03111111111111111
6,7,1521,b,Dash-8,0.001,dash8_t0.5s,0.5,0.5,reported,y,0.05418138987043581,m,Z,0.10666666666666667,m,1,0,17,0.004711425206124852,0.03111111111111111
6,7,1521,b,Dash-8,0.001,dash8_t0.5s,0.5,0.5,reported,y,0.05653710247349823,m,Z,0.07111111111111111,m,1,0,18,0.004711425206124852,0.03111111111111111
6,7,1521,b,Dash-8,0.001,dash8_t0.5s,0.5,0.5,reported,y,0.05653710247349823,m,Z,0.11555555555555555,m,1,0,19,0.004711425206124852,0.03111111111111111
6,7,1521,b,Dash-8,0.001,dash8_t0.5s,0.5,0.5,reported,y,0.05889281507656066,m,Z,0.08,m,1,0,20,0.004711425206124852,0.03111111111111111
6,7,1521,b,Dash-8,0.001,dash8_t0.5s,0.5,0.5,reported,y,0.05889281507656066,m,Z,0.12444444444444444,m,1,0,21,0.004711425206124852,0.03111111111111111
6,7,1521,b,Dash-8,0.001,dash8_t0.5s,0.5,0.5,reported,y,0.061248527679623084,m,Z,0.08444444444444445,m,1,0,22,0.004711425206124852,0.03111111111111111
6,7,1521,b,Dash-8,0.001,dash8_t0.5s,0.5,0.5,reported,y,0.061248527679623084,m,Z,0.13333333333333333,m,1,0,23,0.004711425206124852,0.03111111111111111
6,7,1521,b,Dash-8,0.001,dash8_t0.5s,0.5,0.5,reported,y,0.0636042402826855,m,Z,0.09777777777777778,m,1,0,24,0.004711425206124852,0.03111111111111111
6,7,1521,b,Dash-8,0.001,dash8_t0.5s,0.5,0.5,reported,y,0.0636042402826855,m,Z,0.14222222222222222,m,1,0,25,0.004711425206124852,0.03111111111111111
6,7,1521,b,Dash-8,0.001,dash8_t0.5s,0.5,0.5,reported,y,0.06595995288574794,m,Z,0.10666666666666667,m,1,0,26,0.004711425206124852,0.03111111111111111
6,7,1521,b,Dash-8,0.001,dash8_t0.5s,0.5,0.5,reported,y,0.06595995288574794,m,Z,0.1511111111111111,m,1,0,27,0.004711425206124852,0.03111111111111111
6,7,1521,b,Dash-8,0.001,dash8_t0.5s,0.5,0.5,reported,y,0.06831566548881036,m,Z,0.11555555555555555,m,1,0,28,0.004711425206124852,0.03111111111111111
6,7,1521,b,Dash-8,0.001,dash8_t0.5s,0.5,0.5,reported,y,0.06831566548881036,m,Z,0.16,m,1,0,29,0.004711425206124852,0.03111111111111111
6,7,1521,b,Dash-8,0.001,dash8_t0.5s,0.5,0.5,reported,y,0.0706713780918728,m,Z,0.1288888888888889,m,1,0,30,0.004711425206124852,0.03111111111111111
6,7,1521,b,Dash-8,0.001,dash8_t0.5s,0.5,0.5,reported,y,0.0706713780918728,m,Z,0.17333333333333334,m,1,0,31,0.004711425206124852,0.03111111111111111
6,7,1521,b,Dash-8,0.001,dash8_t0.5s,0.5,0.5,reported,y,0.07302709069493522,m,Z,0.13333333333333333,m,1,0,32,0.004711425206124852,0.03111111111111111
6,7,1521,b,Dash-8,0.001,dash8_t0.5s,0.5,0.5,reported,y,0.07302709069493522,m,Z,0.17777777777777778,m,1,0,33,0.004711425206124852,0.03111111111111111
6,7,1521,b,Dash-8,0.001,dash8_t0.5s,0.5,0.5,reported,y,0.07538280329799764,m,Z,0.14222222222222222,m,1,0,34,0.004711425206124852,0.03111111111111111
6,7,1521,b,Dash-8,0.001,dash8_t0.5s,0.5,0.5,reported,y,0.07538280329799764,m,Z,0.18666666666666668,m,1,0,35,0.004711425206124852,0.03111111111111111
6,7,1521,b,Dash-8,0.001,dash8_t0.5s,0.5,0.5,reported,y,0.07773851590106007,m,Z,0.15555555555555556,m,1,0,36,0.004711425206124852,0.03111111111111111
6,7,1521,b,Dash-8,0.001,dash8_t0.5s,0.5,0.5,reported,y,0.07773851590106007,m,Z,0.2,m,1,0,37,0.004711425206124852,0.03111111111111111
6,7,1521,b,Dash-8,0.001,dash8_t0.5s,0.5,0.5,reported,y,0.0800942285041225,m,Z,0.16,m,1,0,38,0.004711425206124852,0.03111111111111111
6,7,1521,b,Dash-8,0.001,dash8_t0.5s,0.5,0.5,reported,y,0.0800942285041225,m,Z,0.2088888888888889,m,1,0,39,0.004711425206124852,0.03111111111111111
6,7,1521,b,Dash-8,0.001,dash8_t0.5s,0.5,0.5,reported,y,0.08244994110718493,m,Z,0.1688888888888889,m,1,0,40,0.004711425206124852,0.03111111111111111
6,7,1521,b,Dash-8,0.001,dash8_t0.5s,0.5,0.5,reported,y,0.08244994110718493,m,Z,0.21333333333333335,m,1,0,41,0.004711425206124852,0.03111111111111111
6,7,1521,b,Dash-8,0.001,dash8_t0.5s,0.5,0.5,reported,y,0.08480565371024736,m,Z,0.18222222222222223,m,1,0,42,0.004711425206124852,0.03111111111111111
6,7,1521,b,Dash-8,0.001,dash8_t0.5s,0.5,0.5,reported,y,0.08480565371024736,m,Z,0.22666666666666666,m,1,0,43,0.004711425206124852,0.03111111111111111
6,7,1521,b,Dash-8,0.001,dash8_t0.5s,0.5,0.5,reported,y,0.08716136631330977,m,Z,0.19111111111111112,m,1,0,44,0.004711425206124852,0.03111111111111111
6,7,1521,b,Dash-8,0.001,dash8_t0.5s,0.5,0.5,reported,y,0.08716136631330977,m,Z,0.23555555555555555,m,1,0,45,0.004711425206124852,0.03111111111111111
6,7,1521,b,Dash-8,0.001,dash8_t0.5s,0.5,0.5,reported,y,0.0895170789163722,m,Z,0.2,m,1,0,46,0.004711425206124852,0.03111111111111111
6,7,1521,b,Dash-8,0.001,dash8_t0.5s,0.5,0.5,reported,y,0.0895170789163722,m,Z,0.24444444444444444,m,1,0,47,0.004711425206124852,0.03111111111111111
6,7,1521,b,Dash-8,0.001,dash8_t0.5s,0.5,0.5,reported,y,0.09187279151943463,m,Z,0.2088888888888889,m,1,0,48,0.004711425206124852,0.03111111111111111
6,7,1521,b,Dash-8,0.001,dash8_t0.5s,0.5,0.5,reported,y,0.09187279151943463,m,Z,0.25333333333333335,m,1,0,49,0.004711425206124852,0.03111111111111111
6,7,1521,b,Dash-8,0.001,dash8_t0.5s,0.5,0.5,reported,y,0.09422850412249706,m,Z,0.2222222222222222,m,1,0,50,0.004711425206124852,0.03111111111111111
6,7,1521,b,Dash-8,0.001,dash8_t0.5s,0.5,0.5,reported,y,0.09422850412249706,m,Z,0.26222222222222225,m,1,0,51,0.004711425206124852,0.03111111111111111
6,7,1521,b,Dash-8,0.001,dash8_t0.5s,0.5,0.5,reported,y,0.09658421672555949,m,Z,0.2311111111111111,m,1,0,52,0.004711425206124852,0.03111111111111111
6,7,1521,b,Dash-8,0.001,dash8_t0.5s,0.5,0.5,reported,y,0.09658421672555949,m,Z,0.27111111111111114,m,1,0,53,0.004711425206124852,0.03111111111111111
6,7,1521,b,Dash-8,0.001,dash8_t0.5s,0.5,0.5,reported,y,0.0989399293286219,m,Z,0.24,m,1,0,54,0.004711425206124852,0.03111111111111111
6,7,1521,b,Dash-8,0.001,dash8_t0.5s,0.5,0.5,reported,y,0.0989399293286219,m,Z,0.28444444444444444,m,1,0,55,0.004711425206124852,0.03111111111111111
6,7,1521,b,Dash-8,0.001,dash8_t0.5s,0.5,0.5,reported,y,0.10129564193168433,m,Z,0.24888888888888888,m,1,0,56,0.004711425206124852,0.03111111111111111
6,7,1521,b,Dash-8,0.001,dash8_t0.5s,0.5,0.5,reported,y,0.10129564193168433,m,Z,0.29333333333333333,m,1,0,57,0.004711425206124852,0.03111111111111111
6,7,1521,b,Dash-8,0.001,dash8_t0.5s,0.5,0.5,reported,y,0.10365135453474676,m,Z,0.2577777777777778,m,1,0,58,0.004711425206124852,0.03111111111111111
6,7,1521,b,Dash-8,0.001,dash8_t0.5s,0.5,0.5,reported,y,0.10365135453474676,m,Z,0.3022222222222222,m,1,0,59,0.004711425206124852,0.03111111111111111
6,7,1521,b,Dash-8,0.001,dash8_t0.5s,0.5,0.5,reported,y,0.10600706713780919,m,Z,0.26666666666666666,m,1,0,60,0.004711425206124852,0.03111111111111111
6,7,1521,b,Dash-8,0.001,dash8_t0.5s,0.5,0.5,reported,y,0.10600706713780919,m,Z,0.3111111111111111,m,1,0,61,0.004711425206124852,0.03111111111111111
6,7,1521,b,Dash-8,0.001,dash8_t0.5s,0.5,0.5,reported,y,0.10836277974087162,m,Z,0.27555555555555555,m,1,0,62,0.004711425206124852,0.03111111111111111
6,7,1521,b,Dash-8,0.001,dash8_t0.5s,0.5,0.5,reported,y,0.10836277974087162,m,Z,0.32,m,1,0,63,0.004711425206124852,0.03111111111111111
6,7,1521,b,Dash-8,0.001,dash8_t0.5s,0.5,0.5,reported,y,0.11071849234393404,m,Z,0.28444444444444444,m,1,0,64,0.004711425206124852,0.03111111111111111
6,7,1521,b,Dash-8,0.001,dash8_t0.5s,0.5,0.5,reported,y,0.11071849234393404,m,Z,0.3244444444444444,m,1,0,65,0.004711425206124852,0.03111111111111111
6,7,1521,b,Dash-8,0.001,dash8_t0.5s,0.5,0.5,reported,y,0.11307420494699646,m,Z,0.29333333333333333,m,1,0,66,0.004711425206124852,0.03111111111111111
6,7,1521,b,Dash-8,0.001,dash8_t0.5s,0.5,0.5,reported,y,0.11307420494699646,m,Z,0.3333333333333333,m,1,0,67,0.004711425206124852,0.03111111111111111
6,7,1521,b,Dash-8,0.001,dash8_t0.5s,0.5,0.5,reported,y,0.1154299175500589,m,Z,0.3022222222222222,m,1,0,68,0.004711425206124852,0.03111111111111111
6,7,1521,b,Dash-8,0.001,dash8_t0.5s,0.5,0.5,reported,y,0.1154299175500589,m,Z,0.3377777777777778,m,1,0,69,0.004711425206124852,0.03111111111111111
6,7,1521,b,Dash-8,0.001,dash8_t0.5s,0.5,0.5,reported,y,0.11778563015312132,m,Z,0.3111111111111111,m,1,0,70,0.004711425206124852,0.03111111111111111
6,7,1521,b,Dash-8,0.001,dash8_t0.5s,0.5,0.5,reported,y,0.11778563015312132,m,Z,0.3466666666666667,m,1,0,71,0.004711425206124852,0.03111111111111111
6,7,1521,b,Dash-8,0.001,dash8_t0.5s,0.5,0.5,reported,y,0.12014134275618374,m,Z,0.32,m,1,0,72,0.004711425206124852,0.03111111111111111
6,7,1521,b,Dash-8,0.001,dash8_t0.5s,0.5,0.5,reported,y,0.12014134275618374,m,Z,0.35555555555555557,m,1,0,73,0.004711425206124852,0.03111111111111111
6,7,1521,b,Dash-8,0.001,dash8_t0.5s,0.5,0.5,reported,y,0.12249705535924617,m,Z,0.3333333333333333,m,1,0,74,0.004711425206124852,0.03111111111111111
6,7,1521,b,Dash-8,0.001,dash8_t0.5s,0.5,0.5,reported,y,0.12249705535924617,m,Z,0.36,m,1,0,75,0.004711425206124852,0.03111111111111111
6,7,1521,b,Dash-8,0.001,dash8_t0.5s,0.5,0.5,reported,y,0.1248527679623086,m,Z,0.3377777777777778,m,1,0,76,0.004711425206124852,0.03111111111111111
6,7,1521,b,Dash-8,0.001,dash8_t0.5s,0.5,0.5,reported,y,0.1248527679623086,m,Z,0.3688888888888889,m,1,0,77,0.004711425206124852,0.03111111111111111
6,7,1521,b,Dash-8,0.001,dash8_t0.5s,0.5,0.5,reported,y,0.127208480565371,m,Z,0.3511111111111111,m,1,0,78,0.004711425206124852,0.03111111111111111
6,7,1521,b,Dash-8,0.001,dash8_t0.5s,0.5,0.5,reported,y,0.127208480565371,m,Z,0.37777777777777777,m,1,0,79,0.004711425206124852,0.03111111111111111
6,7,1521,b,Dash-8,0.001,dash8_t0.5s,0.5,0.5,reported,y,0.12956419316843346,m,Z,0.35555555555555557,m,1,0,80,0.004711425206124852,0.03111111111111111
6,7,1521,b,Dash-8,0.001,dash8_t0.5s,0.5,0.5,reported,y,0.12956419316843346,m,Z,0.38222222222222224,m,1,0,81,0.004711425206124852,0.03111111111111111
6,7,1521,b,Dash-8,0.001,dash8_t0.5s,0.5,0.5,reported,y,0.13191990577149587,m,Z,0.36444444444444446,m,1,0,82,0.004711425206124852,0.03111111111111111
6,7,1521,b,Dash-8,0.001,dash8_t0.5s,0.5,0.5,reported,y,0.13191990577149587,m,Z,0.39111111111111113,m,1,0,83,0.004711425206124852,0.03111111111111111
6,7,1521,b,Dash-8,0.001,dash8_t0.5s,0.5,0.5,reported,y,0.13427561837455831,m,Z,0.3688888888888889,m,1,0,84,0.004711425206124852,0.03111111111111111
6,7,1521,b,Dash-8,0.001,dash8_t0.5s,0.5,0.5,reported,y,0.13427561837455831,m,Z,0.4,m,1,0,85,0.004711425206124852,0.03111111111111111
6,7,1521,b,Dash-8,0.001,dash8_t0.5s,0.5,0.5,reported,y,0.13663133097762073,m,Z,0.37777777777777777,m,1,0,86,0.004711425206124852,0.03111111111111111
6,7,1521,b,Dash-8,0.001,dash8_t0.5s,0.5,0.5,reported,y,0.13663133097762073,m,Z,0.40444444444444444,m,1,0,87,0.004711425206124852,0.03111111111111111
6,7,1521,b,Dash-8,0.001,dash8_t0.5s,0.5,0.5,reported,y,0.13898704358068315,m,Z,0.38222222222222224,m,1,0,88,0.004711425206124852,0.03111111111111111
6,7,1521,b,Dash-8,0.001,dash8_t0.5s,0.5,0.5,reported,y,0.13898704358068315,m,Z,0.4088888888888889,m,1,0,89,0.004711425206124852,0.03111111111111111
6,7,1521,b,Dash-8,0.001,dash8_t0.5s,0.5,0.5,reported,y,0.1413427561837456,m,Z,0.39111111111111113,m,1,0,90,0.004711425206124852,0.03111111111111111
6,7,1521,b,Dash-8,0.001,dash8_t0.5s,0.5,0.5,reported,y,0.1413427561837456,m,Z,0.4177777777777778,m,1,0,91,0.004711425206124852,0.03111111111111111
6,7,1521,b,Dash-8,0.001,dash8_t0.5s,0.5,0.5,reported,y,0.143698468786808,m,Z,0.4111111111111111,m,1,0,92,0.004711425206124852,0.03111111111111111
6,7,1521,b,Dash-8,0.001,dash8_t0.5s,0.5,0.5,reported,y,0.14605418138987045,m,Z,0.40444444444444444,m,1,0,93,0.004711425206124852,0.03111111111111111
6,7,1521,b,Dash-8,0.001,dash8_t0.5s,0.5,0.5,reported,y,0.14605418138987045,m,Z,0.4311111111111111,m,1,0,94,0.004711425206124852,0.03111111111111111
6,7,1521,b,Dash-8,0.001,dash8_t0.5s,0.5,0.5,reported,y,0.14840989399293286,m,Z,0.42444444444444446,m,1,0,95,0.004711425206124852,0.03111111111111111
6,7,1521,b,Dash-8,0.001,dash8_t0.5s,0.5,0.5,reported,y,0.15076560659599528,m,Z,0.4311111111111111,m,1,0,96,0.004711425206124852,0.03111111111111111
6,7,1521,b,Dash-8,0.001,dash8_t0.5s,0.5,0.5,reported,y,0.15312131919905772,m,Z,0.43333333333333335,m,1,0,97,0.004711425206124852,0.03111111111111111
6,7,1521,b,Dash-8,0.001,dash8_t0.5s,0.5,0.5,reported,y,0.15547703180212014,m,Z,0.44,m,1,0,98,0.004711425206124852,0.03111111111111111
6,7,1521,b,Dash-8,0.001,dash8_t0.5s,0.5,0.5,reported,y,0.15783274440518258,m,Z,0.44222222222222224,m,1,0,99,0.004711425206124852,0.03111111111111111
6,7,1521,b,Dash-8,0.001,dash8_t0.5s,0.5,0.5,reported,y,0.160188457008245,m,Z,0.44666666666666666,m,1,0,100,0.004711425206124852,0.03111111111111111
6,7,1521,b,Dash-8,0.001,dash8_t0.5s,0.5,0.5,reported,y,0.1625441696113074,m,Z,0.44666666666666666,m,1,0,101,0.004711425206124852,0.03111111111111111
6,7,1521,b,Dash-8,0.001,dash8_t0.5s,0.5,0.5,reported,y,0.16489988221436985,m,Z,0.4488888888888889,m,1,0,102,0.004711425206124852,0.03111111111111111
6,7,1521,b,Dash-8,0.001,dash8_t0.5s,0.5,0.5,reported,y,0.16725559481743227,m,Z,0.4488888888888889,m,1,0,103,0.004711425206124852,0.03111111111111111
6,7,1521,b,Dash-8,0.001,dash8_t0.5s,0.5,0.5,reported,y,0.1696113074204947,m,Z,0.4488888888888889,m,1,0,104,0.004711425206124852,0.03111111111111111
6,7,1521,b,Dash-8,0.001,dash8_t0.5s,0.5,0.5,reported,y,0.17196702002355713,m,Z,0.4488888888888889,m,1,0,105,0.004711425206124852,0.03111111111111111
6,7,1521,b,Dash-8,0.001,dash8_t0.5s,0.5,0.5,reported,y,0.17432273262661954,m,Z,0.4488888888888889,m,1,0,106,0.004711425206124852,0.03111111111111111
6,7,1521,b,Dash-8,0.001,dash8_t0.5s,0.5,0.5,reported,y,0.17667844522968199,m,Z,0.4488888888888889,m,1,0,107,0.004711425206124852,0.03111111111111111
6,7,1521,b,Dash-8,0.001,dash8_t0.5s,0.5,0.5,reported,y,0.1790341578327444,m,Z,0.4488888888888889,m,1,0,108,0.004711425206124852,0.03111111111111111
6,7,1521,b,Dash-8,0.001,dash8_t0.5s,0.5,0.5,reported,y,0.18138987043580684,m,Z,0.4488888888888889,m,1,0,109,0.004711425206124852,0.03111111111111111
6,7,1521,b,Dash-8,0.001,dash8_t0.5s,0.5,0.5,reported,y,0.18374558303886926,m,Z,0.4488888888888889,m,1,0,110,0.004711425206124852,0.03111111111111111
6,7,1521,b,Dash-8,0.001,dash8_t0.5s,0.5,0.5,reported,y,0.18610129564193167,m,Z,0.4488888888888889,m,1,0,111,0.004711425206124852,0.03111111111111111
6,7,1521,b,Dash-8,0.001,dash8_t0.5s,0.5,0.5,reported,y,0.18845700824499412,m,Z,0.4488888888888889,m,1,0,112,0.004711425206124852,0.03111111111111111
6,7,1521,b,Dash-8,0.001,dash8_t0.5s,0.5,0.5,reported,y,0.19081272084805653,m,Z,0.45111111111111113,m,1,0,113,0.004711425206124852,0.03111111111111111
6,7,1521,b,Dash-8,0.001,dash8_t0.5s,0.5,0.5,reported,y,0.19316843345111898,m,Z,0.4533333333333333,m,1,0,114,0.004711425206124852,0.03111111111111111
6,7,1521,b,Dash-8,0.001,dash8_t0.5s,0.5,0.5,reported,y,0.1955241460541814,m,Z,0.45555555555555555,m,1,0,115,0.004711425206124852,0.03111111111111111
6,7,1521,b,Dash-8,0.001,dash8_t0.5s,0.5,0.5,reported,y,0.1978798586572438,m,Z,0.4622222222222222,m,1,0,116,0.004711425206124852,0.03111111111111111
6,7,1521,b,Dash-8,0.001,dash8_t0.5s,0.5,0.5,reported,y,0.20023557126030625,m,Z,0.4666666666666667,m,1,0,117,0.004711425206124852,0.03111111111111111
6,7,1521,b,Dash-8,0.001,dash8_t0.5s,0.5,0.5,reported,y,0.20259128386336867,m,Z,0.4688888888888889,m,1,0,118,0.004711425206124852,0.03111111111111111
6,7,1521,b,Dash-8,0.001,dash8_t0.5s,0.5,0.5,reported,y,0.2049469964664311,m,Z,0.4622222222222222,m,1,0,119,0.004711425206124852,0.03111111111111111
6,7,1521,b,Dash-8,0.001,dash8_t0.5s,0.5,0.5,reported,y,0.2049469964664311,m,Z,0.4888888888888889,m,1,0,120,0.004711425206124852,0.03111111111111111
6,7,1521,b,Dash-8,0.001,dash8_t0.5s,0.5,0.5,reported,y,0.20730270906949352,m,Z,0.4666666666666667,m,1,0,121,0.004711425206124852,0.03111111111111111
6,7,1521,b,Dash-8,0.001,dash8_t0.5s,0.5,0.5,reported,y,0.20730270906949352,m,Z,0.49333333333333335,m,1,0,122,0.004711425206124852,0.03111111111111111
6,7,1521,b,Dash-8,0.001,dash8_t0.5s,0.5,0.5,reported,y,0.20965842167255594,m,Z,0.47555555555555556,m,1,0,123,0.004711425206124852,0.03111111111111111
6,7,1521,b,Dash-8,0.001,dash8_t0.5s,0.5,0.5,reported,y,0.20965842167255594,m,Z,0.5022222222222222,m,1,0,124,0.004711425206124852,0.03111111111111111
6,7,1521,b,Dash-8,0.001,dash8_t0.5s,0.5,0.5,reported,y,0.21201413427561838,m,Z,0.48444444444444446,m,1,0,125,0.004711425206124852,0.03111111111111111
6,7,1521,b,Dash-8,0.001,dash8_t0.5s,0.5,0.5,reported,y,0.21201413427561838,m,Z,0.5111111111111111,m,1,0,126,0.004711425206124852,0.03111111111111111
6,7,1521,b,Dash-8,0.001,dash8_t0.5s,0.5,0.5,reported,y,0.2143698468786808,m,Z,0.4888888888888889,m,1,0,127,0.004711425206124852,0.03111111111111111
6,7,1521,b,Dash-8,0.001,dash8_t0.5s,0.5,0.5,reported,y,0.2143698468786808,m,Z,0.5155555555555555,m,1,0,128,0.004711425206124852,0.03111111111111111
6,7,1521,b,Dash-8,0.001,dash8_t0.5s,0.5,0.5,reported,y,0.21672555948174324,m,Z,0.5088888888888888,m,1,0,129,0.004711425206124852,0.03111111111111111
6,7,1521,b,Dash-8,0.001,dash8_t0.5s,0.5,0.5,reported,y,0.21908127208480566,m,Z,0.5177777777777778,m,1,0,130,0.004711425206124852,0.03111111111111111
6,7,1521,b,Dash-8,0.001,dash8_t0.5s,0.5,0.5,reported,y,0.22143698468786807,m,Z,0.5111111111111111,m,1,0,131,0.004711425206124852,0.03111111111111111
6,7,1521,b,Dash-8,0.001,dash8_t0.5s,0.5,0.5,reported,y,0.22143698468786807,m,Z,0.5377777777777778,m,1,0,132,0.004711425206124852,0.03111111111111111
6,7,1521,b,Dash-8,0.001,dash8_t0.5s,0.5,0.5,reported,y,0.22379269729093051,m,Z,0.5155555555555555,m,1,0,133,0.004711425206124852,0.03111111111111111
6,7,1521,b,Dash-8,0.001,dash8_t0.5s,0.5,0.5,reported,y,0.22379269729093051,m,Z,0.5422222222222223,m,1,0,134,0.004711425206124852,0.03111111111111111
6,7,1521,b,Dash-8,0.001,dash8_t0.5s,0.5,0.5,reported,y,0.22614840989399293,m,Z,0.5244444444444445,m,1,0,135,0.004711425206124852,0.03111111111111111
6,7,1521,b,Dash-8,0.001,dash8_t0.5s,0.5,0.5,reported,y,0.22614840989399293,m,Z,0.5511111111111111,m,1,0,136,0.004711425206124852,0.03111111111111111
6,7,1521,b,Dash-8,0.001,dash8_t0.5s,0.5,0.5,reported,y,0.22850412249705537,m,Z,0.5444444444444444,m,1,0,137,0.004711425206124852,0.03111111111111111
6,7,1521,b,Dash-8,0.001,dash8_t0.5s,0.5,0.5,reported,y,0.2308598351001178,m,Z,0.5377777777777778,m,1,0,138,0.004711425206124852,0.03111111111111111
6,7,1521,b,Dash-8,0.001,dash8_t0.5s,0.5,0.5,reported,y,0.2308598351001178,m,Z,0.5644444444444444,m,1,0,139,0.004711425206124852,0.03111111111111111
6,7,1521,b,Dash-8,0.001,dash8_t0.5s,0.5,0.5,reported,y,0.2332155477031802,m,Z,0.5466666666666666,m,1,0,140,0.004711425206124852,0.03111111111111111
6,7,1521,b,Dash-8,0.001,dash8_t0.5s,0.5,0.5,reported,y,0.2332155477031802,m,Z,0.5733333333333334,m,1,0,141,0.004711425206124852,0.03111111111111111
6,7,1521,b,Dash-8,0.001,dash8_t0.5s,0.5,0.5,reported,y,0.23557126030624265,m,Z,0.5511111111111111,m,1,0,142,0.004711425206124852,0.03111111111111111
6,7,1521,b,Dash-8,0.001,dash8_t0.5s,0.5,0.5,reported,y,0.23557126030624265,m,Z,0.5777777777777777,m,1,0,143,0.004711425206124852,0.03111111111111111
6,7,1521,b,Dash-8,0.001,dash8_t0.5s,0.5,0.5,reported,y,0.23792697290930506,m,Z,0.56,m,1,0,144,0.004711425206124852,0.03111111111111111
6,7,1521,b,Dash-8,0.001,dash8_t0.5s,0.5,0.5,reported,y,0.23792697290930506,m,Z,0.5866666666666667,m,1,0,145,0.004711425206124852,0.03111111111111111
6,7,1521,b,Dash-8,0.001,dash8_t0.5s,0.5,0.5,reported,y,0.24028268551236748,m,Z,0.5688888888888889,m,1,0,146,0.004711425206124852,0.03111111111111111
6,7,1521,b,Dash-8,0.001,dash8_t0.5s,0.5,0.5,reported,y,0.24028268551236748,m,Z,0.5955555555555555,m,1,0,147,0.004711425206124852,0.03111111111111111
6,7,1521,b,Dash-8,0.001,dash8_t0.5s,0.5,0.5,reported,y,0.24263839811542992,m,Z,0.5733333333333334,m,1,0,148,0.004711425206124852,0.03111111111111111
6,7,1521,b,Dash-8,0.001,dash8_t0.5s,0.5,0.5,reported,y,0.24263839811542992,m,Z,0.6,m,1,0,149,0.004711425206124852,0.03111111111111111
6,7,1521,b,Dash-8,0.001,dash8_t0.5s,0.5,0.5,reported,y,0.24499411071849234,m,Z,0.5777777777777777,m,1,0,150,0.004711425206124852,0.03111111111111111
6,7,1521,b,Dash-8,0.001,dash8_t0.5s,0.5,0.5,reported,y,0.24499411071849234,m,Z,0.6044444444444445,m,1,0,151,0.004711425206124852,0.03111111111111111
6,7,1521,b,Dash-8,0.001,dash8_t0.5s,0.5,0.5,reported,y,0.24734982332155478,m,Z,0.5911111111111111,m,1,0,152,0.004711425206124852,0.03111111111111111
6,7,1521,b,Dash-8,0.001,dash8_t0.5s,0.5,0.5,reported,y,0.24734982332155478,m,Z,0.6177777777777778,m,1,0,153,0.004711425206124852,0.03111111111111111
6,7,1521,b,Dash-8,0.001,dash8_t0.5s,0.5,0.5,reported,y,0.2497055359246172,m,Z,0.5955555555555555,m,1,0,154,0.004711425206124852,0.03111111111111111
6,7,1521,b,Dash-8,0.001,dash8_t0.5s,0.5,0.5,reported,y,0.2497055359246172,m,Z,0.6222222222222222,m,1,0,155,0.004711425206124852,0.03111111111111111
6,7,1521,b,Dash-8,0.001,dash8_t0.5s,0.5,0.5,reported,y,0.25206124852767964,m,Z,0.6,m,1,0,156,0.004711425206124852,0.03111111111111111
6,7,1521,b,Dash-8,0.001,dash8_t0.5s,0.5,0.5,reported,y,0.25206124852767964,m,Z,0.6266666666666667,m,1,0,157,0.004711425206124852,0.03111111111111111
6,7,1521,b,Dash-8,0.001,dash8_t0.5s,0.5,0.5,reported,y,0.254416961130742,m,Z,0.62,m,1,0,158,0.004711425206124852,0.03111111111111111
6,7,1521,b,Dash-8,0.001,dash8_t0.5s,0.5,0.5,reported,y,0.25677267373380447,m,Z,0.6133333333333333,m,1,0,159,0.004711425206124852,0.03111111111111111
6,7,1521,b,Dash-8,0.001,dash8_t0.5s,0.5,0.5,reported,y,0.25677267373380447,m,Z,0.64,m,1,0,160,0.004711425206124852,0.03111111111111111
6,7,1521,b,Dash-8,0.001,dash8_t0.5s,0.5,0.5,reported,y,0.2591283863368669,m,Z,0.6222222222222222,m,1,0,161,0.004711425206124852,0.03111111111111111
6,7,1521,b,Dash-8,0.001,dash8_t0.5s,0.5,0.5,reported,y,0.2591283863368669,m,Z,0.6488888888888888,m,1,0,162,0.004711425206124852,0.03111111111111111
6,7,1521,b,Dash-8,0.001,dash8_t0.5s,0.5,0.5,reported,y,0.26148409893992935,m,Z,0.6422222222222222,m,1,0,163,0.004711425206124852,0.03111111111111111
6,7,1521,b,Dash-8,0.001,dash8_t0.5s,0.5,0.5,reported,y,0.26383981154299174,m,Z,0.6311111111111111,m,1,0,164,0.004711425206124852,0.03111111111111111
6,7,1521,b,Dash-8,0.001,dash8_t0.5s,0.5,0.5,reported,y,0.26383981154299174,m,Z,0.6622222222222223,m,1,0,165,0.004711425206124852,0.03111111111111111
6,7,1521,b,Dash-8,0.001,dash8_t0.5s,0.5,0.5,reported,y,0.2661955241460542,m,Z,0.6444444444444445,m,1,0,166,0.004711425206124852,0.03111111111111111
6,7,1521,b,Dash-8,0.001,dash8_t0.5s,0.5,0.5,reported,y,0.2661955241460542,m,Z,0.6711111111111111,m,1,0,167,0.004711425206124852,0.03111111111111111
6,7,1521,b,Dash-8,0.001,dash8_t0.5s,0.5,0.5,reported,y,0.26855123674911663,m,Z,0.6488888888888888,m,1,0,168,0.004711425206124852,0.03111111111111111
6,7,1521,b,Dash-8,0.001,dash8_t0.5s,0.5,0.5,reported,y,0.26855123674911663,m,Z,0.6755555555555556,m,1,0,169,0.004711425206124852,0.03111111111111111
6,7,1521,b,Dash-8,0.001,dash8_t0.5s,0.5,0.5,reported,y,0.270906949352179,m,Z,0.6688888888888889,m,1,0,170,0.004711425206124852,0.03111111111111111
6,7,1521,b,Dash-8,0.001,dash8_t0.5s,0.5,0.5,reported,y,0.27326266195524146,m,Z,0.6755555555555556,m,1,0,171,0.004711425206124852,0.03111111111111111
6,7,1521,b,Dash-8,0.001,dash8_t0.5s,0.5,0.5,reported,y,0.2756183745583039,m,Z,0.6777777777777778,m,1,0,172,0.004711425206124852,0.03111111111111111
6,7,1521,b,Dash-8,0.001,dash8_t0.5s,0.5,0.5,reported,y,0.2779740871613663,m,Z,0.6844444444444444,m,1,0,173,0.004711425206124852,0.03111111111111111
6,7,1521,b,Dash-8,0.001,dash8_t0.5s,0.5,0.5,reported,y,0.28032979976442873,m,Z,0.6866666666666666,m,1,0,174,0.004711425206124852,0.03111111111111111
6,7,1521,b,Dash-8,0.001,dash8_t0.5s,0.5,0.5,reported,y,0.2826855123674912,m,Z,0.6911111111111111,m,1,0,175,0.004711425206124852,0.03111111111111111
6,7,1521,b,Dash-8,0.001,dash8_t0.5s,0.5,0.5,reported,y,0.2850412249705536,m,Z,0.6977777777777778,m,1,0,176,0.004711425206124852,0.03111111111111111
6,7,1521,b,Dash-8,0.001,dash8_t0.5s,0.5,0.5,reported,y,0.287396937573616,m,Z,0.6977777777777778,m,1,0,177,0.004711425206124852,0.03111111111111111
6,7,1521,b,Dash-8,0.001,dash8_t0.5s,0.5,0.5,reported,y,0.28975265017667845,m,Z,0.7,m,1,0,178,0.004711425206124852,0.03111111111111111
6,7,1521,b,Dash-8,0.001,dash8_t0.5s,0.5,0.5,reported,y,0.2921083627797409,m,Z,0.7044444444444444,m,1,0,179,0.004711425206124852,0.03111111111111111
6,7,1521,b,Dash-8,0.001,dash8_t0.5s,0.5,0.5,reported,y,0.2944640753828033,m,Z,0.7066666666666667,m,1,0,180,0.004711425206124852,0.03111111111111111
6,7,1521,b,Dash-8,0.001,dash8_t0.5s,0.5,0.5,reported,y,0.2968197879858657,m,Z,0.7088888888888889,m,1,0,181,0.004711425206124852,0.03111111111111111
6,7,1521,b,Dash-8,0.001,dash8_t0.5s,0.5,0.5,reported,y,0.29917550058892817,m,Z,0.7111111111111111,m,1,0,182,0.004711425206124852,0.03111111111111111
6,7,1521,b,Dash-8,0.001,dash8_t0.5s,0.5,0.5,reported,y,0.30153121319199055,m,Z,0.7133333333333334,m,1,0,183,0.004711425206124852,0.03111111111111111
6,7,1521,b,Dash-8,0.001,dash8_t0.5s,0.5,0.5,reported,y,0.303886925795053,m,Z,0.7155555555555555,m,1,0,184,0.004711425206124852,0.03111111111111111
6,7,1521,b,Dash-8,0.001,dash8_t0.5s,0.5,0.5,reported,y,0.30624263839811544,m,Z,0.7177777777777777,m,1,0,185,0.004711425206124852,0.03111111111111111
6,7,1521,b,Dash-8,0.001,dash8_t0.5s,0.5,0.5,reported,y,0.30859835100117783,m,Z,0.72,m,1,0,186,0.004711425206124852,0.03111111111111111
6,7,1521,b,Dash-8,0.001,dash8_t0.5s,0.5,0.5,reported,y,0.31095406360424027,m,Z,0.7244444444444444,m,1,0,187,0.004711425206124852,0.03111111111111111
6,7,1521,b,Dash-8,0.001,dash8_t0.5s,0.5,0.5,reported,y,0.3133097762073027,m,Z,0.7266666666666667,m,1,0,188,0.004711425206124852,0.03111111111111111
6,7,1521,b,Dash-8,0.001,dash8_t0.5s,0.5,0.5,reported,y,0.31566548881036516,m,Z,0.7333333333333333,m,1,0,189,0.004711425206124852,0.03111111111111111
6,7,1521,b,Dash-8,0.001,dash8_t0.5s,0.5,0.5,reported,y,0.31802120141342755,m,Z,0.7377777777777778,m,1,0,190,0.004711425206124852,0.03111111111111111
6,7,1521,b,Dash-8,0.001,dash8_t0.5s,0.5,0.5,reported,y,0.32037691401649,m,Z,0.7422222222222222,m,1,0,191,0.004711425206124852,0.03111111111111111
6,7,1521,b,Dash-8,0.001,dash8_t0.5s,0.5,0.5,reported,y,0.32273262661955243,m,Z,0.7488888888888889,m,1,0,192,0.004711425206124852,0.03111111111111111
6,7,1521,b,Dash-8,0.001,dash8_t0.5s,0.5,0.5,reported,y,0.3250883392226148,m,Z,0.7533333333333333,m,1,0,193,0.004711425206124852,0.03111111111111111
6,7,1521,b,Dash-8,0.001,dash8_t0.5s,0.5,0.5,reported,y,0.32744405182567726,m,Z,0.7466666666666667,m,1,0,194,0.004711425206124852,0.03111111111111111
6,7,1521,b,Dash-8,0.001,dash8_t0.5s,0.5,0.5,reported,y,0.32744405182567726,m,Z,0.7733333333333333,m,1,0,195,0.004711425206124852,0.03111111111111111
6,7,1521,b,Dash-8,0.001,dash8_t0.5s,0.5,0.5,reported,y,0.3297997644287397,m,Z,0.7555555555555555,m,1,0,196,0.004711425206124852,0.03111111111111111
6,7,1521,b,Dash-8,0.001,dash8_t0.5s,0.5,0.5,reported,y,0.3297997644287397,m,Z,0.7822222222222223,m,1,0,197,0.004711425206124852,0.03111111111111111
6,7,1521,b,Dash-8,0.001,dash8_t0.5s,0.5,0.5,reported,y,0.3321554770318021,m,Z,0.76,m,1,0,198,0.004711425206124852,0.03111111111111111
6,7,1521,b,Dash-8,0.001,dash8_t0.5s,0.5,0.5,reported,y,0.3321554770318021,m,Z,0.7866666666666666,m,1,0,199,0.004711425206124852,0.03111111111111111
6,7,1521,b,Dash-8,0.001,dash8_t0.5s,0.5,0.5,reported,y,0.33451118963486454,m,Z,0.7688888888888888,m,1,0,200,0.004711425206124852,0.03111111111111111
6,7,1521,b,Dash-8,0.001,dash8_t0.5s,0.5,0.5,reported,y,0.33451118963486454,m,Z,0.7955555555555556,m,1,0,201,0.004711425206124852,0.03111111111111111
6,7,1521,b,Dash-8,0.001,dash8_t0.5s,0.5,0.5,reported,y,0.336866902237927,m,Z,0.7888888888888889,m,1,0,202,0.004711425206124852,0.03111111111111111
6,7,1521,b,Dash-8,0.001,dash8_t0.5s,0.5,0.5,reported,y,0.3392226148409894,m,Z,0.7822222222222223,m,1,0,203,0.004711425206124852,0.03111111111111111
6,7,1521,b,Dash-8,0.001,dash8_t0.5s,0.5,0.5,reported,y,0.3392226148409894,m,Z,0.8088888888888889,m,1,0,204,0.004711425206124852,0.03111111111111111
6,7,1521,b,Dash-8,0.001,dash8_t0.5s,0.5,0.5,reported,y,0.3415783274440518,m,Z,0.7866666666666666,m,1,0,205,0.004711425206124852,0.03111111111111111
6,7,1521,b,Dash-8,0.001,dash8_t0.5s,0.5,0.5,reported,y,0.3415783274440518,m,Z,0.8133333333333334,m,1,0,206,0.004711425206124852,0.03111111111111111
6,7,1521,b,Dash-8,0.001,dash8_t0.5s,0.5,0.5,reported,y,0.34393404004711425,m,Z,0.7955555555555556,m,1,0,207,0.004711425206124852,0.03111111111111111
6,7,1521,b,Dash-8,0.001,dash8_t0.5s,0.5,0.5,reported,y,0.34393404004711425,m,Z,0.8266666666666667,m,1,0,208,0.004711425206124852,0.03111111111111111
6,7,1521,b,Dash-8,0.001,dash8_t0.5s,0.5,0.5,reported,y,0.3462897526501767,m,Z,0.8044444444444444,m,1,0,209,0.004711425206124852,0.03111111111111111
6,7,1521,b,Dash-8,0.001,dash8_t0.5s,0.5,0.5,reported,y,0.3462897526501767,m,Z,0.8311111111111111,m,1,0,210,0.004711425206124852,0.03111111111111111
6,7,1521,b,Dash-8,0.001,dash8_t0.5s,0.5,0.5,reported,y,0.3486454652532391,m,Z,0.8088888888888889,m,1,0,211,0.004711425206124852,0.03111111111111111
6,7,1521,b,Dash-8,0.001,dash8_t0.5s,0.5,0.5,reported,y,0.3486454652532391,m,Z,0.8355555555555556,m,1,0,212,0.004711425206124852,0.03111111111111111
6,7,1521,b,Dash-8,0.001,dash8_t0.5s,0.5,0.5,reported,y,0.3510011778563015,m,Z,0.8288888888888889,m,1,0,213,0.004711425206124852,0.03111111111111111
6,7,1521,b,Dash-8,0.001,dash8_t0.5s,0.5,0.5,reported,y,0.35335689045936397,m,Z,0.8333333333333334,m,1,0,214,0.004711425206124852,0.03111111111111111
6,7,1521,b,Dash-8,0.001,dash8_t0.5s,0.5,0.5,reported,y,0.35571260306242636,m,Z,0.84,m,1,0,215,0.004711425206124852,0.03111111111111111
6,7,1521,b,Dash-8,0.001,dash8_t0.5s,0.5,0.5,reported,y,0.3580683156654888,m,Z,0.8466666666666667,m,1,0,216,0.004711425206124852,0.03111111111111111
6,7,1521,b,Dash-8,0.001,dash8_t0.5s,0.5,0.5,reported,y,0.36042402826855124,m,Z,0.8511111111111112,m,1,0,217,0.004711425206124852,0.03111111111111111
6,7,1521,b,Dash-8,0.001,dash8_t0.5s,0.5,0.5,reported,y,0.3627797408716137,m,Z,0.8555555555555555,m,1,0,218,0.004711425206124852,0.03111111111111111
6,7,1521,b,Dash-8,0.001,dash8_t0.5s,0.5,0.5,reported,y,0.3651354534746761,m,Z,0.8644444444444445,m,1,0,219,0.004711425206124852,0.03111111111111111
6,7,1521,b,Dash-8,0.001,dash8_t0.5s,0.5,0.5,reported,y,0.3674911660777385,m,Z,0.8711111111111111,m,1,0,220,0.004711425206124852,0.03111111111111111
6,7,1521,b,Dash-8,0.001,dash8_t0.5s,0.5,0.5,reported,y,0.36984687868080096,m,Z,0.8733333333333333,m,1,0,221,0.004711425206124852,0.03111111111111111
6,7,1521,b,Dash-8,0.001,dash8_t0.5s,0.5,0.5,reported,y,0.37220259128386335,m,Z,0.88,m,1,0,222,0.004711425206124852,0.03111111111111111
6,7,1521,b,Dash-8,0.001,dash8_t0.5s,0.5,0.5,reported,y,0.3745583038869258,m,Z,0.8844444444444445,m,1,0,223,0.004711425206124852,0.03111111111111111
6,7,1521,b,Dash-8,0.001,dash8_t0.5s,0.5,0.5,reported,y,0.37691401648998824,m,Z,0.8888888888888888,m,1,0,224,0.004711425206124852,0.03111111111111111
6,7,1521,b,Dash-8,0.001,dash8_t0.5s,0.5,0.5,reported,y,0.3792697290930506,m,Z,0.8933333333333333,m,1,0,225,0.004711425206124852,0.03111111111111111
6,7,1521,b,Dash-8,0.001,dash8_t0.5s,0.5,0.5,reported,y,0.38162544169611307,m,Z,0.8977777777777778,m,1,0,226,0.004711425206124852,0.03111111111111111
6,7,1521,b,Dash-8,0.001,dash8_t0.5s,0.5,0.5,reported,y,0.3839811542991755,m,Z,0.9022222222222223,m,1,0,227,0.004711425206124852,0.03111111111111111
6,7,1521,b,Dash-8,0.001,dash8_t0.5s,0.5,0.5,reported,y,0.38633686690223795,m,Z,0.9066666666666666,m,1,0,228,0.004711425206124852,0.03111111111111111
6,7,1521,b,Dash-8,0.001,dash8_t0.5s,0.5,0.5,reported,y,0.38869257950530034,m,Z,0.9111111111111111,m,1,0,229,0.004711425206124852,0.03111111111111111
6,7,1521,b,Dash-8,0.001,dash8_t0.5s,0.5,0.5,reported,y,0.3910482921083628,m,Z,0.9155555555555556,m,1,0,230,0.004711425206124852,0.03111111111111111
6,7,1521,b,Dash-8,0.001,dash8_t0.5s,0.5,0.5,reported,y,0.3934040047114252,m,Z,0.92,m,1,0,231,0.004711425206124852,0.03111111111111111
6,7,1521,b,Dash-8,0.001,dash8_t0.5s,0.5,0.5,reported,y,0.3957597173144876,m,Z,0.9244444444444444,m,1,0,232,0.004711425206124852,0.03111111111111111
6,7,1521,b,Dash-8,0.001,dash8_t0.5s,0.5,0.5,reported,y,0.39811542991755006,m,Z,0.9288888888888889,m,1,0,233,0.004711425206124852,0.03111111111111111
6,7,1521,b,Dash-8,0.001,dash8_t0.5s,0.5,0.5,reported,y,0.4004711425206125,m,Z,0.9333333333333333,m,1,0,234,0.004711425206124852,0.03111111111111111
6,7,1521,b,Dash-8,0.001,dash8_t0.5s,0.5,0.5,reported,y,0.4028268551236749,m,Z,0.9377777777777778,m,1,0,235,0.004711425206124852,0.03111111111111111
6,7,1521,b,Dash-8,0.001,dash8_t0.5s,0.5,0.5,reported,y,0.40518256772673733,m,Z,0.9444444444444444,m,1,0,236,0.004711425206124852,0.03111111111111111
6,7,1521,b,Dash-8,0.001,dash8_t0.5s,0.5,0.5,reported,y,0.4075382803297998,m,Z,0.9511111111111111,m,1,0,237,0.004711425206124852,0.03111111111111111
6,7,1521,b,Dash-8,0.001,dash8_t0.5s,0.5,0.5,reported,y,0.4098939929328622,m,Z,0.9555555555555556,m,1,0,238,0.004711425206124852,0.03111111111111111
6,7,1521,b,Dash-8,0.001,dash8_t0.5s,0.5,0.5,reported,y,0.4122497055359246,m,Z,0.9577777777777777,m,1,0,239,0.004711425206124852,0.03111111111111111
6,7,1521,b,Dash-8,0.001,dash8_t0.5s,0.5,0.5,reported,y,0.41460541813898705,m,Z,0.9644444444444444,m,1,0,240,0.004711425206124852,0.03111111111111111
6,7,1521,b,Dash-8,0.001,dash8_t0.5s,0.5,0.5,reported,y,0.4169611307420495,m,Z,0.9666666666666667,m,1,0,241,0.004711425206124852,0.03111111111111111
6,7,1521,b,Dash-8,0.001,dash8_t0.5s,0.5,0.5,reported,y,0.4193168433451119,m,Z,0.9733333333333334,m,1,0,242,0.004711425206124852,0.03111111111111111
6,7,1521,b,Dash-8,0.001,dash8_t0.5s,0.5,0.5,reported,y,0.4216725559481743,m,Z,0.9777777777777777,m,1,0,243,0.004711425206124852,0.03111111111111111
6,7,1521,b,Dash-8,0.001,dash8_t0.5s,0.5,0.5,reported,y,0.42402826855123676,m,Z,0.9822222222222222,m,1,0,244,0.004711425206124852,0.03111111111111111
6,7,1521,b,Dash-8,0.001,dash8_t0.5s,0.5,0.5,reported,y,0.42638398115429915,m,Z,0.9866666666666667,m,1,0,245,0.004711425206124852,0.03111111111111111
6,7,1521,b,Dash-8,0.001,dash8_t0.5s,0.5,0.5,reported,y,0.4287396937573616,m,Z,0.9911111111111112,m,1,0,246,0.004711425206124852,0.03111111111111111
6,7,1521,b,Dash-8,0.001,dash8_t0.5s,0.5,0.5,reported,y,0.43109540636042404,m,Z,0.9955555555555555,m,1,0,247,0.004711425206124852,0.03111111111111111
6,7,1521,b,Dash-8,0.001,dash8_t0.5s,0.5,0.5,reported,y,0.4334511189634865,m,Z,1.0,m,1,0,248,0.004711425206124852,0.03111111111111111
6,7,1521,b,Dash-8,0.001,dash8_t0.5s,0.5,0.5,reported,y,0.43580683156654887,m,Z,1.0022222222222221,m,1,0,249,0.004711425206124852,0.03111111111111111
6,7,1521,b,Dash-8,0.001,dash8_t0.5s,0.5,0.5,reported,y,0.4381625441696113,m,Z,1.0066666666666666,m,1,0,250,0.004711425206124852,0.03111111111111111
6,7,1521,b,Dash-8,0.001,dash8_t0.5s,0.5,0.5,reported,y,0.44051825677267376,m,Z,1.008888888888889,m,1,0,251,0.004711425206124852,0.03111111111111111
6,7,1521,b,Dash-8,0.001,dash8_t0.5s,0.5,0.5,reported,y,0.44287396937573614,m,Z,1.0133333333333334,m,1,0,252,0.004711425206124852,0.03111111111111111
6,7,1521,b,Dash-8,0.001,dash8_t0.5s,0.5,0.5,reported,y,0.4452296819787986,m,Z,1.0133333333333334,m,1,0,253,0.004711425206124852,0.03111111111111111
6,7,1521,b,Dash-8,0.001,dash8_t0.5s,0.5,0.5,reported,y,0.44758539458186103,m,Z,1.0177777777777777,m,1,0,254,0.004711425206124852,0.03111111111111111
6,7,1521,b,Dash-8,0.001,dash8_t0.5s,0.5,0.5,reported,y,0.4499411071849234,m,Z,1.02,m,1,0,255,0.004711425206124852,0.03111111111111111
6,7,1521,b,Dash-8,0.001,dash8_t0.5s,0.5,0.5,reported,y,0.45229681978798586,m,Z,1.0222222222222221,m,1,0,256,0.004711425206124852,0.03111111111111111
6,7,1521,b,Dash-8,0.001,dash8_t0.5s,0.5,0.5,reported,y,0.4546525323910483,m,Z,1.0244444444444445,m,1,0,257,0.004711425206124852,0.03111111111111111
6,7,1521,b,Dash-8,0.001,dash8_t0.5s,0.5,0.5,reported,y,0.45700824499411075,m,Z,1.028888888888889,m,1,0,258,0.004711425206124852,0.03111111111111111
6,7,1521,b,Dash-8,0.001,dash8_t0.5s,0.5,0.5,reported,y,0.45936395759717313,m,Z,1.028888888888889,m,1,0,259,0.004711425206124852,0.03111111111111111
6,7,1521,b,Dash-8,0.001,dash8_t0.5s,0.5,0.5,reported,y,0.4617196702002356,m,Z,1.031111111111111,m,1,0,260,0.004711425206124852,0.03111111111111111
6,7,1521,b,Dash-8,0.001,dash8_t0.5s,0.5,0.5,reported,y,0.464075382803298,m,Z,1.0333333333333334,m,1,0,261,0.004711425206124852,0.03111111111111111
6,7,1521,b,Dash-8,0.001,dash8_t0.5s,0.5,0.5,reported,y,0.4664310954063604,m,Z,1.0377777777777777,m,1,0,262,0.004711425206124852,0.03111111111111111
6,7,1521,b,Dash-8,0.001,dash8_t0.5s,0.5,0.5,reported,y,0.46878680800942285,m,Z,1.04,m,1,0,263,0.004711425206124852,0.03111111111111111
6,7,1521,b,Dash-8,0.001,dash8_t0.5s,0.5,0.5,reported,y,0.4711425206124853,m,Z,1.0444444444444445,m,1,0,264,0.004711425206124852,0.03111111111111111
6,7,1521,b,Dash-8,0.001,dash8_t0.5s,0.5,0.5,reported,y,0.4734982332155477,m,Z,1.0466666666666666,m,1,0,265,0.004711425206124852,0.03111111111111111
6,7,1521,b,Dash-8,0.001,dash8_t0.5s,0.5,0.5,reported,y,0.4758539458186101,m,Z,1.051111111111111,m,1,0,266,0.004711425206124852,0.03111111111111111
6,7,1521,b,Dash-8,0.001,dash8_t0.5s,0.5,0.5,reported,y,0.47820965842167257,m,Z,1.0555555555555556,m,1,0,267,0.004711425206124852,0.03111111111111111
6,7,1521,b,Dash-8,0.001,dash8_t0.5s,0.5,0.5,reported,y,0.48056537102473496,m,Z,1.0622222222222222,m,1,0,268,0.004711425206124852,0.03111111111111111
6,7,1521,b,Dash-8,0.001,dash8_t0.5s,0.5,0.5,reported,y,0.4829210836277974,m,Z,1.0533333333333332,m,1,0,269,0.004711425206124852,0.03111111111111111
6,7,1521,b,Dash-8,0.001,dash8_t0.5s,0.5,0.5,reported,y,0.4829210836277974,m,Z,1.08,m,1,0,270,0.004711425206124852,0.03111111111111111
6,7,1521,b,Dash-8,0.001,dash8_t0.5s,0.5,0.5,reported,y,0.48527679623085984,m,Z,1.0577777777777777,m,1,0,271,0.004711425206124852,0.03111111111111111
6,7,1521,b,Dash-8,0.001,dash8_t0.5s,0.5,0.5,reported,y,0.48527679623085984,m,Z,1.0844444444444445,m,1,0,272,0.004711425206124852,0.03111111111111111
6,7,1521,b,Dash-8,0.001,dash8_t0.5s,0.5,0.5,reported,y,0.4876325088339223,m,Z,1.0666666666666667,m,1,0,273,0.004711425206124852,0.03111111111111111
6,7,1521,b,Dash-8,0.001,dash8_t0.5s,0.5,0.5,reported,y,0.4876325088339223,m,Z,1.0933333333333333,m,1,0,274,0.004711425206124852,0.03111111111111111
6,7,1521,b,Dash-8,0.001,dash8_t0.5s,0.5,0.5,reported,y,0.48998822143698467,m,Z,1.0711111111111111,m,1,0,275,0.004711425206124852,0.03111111111111111
6,7,1521,b,Dash-8,0.001,dash8_t0.5s,0.5,0.5,reported,y,0.48998822143698467,m,Z,1.0977777777777777,m,1,0,276,0.004711425206124852,0.03111111111111111
6,7,1521,b,Dash-8,0.001,dash8_t0.5s,0.5,0.5,reported,y,0.4923439340400471,m,Z,1.08,m,1,0,277,0.004711425206124852,0.03111111111111111
6,7,1521,b,Dash-8,0.001,dash8_t0.5s,0.5,0.5,reported,y,0.4923439340400471,m,Z,1.1066666666666667,m,1,0,278,0.004711425206124852,0.03111111111111111
6,7,1521,b,Dash-8,0.001,dash8_t0.5s,0.5,0.5,reported,y,0.49469964664310956,m,Z,1.0888888888888888,m,1,0,279,0.004711425206124852,0.03111111111111111
6,7,1521,b,Dash-8,0.001,dash8_t0.5s,0.5,0.5,reported,y,0.49469964664310956,m,Z,1.1155555555555556,m,1,0,280,0.004711425206124852,0.03111111111111111
6,7,1521,b,Dash-8,0.001,dash8_t0.5s,0.5,0.5,reported,y,0.49705535924617195,m,Z,1.0933333333333333,m,1,0,281,0.004711425206124852,0.03111111111111111
6,7,1521,b,Dash-8,0.001,dash8_t0.5s,0.5,0.5,reported,y,0.49705535924617195,m,Z,1.12,m,1,0,282,0.004711425206124852,0.03111111111111111
6,7,1521,b,Dash-8,0.001,dash8_t0.5s,0.5,0.5,reported,y,0.4994110718492344,m,Z,1.1022222222222222,m,1,0,283,0.004711425206124852,0.03111111111111111
6,7,1521,b,Dash-8,0.001,dash8_t0.5s,0.5,0.5,reported,y,0.4994110718492344,m,Z,1.1288888888888888,m,1,0,284,0.004711425206124852,0.03111111111111111
6,7,1521,b,Dash-8,0.001,dash8_t0.5s,0.5,0.5,reported,y,0.5017667844522968,m,Z,1.1222222222222222,m,1,0,285,0.004711425206124852,0.03111111111111111
6,7,1521,b,Dash-8,0.001,dash8_t0.5s,0.5,0.5,reported,y,0.5041224970553593,m,Z,1.1266666666666667,m,1,0,286,0.004711425206124852,0.03111111111111111
6,7,1521,b,Dash-8,0.001,dash8_t0.5s,0.5,0.5,reported,y,0.5064782096584217,m,Z,1.1355555555555557,m,1,0,287,0.004711425206124852,0.03111111111111111
6,7,1521,b,Dash-8,0.001,dash8_t0.5s,0.5,0.5,reported,y,0.508833922261484,m,Z,1.1288888888888888,m,1,0,288,0.004711425206124852,0.03111111111111111
6,7,1521,b,Dash-8,0.001,dash8_t0.5s,0.5,0.5,reported,y,0.508833922261484,m,Z,1.1555555555555554,m,1,0,289,0.004711425206124852,0.03111111111111111
6,7,1521,b,Dash-8,0.001,dash8_t0.5s,0.5,0.5,reported,y,0.5111896348645465,m,Z,1.1488888888888888,m,1,0,290,0.004711425206124852,0.03111111111111111
6,7,1521,b,Dash-8,0.001,dash8_t0.5s,0.5,0.5,reported,y,0.5135453474676089,m,Z,1.1533333333333333,m,1,0,291,0.004711425206124852,0.03111111111111111
6,7,1521,b,Dash-8,0.001,dash8_t0.5s,0.5,0.5,reported,y,0.5159010600706714,m,Z,1.16,m,1,0,292,0.004711425206124852,0.03111111111111111
6,7,1521,b,Dash-8,0.001,dash8_t0.5s,0.5,0.5,reported,y,0.5182567726737338,m,Z,1.1644444444444444,m,1,0,293,0.004711425206124852,0.03111111111111111
6,7,1521,b,Dash-8,0.001,dash8_t0.5s,0.5,0.5,reported,y,0.5206124852767963,m,Z,1.1711111111111112,m,1,0,294,0.004711425206124852,0.03111111111111111
6,7,1521,b,Dash-8,0.001,dash8_t0.5s,0.5,0.5,reported,y,0.5229681978798587,m,Z,1.1755555555555555,m,1,0,295,0.004711425206124852,0.03111111111111111
6,7,1521,b,Dash-8,0.001,dash8_t0.5s,0.5,0.5,reported,y,0.525323910482921,m,Z,1.1822222222222223,m,1,0,296,0.004711425206124852,0.03111111111111111
6,7,1521,b,Dash-8,0.001,dash8_t0.5s,0.5,0.5,reported,y,0.5276796230859835,m,Z,1.1866666666666668,m,1,0,297,0.004711425206124852,0.03111111111111111
6,7,1521,b,Dash-8,0.001,dash8_t0.5s,0.5,0.5,reported,y,0.5300353356890459,m,Z,1.191111111111111,m,1,0,298,0.004711425206124852,0.03111111111111111
6,7,1521,b,Dash-8,0.001,dash8_t0.5s,0.5,0.5,reported,y,0.5323910482921084,m,Z,1.1955555555555555,m,1,0,299,0.004711425206124852,0.03111111111111111
6,7,1521,b,Dash-8,0.001,dash8_t0.5s,0.5,0.5,reported,y,0.5347467608951708,m,Z,1.2022222222222223,m,1,0,300,0.004711425206124852,0.03111111111111111
6,7,1521,b,Dash-8,0.001,dash8_t0.5s,0.5,0.5,reported,y,0.5371024734982333,m,Z,1.208888888888889,m,1,0,301,0.004711425206124852,0.03111111111111111
6,7,1521,b,Dash-8,0.001,dash8_t0.5s,0.5,0.5,reported,y,0.5394581861012956,m,Z,1.2133333333333334,m,1,0,302,0.004711425206124852,0.03111111111111111
6,7,1521,b,Dash-8,0.001,dash8_t0.5s,0.5,0.5,reported,y,0.541813898704358,m,Z,1.2177777777777778,m,1,0,303,0.004711425206124852,0.03111111111111111
6,7,1521,b,Dash-8,0.001,dash8_t0.5s,0.5,0.5,reported,y,0.5441696113074205,m,Z,1.2222222222222223,m,1,0,304,0.004711425206124852,0.03111111111111111
6,7,1521,b,Dash-8,0.001,dash8_t0.5s,0.5,0.5,reported,y,0.5465253239104829,m,Z,1.2266666666666666,m,1,0,305,0.004711425206124852,0.03111111111111111
6,7,1521,b,Dash-8,0.001,dash8_t0.5s,0.5,0.5,reported,y,0.5488810365135454,m,Z,1.231111111111111,m,1,0,306,0.004711425206124852,0.03111111111111111
6,7,1521,b,Dash-8,0.001,dash8_t0.5s,0.5,0.5,reported,y,0.5512367491166078,m,Z,1.2355555555555555,m,1,0,307,0.004711425206124852,0.03111111111111111
6,7,1521,b,Dash-8,0.001,dash8_t0.5s,0.5,0.5,reported,y,0.5535924617196702,m,Z,1.2377777777777779,m,1,0,308,0.004711425206124852,0.03111111111111111
6,7,1521,b,Dash-8,0.001,dash8_t0.5s,0.5,0.5,reported,y,0.5559481743227326,m,Z,1.2422222222222221,m,1,0,309,0.004711425206124852,0.03111111111111111
6,7,1521,b,Dash-8,0.001,dash8_t0.5s,0.5,0.5,reported,y,0.558303886925795,m,Z,1.2444444444444445,m,1,0,310,0.004711425206124852,0.03111111111111111
6,7,1521,b,Dash-8,0.001,dash8_t0.5s,0.5,0.5,reported,y,0.5606595995288575,m,Z,1.248888888888889,m,1,0,311,0.004711425206124852,0.03111111111111111
6,7,1521,b,Dash-8,0.001,dash8_t0.5s,0.5,0.5,reported,y,0.5630153121319199,m,Z,1.2533333333333334,m,1,0,312,0.004711425206124852,0.03111111111111111
6,7,1521,b,Dash-8,0.001,dash8_t0.5s,0.5,0.5,reported,y,0.5653710247349824,m,Z,1.2555555555555555,m,1,0,313,0.004711425206124852,0.03111111111111111
6,7,1521,b,Dash-8,0.001,dash8_t0.5s,0.5,0.5,reported,y,0.5677267373380448,m,Z,1.2577777777777779,m,1,0,314,0.004711425206124852,0.03111111111111111
6,7,1521,b,Dash-8,0.001,dash8_t0.5s,0.5,0.5,reported,y,0.5700824499411072,m,Z,1.26,m,1,0,315,0.004711425206124852,0.03111111111111111
6,7,1521,b,Dash-8,0.001,dash8_t0.5s,0.5,0.5,reported,y,0.5724381625441696,m,Z,1.2622222222222221,m,1,0,316,0.004711425206124852,0.03111111111111111
6,7,1521,b,Dash-8,0.001,dash8_t0.5s,0.5,0.5,reported,y,0.574793875147232,m,Z,1.2644444444444445,m,1,0,317,0.004711425206124852,0.03111111111111111
6,7,1521,b,Dash-8,0.001,dash8_t0.5s,0.5,0.5,reported,y,0.5771495877502945,m,Z,1.268888888888889,m,1,0,318,0.004711425206124852,0.03111111111111111
6,7,1521,b,Dash-8,0.001,dash8_t0.5s,0.5,0.5,reported,y,0.5795053003533569,m,Z,1.268888888888889,m,1,0,319,0.004711425206124852,0.03111111111111111
6,7,1521,b,Dash-8,0.001,dash8_t0.5s,0.5,0.5,reported,y,0.5818610129564193,m,Z,1.2733333333333334,m,1,0,320,0.004711425206124852,0.03111111111111111
6,7,1521,b,Dash-8,0.001,dash8_t0.5s,0.5,0.5,reported,y,0.5842167255594818,m,Z,1.2733333333333334,m,1,0,321,0.004711425206124852,0.03111111111111111
6,7,1521,b,Dash-8,0.001,dash8_t0.5s,0.5,0.5,reported,y,0.5865724381625441,m,Z,1.2755555555555556,m,1,0,322,0.004711425206124852,0.03111111111111111
6,7,1521,b,Dash-8,0.001,dash8_t0.5s,0.5,0.5,reported,y,0.5889281507656066,m,Z,1.28,m,1,0,323,0.004711425206124852,0.03111111111111111
6,7,1521,b,Dash-8,0.001,dash8_t0.5s,0.5,0.5,reported,y,0.591283863368669,m,Z,1.2822222222222222,m,1,0,324,0.004711425206124852,0.03111111111111111
6,7,1521,b,Dash-8,0.001,dash8_t0.5s,0.5,0.5,reported,y,0.5936395759717314,m,Z,1.2844444444444445,m,1,0,325,0.004711425206124852,0.03111111111111111
6,7,1521,b,Dash-8,0.001,dash8_t0.5s,0.5,0.5,reported,y,0.5959952885747939,m,Z,1.288888888888889,m,1,0,326,0.004711425206124852,0.03111111111111111
6,7,1521,b,Dash-8,0.001,dash8_t0.5s,0.5,0.5,reported,y,0.5983510011778563,m,Z,1.291111111111111,m,1,0,327,0.004711425206124852,0.03111111111111111
6,7,1521,b,Dash-8,0.001,dash8_t0.5s,0.5,0.5,reported,y,0.6007067137809188,m,Z,1.2955555555555556,m,1,0,328,0.004711425206124852,0.03111111111111111
6,7,1521,b,Dash-8,0.001,dash8_t0.5s,0.5,0.5,reported,y,0.6030624263839811,m,Z,1.2977777777777777,m,1,0,329,0.004711425206124852,0.03111111111111111
6,7,1521,b,Dash-8,0.001,dash8_t0.5s,0.5,0.5,reported,y,0.6054181389870436,m,Z,1.3022222222222222,m,1,0,330,0.004711425206124852,0.03111111111111111
6,7,1521,b,Dash-8,0.001,dash8_t0.5s,0.5,0.5,reported,y,0.607773851590106,m,Z,1.3066666666666666,m,1,0,331,0.004711425206124852,0.03111111111111111
6,7,1521,b,Dash-8,0.001,dash8_t0.5s,0.5,0.5,reported,y,0.6101295641931684,m,Z,1.3111111111111111,m,1,0,332,0.004711425206124852,0.03111111111111111
6,7,1521,b,Dash-8,0.001,dash8_t0.5s,0.5,0.5,reported,y,0.6124852767962309,m,Z,1.3155555555555556,m,1,0,333,0.004711425206124852,0.03111111111111111
6,7,1521,b,Dash-8,0.001,dash8_t0.5s,0.5,0.5,reported,y,0.6148409893992933,m,Z,1.32,m,1,0,334,0.004711425206124852,0.03111111111111111
6,7,1521,b,Dash-8,0.001,dash8_t0.5s,0.5,0.5,reported,y,0.6171967020023557,m,Z,1.3244444444444445,m,1,0,335,0.004711425206124852,0.03111111111111111
6,7,1521,b,Dash-8,0.001,dash8_t0.5s,0.5,0.5,reported,y,0.6195524146054181,m,Z,1.3288888888888888,m,1,0,336,0.004711425206124852,0.03111111111111111
6,7,1521,b,Dash-8,0.001,dash8_t0.5s,0.5,0.5,reported,y,0.6219081272084805,m,Z,1.3333333333333333,m,1,0,337,0.004711425206124852,0.03111111111111111
6,7,1521,b,Dash-8,0.001,dash8_t0.5s,0.5,0.5,reported,y,0.624263839811543,m,Z,1.34,m,1,0,338,0.004711425206124852,0.03111111111111111
6,7,1521,b,Dash-8,0.001,dash8_t0.5s,0.5,0.5,reported,y,0.6266195524146054,m,Z,1.3444444444444446,m,1,0,339,0.004711425206124852,0.03111111111111111
6,7,1521,b,Dash-8,0.001,dash8_t0.5s,0.5,0.5,reported,y,0.6289752650176679,m,Z,1.3488888888888888,m,1,0,340,0.004711425206124852,0.03111111111111111
6,7,1521,b,Dash-8,0.001,dash8_t0.5s,0.5,0.5,reported,y,0.6313309776207303,m,Z,1.3577777777777778,m,1,0,341,0.004711425206124852,0.03111111111111111
6,7,1521,b,Dash-8,0.001,dash8_t0.5s,0.5,0.5,reported,y,0.6336866902237926,m,Z,1.3622222222222222,m,1,0,342,0.004711425206124852,0.03111111111111111
6,7,1521,b,Dash-8,0.001,dash8_t0.5s,0.5,0.5,reported,y,0.6360424028268551,m,Z,1.3688888888888888,m,1,0,343,0.004711425206124852,0.03111111111111111
6,7,1521,b,Dash-8,0.001,dash8_t0.5s,0.5,0.5,reported,y,0.6383981154299175,m,Z,1.3644444444444443,m,1,0,344,0.004711425206124852,0.03111111111111111
6,7,1521,b,Dash-8,0.001,dash8_t0.5s,0.5,0.5,reported,y,0.6383981154299175,m,Z,1.3911111111111112,m,1,0,345,0.004711425206124852,0.03111111111111111
6,7,1521,b,Dash-8,0.001,dash8_t0.5s,0.5,0.5,reported,y,0.64075382803298,m,Z,1.3688888888888888,m,1,0,346,0.004711425206124852,0.03111111111111111
6,7,1521,b,Dash-8,0.001,dash8_t0.5s,0.5,0.5,reported,y,0.64075382803298,m,Z,1.4,m,1,0,347,0.004711425206124852,0.03111111111111111
6,7,1521,b,Dash-8,0.001,dash8_t0.5s,0.5,0.5,reported,y,0.6431095406360424,m,Z,1.3733333333333333,m,1,0,348,0.004711425206124852,0.03111111111111111
6,7,1521,b,Dash-8,0.001,dash8_t0.5s,0.5,0.5,reported,y,0.6431095406360424,m,Z,1.4088888888888889,m,1,0,349,0.004711425206124852,0.03111111111111111
6,7,1521,b,Dash-8,0.001,dash8_t0.5s,0.5,0.5,reported,y,0.6454652532391049,m,Z,1.3777777777777778,m,1,0,350,0.004711425206124852,0.03111111111111111
6,7,1521,b,Dash-8,0.001,dash8_t0.5s,0.5,0.5,reported,y,0.6454652532391049,m,Z,1.4222222222222223,m,1,0,351,0.004711425206124852,0.03111111111111111
6,7,1521,b,Dash-8,0.001,dash8_t0.5s,0.5,0.5,reported,y,0.6478209658421673,m,Z,1.3822222222222222,m,1,0,352,0.004711425206124852,0.03111111111111111
6,7,1521,b,Dash-8,0.001,dash8_t0.5s,0.5,0.5,reported,y,0.6478209658421673,m,Z,1.4266666666666667,m,1,0,353,0.004711425206124852,0.03111111111111111
6,7,1521,b,Dash-8,0.001,dash8_t0.5s,0.5,0.5,reported,y,0.6501766784452296,m,Z,1.3955555555555557,m,1,0,354,0.004711425206124852,0.03111111111111111
6,7,1521,b,Dash-8,0.001,dash8_t0.5s,0.5,0.5,reported,y,0.6501766784452296,m,Z,1.4355555555555555,m,1,0,355,0.004711425206124852,0.03111111111111111
6,7,1521,b,Dash-8,0.001,dash8_t0.5s,0.5,0.5,reported,y,0.6525323910482921,m,Z,1.4044444444444444,m,1,0,356,0.004711425206124852,0.03111111111111111
6,7,1521,b,Dash-8,0.001,dash8_t0.5s,0.5,0.5,reported,y,0.6525323910482921,m,Z,1.448888888888889,m,1,0,357,0.004711425206124852,0.03111111111111111
6,7,1521,b,Dash-8,0.001,dash8_t0.5s,0.5,0.5,reported,y,0.6548881036513545,m,Z,1.4088888888888889,m,1,0,358,0.004711425206124852,0.03111111111111111
6,7,1521,b,Dash-8,0.001,dash8_t0.5s,0.5,0.5,reported,y,0.6548881036513545,m,Z,1.4577777777777778,m,1,0,359,0.004711425206124852,0.03111111111111111
6,7,1521,b,Dash-8,0.001,dash8_t0.5s,0.5,0.5,reported,y,0.657243816254417,m,Z,1.4222222222222223,m,1,0,360,0.004711425206124852,0.03111111111111111
6,7,1521,b,Dash-8,0.001,dash8_t0.5s,0.5,0.5,reported,y,0.657243816254417,m,Z,1.4666666666666666,m,1,0,361,0.004711425206124852,0.03111111111111111
6,7,1521,b,Dash-8,0.001,dash8_t0.5s,0.5,0.5,reported,y,0.6595995288574794,m,Z,1.431111111111111,m,1,0,362,0.004711425206124852,0.03111111111111111
6,7,1521,b,Dash-8,0.001,dash8_t0.5s,0.5,0.5,reported,y,0.6595995288574794,m,Z,1.4755555555555555,m,1,0,363,0.004711425206124852,0.03111111111111111
6,7,1521,b,Dash-8,0.001,dash8_t0.5s,0.5,0.5,reported,y,0.6619552414605419,m,Z,1.44,m,1,0,364,0.004711425206124852,0.03111111111111111
6,7,1521,b,Dash-8,0.001,dash8_t0.5s,0.5,0.5,reported,y,0.6619552414605419,m,Z,1.4844444444444445,m,1,0,365,0.004711425206124852,0.03111111111111111
6,7,1521,b,Dash-8,0.001,dash8_t0.5s,0.5,0.5,reported,y,0.6643109540636042,m,Z,1.448888888888889,m,1,0,366,0.004711425206124852,0.03111111111111111
6,7,1521,b,Dash-8,0.001,dash8_t0.5s,0.5,0.5,reported,y,0.6643109540636042,m,Z,1.4933333333333334,m,1,0,367,0.004711425206124852,0.03111111111111111
6,7,1521,b,Dash-8,0.001,dash8_t0.5s,0.5,0.5,reported,y,0.6666666666666666,m,Z,1.4577777777777778,m,1,0,368,0.004711425206124852,0.03111111111111111
6,7,1521,b,Dash-8,0.001,dash8_t0.5s,0.5,0.5,reported,y,0.6666666666666666,m,Z,1.5022222222222221,m,1,0,369,0.004711425206124852,0.03111111111111111
6,7,1521,b,Dash-8,0.001,dash8_t0.5s,0.5,0.5,reported,y,0.6690223792697291,m,Z,1.471111111111111,m,1,0,370,0.004711425206124852,0.03111111111111111
6,7,1521,b,Dash-8,0.001,dash8_t0.5s,0.5,0.5,reported,y,0.6690223792697291,m,Z,1.511111111111111,m,1,0,371,0.004711425206124852,0.03111111111111111
6,7,1521,b,Dash-8,0.001,dash8_t0.5s,0.5,0.5,reported,y,0.6713780918727915,m,Z,1.4755555555555555,m,1,0,372,0.004711425206124852,0.03111111111111111
6,7,1521,b,Dash-8,0.001,dash8_t0.5s,0.5,0.5,reported,y,0.6713780918727915,m,Z,1.511111111111111,m,1,0,373,0.004711425206124852,0.03111111111111111
6,7,1521,b,Dash-8,0.001,dash8_t0.5s,0.5,0.5,reported,y,0.673733804475854,m,Z,1.488888888888889,m,1,0,374,0.004711425206124852,0.03111111111111111
6,7,1521,b,Dash-8,0.001,dash8_t0.5s,0.5,0.5,reported,y,0.673733804475854,m,Z,1.5155555555555555,m,1,0,375,0.004711425206124852,0.03111111111111111
6,7,1521,b,Dash-8,0.001,dash8_t0.5s,0.5,0.5,reported,y,0.6760895170789164,m,Z,1.5066666666666666,m,1,0,376,0.004711425206124852,0.03111111111111111
6,7,1521,b,Dash-8,0.001,dash8_t0.5s,0.5,0.5,reported,y,0.6784452296819788,m,Z,1.5133333333333334,m,1,0,377,0.004711425206124852,0.03111111111111111
6,7,1521,b,Dash-8,0.001,dash8_t0.5s,0.5,0.5,reported,y,0.6808009422850412,m,Z,1.52,m,1,0,378,0.004711425206124852,0.03111111111111111
6,7,1521,b,Dash-8,0.001,dash8_t0.5s,0.5,0.5,reported,y,0.6831566548881036,m,Z,1.52,m,1,0,379,0.004711425206124852,0.03111111111111111
6,7,1521,b,Dash-8,0.001,dash8_t0.5s,0.5,0.5,reported,y,0.6855123674911661,m,Z,1.5177777777777777,m,1,0,380,0.004711425206124852,0.03111111111111111
6,7,1521,b,Dash-8,0.001,dash8_t0.5s,0.5,0.5,reported,y,0.6878680800942285,m,Z,1.5177777777777777,m,1,0,381,0.004711425206124852,0.03111111111111111
6,7,1521,b,Dash-8,0.001,dash8_t0.5s,0.5,0.5,reported,y,0.690223792697291,m,Z,1.5155555555555555,m,1,0,382,0.004711425206124852,0.03111111111111111
6,7,1521,b,Dash-8,0.001,dash8_t0.5s,0.5,0.5,reported,y,0.6925795053003534,m,Z,1.5133333333333334,m,1,0,383,0.004711425206124852,0.03111111111111111
6,7,1521,b,Dash-8,0.001,dash8_t0.5s,0.5,0.5,reported,y,0.6949352179034158,m,Z,1.511111111111111,m,1,0,384,0.004711425206124852,0.03111111111111111
6,7,1521,b,Dash-8,0.001,dash8_t0.5s,0.5,0.5,reported,y,0.6972909305064782,m,Z,1.508888888888889,m,1,0,385,0.004711425206124852,0.03111111111111111
6,7,1521,b,Dash-8,0.001,dash8_t0.5s,0.5,0.5,reported,y,0.6996466431095406,m,Z,1.5066666666666666,m,1,0,386,0.004711425206124852,0.03111111111111111
6,7,1521,b,Dash-8,0.001,dash8_t0.5s,0.5,0.5,reported,y,0.702002355712603,m,Z,1.5044444444444445,m,1,0,387,0.004711425206124852,0.03111111111111111
6,7,1521,b,Dash-8,0.001,dash8_t0.5s,0.5,0.5,reported,y,0.7043580683156655,m,Z,1.5022222222222221,m,1,0,388,0.004711425206124852,0.03111111111111111
6,7,1521,b,Dash-8,0.001,dash8_t0.5s,0.5,0.5,reported,y,0.7067137809187279,m,Z,1.5,m,1,0,389,0.004711425206124852,0.03111111111111111
6,7,1521,b,Dash-8,0.001,dash8_t0.5s,0.5,0.5,reported,y,0.7090694935217904,m,Z,1.4977777777777779,m,1,0,390,0.004711425206124852,0.03111111111111111
6,7,1521,b,Dash-8,0.001,dash8_t0.5s,0.5,0.5,reported,y,0.7114252061248527,m,Z,1.4977777777777779,m,1,0,391,0.004711425206124852,0.03111111111111111
6,7,1521,b,Dash-8,0.001,dash8_t0.5s,0.5,0.5,reported,y,0.7137809187279152,m,Z,1.5,m,1,0,392,0.004711425206124852,0.03111111111111111
6,7,1521,b,Dash-8,0.001,dash8_t0.5s,0.5,0.5,reported,y,0.7161366313309776,m,Z,1.508888888888889,m,1,0,393,0.004711425206124852,0.03111111111111111
6,7,1521,b,Dash-8,0.001,dash8_t0.5s,0.5,0.5,reported,y,0.71849234393404,m,Z,1.4977777777777779,m,1,0,394,0.004711425206124852,0.03111111111111111
6,7,1521,b,Dash-8,0.001,dash8_t0.5s,0.5,0.5,reported,y,0.71849234393404,m,Z,1.528888888888889,m,1,0,395,0.004711425206124852,0.03111111111111111
6,7,1521,b,Dash-8,0.001,dash8_t0.5s,0.5,0.5,reported,y,0.7208480565371025,m,Z,1.4977777777777779,m,1,0,396,0.004711425206124852,0.03111111111111111
6,7,1521,b,Dash-8,0.001,dash8_t0.5s,0.5,0.5,reported,y,0.7208480565371025,m,Z,1.5422222222222222,m,1,0,397,0.004711425206124852,0.03111111111111111
6,7,1521,b,Dash-8,0.001,dash8_t0.5s,0.5,0.5,reported,y,0.7232037691401649,m,Z,1.5022222222222221,m,1,0,398,0.004711425206124852,0.03111111111111111
6,7,1521,b,Dash-8,0.001,dash8_t0.5s,0.5,0.5,reported,y,0.7232037691401649,m,Z,1.56,m,1,0,399,0.004711425206124852,0.03111111111111111
6,7,1521,b,Dash-8,0.001,dash8_t0.5s,0.5,0.5,reported,y,0.7255594817432274,m,Z,1.5066666666666666,m,1,0,400,0.004711425206124852,0.03111111111111111
6,7,1521,b,Dash-8,0.001,dash8_t0.5s,0.5,0.5,reported,y,0.7255594817432274,m,Z,1.568888888888889,m,1,0,401,0.004711425206124852,0.03111111111111111
6,7,1521,b,Dash-8,0.001,dash8_t0.5s,0.5,0.5,reported,y,0.7279151943462897,m,Z,1.5066666666666666,m,1,0,402,0.004711425206124852,0.03111111111111111
6,7,1521,b,Dash-8,0.001,dash8_t0.5s,0.5,0.5,reported,y,0.7279151943462897,m,Z,1.5866666666666667,m,1,0,403,0.004711425206124852,0.03111111111111111
6,7,1521,b,Dash-8,0.001,dash8_t0.5s,0.5,0.5,reported,y,0.7302709069493521,m,Z,1.52,m,1,0,404,0.004711425206124852,0.03111111111111111
6,7,1521,b,Dash-8,0.001,dash8_t0.5s,0.5,0.5,reported,y,0.7302709069493521,m,Z,1.6044444444444443,m,1,0,405,0.004711425206124852,0.03111111111111111
6,7,1521,b,Dash-8,0.001,dash8_t0.5s,0.5,0.5,reported,y,0.7326266195524146,m,Z,1.5333333333333334,m,1,0,406,0.004711425206124852,0.03111111111111111
6,7,1521,b,Dash-8,0.001,dash8_t0.5s,0.5,0.5,reported,y,0.7326266195524146,m,Z,1.6133333333333333,m,1,0,407,0.004711425206124852,0.03111111111111111
6,7,1521,b,Dash-8,0.001,dash8_t0.5s,0.5,0.5,reported,y,0.734982332155477,m,Z,1.5466666666666666,m,1,0,408,0.004711425206124852,0.03111111111111111
6,7,1521,b,Dash-8,0.001,dash8_t0.5s,0.5,0.5,reported,y,0.734982332155477,m,Z,1.6311111111111112,m,1,0,409,0.004711425206124852,0.03111111111111111
6,7,1521,b,Dash-8,0.001,dash8_t0.5s,0.5,0.5,reported,y,0.7373380447585395,m,Z,1.5644444444444445,m,1,0,410,0.004711425206124852,0.03111111111111111
6,7,1521,b,Dash-8,0.001,dash8_t0.5s,0.5,0.5,reported,y,0.7373380447585395,m,Z,1.6444444444444444,m,1,0,411,0.004711425206124852,0.03111111111111111
6,7,1521,b,Dash-8,0.001,dash8_t0.5s,0.5,0.5,reported,y,0.7396937573616019,m,Z,1.5733333333333333,m,1,0,412,0.004711425206124852,0.03111111111111111
6,7,1521,b,Dash-8,0.001,dash8_t0.5s,0.5,0.5,reported,y,0.7396937573616019,m,Z,1.6577777777777778,m,1,0,413,0.004711425206124852,0.03111111111111111
6,7,1521,b,Dash-8,0.001,dash8_t0.5s,0.5,0.5,reported,y,0.7420494699646644,m,Z,1.5911111111111111,m,1,0,414,0.004711425206124852,0.03111111111111111
6,7,1521,b,Dash-8,0.001,dash8_t0.5s,0.5,0.5,reported,y,0.7420494699646644,m,Z,1.6666666666666667,m,1,0,415,0.004711425206124852,0.03111111111111111
6,7,1521,b,Dash-8,0.001,dash8_t0.5s,0.5,0.5,reported,y,0.7444051825677267,m,Z,1.6,m,1,0,416,0.004711425206124852,0.03111111111111111
6,7,1521,b,Dash-8,0.001,dash8_t0.5s,0.5,0.5,reported,y,0.7444051825677267,m,Z,1.6888888888888889,m,1,0,417,0.004711425206124852,0.03111111111111111
6,7,1521,b,Dash-8,0.001,dash8_t0.5s,0.5,0.5,reported,y,0.7467608951707891,m,Z,1.6177777777777778,m,1,0,418,0.004711425206124852,0.03111111111111111
6,7,1521,b,Dash-8,0.001,dash8_t0.5s,0.5,0.5,reported,y,0.7467608951707891,m,Z,1.6977777777777778,m,1,0,419,0.004711425206124852,0.03111111111111111
6,7,1521,b,Dash-8,0.001,dash8_t0.5s,0.5,0.5,reported,y,0.7491166077738516,m,Z,1.6266666666666667,m,1,0,420,0.004711425206124852,0.03111111111111111
6,7,1521,b,Dash-8,0.001,dash8_t0.5s,0.5,0.5,reported,y,0.7491166077738516,m,Z,1.711111111111111,m,1,0,421,0.004711425206124852,0.03111111111111111
6,7,1521,b,Dash-8,0.001,dash8_t0.5s,0.5,0.5,reported,y,0.751472320376914,m,Z,1.6488888888888888,m,1,0,422,0.004711425206124852,0.03111111111111111
6,7,1521,b,Dash-8,0.001,dash8_t0.5s,0.5,0.5,reported,y,0.751472320376914,m,Z,1.728888888888889,m,1,0,423,0.004711425206124852,0.03111111111111111
6,7,1521,b,Dash-8,0.001,dash8_t0.5s,0.5,0.5,reported,y,0.7538280329799765,m,Z,1.6577777777777778,m,1,0,424,0.004711425206124852,0.03111111111111111
6,7,1521,b,Dash-8,0.001,dash8_t0.5s,0.5,0.5,reported,y,0.7538280329799765,m,Z,1.7377777777777779,m,1,0,425,0.004711425206124852,0.03111111111111111
6,7,1521,b,Dash-8,0.001,dash8_t0.5s,0.5,0.5,reported,y,0.7561837455830389,m,Z,1.6755555555555555,m,1,0,426,0.004711425206124852,0.03111111111111111
6,7,1521,b,Dash-8,0.001,dash8_t0.5s,0.5,0.5,reported,y,0.7561837455830389,m,Z,1.7466666666666666,m,1,0,427,0.004711425206124852,0.03111111111111111
6,7,1521,b,Dash-8,0.001,dash8_t0.5s,0.5,0.5,reported,y,0.7585394581861012,m,Z,1.6844444444444444,m,1,0,428,0.004711425206124852,0.03111111111111111
6,7,1521,b,Dash-8,0.001,dash8_t0.5s,0.5,0.5,reported,y,0.7585394581861012,m,Z,1.76,m,1,0,429,0.004711425206124852,0.03111111111111111
6,7,1521,b,Dash-8,0.001,dash8_t0.5s,0.5,0.5,reported,y,0.7608951707891637,m,Z,1.7022222222222223,m,1,0,430,0.004711425206124852,0.03111111111111111
6,7,1521,b,Dash-8,0.001,dash8_t0.5s,0.5,0.5,reported,y,0.7608951707891637,m,Z,1.7733333333333334,m,1,0,431,0.004711425206124852,0.03111111111111111
6,7,1521,b,Dash-8,0.001,dash8_t0.5s,0.5,0.5,reported,y,0.7632508833922261,m,Z,1.711111111111111,m,1,0,432,0.004711425206124852,0.03111111111111111
6,7,1521,b,Dash-8,0.001,dash8_t0.5s,0.5,0.5,reported,y,0.7632508833922261,m,Z,1.7822222222222222,m,1,0,433,0.004711425206124852,0.03111111111111111
6,7,1521,b,Dash-8,0.001,dash8_t0.5s,0.5,0.5,reported,y,0.7656065959952886,m,Z,1.728888888888889,m,1,0,434,0.004711425206124852,0.03111111111111111
6,7,1521,b,Dash-8,0.001,dash8_t0.5s,0.5,0.5,reported,y,0.7656065959952886,m,Z,1.8,m,1,0,435,0.004711425206124852,0.03111111111111111
6,7,1521,b,Dash-8,0.001,dash8_t0.5s,0.5,0.5,reported,y,0.767962308598351,m,Z,1.7377777777777779,m,1,0,436,0.004711425206124852,0.03111111111111111
6,7,1521,b,Dash-8,0.001,dash8_t0.5s,0.5,0.5,reported,y,0.767962308598351,m,Z,1.8044444444444445,m,1,0,437,0.004711425206124852,0.03111111111111111
6,7,1521,b,Dash-8,0.001,dash8_t0.5s,0.5,0.5,reported,y,0.7703180212014135,m,Z,1.751111111111111,m,1,0,438,0.004711425206124852,0.03111111111111111
6,7,1521,b,Dash-8,0.001,dash8_t0.5s,0.5,0.5,reported,y,0.7703180212014135,m,Z,1.8177777777777777,m,1,0,439,0.004711425206124852,0.03111111111111111
6,7,1521,b,Dash-8,0.001,dash8_t0.5s,0.5,0.5,reported,y,0.7726737338044759,m,Z,1.7644444444444445,m,1,0,440,0.004711425206124852,0.03111111111111111
6,7,1521,b,Dash-8,0.001,dash8_t0.5s,0.5,0.5,reported,y,0.7726737338044759,m,Z,1.8311111111111111,m,1,0,441,0.004711425206124852,0.03111111111111111
6,7,1521,b,Dash-8,0.001,dash8_t0.5s,0.5,0.5,reported,y,0.7750294464075382,m,Z,1.7822222222222222,m,1,0,442,0.004711425206124852,0.03111111111111111
6,7,1521,b,Dash-8,0.001,dash8_t0.5s,0.5,0.5,reported,y,0.7750294464075382,m,Z,1.8444444444444446,m,1,0,443,0.004711425206124852,0.03111111111111111
6,7,1521,b,Dash-8,0.001,dash8_t0.5s,0.5,0.5,reported,y,0.7773851590106007,m,Z,1.791111111111111,m,1,0,444,0.004711425206124852,0.03111111111111111
6,7,1521,b,Dash-8,0.001,dash8_t0.5s,0.5,0.5,reported,y,0.7773851590106007,m,Z,1.8533333333333333,m,1,0,445,0.004711425206124852,0.03111111111111111
6,7,1521,b,Dash-8,0.001,dash8_t0.5s,0.5,0.5,reported,y,0.7797408716136631,m,Z,1.8,m,1,0,446,0.004711425206124852,0.03111111111111111
6,7,1521,b,Dash-8,0.001,dash8_t0.5s,0.5,0.5,reported,y,0.7797408716136631,m,Z,1.8711111111111112,m,1,0,447,0.004711425206124852,0.03111111111111111
6,7,1521,b,Dash-8,0.001,dash8_t0.5s,0.5,0.5,reported,y,0.7820965842167256,m,Z,1.808888888888889,m,1,0,448,0.004711425206124852,0.03111111111111111
6,7,1521,b,Dash-8,0.001,dash8_t0.5s,0.5,0.5,reported,y,0.7820965842167256,m,Z,1.8755555555555556,m,1,0,449,0.004711425206124852,0.03111111111111111
6,7,1521,b,Dash-8,0.001,dash8_t0.5s,0.5,0.5,reported,y,0.784452296819788,m,Z,1.8222222222222222,m,1,0,450,0.004711425206124852,0.03111111111111111
6,7,1521,b,Dash-8,0.001,dash8_t0.5s,0.5,0.5,reported,y,0.784452296819788,m,Z,1.8888888888888888,m,1,0,451,0.004711425206124852,0.03111111111111111
6,7,1521,b,Dash-8,0.001,dash8_t0.5s,0.5,0.5,reported,y,0.7868080094228505,m,Z,1.84,m,1,0,452,0.004711425206124852,0.03111111111111111
6,7,1521,b,Dash-8,0.001,dash8_t0.5s,0.5,0.5,reported,y,0.7868080094228505,m,Z,1.9022222222222223,m,1,0,453,0.004711425206124852,0.03111111111111111
6,7,1521,b,Dash-8,0.001,dash8_t0.5s,0.5,0.5,reported,y,0.7891637220259128,m,Z,1.8488888888888888,m,1,0,454,0.004711425206124852,0.03111111111111111
6,7,1521,b,Dash-8,0.001,dash8_t0.5s,0.5,0.5,reported,y,0.7891637220259128,m,Z,1.9111111111111112,m,1,0,455,0.004711425206124852,0.03111111111111111
6,7,1521,b,Dash-8,0.001,dash8_t0.5s,0.5,0.5,reported,y,0.7915194346289752,m,Z,1.8577777777777778,m,1,0,456,0.004711425206124852,0.03111111111111111
6,7,1521,b,Dash-8,0.001,dash8_t0.5s,0.5,0.5,reported,y,0.7915194346289752,m,Z,1.9155555555555555,m,1,0,457,0.004711425206124852,0.03111111111111111
6,7,1521,b,Dash-8,0.001,dash8_t0.5s,0.5,0.5,reported,y,0.7938751472320377,m,Z,1.8711111111111112,m,1,0,458,0.004711425206124852,0.03111111111111111
6,7,1521,b,Dash-8,0.001,dash8_t0.5s,0.5,0.5,reported,y,0.7938751472320377,m,Z,1.92,m,1,0,459,0.004711425206124852,0.03111111111111111
6,7,1521,b,Dash-8,0.001,dash8_t0.5s,0.5,0.5,reported,y,0.7962308598351001,m,Z,1.8844444444444444,m,1,0,460,0.004711425206124852,0.03111111111111111
6,7,1521,b,Dash-8,0.001,dash8_t0.5s,0.5,0.5,reported,y,0.7962308598351001,m,Z,1.9244444444444444,m,1,0,461,0.004711425206124852,0.03111111111111111
6,7,1521,b,Dash-8,0.001,dash8_t0.5s,0.5,0.5,reported,y,0.7985865724381626,m,Z,1.8977777777777778,m,1,0,462,0.004711425206124852,0.03111111111111111
6,7,1521,b,Dash-8,0.001,dash8_t0.5s,0.5,0.5,reported,y,0.7985865724381626,m,Z,1.9288888888888889,m,1,0,463,0.004711425206124852,0.03111111111111111
6,7,1521,b,Dash-8,0.001,dash8_t0.5s,0.5,0.5,reported,y,0.800942285041225,m,Z,1.9066666666666667,m,1,0,464,0.004711425206124852,0.03111111111111111
6,7,1521,b,Dash-8,0.001,dash8_t0.5s,0.5,0.5,reported,y,0.800942285041225,m,Z,1.9377777777777778,m,1,0,465,0.004711425206124852,0.03111111111111111
6,7,1521,b,Dash-8,0.001,dash8_t0.5s,0.5,0.5,reported,y,0.8032979976442874,m,Z,1.931111111111111,m,1,0,466,0.004711425206124852,0.03111111111111111
6,7,1521,b,Dash-8,0.001,dash8_t0.5s,0.5,0.5,reported,y,0.8056537102473498,m,Z,1.9377777777777778,m,1,0,467,0.004711425206124852,0.03111111111111111
6,7,1521,b,Dash-8,0.001,dash8_t0.5s,0.5,0.5,reported,y,0.8080094228504122,m,Z,1.9466666666666668,m,1,0,468,0.004711425206124852,0.03111111111111111
6,7,1521,b,Dash-8,0.001,dash8_t0.5s,0.5,0.5,reported,y,0.8103651354534747,m,Z,1.951111111111111,m,1,0,469,0.004711425206124852,0.03111111111111111
6,7,1521,b,Dash-8,0.001,dash8_t0.5s,0.5,0.5,reported,y,0.8127208480565371,m,Z,1.9555555555555555,m,1,0,470,0.004711425206124852,0.03111111111111111
6,7,1521,b,Dash-8,0.001,dash8_t0.5s,0.5,0.5,reported,y,0.8150765606595995,m,Z,1.96,m,1,0,471,0.004711425206124852,0.03111111111111111
6,7,1521,b,Dash-8,0.001,dash8_t0.5s,0.5,0.5,reported,y,0.817432273262662,m,Z,1.9644444444444444,m,1,0,472,0.004711425206124852,0.03111111111111111
6,7,1521,b,Dash-8,0.001,dash8_t0.5s,0.5,0.5,reported,y,0.8197879858657244,m,Z,1.968888888888889,m,1,0,473,0.004711425206124852,0.03111111111111111
6,7,1521,b,Dash-8,0.001,dash8_t0.5s,0.5,0.5,reported,y,0.8221436984687868,m,Z,1.9733333333333334,m,1,0,474,0.004711425206124852,0.03111111111111111
6,7,1521,b,Dash-8,0.001,dash8_t0.5s,0.5,0.5,reported,y,0.8244994110718492,m,Z,1.9777777777777779,m,1,0,475,0.004711425206124852,0.03111111111111111
6,7,1521,b,Dash-8,0.001,dash8_t0.5s,0.5,0.5,reported,y,0.8268551236749117,m,Z,1.9822222222222223,m,1,0,476,0.004711425206124852,0.03111111111111111
6,7,1521,b,Dash-8,0.001,dash8_t0.5s,0.5,0.5,reported,y,0.8292108362779741,m,Z,1.9866666666666666,m,1,0,477,0.004711425206124852,0.03111111111111111
6,7,1521,b,Dash-8,0.001,dash8_t0.5s,0.5,0.5,reported,y,0.8315665488810365,m,Z,1.991111111111111,m,1,0,478,0.004711425206124852,0.03111111111111111
6,7,1521,b,Dash-8,0.001,dash8_t0.5s,0.5,0.5,reported,y,0.833922261484099,m,Z,1.9955555555555555,m,1,0,479,0.004711425206124852,0.03111111111111111
6,7,1521,b,Dash-8,0.001,dash8_t0.5s,0.5,0.5,reported,y,0.8362779740871613,m,Z,2.002222222222222,m,1,0,480,0.004711425206124852,0.03111111111111111
6,7,1521,b,Dash-8,0.001,dash8_t0.5s,0.5,0.5,reported,y,0.8386336866902238,m,Z,2.006666666666667,m,1,0,481,0.004711425206124852,0.03111111111111111
6,7,1521,b,Dash-8,0.001,dash8_t0.5s,0.5,0.5,reported,y,0.8409893992932862,m,Z,2.013333333333333,m,1,0,482,0.004711425206124852,0.03111111111111111
6,7,1521,b,Dash-8,0.001,dash8_t0.5s,0.5,0.5,reported,y,0.8433451118963486,m,Z,2.017777777777778,m,1,0,483,0.004711425206124852,0.03111111111111111
6,7,1521,b,Dash-8,0.001,dash8_t0.5s,0.5,0.5,reported,y,0.8457008244994111,m,Z,2.022222222222222,m,1,0,484,0.004711425206124852,0.03111111111111111
6,7,1521,b,Dash-8,0.001,dash8_t0.5s,0.5,0.5,reported,y,0.8480565371024735,m,Z,2.026666666666667,m,1,0,485,0.004711425206124852,0.03111111111111111
6,7,1521,b,Dash-8,0.001,dash8_t0.5s,0.5,0.5,reported,y,0.850412249705536,m,Z,2.031111111111111,m,1,0,486,0.004711425206124852,0.03111111111111111
6,7,1521,b,Dash-8,0.001,dash8_t0.5s,0.5,0.5,reported,y,0.8527679623085983,m,Z,2.0355555555555553,m,1,0,487,0.004711425206124852,0.03111111111111111
6,7,1521,b,Dash-8,0.001,dash8_t0.5s,0.5,0.5,reported,y,0.8551236749116607,m,Z,2.04,m,1,0,488,0.004711425206124852,0.03111111111111111
6,7,1521,b,Dash-8,0.001,dash8_t0.5s,0.5,0.5,reported,y,0.8574793875147232,m,Z,2.0444444444444443,m,1,0,489,0.004711425206124852,0.03111111111111111
6,7,1521,b,Dash-8,0.001,dash8_t0.5s,0.5,0.5,reported,y,0.8598351001177856,m,Z,2.048888888888889,m,1,0,490,0.004711425206124852,0.03111111111111111
6,7,1521,b,Dash-8,0.001,dash8_t0.5s,0.5,0.5,reported,y,0.8621908127208481,m,Z,2.0533333333333332,m,1,0,491,0.004711425206124852,0.03111111111111111
6,7,1521,b,Dash-8,0.001,dash8_t0.5s,0.5,0.5,reported,y,0.8645465253239105,m,Z,2.057777777777778,m,1,0,492,0.004711425206124852,0.03111111111111111
6,7,1521,b,Dash-8,0.001,dash8_t0.5s,0.5,0.5,reported,y,0.866902237926973,m,Z,2.062222222222222,m,1,0,493,0.004711425206124852,0.03111111111111111
6,7,1521,b,Dash-8,0.001,dash8_t0.5s,0.5,0.5,reported,y,0.8692579505300353,m,Z,2.066666666666667,m,1,0,494,0.004711425206124852,0.03111111111111111
6,7,1521,b,Dash-8,0.001,dash8_t0.5s,0.5,0.5,reported,y,0.8716136631330977,m,Z,2.071111111111111,m,1,0,495,0.004711425206124852,0.03111111111111111
6,7,1521,b,Dash-8,0.001,dash8_t0.5s,0.5,0.5,reported,y,0.8739693757361602,m,Z,2.0733333333333333,m,1,0,496,0.004711425206124852,0.03111111111111111
6,7,1521,b,Dash-8,0.001,dash8_t0.5s,0.5,0.5,reported,y,0.8763250883392226,m,Z,2.077777777777778,m,1,0,497,0.004711425206124852,0.03111111111111111
6,7,1521,b,Dash-8,0.001,dash8_t0.5s,0.5,0.5,reported,y,0.8786808009422851,m,Z,2.08,m,1,0,498,0.004711425206124852,0.03111111111111111
6,7,1521,b,Dash-8,0.001,dash8_t0.5s,0.5,0.5,reported,y,0.8810365135453475,m,Z,2.0844444444444443,m,1,0,499,0.004711425206124852,0.03111111111111111
6,7,1521,b,Dash-8,0.001,dash8_t0.5s,0.5,0.5,reported,y,0.8833922261484098,m,Z,2.0866666666666664,m,1,0,500,0.004711425206124852,0.03111111111111111
6,7,1521,b,Dash-8,0.001,dash8_t0.5s,0.5,0.5,reported,y,0.8857479387514723,m,Z,2.0866666666666664,m,1,0,501,0.004711425206124852,0.03111111111111111
6,7,1521,b,Dash-8,0.001,dash8_t0.5s,0.5,0.5,reported,y,0.8881036513545347,m,Z,2.0866666666666664,m,1,0,502,0.004711425206124852,0.03111111111111111
6,7,1521,b,Dash-8,0.001,dash8_t0.5s,0.5,0.5,reported,y,0.8904593639575972,m,Z,2.0866666666666664,m,1,0,503,0.004711425206124852,0.03111111111111111
6,7,1521,b,Dash-8,0.001,dash8_t0.5s,0.5,0.5,reported,y,0.8928150765606596,m,Z,2.0866666666666664,m,1,0,504,0.004711425206124852,0.03111111111111111
6,7,1521,b,Dash-8,0.001,dash8_t0.5s,0.5,0.5,reported,y,0.8951707891637221,m,Z,2.0866666666666664,m,1,0,505,0.004711425206124852,0.03111111111111111
6,7,1521,b,Dash-8,0.001,dash8_t0.5s,0.5,0.5,reported,y,0.8975265017667845,m,Z,2.0866666666666664,m,1,0,506,0.004711425206124852,0.03111111111111111
6,7,1521,b,Dash-8,0.001,dash8_t0.5s,0.5,0.5,reported,y,0.8998822143698468,m,Z,2.0866666666666664,m,1,0,507,0.004711425206124852,0.03111111111111111
6,7,1521,b,Dash-8,0.001,dash8_t0.5s,0.5,0.5,reported,y,0.9022379269729093,m,Z,2.0866666666666664,m,1,0,508,0.004711425206124852,0.03111111111111111
6,7,1521,b,Dash-8,0.001,dash8_t0.5s,0.5,0.5,reported,y,0.9045936395759717,m,Z,2.0866666666666664,m,1,0,509,0.004711425206124852,0.03111111111111111
6,7,1521,b,Dash-8,0.001,dash8_t0.5s,0.5,0.5,reported,y,0.9069493521790342,m,Z,2.0866666666666664,m,1,0,510,0.004711425206124852,0.03111111111111111
6,7,1521,b,Dash-8,0.001,dash8_t0.5s,0.5,0.5,reported,y,0.9093050647820966,m,Z,2.0866666666666664,m,1,0,511,0.004711425206124852,0.03111111111111111
6,7,1521,b,Dash-8,0.001,dash8_t0.5s,0.5,0.5,reported,y,0.911660777385159,m,Z,2.0866666666666664,m,1,0,512,0.004711425206124852,0.03111111111111111
6,7,1521,b,Dash-8,0.001,dash8_t0.5s,0.5,0.5,reported,y,0.9140164899882215,m,Z,2.0866666666666664,m,1,0,513,0.004711425206124852,0.03111111111111111
6,7,1521,b,Dash-8,0.001,dash8_t0.5s,0.5,0.5,reported,y,0.9163722025912838,m,Z,2.0866666666666664,m,1,0,514,0.004711425206124852,0.03111111111111111
6,7,1521,b,Dash-8,0.001,dash8_t0.5s,0.5,0.5,reported,y,0.9187279151943463,m,Z,2.0866666666666664,m,1,0,515,0.004711425206124852,0.03111111111111111
6,7,1521,b,Dash-8,0.001,dash8_t0.5s,0.5,0.5,reported,y,0.9210836277974087,m,Z,2.0866666666666664,m,1,0,516,0.004711425206124852,0.03111111111111111
6,7,1521,b,Dash-8,0.001,dash8_t0.5s,0.5,0.5,reported,y,0.9234393404004712,m,Z,2.0866666666666664,m,1,0,517,0.004711425206124852,0.03111111111111111
6,7,1521,b,Dash-8,0.001,dash8_t0.5s,0.5,0.5,reported,y,0.9257950530035336,m,Z,2.0866666666666664,m,1,0,518,0.004711425206124852,0.03111111111111111
6,7,1521,b,Dash-8,0.001,dash8_t0.5s,0.5,0.5,reported,y,0.928150765606596,m,Z,2.0866666666666664,m,1,0,519,0.004711425206124852,0.03111111111111111
6,7,1521,b,Dash-8,0.001,dash8_t0.5s,0.5,0.5,reported,y,0.9305064782096584,m,Z,2.0866666666666664,m,1,0,520,0.004711425206124852,0.03111111111111111
6,7,1521,b,Dash-8,0.001,dash8_t0.5s,0.5,0.5,reported,y,0.9328621908127208,m,Z,2.0866666666666664,m,1,0,521,0.004711425206124852,0.03111111111111111
6,7,1521,b,Dash-8,0.001,dash8_t0.5s,0.5,0.5,reported,y,0.9352179034157833,m,Z,2.0866666666666664,m,1,0,522,0.004711425206124852,0.03111111111111111
6,7,1521,b,Dash-8,0.001,dash8_t0.5s,0.5,0.5,reported,y,0.9375736160188457,m,Z,2.0866666666666664,m,1,0,523,0.004711425206124852,0.03111111111111111
6,7,1521,b,Dash-8,0.001,dash8_t0.5s,0.5,0.5,reported,y,0.9399293286219081,m,Z,2.0866666666666664,m,1,0,524,0.004711425206124852,0.03111111111111111
6,7,1521,b,Dash-8,0.001,dash8_t0.5s,0.5,0.5,reported,y,0.9422850412249706,m,Z,2.0866666666666664,m,1,0,525,0.004711425206124852,0.03111111111111111
6,7,1521,b,Dash-8,0.001,dash8_t0.5s,0.5,0.5,reported,y,0.944640753828033,m,Z,2.0866666666666664,m,1,0,526,0.004711425206124852,0.03111111111111111
6,7,1521,b,Dash-8,0.001,dash8_t0.5s,0.5,0.5,reported,y,0.9469964664310954,m,Z,2.0866666666666664,m,1,0,527,0.004711425206124852,0.03111111111111111
6,7,1521,b,Dash-8,0.001,dash8_t0.5s,0.5,0.5,reported,y,0.9493521790341578,m,Z,2.0866666666666664,m,1,0,528,0.004711425206124852,0.03111111111111111
6,7,1521,b,Dash-8,0.001,dash8_t0.5s,0.5,0.5,reported,y,0.9517078916372202,m,Z,2.0866666666666664,m,1,0,529,0.004711425206124852,0.03111111111111111
6,7,1521,b,Dash-8,0.001,dash8_t0.5s,0.5,0.5,reported,y,0.9540636042402827,m,Z,2.0866666666666664,m,1,0,530,0.004711425206124852,0.03111111111111111
6,7,1521,b,Dash-8,0.001,dash8_t0.5s,0.5,0.5,reported,y,0.9564193168433451,m,Z,2.0866666666666664,m,1,0,531,0.004711425206124852,0.03111111111111111
6,7,1521,b,Dash-8,0.001,dash8_t0.5s,0.5,0.5,reported,y,0.9587750294464076,m,Z,2.088888888888889,m,1,0,532,0.004711425206124852,0.03111111111111111
6,7,1521,b,Dash-8,0.001,dash8_t0.5s,0.5,0.5,reported,y,0.9611307420494699,m,Z,2.088888888888889,m,1,0,533,0.004711425206124852,0.03111111111111111
6,7,1521,b,Dash-8,0.001,dash8_t0.5s,0.5,0.5,reported,y,0.9634864546525324,m,Z,2.091111111111111,m,1,0,534,0.004711425206124852,0.03111111111111111
6,7,1521,b,Dash-8,0.001,dash8_t0.5s,0.5,0.5,reported,y,0.9658421672555948,m,Z,2.091111111111111,m,1,0,535,0.004711425206124852,0.03111111111111111
6,7,1521,b,Dash-8,0.001,dash8_t0.5s,0.5,0.5,reported,y,0.9681978798586572,m,Z,2.0955555555555554,m,1,0,536,0.004711425206124852,0.03111111111111111
6,7,1521,b,Dash-8,0.001,dash8_t0.5s,0.5,0.5,reported,y,0.9705535924617197,m,Z,2.0955555555555554,m,1,0,537,0.004711425206124852,0.03111111111111111
6,7,1521,b,Dash-8,0.001,dash8_t0.5s,0.5,0.5,reported,y,0.9729093050647821,m,Z,2.1,m,1,0,538,0.004711425206124852,0.03111111111111111
6,7,1521,b,Dash-8,0.001,dash8_t0.5s,0.5,0.5,reported,y,0.9752650176678446,m,Z,2.102222222222222,m,1,0,539,0.004711425206124852,0.03111111111111111
6,7,1521,b,Dash-8,0.001,dash8_t0.5s,0.5,0.5,reported,y,0.9776207302709069,m,Z,2.1044444444444443,m,1,0,540,0.004711425206124852,0.03111111111111111
6,7,1521,b,Dash-8,0.001,dash8_t0.5s,0.5,0.5,reported,y,0.9799764428739693,m,Z,2.1066666666666665,m,1,0,541,0.004711425206124852,0.03111111111111111
6,7,1521,b,Dash-8,0.001,dash8_t0.5s,0.5,0.5,reported,y,0.9823321554770318,m,Z,2.108888888888889,m,1,0,542,0.004711425206124852,0.03111111111111111
6,7,1521,b,Dash-8,0.001,dash8_t0.5s,0.5,0.5,reported,y,0.9846878680800942,m,Z,2.1133333333333333,m,1,0,543,0.004711425206124852,0.03111111111111111
6,7,1521,b,Dash-8,0.001,dash8_t0.5s,0.5,0.5,reported,y,0.9870435806831567,m,Z,2.1133333333333333,m,1,0,544,0.004711425206124852,0.03111111111111111
6,7,1521,b,Dash-8,0.001,dash8_t0.5s,0.5,0.5,reported,y,0.9893992932862191,m,Z,2.117777777777778,m,1,0,545,0.004711425206124852,0.03111111111111111
6,7,1521,b,Dash-8,0.001,dash8_t0.5s,0.5,0.5,reported,y,0.9917550058892816,m,Z,2.117777777777778,m,1,0,546,0.004711425206124852,0.03111111111111111
6,7,1521,b,Dash-8,0.001,dash8_t0.5s,0.5,0.5,reported,y,0.9941107184923439,m,Z,2.1222222222222222,m,1,0,547,0.004711425206124852,0.03111111111111111
6,7,1521,b,Dash-8,0.001,dash8_t0.5s,0.5,0.5,reported,y,0.9964664310954063,m,Z,2.1222222222222222,m,1,0,548,0.004711425206124852,0.03111111111111111
6,7,1521,b,Dash-8,0.001,dash8_t0.5s,0.5,0.5,reported,y,0.9988221436984688,m,Z,2.1266666666666665,m,1,0,549,0.004711425206124852,0.03111111111111111
6,7,1521,b,Dash-8,0.001,dash8_t0.5s,0.5,0.5,reported,y,1.0011778563015312,m,Z,2.1266666666666665,m,1,0,550,0.004711425206124852,0.03111111111111111
6,7,1521,b,Dash-8,0.001,dash8_t0.5s,0.5,0.5,reported,y,1.0035335689045937,m,Z,2.131111111111111,m,1,0,551,0.004711425206124852,0.03111111111111111
6,7,1521,b,Dash-8,0.001,dash8_t0.5s,0.5,0.5,reported,y,1.005889281507656,m,Z,2.131111111111111,m,1,0,552,0.004711425206124852,0.03111111111111111
6,7,1521,b,Dash-8,0.001,dash8_t0.5s,0.5,0.5,reported,y,1.0082449941107186,m,Z,2.1355555555555554,m,1,0,553,0.004711425206124852,0.03111111111111111
6,7,1521,b,Dash-8,0.001,dash8_t0.5s,0.5,0.5,reported,y,1.010600706713781,m,Z,2.137777777777778,m,1,0,554,0.004711425206124852,0.03111111111111111
6,7,1521,b,Dash-8,0.001,dash8_t0.5s,0.5,0.5,reported,y,1.0129564193168434,m,Z,2.14,m,1,0,555,0.004711425206124852,0.03111111111111111
6,7,1521,b,Dash-8,0.001,dash8_t0.5s,0.5,0.5,reported,y,1.0153121319199059,m,Z,2.14,m,1,0,556,0.004711425206124852,0.03111111111111111
6,7,1521,b,Dash-8,0.001,dash8_t0.5s,0.5,0.5,reported,y,1.017667844522968,m,Z,2.1444444444444444,m,1,0,557,0.004711425206124852,0.03111111111111111
6,7,1521,b,Dash-8,0.001,dash8_t0.5s,0.5,0.5,reported,y,1.0200235571260305,m,Z,2.1466666666666665,m,1,0,558,0.004711425206124852,0.03111111111111111
6,7,1521,b,Dash-8,0.001,dash8_t0.5s,0.5,0.5,reported,y,1.022379269729093,m,Z,2.148888888888889,m,1,0,559,0.004711425206124852,0.03111111111111111
6,7,1521,b,Dash-8,0.001,dash8_t0.5s,0.5,0.5,reported,y,1.0247349823321554,m,Z,2.151111111111111,m,1,0,560,0.004711425206124852,0.03111111111111111
6,7,1521,b,Dash-8,0.001,dash8_t0.5s,0.5,0.5,reported,y,1.0270906949352179,m,Z,2.1533333333333333,m,1,0,561,0.004711425206124852,0.03111111111111111
6,7,1521,b,Dash-8,0.001,dash8_t0.5s,0.5,0.5,reported,y,1.0294464075382803,m,Z,2.1555555555555554,m,1,0,562,0.004711425206124852,0.03111111111111111
6,7,1521,b,Dash-8,0.001,dash8_t0.5s,0.5,0.5,reported,y,1.0318021201413428,m,Z,2.1577777777777776,m,1,0,563,0.004711425206124852,0.03111111111111111
6,7,1521,b,Dash-8,0.001,dash8_t0.5s,0.5,0.5,reported,y,1.0341578327444052,m,Z,2.16,m,1,0,564,0.004711425206124852,0.03111111111111111
6,7,1521,b,Dash-8,0.001,dash8_t0.5s,0.5,0.5,reported,y,1.0365135453474676,m,Z,2.1644444444444444,m,1,0,565,0.004711425206124852,0.03111111111111111
6,7,1521,b,Dash-8,0.001,dash8_t0.5s,0.5,0.5,reported,y,1.03886925795053,m,Z,2.1666666666666665,m,1,0,566,0.004711425206124852,0.03111111111111111
6,7,1521,b,Dash-8,0.001,dash8_t0.5s,0.5,0.5,reported,y,1.0412249705535925,m,Z,2.168888888888889,m,1,0,567,0.004711425206124852,0.03111111111111111
6,7,1521,b,Dash-8,0.001,dash8_t0.5s,0.5,0.5,reported,y,1.043580683156655,m,Z,2.171111111111111,m,1,0,568,0.004711425206124852,0.03111111111111111
6,7,1521,b,Dash-8,0.001,dash8_t0.5s,0.5,0.5,reported,y,1.0459363957597174,m,Z,2.1733333333333333,m,1,0,569,0.004711425206124852,0.03111111111111111
6,7,1521,b,Dash-8,0.001,dash8_t0.5s,0.5,0.5,reported,y,1.0482921083627796,m,Z,2.1755555555555555,m,1,0,570,0.004711425206124852,0.03111111111111111
6,7,1521,b,Dash-8,0.001,dash8_t0.5s,0.5,0.5,reported,y,1.050647820965842,m,Z,2.1777777777777776,m,1,0,571,0.004711425206124852,0.03111111111111111
6,7,1521,b,Dash-8,0.001,dash8_t0.5s,0.5,0.5,reported,y,1.0530035335689045,m,Z,2.18,m,1,0,572,0.004711425206124852,0.03111111111111111
6,7,1521,b,Dash-8,0.001,dash8_t0.5s,0.5,0.5,reported,y,1.055359246171967,m,Z,2.1822222222222223,m,1,0,573,0.004711425206124852,0.03111111111111111
6,7,1521,b,Dash-8,0.001,dash8_t0.5s,0.5,0.5,reported,y,1.0577149587750294,m,Z,2.1844444444444444,m,1,0,574,0.004711425206124852,0.03111111111111111
6,7,1521,b,Dash-8,0.001,dash8_t0.5s,0.5,0.5,reported,y,1.0600706713780919,m,Z,2.1866666666666665,m,1,0,575,0.004711425206124852,0.03111111111111111
6,7,1521,b,Dash-8,0.001,dash8_t0.5s,0.5,0.5,reported,y,1.0624263839811543,m,Z,2.188888888888889,m,1,0,576,0.004711425206124852,0.03111111111111111
6,7,1521,b,Dash-8,0.001,dash8_t0.5s,0.5,0.5,reported,y,1.0647820965842167,m,Z,2.1911111111111112,m,1,0,577,0.004711425206124852,0.03111111111111111
6,7,1521,b,Dash-8,0.001,dash8_t0.5s,0.5,0.5,reported,y,1.0671378091872792,m,Z,2.1933333333333334,m,1,0,578,0.004711425206124852,0.03111111111111111
6,7,1521,b,Dash-8,0.001,dash8_t0.5s,0.5,0.5,reported,y,1.0694935217903416,m,Z,2.1977777777777776,m,1,0,579,0.004711425206124852,0.03111111111111111
6,7,1521,b,Dash-8,0.001,dash8_t0.5s,0.5,0.5,reported,y,1.071849234393404,m,Z,2.1977777777777776,m,1,0,580,0.004711425206124852,0.03111111111111111
6,7,1521,b,Dash-8,0.001,dash8_t0.5s,0.5,0.5,reported,y,1.0742049469964665,m,Z,2.2,m,1,0,581,0.004711425206124852,0.03111111111111111
6,7,1521,b,Dash-8,0.001,dash8_t0.5s,0.5,0.5,reported,y,1.076560659599529,m,Z,2.2022222222222223,m,1,0,582,0.004711425206124852,0.03111111111111111
6,7,1521,b,Dash-8,0.001,dash8_t0.5s,0.5,0.5,reported,y,1.0789163722025912,m,Z,2.2022222222222223,m,1,0,583,0.004711425206124852,0.03111111111111111
6,7,1521,b,Dash-8,0.001,dash8_t0.5s,0.5,0.5,reported,y,1.0812720848056536,m,Z,2.2022222222222223,m,1,0,584,0.004711425206124852,0.03111111111111111
6,7,1521,b,Dash-8,0.001,dash8_t0.5s,0.5,0.5,reported,y,1.083627797408716,m,Z,2.2022222222222223,m,1,0,585,0.004711425206124852,0.03111111111111111
6,7,1521,b,Dash-8,0.001,dash8_t0.5s,0.5,0.5,reported,y,1.0859835100117785,m,Z,2.2,m,1,0,586,0.004711425206124852,0.03111111111111111
6,7,1521,b,Dash-8,0.001,dash8_t0.5s,0.5,0.5,reported,y,1.088339222614841,m,Z,2.1977777777777776,m,1,0,587,0.004711425206124852,0.03111111111111111
6,7,1521,b,Dash-8,0.001,dash8_t0.5s,0.5,0.5,reported,y,1.0906949352179034,m,Z,2.1955555555555555,m,1,0,588,0.004711425206124852,0.03111111111111111
6,7,1521,b,Dash-8,0.001,dash8_t0.5s,0.5,0.5,reported,y,1.0930506478209658,m,Z,2.1933333333333334,m,1,0,589,0.004711425206124852,0.03111111111111111
6,7,1521,b,Dash-8,0.001,dash8_t0.5s,0.5,0.5,reported,y,1.0954063604240283,m,Z,2.188888888888889,m,1,0,590,0.004711425206124852,0.03111111111111111
6,7,1521,b,Dash-8,0.001,dash8_t0.5s,0.5,0.5,reported,y,1.0977620730270907,m,Z,2.1866666666666665,m,1,0,591,0.004711425206124852,0.03111111111111111
6,7,1521,b,Dash-8,0.001,dash8_t0.5s,0.5,0.5,reported,y,1.1001177856301532,m,Z,2.1844444444444444,m,1,0,592,0.004711425206124852,0.03111111111111111
6,7,1521,b,Dash-8,0.001,dash8_t0.5s,0.5,0.5,reported,y,1.1024734982332156,m,Z,2.1844444444444444,m,1,0,593,0.004711425206124852,0.03111111111111111
6,7,1521,b,Dash-8,0.001,dash8_t0.5s,0.5,0.5,reported,y,1.104829210836278,m,Z,2.1822222222222223,m,1,0,594,0.004711425206124852,0.03111111111111111
6,7,1521,b,Dash-8,0.001,dash8_t0.5s,0.5,0.5,reported,y,1.1071849234393405,m,Z,2.1777777777777776,m,1,0,595,0.004711425206124852,0.03111111111111111
6,7,1521,b,Dash-8,0.001,dash8_t0.5s,0.5,0.5,reported,y,1.1095406360424027,m,Z,2.1755555555555555,m,1,0,596,0.004711425206124852,0.03111111111111111
6,7,1521,b,Dash-8,0.001,dash8_t0.5s,0.5,0.5,reported,y,1.1118963486454652,m,Z,2.1733333333333333,m,1,0,597,0.004711425206124852,0.03111111111111111
6,7,1521,b,Dash-8,0.001,dash8_t0.5s,0.5,0.5,reported,y,1.1142520612485276,m,Z,2.1733333333333333,m,1,0,598,0.004711425206124852,0.03111111111111111
6,7,1521,b,Dash-8,0.001,dash8_t0.5s,0.5,0.5,reported,y,1.11660777385159,m,Z,2.171111111111111,m,1,0,599,0.004711425206124852,0.03111111111111111
6,7,1521,b,Dash-8,0.001,dash8_t0.5s,0.5,0.5,reported,y,1.1189634864546525,m,Z,2.171111111111111,m,1,0,600,0.004711425206124852,0.03111111111111111
6,7,1521,b,Dash-8,0.001,dash8_t0.5s,0.5,0.5,reported,y,1.121319199057715,m,Z,2.171111111111111,m,1,0,601,0.004711425206124852,0.03111111111111111
6,7,1521,b,Dash-8,0.001,dash8_t0.5s,0.5,0.5,reported,y,1.1236749116607774,m,Z,2.171111111111111,m,1,0,602,0.004711425206124852,0.03111111111111111
6,7,1521,b,Dash-8,0.001,dash8_t0.5s,0.5,0.5,reported,y,1.1260306242638398,m,Z,2.1733333333333333,m,1,0,603,0.004711425206124852,0.03111111111111111
6,7,1521,b,Dash-8,0.001,dash8_t0.5s,0.5,0.5,reported,y,1.1283863368669023,m,Z,2.1733333333333333,m,1,0,604,0.004711425206124852,0.03111111111111111
6,7,1521,b,Dash-8,0.001,dash8_t0.5s,0.5,0.5,reported,y,1.1307420494699647,m,Z,2.1777777777777776,m,1,0,605,0.004711425206124852,0.03111111111111111
6,7,1521,b,Dash-8,0.001,dash8_t0.5s,0.5,0.5,reported,y,1.1330977620730271,m,Z,2.18,m,1,0,606,0.004711425206124852,0.03111111111111111
6,7,1521,b,Dash-8,0.001,dash8_t0.5s,0.5,0.5,reported,y,1.1354534746760896,m,Z,2.1822222222222223,m,1,0,607,0.004711425206124852,0.03111111111111111
6,7,1521,b,Dash-8,0.001,dash8_t0.5s,0.5,0.5,reported,y,1.137809187279152,m,Z,2.1866666666666665,m,1,0,608,0.004711425206124852,0.03111111111111111
6,7,1521,b,Dash-8,0.001,dash8_t0.5s,0.5,0.5,reported,y,1.1401648998822145,m,Z,2.1866666666666665,m,1,0,609,0.004711425206124852,0.03111111111111111
6,7,1521,b,Dash-8,0.001,dash8_t0.5s,0.5,0.5,reported,y,1.1425206124852767,m,Z,2.1866666666666665,m,1,0,610,0.004711425206124852,0.03111111111111111
6,7,1521,b,Dash-8,0.001,dash8_t0.5s,0.5,0.5,reported,y,1.1448763250883391,m,Z,2.1911111111111112,m,1,0,611,0.004711425206124852,0.03111111111111111
6,7,1521,b,Dash-8,0.001,dash8_t0.5s,0.5,0.5,reported,y,1.1472320376914016,m,Z,2.1933333333333334,m,1,0,612,0.004711425206124852,0.03111111111111111
6,7,1521,b,Dash-8,0.001,dash8_t0.5s,0.5,0.5,reported,y,1.149587750294464,m,Z,2.1955555555555555,m,1,0,613,0.004711425206124852,0.03111111111111111
6,7,1521,b,Dash-8,0.001,dash8_t0.5s,0.5,0.5,reported,y,1.1519434628975265,m,Z,2.2,m,1,0,614,0.004711425206124852,0.03111111111111111
6,7,1521,b,Dash-8,0.001,dash8_t0.5s,0.5,0.5,reported,y,1.154299175500589,m,Z,2.2,m,1,0,615,0.004711425206124852,0.03111111111111111
6,7,1521,b,Dash-8,0.001,dash8_t0.5s,0.5,0.5,reported,y,1.1566548881036514,m,Z,2.2022222222222223,m,1,0,616,0.004711425206124852,0.03111111111111111
6,7,1521,b,Dash-8,0.001,dash8_t0.5s,0.5,0.5,reported,y,1.1590106007067138,m,Z,2.2044444444444444,m,1,0,617,0.004711425206124852,0.03111111111111111
6,7,1521,b,Dash-8,0.001,dash8_t0.5s,0.5,0.5,reported,y,1.1613663133097762,m,Z,2.2044444444444444,m,1,0,618,0.004711425206124852,0.03111111111111111
6,7,1521,b,Dash-8,0.001,dash8_t0.5s,0.5,0.5,reported,y,1.1637220259128387,m,Z,2.2044444444444444,m,1,0,619,0.004711425206124852,0.03111111111111111
6,7,1521,b,Dash-8,0.001,dash8_t0.5s,0.5,0.5,reported,y,1.1660777385159011,m,Z,2.2044444444444444,m,1,0,620,0.004711425206124852,0.03111111111111111
6,7,1521,b,Dash-8,0.001,dash8_t0.5s,0.5,0.5,reported,y,1.1684334511189636,m,Z,2.2044444444444444,m,1,0,621,0.004711425206124852,0.03111111111111111
6,7,1521,b,Dash-8,0.001,dash8_t0.5s,0.5,0.5,reported,y,1.170789163722026,m,Z,2.2044444444444444,m,1,0,622,0.004711425206124852,0.03111111111111111
6,7,1521,b,Dash-8,0.001,dash8_t0.5s,0.5,0.5,reported,y,1.1731448763250882,m,Z,2.2044444444444444,m,1,0,623,0.004711425206124852,0.03111111111111111
6,7,1521,b,Dash-8,0.001,dash8_t0.5s,0.5,0.5,reported,y,1.1755005889281507,m,Z,2.2044444444444444,m,1,0,624,0.004711425206124852,0.03111111111111111
6,7,1521,b,Dash-8,0.001,dash8_t0.5s,0.5,0.5,reported,y,1.1778563015312131,m,Z,2.2044444444444444,m,1,0,625,0.004711425206124852,0.03111111111111111
6,7,1521,b,Dash-8,0.001,dash8_t0.5s,0.5,0.5,reported,y,1.1802120141342756,m,Z,2.2044444444444444,m,1,0,626,0.004711425206124852,0.03111111111111111
6,7,1521,b,Dash-8,0.001,dash8_t0.5s,0.5,0.5,reported,y,1.182567726737338,m,Z,2.2044444444444444,m,1,0,627,0.004711425206124852,0.03111111111111111
6,7,1521,b,Dash-8,0.001,dash8_t0.5s,0.5,0.5,reported,y,1.1849234393404005,m,Z,2.2044444444444444,m,1,0,628,0.004711425206124852,0.03111111111111111
6,7,1521,b,Dash-8,0.001,dash8_t0.5s,0.5,0.5,reported,y,1.187279151943463,m,Z,2.2044444444444444,m,1,0,629,0.004711425206124852,0.03111111111111111
6,7,1521,b,Dash-8,0.001,dash8_t0.5s,0.5,0.5,reported,y,1.1896348645465253,m,Z,2.2044444444444444,m,1,0,630,0.004711425206124852,0.03111111111111111
6,7,1521,b,Dash-8,0.001,dash8_t0.5s,0.5,0.5,reported,y,1.1919905771495878,m,Z,2.2044444444444444,m,1,0,631,0.004711425206124852,0.03111111111111111
6,7,1521,b,Dash-8,0.001,dash8_t0.5s,0.5,0.5,reported,y,1.1943462897526502,m,Z,2.2044444444444444,m,1,0,632,0.004711425206124852,0.03111111111111111
6,7,1521,b,Dash-8,0.001,dash8_t0.5s,0.5,0.5,reported,y,1.1967020023557127,m,Z,2.2044444444444444,m,1,0,633,0.004711425206124852,0.03111111111111111
6,7,1521,b,Dash-8,0.001,dash8_t0.5s,0.5,0.5,reported,y,1.1990577149587751,m,Z,2.2044444444444444,m,1,0,634,0.004711425206124852,0.03111111111111111
6,7,1521,b,Dash-8,0.001,dash8_t0.5s,0.5,0.5,reported,y,1.2014134275618376,m,Z,2.2044444444444444,m,1,0,635,0.004711425206124852,0.03111111111111111
6,7,1521,b,Dash-8,0.001,dash8_t0.5s,0.5,0.5,reported,y,1.2037691401648998,m,Z,2.2044444444444444,m,1,0,636,0.004711425206124852,0.03111111111111111
6,7,1521,b,Dash-8,0.001,dash8_t0.5s,0.5,0.5,reported,y,1.2061248527679622,m,Z,2.2044444444444444,m,1,0,637,0.004711425206124852,0.03111111111111111
6,7,1521,b,Dash-8,0.001,dash8_t0.5s,0.5,0.5,reported,y,1.2084805653710247,m,Z,2.2044444444444444,m,1,0,638,0.004711425206124852,0.03111111111111111
6,7,1521,b,Dash-8,0.001,dash8_t0.5s,0.5,0.5,reported,y,1.210836277974087,m,Z,2.2044444444444444,m,1,0,639,0.004711425206124852,0.03111111111111111
6,7,1521,b,Dash-8,0.001,dash8_t0.5s,0.5,0.5,reported,y,1.2131919905771495,m,Z,2.2044444444444444,m,1,0,640,0.004711425206124852,0.03111111111111111
6,7,1521,b,Dash-8,0.001,dash8_t0.5s,0.5,0.5,reported,y,1.215547703180212,m,Z,2.2044444444444444,m,1,0,641,0.004711425206124852,0.03111111111111111
6,7,1521,b,Dash-8,0.001,dash8_t0.5s,0.5,0.5,reported,y,1.2179034157832744,m,Z,2.2044444444444444,m,1,0,642,0.004711425206124852,0.03111111111111111
6,7,1521,b,Dash-8,0.001,dash8_t0.5s,0.5,0.5,reported,y,1.2202591283863369,m,Z,2.2044444444444444,m,1,0,643,0.004711425206124852,0.03111111111111111
6,7,1521,b,Dash-8,0.001,dash8_t0.5s,0.5,0.5,reported,y,1.2226148409893993,m,Z,2.2044444444444444,m,1,0,644,0.004711425206124852,0.03111111111111111
6,7,1521,b,Dash-8,0.001,dash8_t0.5s,0.5,0.5,reported,y,1.2249705535924618,m,Z,2.2044444444444444,m,1,0,645,0.004711425206124852,0.03111111111111111
6,7,1521,b,Dash-8,0.001,dash8_t0.5s,0.5,0.5,reported,y,1.2273262661955242,m,Z,2.2044444444444444,m,1,0,646,0.004711425206124852,0.03111111111111111
6,7,1521,b,Dash-8,0.001,dash8_t0.5s,0.5,0.5,reported,y,1.2296819787985867,m,Z,2.2044444444444444,m,1,0,647,0.004711425206124852,0.03111111111111111
6,7,1521,b,Dash-8,0.001,dash8_t0.5s,0.5,0.5,reported,y,1.232037691401649,m,Z,2.2044444444444444,m,1,0,648,0.004711425206124852,0.03111111111111111
6,7,1521,b,Dash-8,0.001,dash8_t0.5s,0.5,0.5,reported,y,1.2343934040047113,m,Z,2.2044444444444444,m,1,0,649,0.004711425206124852,0.03111111111111111
6,7,1521,b,Dash-8,0.001,dash8_t0.5s,0.5,0.5,reported,y,1.2367491166077738,m,Z,2.2044444444444444,m,1,0,650,0.004711425206124852,0.03111111111111111
6,7,1521,b,Dash-8,0.001,dash8_t0.5s,0.5,0.5,reported,y,1.2391048292108362,m,Z,2.2044444444444444,m,1,0,651,0.004711425206124852,0.03111111111111111
6,7,1521,b,Dash-8,0.001,dash8_t0.5s,0.5,0.5,reported,y,1.2414605418138986,m,Z,2.2044444444444444,m,1,0,652,0.004711425206124852,0.03111111111111111
6,7,1521,b,Dash-8,0.001,dash8_t0.5s,0.5,0.5,reported,y,1.243816254416961,m,Z,2.2044444444444444,m,1,0,653,0.004711425206124852,0.03111111111111111
6,7,1521,b,Dash-8,0.001,dash8_t0.5s,0.5,0.5,reported,y,1.2461719670200235,m,Z,2.2044444444444444,m,1,0,654,0.004711425206124852,0.03111111111111111
6,7,1521,b,Dash-8,0.001,dash8_t0.5s,0.5,0.5,reported,y,1.248527679623086,m,Z,2.2044444444444444,m,1,0,655,0.004711425206124852,0.03111111111111111
6,7,1521,b,Dash-8,0.001,dash8_t0.5s,0.5,0.5,reported,y,1.2508833922261484,m,Z,2.2044444444444444,m,1,0,656,0.004711425206124852,0.03111111111111111
6,7,1521,b,Dash-8,0.001,dash8_t0.5s,0.5,0.5,reported,y,1.2532391048292109,m,Z,2.2044444444444444,m,1,0,657,0.004711425206124852,0.03111111111111111
6,7,1521,b,Dash-8,0.001,dash8_t0.5s,0.5,0.5,reported,y,1.2555948174322733,m,Z,2.2044444444444444,m,1,0,658,0.004711425206124852,0.03111111111111111
6,7,1521,b,Dash-8,0.001,dash8_t0.5s,0.5,0.5,reported,y,1.2579505300353357,m,Z,2.2044444444444444,m,1,0,659,0.004711425206124852,0.03111111111111111
6,7,1521,b,Dash-8,0.001,dash8_t0.5s,0.5,0.5,reported,y,1.2603062426383982,m,Z,2.2044444444444444,m,1,0,660,0.004711425206124852,0.03111111111111111
6,7,1521,b,Dash-8,0.001,dash8_t0.5s,0.5,0.5,reported,y,1.2626619552414606,m,Z,2.2044444444444444,m,1,0,661,0.004711425206124852,0.03111111111111111
6,7,1521,b,Dash-8,0.001,dash8_t0.5s,0.5,0.5,reported,y,1.265017667844523,m,Z,2.2044444444444444,m,1,0,662,0.004711425206124852,0.03111111111111111
6,7,1521,b,Dash-8,0.001,dash8_t0.5s,0.5,0.5,reported,y,1.2673733804475853,m,Z,2.2044444444444444,m,1,0,663,0.004711425206124852,0.03111111111111111
6,7,1521,b,Dash-8,0.001,dash8_t0.5s,0.5,0.5,reported,y,1.2697290930506477,m,Z,2.2044444444444444,m,1,0,664,0.004711425206124852,0.03111111111111111
6,7,1521,b,Dash-8,0.001,dash8_t0.5s,0.5,0.5,reported,y,1.2720848056537102,m,Z,2.2044444444444444,m,1,0,665,0.004711425206124852,0.03111111111111111
6,7,1521,b,Dash-8,0.001,dash8_t0.5s,0.5,0.5,reported,y,1.2744405182567726,m,Z,2.2044444444444444,m,1,0,666,0.004711425206124852,0.03111111111111111
6,7,1521,b,Dash-8,0.001,dash8_t0.5s,0.5,0.5,reported,y,1.276796230859835,m,Z,2.2044444444444444,m,1,0,667,0.004711425206124852,0.03111111111111111
6,7,1521,b,Dash-8,0.001,dash8_t0.5s,0.5,0.5,reported,y,1.2791519434628975,m,Z,2.2044444444444444,m,1,0,668,0.004711425206124852,0.03111111111111111
6,7,1521,b,Dash-8,0.001,dash8_t0.5s,0.5,0.5,reported,y,1.28150765606596,m,Z,2.2044444444444444,m,1,0,669,0.004711425206124852,0.03111111111111111
6,7,1521,b,Dash-8,0.001,dash8_t0.5s,0.5,0.5,reported,y,1.2838633686690224,m,Z,2.2044444444444444,m,1,0,670,0.004711425206124852,0.03111111111111111
6,7,1521,b,Dash-8,0.001,dash8_t0.5s,0.5,0.5,reported,y,1.2862190812720848,m,Z,2.2044444444444444,m,1,0,671,0.004711425206124852,0.03111111111111111
6,7,1521,b,Dash-8,0.001,dash8_t0.5s,0.5,0.5,reported,y,1.2885747938751473,m,Z,2.2044444444444444,m,1,0,672,0.004711425206124852,0.03111111111111111
6,7,1521,b,Dash-8,0.001,dash8_t0.5s,0.5,0.5,reported,y,1.2909305064782097,m,Z,2.2044444444444444,m,1,0,673,0.004711425206124852,0.03111111111111111
6,7,1521,b,Dash-8,0.001,dash8_t0.5s,0.5,0.5,reported,y,1.2932862190812722,m,Z,2.2044444444444444,m,1,0,674,0.004711425206124852,0.03111111111111111
6,7,1521,b,Dash-8,0.001,dash8_t0.5s,0.5,0.5,reported,y,1.2956419316843346,m,Z,2.2044444444444444,m,1,0,675,0.004711425206124852,0.03111111111111111
6,7,1521,b,Dash-8,0.001,dash8_t0.5s,0.5,0.5,reported,y,1.2979976442873968,m,Z,2.2044444444444444,m,1,0,676,0.004711425206124852,0.03111111111111111
6,7,1521,b,Dash-8,0.001,dash8_t0.5s,0.5,0.5,reported,y,1.3003533568904593,m,Z,2.2044444444444444,m,1,0,677,0.004711425206124852,0.03111111111111111
6,7,1521,b,Dash-8,0.001,dash8_t0.5s,0.5,0.5,reported,y,1.3027090694935217,m,Z,2.2044444444444444,m,1,0,678,0.004711425206124852,0.03111111111111111
6,7,1521,b,Dash-8,0.001,dash8_t0.5s,0.5,0.5,reported,y,1.3050647820965842,m,Z,2.2044444444444444,m,1,0,679,0.004711425206124852,0.03111111111111111
6,7,1521,b,Dash-8,0.001,dash8_t0.5s,0.5,0.5,reported,y,1.3074204946996466,m,Z,2.2044444444444444,m,1,0,680,0.004711425206124852,0.03111111111111111
6,7,1521,b,Dash-8,0.001,dash8_t0.5s,0.5,0.5,reported,y,1.309776207302709,m,Z,2.2044444444444444,m,1,0,681,0.004711425206124852,0.03111111111111111
6,7,1521,b,Dash-8,0.001,dash8_t0.5s,0.5,0.5,reported,y,1.3121319199057715,m,Z,2.2044444444444444,m,1,0,682,0.004711425206124852,0.03111111111111111
6,7,1521,b,Dash-8,0.001,dash8_t0.5s,0.5,0.5,reported,y,1.314487632508834,m,Z,2.2044444444444444,m,1,0,683,0.004711425206124852,0.03111111111111111
6,7,1521,b,Dash-8,0.001,dash8_t0.5s,0.5,0.5,reported,y,1.3168433451118964,m,Z,2.2066666666666666,m,1,0,684,0.004711425206124852,0.03111111111111111
6,7,1521,b,Dash-8,0.001,dash8_t0.5s,0.5,0.5,reported,y,1.3191990577149588,m,Z,2.2066666666666666,m,1,0,685,0.004711425206124852,0.03111111111111111
6,7,1521,b,Dash-8,0.001,dash8_t0.5s,0.5,0.5,reported,y,1.3215547703180213,m,Z,2.2088888888888887,m,1,0,686,0.004711425206124852,0.03111111111111111
6,7,1521,b,Dash-8,0.001,dash8_t0.5s,0.5,0.5,reported,y,1.3239104829210837,m,Z,2.2111111111111112,m,1,0,687,0.004711425206124852,0.03111111111111111
6,7,1521,b,Dash-8,0.001,dash8_t0.5s,0.5,0.5,reported,y,1.3262661955241462,m,Z,2.2111111111111112,m,1,0,688,0.004711425206124852,0.03111111111111111
6,7,1521,b,Dash-8,0.001,dash8_t0.5s,0.5,0.5,reported,y,1.3286219081272084,m,Z,2.2155555555555555,m,1,0,689,0.004711425206124852,0.03111111111111111
6,7,1521,b,Dash-8,0.001,dash8_t0.5s,0.5,0.5,reported,y,1.3309776207302708,m,Z,2.2177777777777776,m,1,0,690,0.004711425206124852,0.03111111111111111
6,7,1521,b,Dash-8,0.001,dash8_t0.5s,0.5,0.5,reported,y,1.3333333333333333,m,Z,2.22,m,1,0,691,0.004711425206124852,0.03111111111111111
6,7,1521,b,Dash-8,0.001,dash8_t0.5s,0.5,0.5,reported,y,1.3356890459363957,m,Z,2.2222222222222223,m,1,0,692,0.004711425206124852,0.03111111111111111
6,7,1521,b,Dash-8,0.001,dash8_t0.5s,0.5,0.5,reported,y,1.3380447585394581,m,Z,2.2244444444444444,m,1,0,693,0.004711425206124852,0.03111111111111111
6,7,1521,b,Dash-8,0.001,dash8_t0.5s,0.5,0.5,reported,y,1.3404004711425206,m,Z,2.2266666666666666,m,1,0,694,0.004711425206124852,0.03111111111111111
6,7,1521,b,Dash-8,0.001,dash8_t0.5s,0.5,0.5,reported,y,1.342756183745583,m,Z,2.2288888888888887,m,1,0,695,0.004711425206124852,0.03111111111111111
6,7,1521,b,Dash-8,0.001,dash8_t0.5s,0.5,0.5,reported,y,1.3451118963486455,m,Z,2.2311111111111113,m,1,0,696,0.004711425206124852,0.03111111111111111
6,7,1521,b,Dash-8,0.001,dash8_t0.5s,0.5,0.5,reported,y,1.347467608951708,m,Z,2.2333333333333334,m,1,0,697,0.004711425206124852,0.03111111111111111
6,7,1521,b,Dash-8,0.001,dash8_t0.5s,0.5,0.5,reported,y,1.3498233215547704,m,Z,2.2355555555555555,m,1,0,698,0.004711425206124852,0.03111111111111111
6,7,1521,b,Dash-8,0.001,dash8_t0.5s,0.5,0.5,reported,y,1.3521790341578328,m,Z,2.2377777777777776,m,1,0,699,0.004711425206124852,0.03111111111111111
6,7,1521,b,Dash-8,0.001,dash8_t0.5s,0.5,0.5,reported,y,1.3545347467608952,m,Z,2.24,m,1,0,700,0.004711425206124852,0.03111111111111111
6,7,1521,b,Dash-8,0.001,dash8_t0.5s,0.5,0.5,reported,y,1.3568904593639577,m,Z,2.2422222222222223,m,1,0,701,0.004711425206124852,0.03111111111111111
6,7,1521,b,Dash-8,0.001,dash8_t0.5s,0.5,0.5,reported,y,1.3592461719670201,m,Z,2.2444444444444445,m,1,0,702,0.004711425206124852,0.03111111111111111
6,7,1521,b,Dash-8,0.001,dash8_t0.5s,0.5,0.5,reported,y,1.3616018845700824,m,Z,2.2444444444444445,m,1,0,703,0.004711425206124852,0.03111111111111111
6,7,1521,b,Dash-8,0.001,dash8_t0.5s,0.5,0.5,reported,y,1.3639575971731448,m,Z,2.2444444444444445,m,1,0,704,0.004711425206124852,0.03111111111111111
6,7,1521,b,Dash-8,0.001,dash8_t0.5s,0.5,0.5,reported,y,1.3663133097762072,m,Z,2.2444444444444445,m,1,0,705,0.004711425206124852,0.03111111111111111
6,7,1521,b,Dash-8,0.001,dash8_t0.5s,0.5,0.5,reported,y,1.3686690223792697,m,Z,2.2444444444444445,m,1,0,706,0.004711425206124852,0.03111111111111111
6,7,1521,b,Dash-8,0.001,dash8_t0.5s,0.5,0.5,reported,y,1.3710247349823321,m,Z,2.2444444444444445,m,1,0,707,0.004711425206124852,0.03111111111111111
6,7,1521,b,Dash-8,0.001,dash8_t0.5s,0.5,0.5,reported,y,1.3733804475853946,m,Z,2.2444444444444445,m,1,0,708,0.004711425206124852,0.03111111111111111
6,7,1521,b,Dash-8,0.001,dash8_t0.5s,0.5,0.5,reported,y,1.375736160188457,m,Z,2.2444444444444445,m,1,0,709,0.004711425206124852,0.03111111111111111
6,7,1521,b,Dash-8,0.001,dash8_t0.5s,0.5,0.5,reported,y,1.3780918727915195,m,Z,2.2444444444444445,m,1,0,710,0.004711425206124852,0.03111111111111111
6,7,1521,b,Dash-8,0.001,dash8_t0.5s,0.5,0.5,reported,y,1.380447585394582,m,Z,2.2444444444444445,m,1,0,711,0.004711425206124852,0.03111111111111111
6,7,1521,b,Dash-8,0.001,dash8_t0.5s,0.5,0.5,reported,y,1.3828032979976443,m,Z,2.2444444444444445,m,1,0,712,0.004711425206124852,0.03111111111111111
6,7,1521,b,Dash-8,0.001,dash8_t0.5s,0.5,0.5,reported,y,1.3851590106007068,m,Z,2.2444444444444445,m,1,0,713,0.004711425206124852,0.03111111111111111
6,7,1521,b,Dash-8,0.001,dash8_t0.5s,0.5,0.5,reported,y,1.3875147232037692,m,Z,2.2444444444444445,m,1,0,714,0.004711425206124852,0.03111111111111111
6,7,1521,b,Dash-8,0.001,dash8_t0.5s,0.5,0.5,reported,y,1.3898704358068317,m,Z,2.2444444444444445,m,1,0,715,0.004711425206124852,0.03111111111111111
6,7,1521,b,Dash-8,0.001,dash8_t0.5s,0.5,0.5,reported,y,1.392226148409894,m,Z,2.2444444444444445,m,1,0,716,0.004711425206124852,0.03111111111111111
6,7,1521,b,Dash-8,0.001,dash8_t0.5s,0.5,0.5,reported,y,1.3945818610129563,m,Z,2.2444444444444445,m,1,0,717,0.004711425206124852,0.03111111111111111
6,7,1521,b,Dash-8,0.001,dash8_t0.5s,0.5,0.5,reported,y,1.3969375736160188,m,Z,2.2444444444444445,m,1,0,718,0.004711425206124852,0.03111111111111111
6,7,1521,b,Dash-8,0.001,dash8_t0.5s,0.5,0.5,reported,y,1.3992932862190812,m,Z,2.2444444444444445,m,1,0,719,0.004711425206124852,0.03111111111111111
6,7,1521,b,Dash-8,0.001,dash8_t0.5s,0.5,0.5,reported,y,1.4016489988221437,m,Z,2.2488888888888887,m,1,0,720,0.004711425206124852,0.03111111111111111
6,7,1521,b,Dash-8,0.001,dash8_t0.5s,0.5,0.5,reported,y,1.404004711425206,m,Z,2.2511111111111113,m,1,0,721,0.004711425206124852,0.03111111111111111
6,7,1521,b,Dash-8,0.001,dash8_t0.5s,0.5,0.5,reported,y,1.4063604240282686,m,Z,2.2511111111111113,m,1,0,722,0.004711425206124852,0.03111111111111111
6,7,1521,b,Dash-8,0.001,dash8_t0.5s,0.5,0.5,reported,y,1.408716136631331,m,Z,2.2555555555555555,m,1,0,723,0.004711425206124852,0.03111111111111111
6,7,1521,b,Dash-8,0.001,dash8_t0.5s,0.5,0.5,reported,y,1.4110718492343934,m,Z,2.2555555555555555,m,1,0,724,0.004711425206124852,0.03111111111111111
6,7,1521,b,Dash-8,0.001,dash8_t0.5s,0.5,0.5,reported,y,1.4134275618374559,m,Z,2.26,m,1,0,725,0.004711425206124852,0.03111111111111111
6,7,1521,b,Dash-8,0.001,dash8_t0.5s,0.5,0.5,reported,y,1.4157832744405183,m,Z,2.26,m,1,0,726,0.004711425206124852,0.03111111111111111
6,7,1521,b,Dash-8,0.001,dash8_t0.5s,0.5,0.5,reported,y,1.4181389870435808,m,Z,2.2644444444444445,m,1,0,727,0.004711425206124852,0.03111111111111111
6,7,1521,b,Dash-8,0.001,dash8_t0.5s,0.5,0.5,reported,y,1.4204946996466432,m,Z,2.2644444444444445,m,1,0,728,0.004711425206124852,0.03111111111111111
6,7,1521,b,Dash-8,0.001,dash8_t0.5s,0.5,0.5,reported,y,1.4228504122497054,m,Z,2.2688888888888887,m,1,0,729,0.004711425206124852,0.03111111111111111
6,7,1521,b,Dash-8,0.001,dash8_t0.5s,0.5,0.5,reported,y,1.4252061248527679,m,Z,2.2711111111111113,m,1,0,730,0.004711425206124852,0.03111111111111111
6,7,1521,b,Dash-8,0.001,dash8_t0.5s,0.5,0.5,reported,y,1.4275618374558303,m,Z,2.2733333333333334,m,1,0,731,0.004711425206124852,0.03111111111111111
6,7,1521,b,Dash-8,0.001,dash8_t0.5s,0.5,0.5,reported,y,1.4299175500588928,m,Z,2.2733333333333334,m,1,0,732,0.004711425206124852,0.03111111111111111
6,7,1521,b,Dash-8,0.001,dash8_t0.5s,0.5,0.5,reported,y,1.4322732626619552,m,Z,2.2777777777777777,m,1,0,733,0.004711425206124852,0.03111111111111111
6,7,1521,b,Dash-8,0.001,dash8_t0.5s,0.5,0.5,reported,y,1.4346289752650176,m,Z,2.2822222222222224,m,1,0,734,0.004711425206124852,0.03111111111111111
6,7,1521,b,Dash-8,0.001,dash8_t0.5s,0.5,0.5,reported,y,1.43698468786808,m,Z,2.2822222222222224,m,1,0,735,0.004711425206124852,0.03111111111111111
6,7,1521,b,Dash-8,0.001,dash8_t0.5s,0.5,0.5,reported,y,1.4393404004711425,m,Z,2.2844444444444445,m,1,0,736,0.004711425206124852,0.03111111111111111
6,7,1521,b,Dash-8,0.001,dash8_t0.5s,0.5,0.5,reported,y,1.441696113074205,m,Z,2.2866666666666666,m,1,0,737,0.004711425206124852,0.03111111111111111
6,7,1521,b,Dash-8,0.001,dash8_t0.5s,0.5,0.5,reported,y,1.4440518256772674,m,Z,2.2866666666666666,m,1,0,738,0.004711425206124852,0.03111111111111111
6,7,1521,b,Dash-8,0.001,dash8_t0.5s,0.5,0.5,reported,y,1.4464075382803299,m,Z,2.2866666666666666,m,1,0,739,0.004711425206124852,0.03111111111111111
6,7,1521,b,Dash-8,0.001,dash8_t0.5s,0.5,0.5,reported,y,1.4487632508833923,m,Z,2.2866666666666666,m,1,0,740,0.004711425206124852,0.03111111111111111
6,7,1521,b,Dash-8,0.001,dash8_t0.5s,0.5,0.5,reported,y,1.4511189634864547,m,Z,2.2866666666666666,m,1,0,741,0.004711425206124852,0.03111111111111111
6,7,1521,b,Dash-8,0.001,dash8_t0.5s,0.5,0.5,reported,y,1.453474676089517,m,Z,2.2866666666666666,m,1,0,742,0.004711425206124852,0.03111111111111111
6,7,1521,b,Dash-8,0.001,dash8_t0.5s,0.5,0.5,reported,y,1.4558303886925794,m,Z,2.2866666666666666,m,1,0,743,0.004711425206124852,0.03111111111111111
6,7,1521,b,Dash-8,0.001,dash8_t0.5s,0.5,0.5,reported,y,1.4581861012956419,m,Z,2.2866666666666666,m,1,0,744,0.004711425206124852,0.03111111111111111
6,7,1521,b,Dash-8,0.001,dash8_t0.5s,0.5,0.5,reported,y,1.4605418138987043,m,Z,2.2866666666666666,m,1,0,745,0.004711425206124852,0.03111111111111111
6,7,1521,b,Dash-8,0.001,dash8_t0.5s,0.5,0.5,reported,y,1.4628975265017667,m,Z,2.2866666666666666,m,1,0,746,0.004711425206124852,0.03111111111111111
6,7,1521,b,Dash-8,0.001,dash8_t0.5s,0.5,0.5,reported,y,1.4652532391048292,m,Z,2.2866666666666666,m,1,0,747,0.004711425206124852,0.03111111111111111
6,7,1521,b,Dash-8,0.001,dash8_t0.5s,0.5,0.5,reported,y,1.4676089517078916,m,Z,2.2866666666666666,m,1,0,748,0.004711425206124852,0.03111111111111111
6,7,1521,b,Dash-8,0.001,dash8_t0.5s,0.5,0.5,reported,y,1.469964664310954,m,Z,2.2866666666666666,m,1,0,749,0.004711425206124852,0.03111111111111111
6,7,1521,b,Dash-8,0.001,dash8_t0.5s,0.5,0.5,reported,y,1.4723203769140165,m,Z,2.2866666666666666,m,1,0,750,0.004711425206124852,0.03111111111111111
6,7,1521,b,Dash-8,0.001,dash8_t0.5s,0.5,0.5,reported,y,1.474676089517079,m,Z,2.2866666666666666,m,1,0,751,0.004711425206124852,0.03111111111111111
6,7,1521,b,Dash-8,0.001,dash8_t0.5s,0.5,0.5,reported,y,1.4770318021201414,m,Z,2.2866666666666666,m,1,0,752,0.004711425206124852,0.03111111111111111
6,7,1521,b,Dash-8,0.001,dash8_t0.5s,0.5,0.5,reported,y,1.4793875147232038,m,Z,2.2866666666666666,m,1,0,753,0.004711425206124852,0.03111111111111111
6,7,1521,b,Dash-8,0.001,dash8_t0.5s,0.5,0.5,reported,y,1.4817432273262663,m,Z,2.2866666666666666,m,1,0,754,0.004711425206124852,0.03111111111111111
6,7,1521,b,Dash-8,0.001,dash8_t0.5s,0.5,0.5,reported,y,1.4840989399293287,m,Z,2.2866666666666666,m,1,0,755,0.004711425206124852,0.03111111111111111
6,7,1521,b,Dash-8,0.001,dash8_t0.5s,0.5,0.5,reported,y,1.486454652532391,m,Z,2.2866666666666666,m,1,0,756,0.004711425206124852,0.03111111111111111
6,7,1521,b,Dash-8,0.001,dash8_t0.5s,0.5,0.5,reported,y,1.4888103651354534,m,Z,2.2866666666666666,m,1,0,757,0.004711425206124852,0.03111111111111111
6,7,1521,b,Dash-8,0.001,dash8_t0.5s,0.5,0.5,reported,y,1.4911660777385158,m,Z,2.2866666666666666,m,1,0,758,0.004711425206124852,0.03111111111111111
6,7,1521,b,Dash-8,0.001,dash8_t0.5s,0.5,0.5,reported,y,1.4935217903415783,m,Z,2.2866666666666666,m,1,0,759,0.004711425206124852,0.03111111111111111
6,7,1521,b,Dash-8,0.001,dash8_t0.5s,0.5,0.5,reported,y,1.4958775029446407,m,Z,2.2866666666666666,m,1,0,760,0.004711425206124852,0.03111111111111111
6,7,1521,b,Dash-8,0.001,dash8_t0.5s,0.5,0.5,reported,y,1.4982332155477032,m,Z,2.2866666666666666,m,1,0,761,0.004711425206124852,0.03111111111111111
6,7,1521,b,Dash-8,0.001,dash8_t0.5s,0.5,0.5,reported,y,1.5005889281507656,m,Z,2.2866666666666666,m,1,0,762,0.004711425206124852,0.03111111111111111
6,7,1521,b,Dash-8,0.001,dash8_t0.5s,0.5,0.5,reported,y,1.502944640753828,m,Z,2.2866666666666666,m,1,0,763,0.004711425206124852,0.03111111111111111
6,7,1521,b,Dash-8,0.001,dash8_t0.5s,0.5,0.5,reported,y,1.5053003533568905,m,Z,2.2866666666666666,m,1,0,764,0.004711425206124852,0.03111111111111111
6,7,1521,b,Dash-8,0.001,dash8_t0.5s,0.5,0.5,reported,y,1.507656065959953,m,Z,2.2866666666666666,m,1,0,765,0.004711425206124852,0.03111111111111111
6,7,1521,b,Dash-8,0.001,dash8_t0.5s,0.5,0.5,reported,y,1.5100117785630154,m,Z,2.2866666666666666,m,1,0,766,0.004711425206124852,0.03111111111111111
6,7,1521,b,Dash-8,0.001,dash8_t0.5s,0.5,0.5,reported,y,1.5123674911660778,m,Z,2.2866666666666666,m,1,0,767,0.004711425206124852,0.03111111111111111
6,7,1521,b,Dash-8,0.001,dash8_t0.5s,0.5,0.5,reported,y,1.5147232037691403,m,Z,2.2866666666666666,m,1,0,768,0.004711425206124852,0.03111111111111111
6,7,1521,b,Dash-8,0.001,dash8_t0.5s,0.5,0.5,reported,y,1.5170789163722025,m,Z,2.2866666666666666,m,1,0,769,0.004711425206124852,0.03111111111111111
6,7,1521,b,Dash-8,0.001,dash8_t0.5s,0.5,0.5,reported,y,1.519434628975265,m,Z,2.2866666666666666,m,1,0,770,0.004711425206124852,0.03111111111111111
6,7,1521,b,Dash-8,0.001,dash8_t0.5s,0.5,0.5,reported,y,1.5217903415783274,m,Z,2.2888888888888888,m,1,0,771,0.004711425206124852,0.03111111111111111
6,7,1521,b,Dash-8,0.001,dash8_t0.5s,0.5,0.5,reported,y,1.5241460541813898,m,Z,2.2911111111111113,m,1,0,772,0.004711425206124852,0.03111111111111111
6,7,1521,b,Dash-8,0.001,dash8_t0.5s,0.5,0.5,reported,y,1.5265017667844523,m,Z,2.2911111111111113,m,1,0,773,0.004711425206124852,0.03111111111111111
6,7,1521,b,Dash-8,0.001,dash8_t0.5s,0.5,0.5,reported,y,1.5288574793875147,m,Z,2.2955555555555556,m,1,0,774,0.004711425206124852,0.03111111111111111
6,7,1521,b,Dash-8,0.001,dash8_t0.5s,0.5,0.5,reported,y,1.5312131919905771,m,Z,2.2955555555555556,m,1,0,775,0.004711425206124852,0.03111111111111111
6,7,1521,b,Dash-8,0.001,dash8_t0.5s,0.5,0.5,reported,y,1.5335689045936396,m,Z,2.3,m,1,0,776,0.004711425206124852,0.03111111111111111
6,7,1521,b,Dash-8,0.001,dash8_t0.5s,0.5,0.5,reported,y,1.535924617196702,m,Z,2.3,m,1,0,777,0.004711425206124852,0.03111111111111111
6,7,1521,b,Dash-8,0.001,dash8_t0.5s,0.5,0.5,reported,y,1.5382803297997645,m,Z,2.3044444444444445,m,1,0,778,0.004711425206124852,0.03111111111111111
6,7,1521,b,Dash-8,0.001,dash8_t0.5s,0.5,0.5,reported,y,1.540636042402827,m,Z,2.3044444444444445,m,1,0,779,0.004711425206124852,0.03111111111111111
6,7,1521,b,Dash-8,0.001,dash8_t0.5s,0.5,0.5,reported,y,1.5429917550058894,m,Z,2.3088888888888888,m,1,0,780,0.004711425206124852,0.03111111111111111
6,7,1521,b,Dash-8,0.001,dash8_t0.5s,0.5,0.5,reported,y,1.5453474676089518,m,Z,2.311111111111111,m,1,0,781,0.004711425206124852,0.03111111111111111
6,7,1521,b,Dash-8,0.001,dash8_t0.5s,0.5,0.5,reported,y,1.547703180212014,m,Z,2.3133333333333335,m,1,0,782,0.004711425206124852,0.03111111111111111
6,7,1521,b,Dash-8,0.001,dash8_t0.5s,0.5,0.5,reported,y,1.5500588928150765,m,Z,2.3133333333333335,m,1,0,783,0.004711425206124852,0.03111111111111111
6,7,1521,b,Dash-8,0.001,dash8_t0.5s,0.5,0.5,reported,y,1.552414605418139,m,Z,2.3177777777777777,m,1,0,784,0.004711425206124852,0.03111111111111111
6,7,1521,b,Dash-8,0.001,dash8_t0.5s,0.5,0.5,reported,y,1.5547703180212014,m,Z,2.32,m,1,0,785,0.004711425206124852,0.03111111111111111
6,7,1521,b,Dash-8,0.001,dash8_t0.5s,0.5,0.5,reported,y,1.5571260306242638,m,Z,2.3222222222222224,m,1,0,786,0.004711425206124852,0.03111111111111111
6,7,1521,b,Dash-8,0.001,dash8_t0.5s,0.5,0.5,reported,y,1.5594817432273262,m,Z,2.3222222222222224,m,1,0,787,0.004711425206124852,0.03111111111111111
6,7,1521,b,Dash-8,0.001,dash8_t0.5s,0.5,0.5,reported,y,1.5618374558303887,m,Z,2.3244444444444445,m,1,0,788,0.004711425206124852,0.03111111111111111
6,7,1521,b,Dash-8,0.001,dash8_t0.5s,0.5,0.5,reported,y,1.5641931684334511,m,Z,2.3244444444444445,m,1,0,789,0.004711425206124852,0.03111111111111111
6,7,1521,b,Dash-8,0.001,dash8_t0.5s,0.5,0.5,reported,y,1.5665488810365136,m,Z,2.3244444444444445,m,1,0,790,0.004711425206124852,0.03111111111111111
6,7,1521,b,Dash-8,0.001,dash8_t0.5s,0.5,0.5,reported,y,1.568904593639576,m,Z,2.3244444444444445,m,1,0,791,0.004711425206124852,0.03111111111111111
6,7,1521,b,Dash-8,0.001,dash8_t0.5s,0.5,0.5,reported,y,1.5712603062426385,m,Z,2.3244444444444445,m,1,0,792,0.004711425206124852,0.03111111111111111
6,7,1521,b,Dash-8,0.001,dash8_t0.5s,0.5,0.5,reported,y,1.573616018845701,m,Z,2.3244444444444445,m,1,0,793,0.004711425206124852,0.03111111111111111
6,7,1521,b,Dash-8,0.001,dash8_t0.5s,0.5,0.5,reported,y,1.5759717314487633,m,Z,2.3244444444444445,m,1,0,794,0.004711425206124852,0.03111111111111111
6,7,1521,b,Dash-8,0.001,dash8_t0.5s,0.5,0.5,reported,y,1.5783274440518256,m,Z,2.3244444444444445,m,1,0,795,0.004711425206124852,0.03111111111111111
6,7,1521,b,Dash-8,0.001,dash8_t0.5s,0.5,0.5,reported,y,1.580683156654888,m,Z,2.3244444444444445,m,1,0,796,0.004711425206124852,0.03111111111111111
6,7,1521,b,Dash-8,0.001,dash8_t0.5s,0.5,0.5,reported,y,1.5830388692579505,m,Z,2.3244444444444445,m,1,0,797,0.004711425206124852,0.03111111111111111
6,7,1521,b,Dash-8,0.001,dash8_t0.5s,0.5,0.5,reported,y,1.585394581861013,m,Z,2.3244444444444445,m,1,0,798,0.004711425206124852,0.03111111111111111
6,7,1521,b,Dash-8,0.001,dash8_t0.5s,0.5,0.5,reported,y,1.5877502944640753,m,Z,2.3244444444444445,m,1,0,799,0.004711425206124852,0.03111111111111111
6,7,1521,b,Dash-8,0.001,dash8_t0.5s,0.5,0.5,reported,y,1.5901060070671378,m,Z,2.3244444444444445,m,1,0,800,0.004711425206124852,0.03111111111111111
6,7,1521,b,Dash-8,0.001,dash8_t0.5s,0.5,0.5,reported,y,1.5924617196702002,m,Z,2.3244444444444445,m,1,0,801,0.004711425206124852,0.03111111111111111
6,7,1521,b,Dash-8,0.001,dash8_t0.5s,0.5,0.5,reported,y,1.5948174322732627,m,Z,2.3266666666666667,m,1,0,802,0.004711425206124852,0.03111111111111111
6,7,1521,b,Dash-8,0.001,dash8_t0.5s,0.5,0.5,reported,y,1.5971731448763251,m,Z,2.3266666666666667,m,1,0,803,0.004711425206124852,0.03111111111111111
6,7,1521,b,Dash-8,0.001,dash8_t0.5s,0.5,0.5,reported,y,1.5995288574793876,m,Z,2.328888888888889,m,1,0,804,0.004711425206124852,0.03111111111111111
6,7,1521,b,Dash-8,0.001,dash8_t0.5s,0.5,0.5,reported,y,1.60188457008245,m,Z,2.3333333333333335,m,1,0,805,0.004711425206124852,0.03111111111111111
6,7,1521,b,Dash-8,0.001,dash8_t0.5s,0.5,0.5,reported,y,1.6042402826855124,m,Z,2.3355555555555556,m,1,0,806,0.004711425206124852,0.03111111111111111
6,7,1521,b,Dash-8,0.001,dash8_t0.5s,0.5,0.5,reported,y,1.6065959952885749,m,Z,2.3377777777777777,m,1,0,807,0.004711425206124852,0.03111111111111111
6,7,1521,b,Dash-8,0.001,dash8_t0.5s,0.5,0.5,reported,y,1.6089517078916373,m,Z,2.3422222222222224,m,1,0,808,0.004711425206124852,0.03111111111111111
6,7,1521,b,Dash-8,0.001,dash8_t0.5s,0.5,0.5,reported,y,1.6113074204946995,m,Z,2.3466666666666667,m,1,0,809,0.004711425206124852,0.03111111111111111
6,7,1521,b,Dash-8,0.001,dash8_t0.5s,0.5,0.5,reported,y,1.613663133097762,m,Z,2.351111111111111,m,1,0,810,0.004711425206124852,0.03111111111111111
6,7,1521,b,Dash-8,0.001,dash8_t0.5s,0.5,0.5,reported,y,1.6160188457008244,m,Z,2.3555555555555556,m,1,0,811,0.004711425206124852,0.03111111111111111
6,7,1521,b,Dash-8,0.001,dash8_t0.5s,0.5,0.5,reported,y,1.6183745583038869,m,Z,2.36,m,1,0,812,0.004711425206124852,0.03111111111111111
6,7,1521,b,Dash-8,0.001,dash8_t0.5s,0.5,0.5,reported,y,1.6207302709069493,m,Z,2.3644444444444446,m,1,0,813,0.004711425206124852,0.03111111111111111
6,7,1521,b,Dash-8,0.001,dash8_t0.5s,0.5,0.5,reported,y,1.6230859835100118,m,Z,2.368888888888889,m,1,0,814,0.004711425206124852,0.03111111111111111
6,7,1521,b,Dash-8,0.001,dash8_t0.5s,0.5,0.5,reported,y,1.6254416961130742,m,Z,2.3733333333333335,m,1,0,815,0.004711425206124852,0.03111111111111111
6,7,1521,b,Dash-8,0.001,dash8_t0.5s,0.5,0.5,reported,y,1.6277974087161367,m,Z,2.3777777777777778,m,1,0,816,0.004711425206124852,0.03111111111111111
6,7,1521,b,Dash-8,0.001,dash8_t0.5s,0.5,0.5,reported,y,1.630153121319199,m,Z,2.382222222222222,m,1,0,817,0.004711425206124852,0.03111111111111111
6,7,1521,b,Dash-8,0.001,dash8_t0.5s,0.5,0.5,reported,y,1.6325088339222615,m,Z,2.3866666666666667,m,1,0,818,0.004711425206124852,0.03111111111111111
6,7,1521,b,Dash-8,0.001,dash8_t0.5s,0.5,0.5,reported,y,1.634864546525324,m,Z,2.391111111111111,m,1,0,819,0.004711425206124852,0.03111111111111111
6,7,1521,b,Dash-8,0.001,dash8_t0.5s,0.5,0.5,reported,y,1.6372202591283864,m,Z,2.397777777777778,m,1,0,820,0.004711425206124852,0.03111111111111111
6,7,1521,b,Dash-8,0.001,dash8_t0.5s,0.5,0.5,reported,y,1.6395759717314489,m,Z,2.4,m,1,0,821,0.004711425206124852,0.03111111111111111
6,7,1521,b,Dash-8,0.001,dash8_t0.5s,0.5,0.5,reported,y,1.641931684334511,m,Z,2.402222222222222,m,1,0,822,0.004711425206124852,0.03111111111111111
6,7,1521,b,Dash-8,0.001,dash8_t0.5s,0.5,0.5,reported,y,1.6442873969375735,m,Z,2.4044444444444446,m,1,0,823,0.004711425206124852,0.03111111111111111
6,7,1521,b,Dash-8,0.001,dash8_t0.5s,0.5,0.5,reported,y,1.646643109540636,m,Z,2.4044444444444446,m,1,0,824,0.004711425206124852,0.03111111111111111
6,7,1521,b,Dash-8,0.001,dash8_t0.5s,0.5,0.5,reported,y,1.6489988221436984,m,Z,2.4044444444444446,m,1,0,825,0.004711425206124852,0.03111111111111111
6,7,1521,b,Dash-8,0.001,dash8_t0.5s,0.5,0.5,reported,y,1.6513545347467609,m,Z,2.4044444444444446,m,1,0,826,0.004711425206124852,0.03111111111111111
6,7,1521,b,Dash-8,0.001,dash8_t0.5s,0.5,0.5,reported,y,1.6537102473498233,m,Z,2.4044444444444446,m,1,0,827,0.004711425206124852,0.03111111111111111
6,7,1521,b,Dash-8,0.001,dash8_t0.5s,0.5,0.5,reported,y,1.6560659599528857,m,Z,2.4044444444444446,m,1,0,828,0.004711425206124852,0.03111111111111111
6,7,1521,b,Dash-8,0.001,dash8_t0.5s,0.5,0.5,reported,y,1.6584216725559482,m,Z,2.4044444444444446,m,1,0,829,0.004711425206124852,0.03111111111111111
6,7,1521,b,Dash-8,0.001,dash8_t0.5s,0.5,0.5,reported,y,1.6607773851590106,m,Z,2.4044444444444446,m,1,0,830,0.004711425206124852,0.03111111111111111
6,7,1521,b,Dash-8,0.001,dash8_t0.5s,0.5,0.5,reported,y,1.663133097762073,m,Z,2.4044444444444446,m,1,0,831,0.004711425206124852,0.03111111111111111
6,7,1521,b,Dash-8,0.001,dash8_t0.5s,0.5,0.5,reported,y,1.6654888103651355,m,Z,2.4044444444444446,m,1,0,832,0.004711425206124852,0.03111111111111111
6,7,1521,b,Dash-8,0.001,dash8_t0.5s,0.5,0.5,reported,y,1.667844522968198,m,Z,2.4044444444444446,m,1,0,833,0.004711425206124852,0.03111111111111111
6,7,1521,b,Dash-8,0.001,dash8_t0.5s,0.5,0.5,reported,y,1.6702002355712604,m,Z,2.4044444444444446,m,1,0,834,0.004711425206124852,0.03111111111111111
6,7,1521,b,Dash-8,0.001,dash8_t0.5s,0.5,0.5,reported,y,1.6725559481743226,m,Z,2.4044444444444446,m,1,0,835,0.004711425206124852,0.03111111111111111
6,7,1521,b,Dash-8,0.001,dash8_t0.5s,0.5,0.5,reported,y,1.674911660777385,m,Z,2.4044444444444446,m,1,0,836,0.004711425206124852,0.03111111111111111
6,7,1521,b,Dash-8,0.001,dash8_t0.5s,0.5,0.5,reported,y,1.6772673733804475,m,Z,2.4044444444444446,m,1,0,837,0.004711425206124852,0.03111111111111111
6,7,1521,b,Dash-8,0.001,dash8_t0.5s,0.5,0.5,reported,y,1.67962308598351,m,Z,2.4066666666666667,m,1,0,838,0.004711425206124852,0.03111111111111111
6,7,1521,b,Dash-8,0.001,dash8_t0.5s,0.5,0.5,reported,y,1.6819787985865724,m,Z,2.4066666666666667,m,1,0,839,0.004711425206124852,0.03111111111111111
6,7,1521,b,Dash-8,0.001,dash8_t0.5s,0.5,0.5,reported,y,1.6843345111896348,m,Z,2.411111111111111,m,1,0,840,0.004711425206124852,0.03111111111111111
6,7,1521,b,Dash-8,0.001,dash8_t0.5s,0.5,0.5,reported,y,1.6866902237926973,m,Z,2.411111111111111,m,1,0,841,0.004711425206124852,0.03111111111111111
6,7,1521,b,Dash-8,0.001,dash8_t0.5s,0.5,0.5,reported,y,1.6890459363957597,m,Z,2.4133333333333336,m,1,0,842,0.004711425206124852,0.03111111111111111
6,7,1521,b,Dash-8,0.001,dash8_t0.5s,0.5,0.5,reported,y,1.6914016489988222,m,Z,2.4155555555555557,m,1,0,843,0.004711425206124852,0.03111111111111111
6,7,1521,b,Dash-8,0.001,dash8_t0.5s,0.5,0.5,reported,y,1.6937573616018846,m,Z,2.417777777777778,m,1,0,844,0.004711425206124852,0.03111111111111111
6,7,1521,b,Dash-8,0.001,dash8_t0.5s,0.5,0.5,reported,y,1.696113074204947,m,Z,2.42,m,1,0,845,0.004711425206124852,0.03111111111111111
6,7,1521,b,Dash-8,0.001,dash8_t0.5s,0.5,0.5,reported,y,1.6984687868080095,m,Z,2.422222222222222,m,1,0,846,0.004711425206124852,0.03111111111111111
6,7,1521,b,Dash-8,0.001,dash8_t0.5s,0.5,0.5,reported,y,1.700824499411072,m,Z,2.4244444444444446,m,1,0,847,0.004711425206124852,0.03111111111111111
6,7,1521,b,Dash-8,0.001,dash8_t0.5s,0.5,0.5,reported,y,1.7031802120141342,m,Z,2.428888888888889,m,1,0,848,0.004711425206124852,0.03111111111111111
6,7,1521,b,Dash-8,0.001,dash8_t0.5s,0.5,0.5,reported,y,1.7055359246171966,m,Z,2.428888888888889,m,1,0,849,0.004711425206124852,0.03111111111111111
6,7,1521,b,Dash-8,0.001,dash8_t0.5s,0.5,0.5,reported,y,1.707891637220259,m,Z,2.433333333333333,m,1,0,850,0.004711425206124852,0.03111111111111111
6,7,1521,b,Dash-8,0.001,dash8_t0.5s,0.5,0.5,reported,y,1.7102473498233215,m,Z,2.433333333333333,m,1,0,851,0.004711425206124852,0.03111111111111111
6,7,1521,b,Dash-8,0.001,dash8_t0.5s,0.5,0.5,reported,y,1.712603062426384,m,Z,2.437777777777778,m,1,0,852,0.004711425206124852,0.03111111111111111
6,7,1521,b,Dash-8,0.001,dash8_t0.5s,0.5,0.5,reported,y,1.7149587750294464,m,Z,2.437777777777778,m,1,0,853,0.004711425206124852,0.03111111111111111
6,7,1521,b,Dash-8,0.001,dash8_t0.5s,0.5,0.5,reported,y,1.7173144876325088,m,Z,2.442222222222222,m,1,0,854,0.004711425206124852,0.03111111111111111
6,7,1521,b,Dash-8,0.001,dash8_t0.5s,0.5,0.5,reported,y,1.7196702002355713,m,Z,2.442222222222222,m,1,0,855,0.004711425206124852,0.03111111111111111
6,7,1521,b,Dash-8,0.001,dash8_t0.5s,0.5,0.5,reported,y,1.7220259128386337,m,Z,2.4444444444444446,m,1,0,856,0.004711425206124852,0.03111111111111111
6,7,1521,b,Dash-8,0.001,dash8_t0.5s,0.5,0.5,reported,y,1.7243816254416962,m,Z,2.4444444444444446,m,1,0,857,0.004711425206124852,0.03111111111111111
6,7,1521,b,Dash-8,0.001,dash8_t0.5s,0.5,0.5,reported,y,1.7267373380447586,m,Z,2.4444444444444446,m,1,0,858,0.004711425206124852,0.03111111111111111
6,7,1521,b,Dash-8,0.001,dash8_t0.5s,0.5,0.5,reported,y,1.729093050647821,m,Z,2.4444444444444446,m,1,0,859,0.004711425206124852,0.03111111111111111
6,7,1521,b,Dash-8,0.001,dash8_t0.5s,0.5,0.5,reported,y,1.7314487632508835,m,Z,2.4444444444444446,m,1,0,860,0.004711425206124852,0.03111111111111111
6,7,1521,b,Dash-8,0.001,dash8_t0.5s,0.5,0.5,reported,y,1.733804475853946,m,Z,2.4444444444444446,m,1,0,861,0.004711425206124852,0.03111111111111111
6,7,1521,b,Dash-8,0.001,dash8_t0.5s,0.5,0.5,reported,y,1.7361601884570081,m,Z,2.4444444444444446,m,1,0,862,0.004711425206124852,0.03111111111111111
6,7,1521,b,Dash-8,0.001,dash8_t0.5s,0.5,0.5,reported,y,1.7385159010600706,m,Z,2.4444444444444446,m,1,0,863,0.004711425206124852,0.03111111111111111
6,7,1521,b,Dash-8,0.001,dash8_t0.5s,0.5,0.5,reported,y,1.740871613663133,m,Z,2.4444444444444446,m,1,0,864,0.004711425206124852,0.03111111111111111
6,7,1521,b,Dash-8,0.001,dash8_t0.5s,0.5,0.5,reported,y,1.7432273262661955,m,Z,2.4444444444444446,m,1,0,865,0.004711425206124852,0.03111111111111111
6,7,1521,b,Dash-8,0.001,dash8_t0.5s,0.5,0.5,reported,y,1.745583038869258,m,Z,2.4444444444444446,m,1,0,866,0.004711425206124852,0.03111111111111111
6,7,1521,b,Dash-8,0.001,dash8_t0.5s,0.5,0.5,reported,y,1.7479387514723204,m,Z,2.4444444444444446,m,1,0,867,0.004711425206124852,0.03111111111111111
6,7,1521,b,Dash-8,0.001,dash8_t0.5s,0.5,0.5,reported,y,1.7502944640753828,m,Z,2.4444444444444446,m,1,0,868,0.004711425206124852,0.03111111111111111
6,7,1521,b,Dash-8,0.001,dash8_t0.5s,0.5,0.5,reported,y,1.7526501766784452,m,Z,2.4444444444444446,m,1,0,869,0.004711425206124852,0.03111111111111111
6,7,1521,b,Dash-8,0.001,dash8_t0.5s,0.5,0.5,reported,y,1.7550058892815077,m,Z,2.4444444444444446,m,1,0,870,0.004711425206124852,0.03111111111111111
6,7,1521,b,Dash-8,0.001,dash8_t0.5s,0.5,0.5,reported,y,1.7573616018845701,m,Z,2.4444444444444446,m,1,0,871,0.004711425206124852,0.03111111111111111
6,7,1521,b,Dash-8,0.001,dash8_t0.5s,0.5,0.5,reported,y,1.7597173144876326,m,Z,2.4444444444444446,m,1,0,872,0.004711425206124852,0.03111111111111111
6,7,1521,b,Dash-8,0.001,dash8_t0.5s,0.5,0.5,reported,y,1.762073027090695,m,Z,2.4444444444444446,m,1,0,873,0.004711425206124852,0.03111111111111111
6,7,1521,b,Dash-8,0.001,dash8_t0.5s,0.5,0.5,reported,y,1.7644287396937575,m,Z,2.4444444444444446,m,1,0,874,0.004711425206124852,0.03111111111111111
6,7,1521,b,Dash-8,0.001,dash8_t0.5s,0.5,0.5,reported,y,1.7667844522968197,m,Z,2.4444444444444446,m,1,0,875,0.004711425206124852,0.03111111111111111
6,7,1521,b,Dash-8,0.001,dash8_t0.5s,0.5,0.5,reported,y,1.7691401648998821,m,Z,2.4444444444444446,m,1,0,876,0.004711425206124852,0.03111111111111111
6,7,1521,b,Dash-8,0.001,dash8_t0.5s,0.5,0.5,reported,y,1.7714958775029446,m,Z,2.4444444444444446,m,1,0,877,0.004711425206124852,0.03111111111111111
6,7,1521,b,Dash-8,0.001,dash8_t0.5s,0.5,0.5,reported,y,1.773851590106007,m,Z,2.4444444444444446,m,1,0,878,0.004711425206124852,0.03111111111111111
6,7,1521,b,Dash-8,0.001,dash8_t0.5s,0.5,0.5,reported,y,1.7762073027090695,m,Z,2.4444444444444446,m,1,0,879,0.004711425206124852,0.03111111111111111
6,7,1521,b,Dash-8,0.001,dash8_t0.5s,0.5,0.5,reported,y,1.778563015312132,m,Z,2.4444444444444446,m,1,0,880,0.004711425206124852,0.03111111111111111
6,7,1521,b,Dash-8,0.001,dash8_t0.5s,0.5,0.5,reported,y,1.7809187279151943,m,Z,2.4444444444444446,m,1,0,881,0.004711425206124852,0.03111111111111111
6,7,1521,b,Dash-8,0.001,dash8_t0.5s,0.5,0.5,reported,y,1.7832744405182568,m,Z,2.4444444444444446,m,1,0,882,0.004711425206124852,0.03111111111111111
6,7,1521,b,Dash-8,0.001,dash8_t0.5s,0.5,0.5,reported,y,1.7856301531213192,m,Z,2.4444444444444446,m,1,0,883,0.004711425206124852,0.03111111111111111
6,7,1521,b,Dash-8,0.001,dash8_t0.5s,0.5,0.5,reported,y,1.7879858657243817,m,Z,2.4444444444444446,m,1,0,884,0.004711425206124852,0.03111111111111111
6,7,1521,b,Dash-8,0.001,dash8_t0.5s,0.5,0.5,reported,y,1.7903415783274441,m,Z,2.4444444444444446,m,1,0,885,0.004711425206124852,0.03111111111111111
6,7,1521,b,Dash-8,0.001,dash8_t0.5s,0.5,0.5,reported,y,1.7926972909305066,m,Z,2.4444444444444446,m,1,0,886,0.004711425206124852,0.03111111111111111
6,7,1521,b,Dash-8,0.001,dash8_t0.5s,0.5,0.5,reported,y,1.795053003533569,m,Z,2.4444444444444446,m,1,0,887,0.004711425206124852,0.03111111111111111
6,7,1521,b,Dash-8,0.001,dash8_t0.5s,0.5,0.5,reported,y,1.7974087161366312,m,Z,2.4444444444444446,m,1,0,888,0.004711425206124852,0.03111111111111111
6,7,1521,b,Dash-8,0.001,dash8_t0.5s,0.5,0.5,reported,y,1.7997644287396937,m,Z,2.4444444444444446,m,1,0,889,0.004711425206124852,0.03111111111111111
6,7,1521,b,Dash-8,0.001,dash8_t0.5s,0.5,0.5,reported,y,1.802120141342756,m,Z,2.4444444444444446,m,1,0,890,0.004711425206124852,0.03111111111111111
6,7,1521,b,Dash-8,0.001,dash8_t0.5s,0.5,0.5,reported,y,1.8044758539458186,m,Z,2.442222222222222,m,1,0,891,0.004711425206124852,0.03111111111111111
6,7,1521,b,Dash-8,0.001,dash8_t0.5s,0.5,0.5,reported,y,1.806831566548881,m,Z,2.442222222222222,m,1,0,892,0.004711425206124852,0.03111111111111111
6,7,1521,b,Dash-8,0.001,dash8_t0.5s,0.5,0.5,reported,y,1.8091872791519434,m,Z,2.437777777777778,m,1,0,893,0.004711425206124852,0.03111111111111111
6,7,1521,b,Dash-8,0.001,dash8_t0.5s,0.5,0.5,reported,y,1.8115429917550059,m,Z,2.437777777777778,m,1,0,894,0.004711425206124852,0.03111111111111111
6,7,1521,b,Dash-8,0.001,dash8_t0.5s,0.5,0.5,reported,y,1.8138987043580683,m,Z,2.433333333333333,m,1,0,895,0.004711425206124852,0.03111111111111111
6,7,1521,b,Dash-8,0.001,dash8_t0.5s,0.5,0.5,reported,y,1.8162544169611308,m,Z,2.433333333333333,m,1,0,896,0.004711425206124852,0.03111111111111111
6,7,1521,b,Dash-8,0.001,dash8_t0.5s,0.5,0.5,reported,y,1.8186101295641932,m,Z,2.428888888888889,m,1,0,897,0.004711425206124852,0.03111111111111111
6,7,1521,b,Dash-8,0.001,dash8_t0.5s,0.5,0.5,reported,y,1.8209658421672557,m,Z,2.428888888888889,m,1,0,898,0.004711425206124852,0.03111111111111111
6,7,1521,b,Dash-8,0.001,dash8_t0.5s,0.5,0.5,reported,y,1.823321554770318,m,Z,2.4244444444444446,m,1,0,899,0.004711425206124852,0.03111111111111111
6,7,1521,b,Dash-8,0.001,dash8_t0.5s,0.5,0.5,reported,y,1.8256772673733805,m,Z,2.42,m,1,0,900,0.004711425206124852,0.03111111111111111
6,7,1521,b,Dash-8,0.001,dash8_t0.5s,0.5,0.5,reported,y,1.828032979976443,m,Z,2.42,m,1,0,901,0.004711425206124852,0.03111111111111111
6,7,1521,b,Dash-8,0.001,dash8_t0.5s,0.5,0.5,reported,y,1.8303886925795052,m,Z,2.4155555555555557,m,1,0,902,0.004711425206124852,0.03111111111111111
6,7,1521,b,Dash-8,0.001,dash8_t0.5s,0.5,0.5,reported,y,1.8327444051825676,m,Z,2.4155555555555557,m,1,0,903,0.004711425206124852,0.03111111111111111
6,7,1521,b,Dash-8,0.001,dash8_t0.5s,0.5,0.5,reported,y,1.83510011778563,m,Z,2.4133333333333336,m,1,0,904,0.004711425206124852,0.03111111111111111
6,7,1521,b,Dash-8,0.001,dash8_t0.5s,0.5,0.5,reported,y,1.8374558303886925,m,Z,2.411111111111111,m,1,0,905,0.004711425206124852,0.03111111111111111
6,7,1521,b,Dash-8,0.001,dash8_t0.5s,0.5,0.5,reported,y,1.839811542991755,m,Z,2.408888888888889,m,1,0,906,0.004711425206124852,0.03111111111111111
6,7,1521,b,Dash-8,0.001,dash8_t0.5s,0.5,0.5,reported,y,1.8421672555948174,m,Z,2.408888888888889,m,1,0,907,0.004711425206124852,0.03111111111111111
6,7,1521,b,Dash-8,0.001,dash8_t0.5s,0.5,0.5,reported,y,1.8445229681978799,m,Z,2.4066666666666667,m,1,0,908,0.004711425206124852,0.03111111111111111
6,7,1521,b,Dash-8,0.001,dash8_t0.5s,0.5,0.5,reported,y,1.8468786808009423,m,Z,2.4044444444444446,m,1,0,909,0.004711425206124852,0.03111111111111111
6,7,1521,b,Dash-8,0.001,dash8_t0.5s,0.5,0.5,reported,y,1.8492343934040048,m,Z,2.4044444444444446,m,1,0,910,0.004711425206124852,0.03111111111111111
6,7,1521,b,Dash-8,0.001,dash8_t0.5s,0.5,0.5,reported,y,1.8515901060070672,m,Z,2.4044444444444446,m,1,0,911,0.004711425206124852,0.03111111111111111
6,7,1521,b,Dash-8,0.001,dash8_t0.5s,0.5,0.5,reported,y,1.8539458186101296,m,Z,2.4044444444444446,m,1,0,912,0.004711425206124852,0.03111111111111111
6,7,1521,b,Dash-8,0.001,dash8_t0.5s,0.5,0.5,reported,y,1.856301531213192,m,Z,2.4044444444444446,m,1,0,913,0.004711425206124852,0.03111111111111111
6,7,1521,b,Dash-8,0.001,dash8_t0.5s,0.5,0.5,reported,y,1.8586572438162545,m,Z,2.4044444444444446,m,1,0,914,0.004711425206124852,0.03111111111111111
6,7,1521,b,Dash-8,0.001,dash8_t0.5s,0.5,0.5,reported,y,1.8610129564193167,m,Z,2.4044444444444446,m,1,0,915,0.004711425206124852,0.03111111111111111
6,7,1521,b,Dash-8,0.001,dash8_t0.5s,0.5,0.5,reported,y,1.8633686690223792,m,Z,2.4044444444444446,m,1,0,916,0.004711425206124852,0.03111111111111111
6,7,1521,b,Dash-8,0.001,dash8_t0.5s,0.5,0.5,reported,y,1.8657243816254416,m,Z,2.4044444444444446,m,1,0,917,0.004711425206124852,0.03111111111111111
6,7,1521,b,Dash-8,0.001,dash8_t0.5s,0.5,0.5,reported,y,1.868080094228504,m,Z,2.4044444444444446,m,1,0,918,0.004711425206124852,0.03111111111111111
6,7,1521,b,Dash-8,0.001,dash8_t0.5s,0.5,0.5,reported,y,1.8704358068315665,m,Z,2.4044444444444446,m,1,0,919,0.004711425206124852,0.03111111111111111
6,7,1521,b,Dash-8,0.001,dash8_t0.5s,0.5,0.5,reported,y,1.872791519434629,m,Z,2.4044444444444446,m,1,0,920,0.004711425206124852,0.03111111111111111
6,7,1521,b,Dash-8,0.001,dash8_t0.5s,0.5,0.5,reported,y,1.8751472320376914,m,Z,2.4044444444444446,m,1,0,921,0.004711425206124852,0.03111111111111111
6,7,1521,b,Dash-8,0.001,dash8_t0.5s,0.5,0.5,reported,y,1.8775029446407538,m,Z,2.4044444444444446,m,1,0,922,0.004711425206124852,0.03111111111111111
6,7,1521,b,Dash-8,0.001,dash8_t0.5s,0.5,0.5,reported,y,1.8798586572438163,m,Z,2.4044444444444446,m,1,0,923,0.004711425206124852,0.03111111111111111
6,7,1521,b,Dash-8,0.001,dash8_t0.5s,0.5,0.5,reported,y,1.8822143698468787,m,Z,2.4044444444444446,m,1,0,924,0.004711425206124852,0.03111111111111111
6,7,1521,b,Dash-8,0.001,dash8_t0.5s,0.5,0.5,reported,y,1.8845700824499412,m,Z,2.4044444444444446,m,1,0,925,0.004711425206124852,0.03111111111111111
6,7,1521,b,Dash-8,0.001,dash8_t0.5s,0.5,0.5,reported,y,1.8869257950530036,m,Z,2.4044444444444446,m,1,0,926,0.004711425206124852,0.03111111111111111
6,7,1521,b,Dash-8,0.001,dash8_t0.5s,0.5,0.5,reported,y,1.889281507656066,m,Z,2.4044444444444446,m,1,0,927,0.004711425206124852,0.03111111111111111
6,7,1521,b,Dash-8,0.001,dash8_t0.5s,0.5,0.5,reported,y,1.8916372202591283,m,Z,2.4044444444444446,m,1,0,928,0.004711425206124852,0.03111111111111111
6,7,1521,b,Dash-8,0.001,dash8_t0.5s,0.5,0.5,reported,y,1.8939929328621907,m,Z,2.4044444444444446,m,1,0,929,0.004711425206124852,0.03111111111111111
6,7,1521,b,Dash-8,0.001,dash8_t0.5s,0.5,0.5,reported,y,1.8963486454652532,m,Z,2.4044444444444446,m,1,0,930,0.004711425206124852,0.03111111111111111
6,7,1521,b,Dash-8,0.001,dash8_t0.5s,0.5,0.5,reported,y,1.8987043580683156,m,Z,2.4044444444444446,m,1,0,931,0.004711425206124852,0.03111111111111111
6,7,1521,b,Dash-8,0.001,dash8_t0.5s,0.5,0.5,reported,y,1.901060070671378,m,Z,2.4044444444444446,m,1,0,932,0.004711425206124852,0.03111111111111111
6,7,1521,b,Dash-8,0.001,dash8_t0.5s,0.5,0.5,reported,y,1.9034157832744405,m,Z,2.4044444444444446,m,1,0,933,0.004711425206124852,0.03111111111111111
6,7,1521,b,Dash-8,0.001,dash8_t0.5s,0.5,0.5,reported,y,1.905771495877503,m,Z,2.4044444444444446,m,1,0,934,0.004711425206124852,0.03111111111111111
6,7,1521,b,Dash-8,0.001,dash8_t0.5s,0.5,0.5,reported,y,1.9081272084805654,m,Z,2.4044444444444446,m,1,0,935,0.004711425206124852,0.03111111111111111
6,7,1521,b,Dash-8,0.001,dash8_t0.5s,0.5,0.5,reported,y,1.9104829210836278,m,Z,2.4044444444444446,m,1,0,936,0.004711425206124852,0.03111111111111111
6,7,1521,b,Dash-8,0.001,dash8_t0.5s,0.5,0.5,reported,y,1.9128386336866903,m,Z,2.4044444444444446,m,1,0,937,0.004711425206124852,0.03111111111111111
6,7,1521,b,Dash-8,0.001,dash8_t0.5s,0.5,0.5,reported,y,1.9151943462897527,m,Z,2.4044444444444446,m,1,0,938,0.004711425206124852,0.03111111111111111
6,7,1521,b,Dash-8,0.001,dash8_t0.5s,0.5,0.5,reported,y,1.9175500588928152,m,Z,2.402222222222222,m,1,0,939,0.004711425206124852,0.03111111111111111
6,7,1521,b,Dash-8,0.001,dash8_t0.5s,0.5,0.5,reported,y,1.9199057714958776,m,Z,2.4,m,1,0,940,0.004711425206124852,0.03111111111111111
6,7,1521,b,Dash-8,0.001,dash8_t0.5s,0.5,0.5,reported,y,1.9222614840989398,m,Z,2.397777777777778,m,1,0,941,0.004711425206124852,0.03111111111111111
6,7,1521,b,Dash-8,0.001,dash8_t0.5s,0.5,0.5,reported,y,1.9246171967020023,m,Z,2.3933333333333335,m,1,0,942,0.004711425206124852,0.03111111111111111
6,7,1521,b,Dash-8,0.001,dash8_t0.5s,0.5,0.5,reported,y,1.9269729093050647,m,Z,2.391111111111111,m,1,0,943,0.004711425206124852,0.03111111111111111
6,7,1521,b,Dash-8,0.001,dash8_t0.5s,0.5,0.5,reported,y,1.9293286219081272,m,Z,2.3844444444444446,m,1,0,944,0.004711425206124852,0.03111111111111111
6,7,1521,b,Dash-8,0.001,dash8_t0.5s,0.5,0.5,reported,y,1.9316843345111896,m,Z,2.3644444444444446,m,1,0,945,0.004711425206124852,0.03111111111111111
6,7,1521,b,Dash-8,0.001,dash8_t0.5s,0.5,0.5,reported,y,1.9316843345111896,m,Z,2.391111111111111,m,1,0,946,0.004711425206124852,0.03111111111111111
6,7,1521,b,Dash-8,0.001,dash8_t0.5s,0.5,0.5,reported,y,1.934040047114252,m,Z,2.371111111111111,m,1,0,947,0.004711425206124852,0.03111111111111111
6,7,1521,b,Dash-8,0.001,dash8_t0.5s,0.5,0.5,reported,y,1.9363957597173145,m,Z,2.351111111111111,m,1,0,948,0.004711425206124852,0.03111111111111111
6,7,1521,b,Dash-8,0.001,dash8_t0.5s,0.5,0.5,reported,y,1.9363957597173145,m,Z,2.3777777777777778,m,1,0,949,0.004711425206124852,0.03111111111111111
6,7,1521,b,Dash-8,0.001,dash8_t0.5s,0.5,0.5,reported,y,1.938751472320377,m,Z,2.3422222222222224,m,1,0,950,0.004711425206124852,0.03111111111111111
6,7,1521,b,Dash-8,0.001,dash8_t0.5s,0.5,0.5,reported,y,1.938751472320377,m,Z,2.368888888888889,m,1,0,951,0.004711425206124852,0.03111111111111111
6,7,1521,b,Dash-8,0.001,dash8_t0.5s,0.5,0.5,reported,y,1.9411071849234394,m,Z,2.348888888888889,m,1,0,952,0.004711425206124852,0.03111111111111111
6,7,1521,b,Dash-8,0.001,dash8_t0.5s,0.5,0.5,reported,y,1.9434628975265018,m,Z,2.328888888888889,m,1,0,953,0.004711425206124852,0.03111111111111111
6,7,1521,b,Dash-8,0.001,dash8_t0.5s,0.5,0.5,reported,y,1.9434628975265018,m,Z,2.3555555555555556,m,1,0,954,0.004711425206124852,0.03111111111111111
6,7,1521,b,Dash-8,0.001,dash8_t0.5s,0.5,0.5,reported,y,1.9458186101295643,m,Z,2.32,m,1,0,955,0.004711425206124852,0.03111111111111111
6,7,1521,b,Dash-8,0.001,dash8_t0.5s,0.5,0.5,reported,y,1.9458186101295643,m,Z,2.3466666666666667,m,1,0,956,0.004711425206124852,0.03111111111111111
6,7,1521,b,Dash-8,0.001,dash8_t0.5s,0.5,0.5,reported,y,1.9481743227326267,m,Z,2.3155555555555556,m,1,0,957,0.004711425206124852,0.03111111111111111
6,7,1521,b,Dash-8,0.001,dash8_t0.5s,0.5,0.5,reported,y,1.9481743227326267,m,Z,2.3422222222222224,m,1,0,958,0.004711425206124852,0.03111111111111111
6,7,1521,b,Dash-8,0.001,dash8_t0.5s,0.5,0.5,reported,y,1.9505300353356891,m,Z,2.3066666666666666,m,1,0,959,0.004711425206124852,0.03111111111111111
6,7,1521,b,Dash-8,0.001,dash8_t0.5s,0.5,0.5,reported,y,1.9505300353356891,m,Z,2.3333333333333335,m,1,0,960,0.004711425206124852,0.03111111111111111
6,7,1521,b,Dash-8,0.001,dash8_t0.5s,0.5,0.5,reported,y,1.9528857479387516,m,Z,2.2977777777777777,m,1,0,961,0.004711425206124852,0.03111111111111111
6,7,1521,b,Dash-8,0.001,dash8_t0.5s,0.5,0.5,reported,y,1.9528857479387516,m,Z,2.328888888888889,m,1,0,962,0.004711425206124852,0.03111111111111111
6,7,1521,b,Dash-8,0.001,dash8_t0.5s,0.5,0.5,reported,y,1.9552414605418138,m,Z,2.2933333333333334,m,1,0,963,0.004711425206124852,0.03111111111111111
6,7,1521,b,Dash-8,0.001,dash8_t0.5s,0.5,0.5,reported,y,1.9552414605418138,m,Z,2.32,m,1,0,964,0.004711425206124852,0.03111111111111111
6,7,1521,b,Dash-8,0.001,dash8_t0.5s,0.5,0.5,reported,y,1.9575971731448762,m,Z,2.2888888888888888,m,1,0,965,0.004711425206124852,0.03111111111111111
6,7,1521,b,Dash-8,0.001,dash8_t0.5s,0.5,0.5,reported,y,1.9575971731448762,m,Z,2.3155555555555556,m,1,0,966,0.004711425206124852,0.03111111111111111
6,7,1521,b,Dash-8,0.001,dash8_t0.5s,0.5,0.5,reported,y,1.9599528857479387,m,Z,2.2755555555555556,m,1,0,967,0.004711425206124852,0.03111111111111111
6,7,1521,b,Dash-8,0.001,dash8_t0.5s,0.5,0.5,reported,y,1.9599528857479387,m,Z,2.3066666666666666,m,1,0,968,0.004711425206124852,0.03111111111111111
6,7,1521,b,Dash-8,0.001,dash8_t0.5s,0.5,0.5,reported,y,1.9623085983510011,m,Z,2.2444444444444445,m,1,0,969,0.004711425206124852,0.03111111111111111
6,7,1521,b,Dash-8,0.001,dash8_t0.5s,0.5,0.5,reported,y,1.9623085983510011,m,Z,2.3022222222222224,m,1,0,970,0.004711425206124852,0.03111111111111111
6,7,1521,b,Dash-8,0.001,dash8_t0.5s,0.5,0.5,reported,y,1.9646643109540636,m,Z,2.2355555555555555,m,1,0,971,0.004711425206124852,0.03111111111111111
6,7,1521,b,Dash-8,0.001,dash8_t0.5s,0.5,0.5,reported,y,1.9646643109540636,m,Z,2.2933333333333334,m,1,0,972,0.004711425206124852,0.03111111111111111
6,7,1521,b,Dash-8,0.001,dash8_t0.5s,0.5,0.5,reported,y,1.967020023557126,m,Z,2.2177777777777776,m,1,0,973,0.004711425206124852,0.03111111111111111
6,7,1521,b,Dash-8,0.001,dash8_t0.5s,0.5,0.5,reported,y,1.967020023557126,m,Z,2.2844444444444445,m,1,0,974,0.004711425206124852,0.03111111111111111
6,7,1521,b,Dash-8,0.001,dash8_t0.5s,0.5,0.5,reported,y,1.9693757361601885,m,Z,2.2044444444444444,m,1,0,975,0.004711425206124852,0.03111111111111111
6,7,1521,b,Dash-8,0.001,dash8_t0.5s,0.5,0.5,reported,y,1.9693757361601885,m,Z,2.28,m,1,0,976,0.004711425206124852,0.03111111111111111
6,7,1521,b,Dash-8,0.001,dash8_t0.5s,0.5,0.5,reported,y,1.971731448763251,m,Z,2.1866666666666665,m,1,0,977,0.004711425206124852,0.03111111111111111
6,7,1521,b,Dash-8,0.001,dash8_t0.5s,0.5,0.5,reported,y,1.971731448763251,m,Z,2.2711111111111113,m,1,0,978,0.004711425206124852,0.03111111111111111
6,7,1521,b,Dash-8,0.001,dash8_t0.5s,0.5,0.5,reported,y,1.9740871613663133,m,Z,2.1733333333333333,m,1,0,979,0.004711425206124852,0.03111111111111111
6,7,1521,b,Dash-8,0.001,dash8_t0.5s,0.5,0.5,reported,y,1.9740871613663133,m,Z,2.2444444444444445,m,1,0,980,0.004711425206124852,0.03111111111111111
6,7,1521,b,Dash-8,0.001,dash8_t0.5s,0.5,0.5,reported,y,1.9764428739693758,m,Z,2.16,m,1,0,981,0.004711425206124852,0.03111111111111111
6,7,1521,b,Dash-8,0.001,dash8_t0.5s,0.5,0.5,reported,y,1.9764428739693758,m,Z,2.2311111111111113,m,1,0,982,0.004711425206124852,0.03111111111111111
6,7,1521,b,Dash-8,0.001,dash8_t0.5s,0.5,0.5,reported,y,1.9787985865724382,m,Z,2.151111111111111,m,1,0,983,0.004711425206124852,0.03111111111111111
6,7,1521,b,Dash-8,0.001,dash8_t0.5s,0.5,0.5,reported,y,1.9787985865724382,m,Z,2.2222222222222223,m,1,0,984,0.004711425206124852,0.03111111111111111
6,7,1521,b,Dash-8,0.001,dash8_t0.5s,0.5,0.5,reported,y,1.9811542991755007,m,Z,2.128888888888889,m,1,0,985,0.004711425206124852,0.03111111111111111
6,7,1521,b,Dash-8,0.001,dash8_t0.5s,0.5,0.5,reported,y,1.9811542991755007,m,Z,2.2133333333333334,m,1,0,986,0.004711425206124852,0.03111111111111111
6,7,1521,b,Dash-8,0.001,dash8_t0.5s,0.5,0.5,reported,y,1.9835100117785631,m,Z,2.12,m,1,0,987,0.004711425206124852,0.03111111111111111
6,7,1521,b,Dash-8,0.001,dash8_t0.5s,0.5,0.5,reported,y,1.9835100117785631,m,Z,2.2044444444444444,m,1,0,988,0.004711425206124852,0.03111111111111111
6,7,1521,b,Dash-8,0.001,dash8_t0.5s,0.5,0.5,reported,y,1.9858657243816253,m,Z,2.1066666666666665,m,1,0,989,0.004711425206124852,0.03111111111111111
6,7,1521,b,Dash-8,0.001,dash8_t0.5s,0.5,0.5,reported,y,1.9858657243816253,m,Z,2.1911111111111112,m,1,0,990,0.004711425206124852,0.03111111111111111
6,7,1521,b,Dash-8,0.001,dash8_t0.5s,0.5,0.5,reported,y,1.9882214369846878,m,Z,2.088888888888889,m,1,0,991,0.004711425206124852,0.03111111111111111
6,7,1521,b,Dash-8,0.001,dash8_t0.5s,0.5,0.5,reported,y,1.9882214369846878,m,Z,2.1733333333333333,m,1,0,992,0.004711425206124852,0.03111111111111111
6,7,1521,b,Dash-8,0.001,dash8_t0.5s,0.5,0.5,reported,y,1.9905771495877502,m,Z,2.0755555555555554,m,1,0,993,0.004711425206124852,0.03111111111111111
6,7,1521,b,Dash-8,0.001,dash8_t0.5s,0.5,0.5,reported,y,1.9905771495877502,m,Z,2.16,m,1,0,994,0.004711425206124852,0.03111111111111111
6,7,1521,b,Dash-8,0.001,dash8_t0.5s,0.5,0.5,reported,y,1.9929328621908127,m,Z,2.066666666666667,m,1,0,995,0.004711425206124852,0.03111111111111111
6,7,1521,b,Dash-8,0.001,dash8_t0.5s,0.5,0.5,reported,y,1.9929328621908127,m,Z,2.1422222222222222,m,1,0,996,0.004711425206124852,0.03111111111111111
6,7,1521,b,Dash-8,0.001,dash8_t0.5s,0.5,0.5,reported,y,1.9952885747938751,m,Z,2.062222222222222,m,1,0,997,0.004711425206124852,0.03111111111111111
6,7,1521,b,Dash-8,0.001,dash8_t0.5s,0.5,0.5,reported,y,1.9952885747938751,m,Z,2.128888888888889,m,1,0,998,0.004711425206124852,0.03111111111111111
6,7,1521,b,Dash-8,0.001,dash8_t0.5s,0.5,0.5,reported,y,1.9976442873969376,m,Z,2.057777777777778,m,1,0,999,0.004711425206124852,0.03111111111111111
6,7,1521,b,Dash-8,0.001,dash8_t0.5s,0.5,0.5,reported,y,1.9976442873969376,m,Z,2.1155555555555554,m,1,0,1000,0.004711425206124852,0.03111111111111111
6,7,1521,b,Dash-8,0.001,dash8_t0.5s,0.5,0.5,reported,y,2.0,m,Z,2.062222222222222,m,1,0,1001,0.004711425206124852,0.03111111111111111
6,7,1521,b,Dash-8,0.001,dash8_t0.5s,0.5,0.5,reported,y,2.0,m,Z,2.102222222222222,m,1,0,1002,0.004711425206124852,0.03111111111111111
7,8,1522,single,Dash-8,0.001,dash8_simulation_t0.5s,0.5,0.5,reported,y_over_Lc,0.02833530106257379,1,Z_over_Lc,0.010869565217391304,1,1,0,0,0.004722550177095631,0.021739130434782608
7,8,1522,single,Dash-8,0.001,dash8_simulation_t0.5s,0.5,0.5,reported,y_over_Lc,0.030696576151121605,1,Z_over_Lc,0.013975155279503106,1,1,0,1,0.004722550177095631,0.021739130434782608
7,8,1522,single,Dash-8,0.001,dash8_simulation_t0.5s,0.5,0.5,reported,y_over_Lc,0.030696576151121605,1,Z_over_Lc,0.040372670807453416,1,1,1,2,0.004722550177095631,0.021739130434782608
7,8,1522,single,Dash-8,0.001,dash8_simulation_t0.5s,0.5,0.5,reported,y_over_Lc,0.03305785123966942,1,Z_over_Lc,0.024844720496894408,1,1,0,3,0.004722550177095631,0.021739130434782608
7,8,1522,single,Dash-8,0.001,dash8_simulation_t0.5s,0.5,0.5,reported,y_over_Lc,0.03541912632821724,1,Z_over_Lc,0.018633540372670808,1,1,0,4,0.004722550177095631,0.021739130434782608
7,8,1522,single,Dash-8,0.001,dash8_simulation_t0.5s,0.5,0.5,reported,y_over_Lc,0.03541912632821724,1,Z_over_Lc,0.037267080745341616,1,1,0,5,0.004722550177095631,0.021739130434782608
7,8,1522,single,Dash-8,0.001,dash8_simulation_t0.5s,0.5,0.5,reported,y_over_Lc,0.03778040141676505,1,Z_over_Lc,0.018633540372670808,1,1,0,6,0.004722550177095631,0.021739130434782608
7,8,1522,single,Dash-8,0.001,dash8_simulation_t0.5s,0.5,0.5,reported,y_over_Lc,0.03778040141676505,1,Z_over_Lc,0.040372670807453416,1,1,0,7,0.004722550177095631,0.021739130434782608
7,8,1522,single,Dash-8,0.001,dash8_simulation_t0.5s,0.5,0.5,reported,y_over_Lc,0.04014167650531287,1,Z_over_Lc,0.015527950310559006,1,1,0,8,0.004722550177095631,0.021739130434782608
7,8,1522,single,Dash-8,0.001,dash8_simulation_t0.5s,0.5,0.5,reported,y_over_Lc,0.04014167650531287,1,Z_over_Lc,0.049689440993788817,1,1,0,9,0.004722550177095631,0.021739130434782608
7,8,1522,single,Dash-8,0.001,dash8_simulation_t0.5s,0.5,0.5,reported,y_over_Lc,0.04250295159386069,1,Z_over_Lc,0.015527950310559006,1,1,0,10,0.004722550177095631,0.021739130434782608
7,8,1522,single,Dash-8,0.001,dash8_simulation_t0.5s,0.5,0.5,reported,y_over_Lc,0.04250295159386069,1,Z_over_Lc,0.059006211180124224,1,1,0,11,0.004722550177095631,0.021739130434782608
7,8,1522,single,Dash-8,0.001,dash8_simulation_t0.5s,0.5,0.5,reported,y_over_Lc,0.0448642266824085,1,Z_over_Lc,0.018633540372670808,1,1,0,12,0.004722550177095631,0.021739130434782608
7,8,1522,single,Dash-8,0.001,dash8_simulation_t0.5s,0.5,0.5,reported,y_over_Lc,0.0448642266824085,1,Z_over_Lc,0.062111801242236024,1,1,0,13,0.004722550177095631,0.021739130434782608
7,8,1522,single,Dash-8,0.001,dash8_simulation_t0.5s,0.5,0.5,reported,y_over_Lc,0.047225501770956316,1,Z_over_Lc,0.027950310559006212,1,1,0,14,0.004722550177095631,0.021739130434782608
7,8,1522,single,Dash-8,0.001,dash8_simulation_t0.5s,0.5,0.5,reported,y_over_Lc,0.047225501770956316,1,Z_over_Lc,0.07453416149068323,1,1,0,15,0.004722550177095631,0.021739130434782608
7,8,1522,single,Dash-8,0.001,dash8_simulation_t0.5s,0.5,0.5,reported,y_over_Lc,0.049586776859504134,1,Z_over_Lc,0.040372670807453416,1,1,0,16,0.004722550177095631,0.021739130434782608
7,8,1522,single,Dash-8,0.001,dash8_simulation_t0.5s,0.5,0.5,reported,y_over_Lc,0.049586776859504134,1,Z_over_Lc,0.09006211180124224,1,1,0,17,0.004722550177095631,0.021739130434782608
7,8,1522,single,Dash-8,0.001,dash8_simulation_t0.5s,0.5,0.5,reported,y_over_Lc,0.05194805194805195,1,Z_over_Lc,0.046583850931677016,1,1,0,18,0.004722550177095631,0.021739130434782608
7,8,1522,single,Dash-8,0.001,dash8_simulation_t0.5s,0.5,0.5,reported,y_over_Lc,0.05194805194805195,1,Z_over_Lc,0.09316770186335403,1,1,0,19,0.004722550177095631,0.021739130434782608
7,8,1522,single,Dash-8,0.001,dash8_simulation_t0.5s,0.5,0.5,reported,y_over_Lc,0.05430932703659976,1,Z_over_Lc,0.052795031055900624,1,1,0,20,0.004722550177095631,0.021739130434782608
7,8,1522,single,Dash-8,0.001,dash8_simulation_t0.5s,0.5,0.5,reported,y_over_Lc,0.05430932703659976,1,Z_over_Lc,0.10559006211180125,1,1,0,21,0.004722550177095631,0.021739130434782608
7,8,1522,single,Dash-8,0.001,dash8_simulation_t0.5s,0.5,0.5,reported,y_over_Lc,0.05667060212514758,1,Z_over_Lc,0.062111801242236024,1,1,0,22,0.004722550177095631,0.021739130434782608
7,8,1522,single,Dash-8,0.001,dash8_simulation_t0.5s,0.5,0.5,reported,y_over_Lc,0.05667060212514758,1,Z_over_Lc,0.12111801242236025,1,1,0,23,0.004722550177095631,0.021739130434782608
7,8,1522,single,Dash-8,0.001,dash8_simulation_t0.5s,0.5,0.5,reported,y_over_Lc,0.0590318772136954,1,Z_over_Lc,0.06521739130434782,1,1,0,24,0.004722550177095631,0.021739130434782608
7,8,1522,single,Dash-8,0.001,dash8_simulation_t0.5s,0.5,0.5,reported,y_over_Lc,0.0590318772136954,1,Z_over_Lc,0.12732919254658384,1,1,0,25,0.004722550177095631,0.021739130434782608
7,8,1522,single,Dash-8,0.001,dash8_simulation_t0.5s,0.5,0.5,reported,y_over_Lc,0.06139315230224321,1,Z_over_Lc,0.06521739130434782,1,1,0,26,0.004722550177095631,0.021739130434782608
7,8,1522,single,Dash-8,0.001,dash8_simulation_t0.5s,0.5,0.5,reported,y_over_Lc,0.06139315230224321,1,Z_over_Lc,0.13043478260869565,1,1,0,27,0.004722550177095631,0.021739130434782608
7,8,1522,single,Dash-8,0.001,dash8_simulation_t0.5s,0.5,0.5,reported,y_over_Lc,0.06375442739079103,1,Z_over_Lc,0.07142857142857142,1,1,0,28,0.004722550177095631,0.021739130434782608
7,8,1522,single,Dash-8,0.001,dash8_simulation_t0.5s,0.5,0.5,reported,y_over_Lc,0.06375442739079103,1,Z_over_Lc,0.14596273291925466,1,1,0,29,0.004722550177095631,0.021739130434782608
7,8,1522,single,Dash-8,0.001,dash8_simulation_t0.5s,0.5,0.5,reported,y_over_Lc,0.06611570247933884,1,Z_over_Lc,0.07453416149068323,1,1,0,30,0.004722550177095631,0.021739130434782608
7,8,1522,single,Dash-8,0.001,dash8_simulation_t0.5s,0.5,0.5,reported,y_over_Lc,0.06611570247933884,1,Z_over_Lc,0.15527950310559005,1,1,0,31,0.004722550177095631,0.021739130434782608
7,8,1522,single,Dash-8,0.001,dash8_simulation_t0.5s,0.5,0.5,reported,y_over_Lc,0.06847697756788666,1,Z_over_Lc,0.07763975155279502,1,1,0,32,0.004722550177095631,0.021739130434782608
7,8,1522,single,Dash-8,0.001,dash8_simulation_t0.5s,0.5,0.5,reported,y_over_Lc,0.06847697756788666,1,Z_over_Lc,0.16149068322981366,1,1,0,33,0.004722550177095631,0.021739130434782608
7,8,1522,single,Dash-8,0.001,dash8_simulation_t0.5s,0.5,0.5,reported,y_over_Lc,0.07083825265643448,1,Z_over_Lc,0.07763975155279502,1,1,0,34,0.004722550177095631,0.021739130434782608
7,8,1522,single,Dash-8,0.001,dash8_simulation_t0.5s,0.5,0.5,reported,y_over_Lc,0.07083825265643448,1,Z_over_Lc,0.12422360248447205,1,1,1,35,0.004722550177095631,0.021739130434782608
7,8,1522,single,Dash-8,0.001,dash8_simulation_t0.5s,0.5,0.5,reported,y_over_Lc,0.07083825265643448,1,Z_over_Lc,0.17391304347826086,1,1,1,36,0.004722550177095631,0.021739130434782608
7,8,1522,single,Dash-8,0.001,dash8_simulation_t0.5s,0.5,0.5,reported,y_over_Lc,0.07319952774498228,1,Z_over_Lc,0.07763975155279502,1,1,0,37,0.004722550177095631,0.021739130434782608
7,8,1522,single,Dash-8,0.001,dash8_simulation_t0.5s,0.5,0.5,reported,y_over_Lc,0.07319952774498228,1,Z_over_Lc,0.13664596273291926,1,1,1,38,0.004722550177095631,0.021739130434782608
7,8,1522,single,Dash-8,0.001,dash8_simulation_t0.5s,0.5,0.5,reported,y_over_Lc,0.07319952774498228,1,Z_over_Lc,0.18322981366459629,1,1,1,39,0.004722550177095631,0.021739130434782608
7,8,1522,single,Dash-8,0.001,dash8_simulation_t0.5s,0.5,0.5,reported,y_over_Lc,0.0755608028335301,1,Z_over_Lc,0.07763975155279502,1,1,0,40,0.004722550177095631,0.021739130434782608
7,8,1522,single,Dash-8,0.001,dash8_simulation_t0.5s,0.5,0.5,reported,y_over_Lc,0.0755608028335301,1,Z_over_Lc,0.13975155279503104,1,1,1,41,0.004722550177095631,0.021739130434782608
7,8,1522,single,Dash-8,0.001,dash8_simulation_t0.5s,0.5,0.5,reported,y_over_Lc,0.0755608028335301,1,Z_over_Lc,0.19254658385093168,1,1,1,42,0.004722550177095631,0.021739130434782608
7,8,1522,single,Dash-8,0.001,dash8_simulation_t0.5s,0.5,0.5,reported,y_over_Lc,0.07792207792207792,1,Z_over_Lc,0.08074534161490683,1,1,0,43,0.004722550177095631,0.021739130434782608
7,8,1522,single,Dash-8,0.001,dash8_simulation_t0.5s,0.5,0.5,reported,y_over_Lc,0.07792207792207792,1,Z_over_Lc,0.15527950310559005,1,1,1,44,0.004722550177095631,0.021739130434782608
7,8,1522,single,Dash-8,0.001,dash8_simulation_t0.5s,0.5,0.5,reported,y_over_Lc,0.07792207792207792,1,Z_over_Lc,0.19875776397515527,1,1,1,45,0.004722550177095631,0.021739130434782608
7,8,1522,single,Dash-8,0.001,dash8_simulation_t0.5s,0.5,0.5,reported,y_over_Lc,0.08028335301062574,1,Z_over_Lc,0.08229813664596274,1,1,0,46,0.004722550177095631,0.021739130434782608
7,8,1522,single,Dash-8,0.001,dash8_simulation_t0.5s,0.5,0.5,reported,y_over_Lc,0.08028335301062574,1,Z_over_Lc,0.16149068322981366,1,1,1,47,0.004722550177095631,0.021739130434782608
7,8,1522,single,Dash-8,0.001,dash8_simulation_t0.5s,0.5,0.5,reported,y_over_Lc,0.08028335301062574,1,Z_over_Lc,0.2111801242236025,1,1,1,48,0.004722550177095631,0.021739130434782608
7,8,1522,single,Dash-8,0.001,dash8_simulation_t0.5s,0.5,0.5,reported,y_over_Lc,0.08264462809917356,1,Z_over_Lc,0.17391304347826086,1,1,0,49,0.004722550177095631,0.021739130434782608
7,8,1522,single,Dash-8,0.001,dash8_simulation_t0.5s,0.5,0.5,reported,y_over_Lc,0.08264462809917356,1,Z_over_Lc,0.2204968944099379,1,1,0,50,0.004722550177095631,0.021739130434782608
7,8,1522,single,Dash-8,0.001,dash8_simulation_t0.5s,0.5,0.5,reported,y_over_Lc,0.08500590318772137,1,Z_over_Lc,0.17701863354037267,1,1,0,51,0.004722550177095631,0.021739130434782608
7,8,1522,single,Dash-8,0.001,dash8_simulation_t0.5s,0.5,0.5,reported,y_over_Lc,0.08500590318772137,1,Z_over_Lc,0.22981366459627328,1,1,0,52,0.004722550177095631,0.021739130434782608
7,8,1522,single,Dash-8,0.001,dash8_simulation_t0.5s,0.5,0.5,reported,y_over_Lc,0.08736717827626919,1,Z_over_Lc,0.19254658385093168,1,1,0,53,0.004722550177095631,0.021739130434782608
7,8,1522,single,Dash-8,0.001,dash8_simulation_t0.5s,0.5,0.5,reported,y_over_Lc,0.08736717827626919,1,Z_over_Lc,0.2360248447204969,1,1,0,54,0.004722550177095631,0.021739130434782608
7,8,1522,single,Dash-8,0.001,dash8_simulation_t0.5s,0.5,0.5,reported,y_over_Lc,0.089728453364817,1,Z_over_Lc,0.19875776397515527,1,1,0,55,0.004722550177095631,0.021739130434782608
7,8,1522,single,Dash-8,0.001,dash8_simulation_t0.5s,0.5,0.5,reported,y_over_Lc,0.089728453364817,1,Z_over_Lc,0.2484472049689441,1,1,0,56,0.004722550177095631,0.021739130434782608
7,8,1522,single,Dash-8,0.001,dash8_simulation_t0.5s,0.5,0.5,reported,y_over_Lc,0.09208972845336481,1,Z_over_Lc,0.2111801242236025,1,1,0,57,0.004722550177095631,0.021739130434782608
7,8,1522,single,Dash-8,0.001,dash8_simulation_t0.5s,0.5,0.5,reported,y_over_Lc,0.09208972845336481,1,Z_over_Lc,0.2546583850931677,1,1,0,58,0.004722550177095631,0.021739130434782608
7,8,1522,single,Dash-8,0.001,dash8_simulation_t0.5s,0.5,0.5,reported,y_over_Lc,0.09445100354191263,1,Z_over_Lc,0.21428571428571427,1,1,0,59,0.004722550177095631,0.021739130434782608
7,8,1522,single,Dash-8,0.001,dash8_simulation_t0.5s,0.5,0.5,reported,y_over_Lc,0.09445100354191263,1,Z_over_Lc,0.2639751552795031,1,1,0,60,0.004722550177095631,0.021739130434782608
7,8,1522,single,Dash-8,0.001,dash8_simulation_t0.5s,0.5,0.5,reported,y_over_Lc,0.09681227863046045,1,Z_over_Lc,0.22981366459627328,1,1,0,61,0.004722550177095631,0.021739130434782608
7,8,1522,single,Dash-8,0.001,dash8_simulation_t0.5s,0.5,0.5,reported,y_over_Lc,0.09681227863046045,1,Z_over_Lc,0.2701863354037267,1,1,0,62,0.004722550177095631,0.021739130434782608
7,8,1522,single,Dash-8,0.001,dash8_simulation_t0.5s,0.5,0.5,reported,y_over_Lc,0.09917355371900827,1,Z_over_Lc,0.2422360248447205,1,1,0,63,0.004722550177095631,0.021739130434782608
7,8,1522,single,Dash-8,0.001,dash8_simulation_t0.5s,0.5,0.5,reported,y_over_Lc,0.09917355371900827,1,Z_over_Lc,0.2826086956521739,1,1,0,64,0.004722550177095631,0.021739130434782608
7,8,1522,single,Dash-8,0.001,dash8_simulation_t0.5s,0.5,0.5,reported,y_over_Lc,0.10153482880755609,1,Z_over_Lc,0.2453416149068323,1,1,0,65,0.004722550177095631,0.021739130434782608
7,8,1522,single,Dash-8,0.001,dash8_simulation_t0.5s,0.5,0.5,reported,y_over_Lc,0.10153482880755609,1,Z_over_Lc,0.2857142857142857,1,1,0,66,0.004722550177095631,0.021739130434782608
7,8,1522,single,Dash-8,0.001,dash8_simulation_t0.5s,0.5,0.5,reported,y_over_Lc,0.1038961038961039,1,Z_over_Lc,0.2546583850931677,1,1,0,67,0.004722550177095631,0.021739130434782608
7,8,1522,single,Dash-8,0.001,dash8_simulation_t0.5s,0.5,0.5,reported,y_over_Lc,0.1038961038961039,1,Z_over_Lc,0.2950310559006211,1,1,0,68,0.004722550177095631,0.021739130434782608
7,8,1522,single,Dash-8,0.001,dash8_simulation_t0.5s,0.5,0.5,reported,y_over_Lc,0.10625737898465171,1,Z_over_Lc,0.2670807453416149,1,1,0,69,0.004722550177095631,0.021739130434782608
7,8,1522,single,Dash-8,0.001,dash8_simulation_t0.5s,0.5,0.5,reported,y_over_Lc,0.10625737898465171,1,Z_over_Lc,0.30124223602484473,1,1,0,70,0.004722550177095631,0.021739130434782608
7,8,1522,single,Dash-8,0.001,dash8_simulation_t0.5s,0.5,0.5,reported,y_over_Lc,0.10861865407319952,1,Z_over_Lc,0.2732919254658385,1,1,0,71,0.004722550177095631,0.021739130434782608
7,8,1522,single,Dash-8,0.001,dash8_simulation_t0.5s,0.5,0.5,reported,y_over_Lc,0.10861865407319952,1,Z_over_Lc,0.3105590062111801,1,1,0,72,0.004722550177095631,0.021739130434782608
7,8,1522,single,Dash-8,0.001,dash8_simulation_t0.5s,0.5,0.5,reported,y_over_Lc,0.11097992916174734,1,Z_over_Lc,0.2826086956521739,1,1,0,73,0.004722550177095631,0.021739130434782608
7,8,1522,single,Dash-8,0.001,dash8_simulation_t0.5s,0.5,0.5,reported,y_over_Lc,0.11097992916174734,1,Z_over_Lc,0.3136645962732919,1,1,0,74,0.004722550177095631,0.021739130434782608
7,8,1522,single,Dash-8,0.001,dash8_simulation_t0.5s,0.5,0.5,reported,y_over_Lc,0.11334120425029516,1,Z_over_Lc,0.2950310559006211,1,1,0,75,0.004722550177095631,0.021739130434782608
7,8,1522,single,Dash-8,0.001,dash8_simulation_t0.5s,0.5,0.5,reported,y_over_Lc,0.11334120425029516,1,Z_over_Lc,0.32608695652173914,1,1,0,76,0.004722550177095631,0.021739130434782608
7,8,1522,single,Dash-8,0.001,dash8_simulation_t0.5s,0.5,0.5,reported,y_over_Lc,0.11570247933884298,1,Z_over_Lc,0.30124223602484473,1,1,0,77,0.004722550177095631,0.021739130434782608
7,8,1522,single,Dash-8,0.001,dash8_simulation_t0.5s,0.5,0.5,reported,y_over_Lc,0.11570247933884298,1,Z_over_Lc,0.33229813664596275,1,1,0,78,0.004722550177095631,0.021739130434782608
7,8,1522,single,Dash-8,0.001,dash8_simulation_t0.5s,0.5,0.5,reported,y_over_Lc,0.1180637544273908,1,Z_over_Lc,0.30745341614906835,1,1,0,79,0.004722550177095631,0.021739130434782608
7,8,1522,single,Dash-8,0.001,dash8_simulation_t0.5s,0.5,0.5,reported,y_over_Lc,0.1180637544273908,1,Z_over_Lc,0.3385093167701863,1,1,0,80,0.004722550177095631,0.021739130434782608
7,8,1522,single,Dash-8,0.001,dash8_simulation_t0.5s,0.5,0.5,reported,y_over_Lc,0.1204250295159386,1,Z_over_Lc,0.3136645962732919,1,1,0,81,0.004722550177095631,0.021739130434782608
7,8,1522,single,Dash-8,0.001,dash8_simulation_t0.5s,0.5,0.5,reported,y_over_Lc,0.1204250295159386,1,Z_over_Lc,0.34782608695652173,1,1,0,82,0.004722550177095631,0.021739130434782608
7,8,1522,single,Dash-8,0.001,dash8_simulation_t0.5s,0.5,0.5,reported,y_over_Lc,0.12278630460448642,1,Z_over_Lc,0.32298136645962733,1,1,0,83,0.004722550177095631,0.021739130434782608
7,8,1522,single,Dash-8,0.001,dash8_simulation_t0.5s,0.5,0.5,reported,y_over_Lc,0.12278630460448642,1,Z_over_Lc,0.35093167701863354,1,1,0,84,0.004722550177095631,0.021739130434782608
7,8,1522,single,Dash-8,0.001,dash8_simulation_t0.5s,0.5,0.5,reported,y_over_Lc,0.12514757969303425,1,Z_over_Lc,0.32608695652173914,1,1,0,85,0.004722550177095631,0.021739130434782608
7,8,1522,single,Dash-8,0.001,dash8_simulation_t0.5s,0.5,0.5,reported,y_over_Lc,0.12514757969303425,1,Z_over_Lc,0.35714285714285715,1,1,0,86,0.004722550177095631,0.021739130434782608
7,8,1522,single,Dash-8,0.001,dash8_simulation_t0.5s,0.5,0.5,reported,y_over_Lc,0.12750885478158205,1,Z_over_Lc,0.3385093167701863,1,1,0,87,0.004722550177095631,0.021739130434782608
7,8,1522,single,Dash-8,0.001,dash8_simulation_t0.5s,0.5,0.5,reported,y_over_Lc,0.12750885478158205,1,Z_over_Lc,0.36645962732919257,1,1,0,88,0.004722550177095631,0.021739130434782608
7,8,1522,single,Dash-8,0.001,dash8_simulation_t0.5s,0.5,0.5,reported,y_over_Lc,0.12987012987012986,1,Z_over_Lc,0.3447204968944099,1,1,0,89,0.004722550177095631,0.021739130434782608
7,8,1522,single,Dash-8,0.001,dash8_simulation_t0.5s,0.5,0.5,reported,y_over_Lc,0.12987012987012986,1,Z_over_Lc,0.3695652173913043,1,1,0,90,0.004722550177095631,0.021739130434782608
7,8,1522,single,Dash-8,0.001,dash8_simulation_t0.5s,0.5,0.5,reported,y_over_Lc,0.1322314049586777,1,Z_over_Lc,0.35093167701863354,1,1,0,91,0.004722550177095631,0.021739130434782608
7,8,1522,single,Dash-8,0.001,dash8_simulation_t0.5s,0.5,0.5,reported,y_over_Lc,0.1322314049586777,1,Z_over_Lc,0.37577639751552794,1,1,0,92,0.004722550177095631,0.021739130434782608
7,8,1522,single,Dash-8,0.001,dash8_simulation_t0.5s,0.5,0.5,reported,y_over_Lc,0.1345926800472255,1,Z_over_Lc,0.35403726708074534,1,1,0,93,0.004722550177095631,0.021739130434782608
7,8,1522,single,Dash-8,0.001,dash8_simulation_t0.5s,0.5,0.5,reported,y_over_Lc,0.1345926800472255,1,Z_over_Lc,0.37577639751552794,1,1,0,94,0.004722550177095631,0.021739130434782608
7,8,1522,single,Dash-8,0.001,dash8_simulation_t0.5s,0.5,0.5,reported,y_over_Lc,0.13695395513577333,1,Z_over_Lc,0.3695652173913043,1,1,0,95,0.004722550177095631,0.021739130434782608
7,8,1522,single,Dash-8,0.001,dash8_simulation_t0.5s,0.5,0.5,reported,y_over_Lc,0.13931523022432113,1,Z_over_Lc,0.37577639751552794,1,1,0,96,0.004722550177095631,0.021739130434782608
7,8,1522,single,Dash-8,0.001,dash8_simulation_t0.5s,0.5,0.5,reported,y_over_Lc,0.14167650531286896,1,Z_over_Lc,0.37888198757763975,1,1,0,97,0.004722550177095631,0.021739130434782608
7,8,1522,single,Dash-8,0.001,dash8_simulation_t0.5s,0.5,0.5,reported,y_over_Lc,0.14403778040141677,1,Z_over_Lc,0.3804347826086957,1,1,0,98,0.004722550177095631,0.021739130434782608
7,8,1522,single,Dash-8,0.001,dash8_simulation_t0.5s,0.5,0.5,reported,y_over_Lc,0.14639905548996457,1,Z_over_Lc,0.38198757763975155,1,1,0,99,0.004722550177095631,0.021739130434782608
7,8,1522,single,Dash-8,0.001,dash8_simulation_t0.5s,0.5,0.5,reported,y_over_Lc,0.1487603305785124,1,Z_over_Lc,0.38198757763975155,1,1,0,100,0.004722550177095631,0.021739130434782608
7,8,1522,single,Dash-8,0.001,dash8_simulation_t0.5s,0.5,0.5,reported,y_over_Lc,0.1511216056670602,1,Z_over_Lc,0.38198757763975155,1,1,0,101,0.004722550177095631,0.021739130434782608
7,8,1522,single,Dash-8,0.001,dash8_simulation_t0.5s,0.5,0.5,reported,y_over_Lc,0.15348288075560804,1,Z_over_Lc,0.38198757763975155,1,1,0,102,0.004722550177095631,0.021739130434782608
7,8,1522,single,Dash-8,0.001,dash8_simulation_t0.5s,0.5,0.5,reported,y_over_Lc,0.15584415584415584,1,Z_over_Lc,0.38198757763975155,1,1,0,103,0.004722550177095631,0.021739130434782608
7,8,1522,single,Dash-8,0.001,dash8_simulation_t0.5s,0.5,0.5,reported,y_over_Lc,0.15820543093270367,1,Z_over_Lc,0.38198757763975155,1,1,0,104,0.004722550177095631,0.021739130434782608
7,8,1522,single,Dash-8,0.001,dash8_simulation_t0.5s,0.5,0.5,reported,y_over_Lc,0.16056670602125148,1,Z_over_Lc,0.3804347826086957,1,1,0,105,0.004722550177095631,0.021739130434782608
7,8,1522,single,Dash-8,0.001,dash8_simulation_t0.5s,0.5,0.5,reported,y_over_Lc,0.16292798110979928,1,Z_over_Lc,0.3804347826086957,1,1,0,106,0.004722550177095631,0.021739130434782608
7,8,1522,single,Dash-8,0.001,dash8_simulation_t0.5s,0.5,0.5,reported,y_over_Lc,0.1652892561983471,1,Z_over_Lc,0.38198757763975155,1,1,0,107,0.004722550177095631,0.021739130434782608
7,8,1522,single,Dash-8,0.001,dash8_simulation_t0.5s,0.5,0.5,reported,y_over_Lc,0.16765053128689492,1,Z_over_Lc,0.38354037267080743,1,1,0,108,0.004722550177095631,0.021739130434782608
7,8,1522,single,Dash-8,0.001,dash8_simulation_t0.5s,0.5,0.5,reported,y_over_Lc,0.17001180637544275,1,Z_over_Lc,0.38975155279503104,1,1,0,109,0.004722550177095631,0.021739130434782608
7,8,1522,single,Dash-8,0.001,dash8_simulation_t0.5s,0.5,0.5,reported,y_over_Lc,0.17237308146399055,1,Z_over_Lc,0.38975155279503104,1,1,0,110,0.004722550177095631,0.021739130434782608
7,8,1522,single,Dash-8,0.001,dash8_simulation_t0.5s,0.5,0.5,reported,y_over_Lc,0.17473435655253838,1,Z_over_Lc,0.3944099378881988,1,1,0,111,0.004722550177095631,0.021739130434782608
7,8,1522,single,Dash-8,0.001,dash8_simulation_t0.5s,0.5,0.5,reported,y_over_Lc,0.1770956316410862,1,Z_over_Lc,0.391304347826087,1,1,0,112,0.004722550177095631,0.021739130434782608
7,8,1522,single,Dash-8,0.001,dash8_simulation_t0.5s,0.5,0.5,reported,y_over_Lc,0.1770956316410862,1,Z_over_Lc,0.41304347826086957,1,1,0,113,0.004722550177095631,0.021739130434782608
7,8,1522,single,Dash-8,0.001,dash8_simulation_t0.5s,0.5,0.5,reported,y_over_Lc,0.179456906729634,1,Z_over_Lc,0.391304347826087,1,1,0,114,0.004722550177095631,0.021739130434782608
7,8,1522,single,Dash-8,0.001,dash8_simulation_t0.5s,0.5,0.5,reported,y_over_Lc,0.179456906729634,1,Z_over_Lc,0.4161490683229814,1,1,0,115,0.004722550177095631,0.021739130434782608
7,8,1522,single,Dash-8,0.001,dash8_simulation_t0.5s,0.5,0.5,reported,y_over_Lc,0.18181818181818182,1,Z_over_Lc,0.3944099378881988,1,1,0,116,0.004722550177095631,0.021739130434782608
7,8,1522,single,Dash-8,0.001,dash8_simulation_t0.5s,0.5,0.5,reported,y_over_Lc,0.18181818181818182,1,Z_over_Lc,0.422360248447205,1,1,0,117,0.004722550177095631,0.021739130434782608
7,8,1522,single,Dash-8,0.001,dash8_simulation_t0.5s,0.5,0.5,reported,y_over_Lc,0.18417945690672963,1,Z_over_Lc,0.40062111801242234,1,1,0,118,0.004722550177095631,0.021739130434782608
7,8,1522,single,Dash-8,0.001,dash8_simulation_t0.5s,0.5,0.5,reported,y_over_Lc,0.18417945690672963,1,Z_over_Lc,0.42857142857142855,1,1,0,119,0.004722550177095631,0.021739130434782608
7,8,1522,single,Dash-8,0.001,dash8_simulation_t0.5s,0.5,0.5,reported,y_over_Lc,0.18654073199527746,1,Z_over_Lc,0.40993788819875776,1,1,0,120,0.004722550177095631,0.021739130434782608
7,8,1522,single,Dash-8,0.001,dash8_simulation_t0.5s,0.5,0.5,reported,y_over_Lc,0.18654073199527746,1,Z_over_Lc,0.43788819875776397,1,1,0,121,0.004722550177095631,0.021739130434782608
7,8,1522,single,Dash-8,0.001,dash8_simulation_t0.5s,0.5,0.5,reported,y_over_Lc,0.18890200708382526,1,Z_over_Lc,0.4161490683229814,1,1,0,122,0.004722550177095631,0.021739130434782608
7,8,1522,single,Dash-8,0.001,dash8_simulation_t0.5s,0.5,0.5,reported,y_over_Lc,0.18890200708382526,1,Z_over_Lc,0.4472049689440994,1,1,0,123,0.004722550177095631,0.021739130434782608
7,8,1522,single,Dash-8,0.001,dash8_simulation_t0.5s,0.5,0.5,reported,y_over_Lc,0.1912632821723731,1,Z_over_Lc,0.422360248447205,1,1,0,124,0.004722550177095631,0.021739130434782608
7,8,1522,single,Dash-8,0.001,dash8_simulation_t0.5s,0.5,0.5,reported,y_over_Lc,0.1912632821723731,1,Z_over_Lc,0.4503105590062112,1,1,0,125,0.004722550177095631,0.021739130434782608
7,8,1522,single,Dash-8,0.001,dash8_simulation_t0.5s,0.5,0.5,reported,y_over_Lc,0.1936245572609209,1,Z_over_Lc,0.42857142857142855,1,1,0,126,0.004722550177095631,0.021739130434782608
7,8,1522,single,Dash-8,0.001,dash8_simulation_t0.5s,0.5,0.5,reported,y_over_Lc,0.1936245572609209,1,Z_over_Lc,0.45962732919254656,1,1,0,127,0.004722550177095631,0.021739130434782608
7,8,1522,single,Dash-8,0.001,dash8_simulation_t0.5s,0.5,0.5,reported,y_over_Lc,0.1959858323494687,1,Z_over_Lc,0.43788819875776397,1,1,0,128,0.004722550177095631,0.021739130434782608
7,8,1522,single,Dash-8,0.001,dash8_simulation_t0.5s,0.5,0.5,reported,y_over_Lc,0.1959858323494687,1,Z_over_Lc,0.468944099378882,1,1,0,129,0.004722550177095631,0.021739130434782608
7,8,1522,single,Dash-8,0.001,dash8_simulation_t0.5s,0.5,0.5,reported,y_over_Lc,0.19834710743801653,1,Z_over_Lc,0.43788819875776397,1,1,0,130,0.004722550177095631,0.021739130434782608
7,8,1522,single,Dash-8,0.001,dash8_simulation_t0.5s,0.5,0.5,reported,y_over_Lc,0.19834710743801653,1,Z_over_Lc,0.4720496894409938,1,1,0,131,0.004722550177095631,0.021739130434782608
7,8,1522,single,Dash-8,0.001,dash8_simulation_t0.5s,0.5,0.5,reported,y_over_Lc,0.20070838252656434,1,Z_over_Lc,0.4503105590062112,1,1,0,132,0.004722550177095631,0.021739130434782608
7,8,1522,single,Dash-8,0.001,dash8_simulation_t0.5s,0.5,0.5,reported,y_over_Lc,0.20070838252656434,1,Z_over_Lc,0.4782608695652174,1,1,0,133,0.004722550177095631,0.021739130434782608
7,8,1522,single,Dash-8,0.001,dash8_simulation_t0.5s,0.5,0.5,reported,y_over_Lc,0.20306965761511217,1,Z_over_Lc,0.45962732919254656,1,1,0,134,0.004722550177095631,0.021739130434782608
7,8,1522,single,Dash-8,0.001,dash8_simulation_t0.5s,0.5,0.5,reported,y_over_Lc,0.20306965761511217,1,Z_over_Lc,0.4906832298136646,1,1,0,135,0.004722550177095631,0.021739130434782608
7,8,1522,single,Dash-8,0.001,dash8_simulation_t0.5s,0.5,0.5,reported,y_over_Lc,0.20543093270365997,1,Z_over_Lc,0.4658385093167702,1,1,0,136,0.004722550177095631,0.021739130434782608
7,8,1522,single,Dash-8,0.001,dash8_simulation_t0.5s,0.5,0.5,reported,y_over_Lc,0.20543093270365997,1,Z_over_Lc,0.4937888198757764,1,1,0,137,0.004722550177095631,0.021739130434782608
7,8,1522,single,Dash-8,0.001,dash8_simulation_t0.5s,0.5,0.5,reported,y_over_Lc,0.2077922077922078,1,Z_over_Lc,0.468944099378882,1,1,0,138,0.004722550177095631,0.021739130434782608
7,8,1522,single,Dash-8,0.001,dash8_simulation_t0.5s,0.5,0.5,reported,y_over_Lc,0.2077922077922078,1,Z_over_Lc,0.5,1,1,0,139,0.004722550177095631,0.021739130434782608
7,8,1522,single,Dash-8,0.001,dash8_simulation_t0.5s,0.5,0.5,reported,y_over_Lc,0.2101534828807556,1,Z_over_Lc,0.4782608695652174,1,1,0,140,0.004722550177095631,0.021739130434782608
7,8,1522,single,Dash-8,0.001,dash8_simulation_t0.5s,0.5,0.5,reported,y_over_Lc,0.2101534828807556,1,Z_over_Lc,0.5093167701863354,1,1,0,141,0.004722550177095631,0.021739130434782608
7,8,1522,single,Dash-8,0.001,dash8_simulation_t0.5s,0.5,0.5,reported,y_over_Lc,0.21251475796930341,1,Z_over_Lc,0.4906832298136646,1,1,0,142,0.004722550177095631,0.021739130434782608
7,8,1522,single,Dash-8,0.001,dash8_simulation_t0.5s,0.5,0.5,reported,y_over_Lc,0.21251475796930341,1,Z_over_Lc,0.5186335403726708,1,1,0,143,0.004722550177095631,0.021739130434782608
7,8,1522,single,Dash-8,0.001,dash8_simulation_t0.5s,0.5,0.5,reported,y_over_Lc,0.21487603305785125,1,Z_over_Lc,0.4937888198757764,1,1,0,144,0.004722550177095631,0.021739130434782608
7,8,1522,single,Dash-8,0.001,dash8_simulation_t0.5s,0.5,0.5,reported,y_over_Lc,0.21487603305785125,1,Z_over_Lc,0.5186335403726708,1,1,0,145,0.004722550177095631,0.021739130434782608
7,8,1522,single,Dash-8,0.001,dash8_simulation_t0.5s,0.5,0.5,reported,y_over_Lc,0.21723730814639905,1,Z_over_Lc,0.5,1,1,0,146,0.004722550177095631,0.021739130434782608
7,8,1522,single,Dash-8,0.001,dash8_simulation_t0.5s,0.5,0.5,reported,y_over_Lc,0.21723730814639905,1,Z_over_Lc,0.531055900621118,1,1,0,147,0.004722550177095631,0.021739130434782608
7,8,1522,single,Dash-8,0.001,dash8_simulation_t0.5s,0.5,0.5,reported,y_over_Lc,0.21959858323494688,1,Z_over_Lc,0.5093167701863354,1,1,0,148,0.004722550177095631,0.021739130434782608
7,8,1522,single,Dash-8,0.001,dash8_simulation_t0.5s,0.5,0.5,reported,y_over_Lc,0.21959858323494688,1,Z_over_Lc,0.5372670807453416,1,1,0,149,0.004722550177095631,0.021739130434782608
7,8,1522,single,Dash-8,0.001,dash8_simulation_t0.5s,0.5,0.5,reported,y_over_Lc,0.22195985832349469,1,Z_over_Lc,0.5124223602484472,1,1,0,150,0.004722550177095631,0.021739130434782608
7,8,1522,single,Dash-8,0.001,dash8_simulation_t0.5s,0.5,0.5,reported,y_over_Lc,0.22195985832349469,1,Z_over_Lc,0.5434782608695652,1,1,0,151,0.004722550177095631,0.021739130434782608
7,8,1522,single,Dash-8,0.001,dash8_simulation_t0.5s,0.5,0.5,reported,y_over_Lc,0.2243211334120425,1,Z_over_Lc,0.5217391304347826,1,1,0,152,0.004722550177095631,0.021739130434782608
7,8,1522,single,Dash-8,0.001,dash8_simulation_t0.5s,0.5,0.5,reported,y_over_Lc,0.2243211334120425,1,Z_over_Lc,0.5496894409937888,1,1,0,153,0.004722550177095631,0.021739130434782608
7,8,1522,single,Dash-8,0.001,dash8_simulation_t0.5s,0.5,0.5,reported,y_over_Lc,0.22668240850059032,1,Z_over_Lc,0.531055900621118,1,1,0,154,0.004722550177095631,0.021739130434782608
7,8,1522,single,Dash-8,0.001,dash8_simulation_t0.5s,0.5,0.5,reported,y_over_Lc,0.22668240850059032,1,Z_over_Lc,0.562111801242236,1,1,0,155,0.004722550177095631,0.021739130434782608
7,8,1522,single,Dash-8,0.001,dash8_simulation_t0.5s,0.5,0.5,reported,y_over_Lc,0.22904368358913813,1,Z_over_Lc,0.5341614906832298,1,1,0,156,0.004722550177095631,0.021739130434782608
7,8,1522,single,Dash-8,0.001,dash8_simulation_t0.5s,0.5,0.5,reported,y_over_Lc,0.22904368358913813,1,Z_over_Lc,0.5652173913043478,1,1,0,157,0.004722550177095631,0.021739130434782608
7,8,1522,single,Dash-8,0.001,dash8_simulation_t0.5s,0.5,0.5,reported,y_over_Lc,0.23140495867768596,1,Z_over_Lc,0.5434782608695652,1,1,0,158,0.004722550177095631,0.021739130434782608
7,8,1522,single,Dash-8,0.001,dash8_simulation_t0.5s,0.5,0.5,reported,y_over_Lc,0.23140495867768596,1,Z_over_Lc,0.5745341614906833,1,1,0,159,0.004722550177095631,0.021739130434782608
7,8,1522,single,Dash-8,0.001,dash8_simulation_t0.5s,0.5,0.5,reported,y_over_Lc,0.23376623376623376,1,Z_over_Lc,0.5496894409937888,1,1,0,160,0.004722550177095631,0.021739130434782608
7,8,1522,single,Dash-8,0.001,dash8_simulation_t0.5s,0.5,0.5,reported,y_over_Lc,0.23376623376623376,1,Z_over_Lc,0.5807453416149069,1,1,0,161,0.004722550177095631,0.021739130434782608
7,8,1522,single,Dash-8,0.001,dash8_simulation_t0.5s,0.5,0.5,reported,y_over_Lc,0.2361275088547816,1,Z_over_Lc,0.5590062111801242,1,1,0,162,0.004722550177095631,0.021739130434782608
7,8,1522,single,Dash-8,0.001,dash8_simulation_t0.5s,0.5,0.5,reported,y_over_Lc,0.2361275088547816,1,Z_over_Lc,0.5838509316770186,1,1,0,163,0.004722550177095631,0.021739130434782608
7,8,1522,single,Dash-8,0.001,dash8_simulation_t0.5s,0.5,0.5,reported,y_over_Lc,0.2384887839433294,1,Z_over_Lc,0.562111801242236,1,1,0,164,0.004722550177095631,0.021739130434782608
7,8,1522,single,Dash-8,0.001,dash8_simulation_t0.5s,0.5,0.5,reported,y_over_Lc,0.2384887839433294,1,Z_over_Lc,0.5838509316770186,1,1,0,165,0.004722550177095631,0.021739130434782608
7,8,1522,single,Dash-8,0.001,dash8_simulation_t0.5s,0.5,0.5,reported,y_over_Lc,0.2408500590318772,1,Z_over_Lc,0.5791925465838509,1,1,0,166,0.004722550177095631,0.021739130434782608
7,8,1522,single,Dash-8,0.001,dash8_simulation_t0.5s,0.5,0.5,reported,y_over_Lc,0.24321133412042503,1,Z_over_Lc,0.5838509316770186,1,1,0,167,0.004722550177095631,0.021739130434782608
7,8,1522,single,Dash-8,0.001,dash8_simulation_t0.5s,0.5,0.5,reported,y_over_Lc,0.24557260920897284,1,Z_over_Lc,0.5900621118012422,1,1,0,168,0.004722550177095631,0.021739130434782608
7,8,1522,single,Dash-8,0.001,dash8_simulation_t0.5s,0.5,0.5,reported,y_over_Lc,0.24793388429752067,1,Z_over_Lc,0.593167701863354,1,1,0,169,0.004722550177095631,0.021739130434782608
7,8,1522,single,Dash-8,0.001,dash8_simulation_t0.5s,0.5,0.5,reported,y_over_Lc,0.2502951593860685,1,Z_over_Lc,0.5962732919254659,1,1,0,170,0.004722550177095631,0.021739130434782608
7,8,1522,single,Dash-8,0.001,dash8_simulation_t0.5s,0.5,0.5,reported,y_over_Lc,0.2526564344746163,1,Z_over_Lc,0.6024844720496895,1,1,0,171,0.004722550177095631,0.021739130434782608
7,8,1522,single,Dash-8,0.001,dash8_simulation_t0.5s,0.5,0.5,reported,y_over_Lc,0.2550177095631641,1,Z_over_Lc,0.6040372670807453,1,1,0,172,0.004722550177095631,0.021739130434782608
7,8,1522,single,Dash-8,0.001,dash8_simulation_t0.5s,0.5,0.5,reported,y_over_Lc,0.25737898465171194,1,Z_over_Lc,0.6040372670807453,1,1,0,173,0.004722550177095631,0.021739130434782608
7,8,1522,single,Dash-8,0.001,dash8_simulation_t0.5s,0.5,0.5,reported,y_over_Lc,0.2597402597402597,1,Z_over_Lc,0.6071428571428571,1,1,0,174,0.004722550177095631,0.021739130434782608
7,8,1522,single,Dash-8,0.001,dash8_simulation_t0.5s,0.5,0.5,reported,y_over_Lc,0.26210153482880755,1,Z_over_Lc,0.6086956521739131,1,1,0,175,0.004722550177095631,0.021739130434782608
7,8,1522,single,Dash-8,0.001,dash8_simulation_t0.5s,0.5,0.5,reported,y_over_Lc,0.2644628099173554,1,Z_over_Lc,0.6118012422360248,1,1,0,176,0.004722550177095631,0.021739130434782608
7,8,1522,single,Dash-8,0.001,dash8_simulation_t0.5s,0.5,0.5,reported,y_over_Lc,0.2668240850059032,1,Z_over_Lc,0.6149068322981367,1,1,0,177,0.004722550177095631,0.021739130434782608
7,8,1522,single,Dash-8,0.001,dash8_simulation_t0.5s,0.5,0.5,reported,y_over_Lc,0.269185360094451,1,Z_over_Lc,0.6164596273291926,1,1,0,178,0.004722550177095631,0.021739130434782608
7,8,1522,single,Dash-8,0.001,dash8_simulation_t0.5s,0.5,0.5,reported,y_over_Lc,0.2715466351829988,1,Z_over_Lc,0.6226708074534162,1,1,0,179,0.004722550177095631,0.021739130434782608
7,8,1522,single,Dash-8,0.001,dash8_simulation_t0.5s,0.5,0.5,reported,y_over_Lc,0.27390791027154665,1,Z_over_Lc,0.6257763975155279,1,1,0,180,0.004722550177095631,0.021739130434782608
7,8,1522,single,Dash-8,0.001,dash8_simulation_t0.5s,0.5,0.5,reported,y_over_Lc,0.2762691853600944,1,Z_over_Lc,0.6335403726708074,1,1,0,181,0.004722550177095631,0.021739130434782608
7,8,1522,single,Dash-8,0.001,dash8_simulation_t0.5s,0.5,0.5,reported,y_over_Lc,0.27863046044864226,1,Z_over_Lc,0.6350931677018633,1,1,0,182,0.004722550177095631,0.021739130434782608
7,8,1522,single,Dash-8,0.001,dash8_simulation_t0.5s,0.5,0.5,reported,y_over_Lc,0.2809917355371901,1,Z_over_Lc,0.6304347826086957,1,1,0,183,0.004722550177095631,0.021739130434782608
7,8,1522,single,Dash-8,0.001,dash8_simulation_t0.5s,0.5,0.5,reported,y_over_Lc,0.2809917355371901,1,Z_over_Lc,0.65527950310559,1,1,0,184,0.004722550177095631,0.021739130434782608
7,8,1522,single,Dash-8,0.001,dash8_simulation_t0.5s,0.5,0.5,reported,y_over_Lc,0.2833530106257379,1,Z_over_Lc,0.6335403726708074,1,1,0,185,0.004722550177095631,0.021739130434782608
7,8,1522,single,Dash-8,0.001,dash8_simulation_t0.5s,0.5,0.5,reported,y_over_Lc,0.2833530106257379,1,Z_over_Lc,0.6583850931677019,1,1,0,186,0.004722550177095631,0.021739130434782608
7,8,1522,single,Dash-8,0.001,dash8_simulation_t0.5s,0.5,0.5,reported,y_over_Lc,0.2857142857142857,1,Z_over_Lc,0.6366459627329193,1,1,0,187,0.004722550177095631,0.021739130434782608
7,8,1522,single,Dash-8,0.001,dash8_simulation_t0.5s,0.5,0.5,reported,y_over_Lc,0.2857142857142857,1,Z_over_Lc,0.6677018633540373,1,1,0,188,0.004722550177095631,0.021739130434782608
7,8,1522,single,Dash-8,0.001,dash8_simulation_t0.5s,0.5,0.5,reported,y_over_Lc,0.28807556080283353,1,Z_over_Lc,0.639751552795031,1,1,0,189,0.004722550177095631,0.021739130434782608
7,8,1522,single,Dash-8,0.001,dash8_simulation_t0.5s,0.5,0.5,reported,y_over_Lc,0.28807556080283353,1,Z_over_Lc,0.6708074534161491,1,1,0,190,0.004722550177095631,0.021739130434782608
7,8,1522,single,Dash-8,0.001,dash8_simulation_t0.5s,0.5,0.5,reported,y_over_Lc,0.29043683589138136,1,Z_over_Lc,0.6521739130434783,1,1,0,191,0.004722550177095631,0.021739130434782608
7,8,1522,single,Dash-8,0.001,dash8_simulation_t0.5s,0.5,0.5,reported,y_over_Lc,0.29043683589138136,1,Z_over_Lc,0.6801242236024845,1,1,0,192,0.004722550177095631,0.021739130434782608
7,8,1522,single,Dash-8,0.001,dash8_simulation_t0.5s,0.5,0.5,reported,y_over_Lc,0.29279811097992914,1,Z_over_Lc,0.6583850931677019,1,1,0,193,0.004722550177095631,0.021739130434782608
7,8,1522,single,Dash-8,0.001,dash8_simulation_t0.5s,0.5,0.5,reported,y_over_Lc,0.29279811097992914,1,Z_over_Lc,0.6894409937888198,1,1,0,194,0.004722550177095631,0.021739130434782608
7,8,1522,single,Dash-8,0.001,dash8_simulation_t0.5s,0.5,0.5,reported,y_over_Lc,0.29515938606847697,1,Z_over_Lc,0.6677018633540373,1,1,0,195,0.004722550177095631,0.021739130434782608
7,8,1522,single,Dash-8,0.001,dash8_simulation_t0.5s,0.5,0.5,reported,y_over_Lc,0.29515938606847697,1,Z_over_Lc,0.6956521739130435,1,1,0,196,0.004722550177095631,0.021739130434782608
7,8,1522,single,Dash-8,0.001,dash8_simulation_t0.5s,0.5,0.5,reported,y_over_Lc,0.2975206611570248,1,Z_over_Lc,0.6708074534161491,1,1,0,197,0.004722550177095631,0.021739130434782608
7,8,1522,single,Dash-8,0.001,dash8_simulation_t0.5s,0.5,0.5,reported,y_over_Lc,0.2975206611570248,1,Z_over_Lc,0.7018633540372671,1,1,0,198,0.004722550177095631,0.021739130434782608
7,8,1522,single,Dash-8,0.001,dash8_simulation_t0.5s,0.5,0.5,reported,y_over_Lc,0.29988193624557263,1,Z_over_Lc,0.6801242236024845,1,1,0,199,0.004722550177095631,0.021739130434782608
7,8,1522,single,Dash-8,0.001,dash8_simulation_t0.5s,0.5,0.5,reported,y_over_Lc,0.29988193624557263,1,Z_over_Lc,0.7080745341614907,1,1,0,200,0.004722550177095631,0.021739130434782608
7,8,1522,single,Dash-8,0.001,dash8_simulation_t0.5s,0.5,0.5,reported,y_over_Lc,0.3022432113341204,1,Z_over_Lc,0.6832298136645962,1,1,0,201,0.004722550177095631,0.021739130434782608
7,8,1522,single,Dash-8,0.001,dash8_simulation_t0.5s,0.5,0.5,reported,y_over_Lc,0.3022432113341204,1,Z_over_Lc,0.717391304347826,1,1,0,202,0.004722550177095631,0.021739130434782608
7,8,1522,single,Dash-8,0.001,dash8_simulation_t0.5s,0.5,0.5,reported,y_over_Lc,0.30460448642266824,1,Z_over_Lc,0.6956521739130435,1,1,0,203,0.004722550177095631,0.021739130434782608
7,8,1522,single,Dash-8,0.001,dash8_simulation_t0.5s,0.5,0.5,reported,y_over_Lc,0.30460448642266824,1,Z_over_Lc,0.7204968944099379,1,1,0,204,0.004722550177095631,0.021739130434782608
7,8,1522,single,Dash-8,0.001,dash8_simulation_t0.5s,0.5,0.5,reported,y_over_Lc,0.3069657615112161,1,Z_over_Lc,0.7018633540372671,1,1,0,205,0.004722550177095631,0.021739130434782608
7,8,1522,single,Dash-8,0.001,dash8_simulation_t0.5s,0.5,0.5,reported,y_over_Lc,0.3069657615112161,1,Z_over_Lc,0.7267080745341615,1,1,0,206,0.004722550177095631,0.021739130434782608
7,8,1522,single,Dash-8,0.001,dash8_simulation_t0.5s,0.5,0.5,reported,y_over_Lc,0.30932703659976385,1,Z_over_Lc,0.7111801242236024,1,1,0,207,0.004722550177095631,0.021739130434782608
7,8,1522,single,Dash-8,0.001,dash8_simulation_t0.5s,0.5,0.5,reported,y_over_Lc,0.30932703659976385,1,Z_over_Lc,0.7329192546583851,1,1,0,208,0.004722550177095631,0.021739130434782608
7,8,1522,single,Dash-8,0.001,dash8_simulation_t0.5s,0.5,0.5,reported,y_over_Lc,0.3116883116883117,1,Z_over_Lc,0.7142857142857143,1,1,0,209,0.004722550177095631,0.021739130434782608
7,8,1522,single,Dash-8,0.001,dash8_simulation_t0.5s,0.5,0.5,reported,y_over_Lc,0.3116883116883117,1,Z_over_Lc,0.7360248447204969,1,1,0,210,0.004722550177095631,0.021739130434782608
7,8,1522,single,Dash-8,0.001,dash8_simulation_t0.5s,0.5,0.5,reported,y_over_Lc,0.3140495867768595,1,Z_over_Lc,0.7204968944099379,1,1,0,211,0.004722550177095631,0.021739130434782608
7,8,1522,single,Dash-8,0.001,dash8_simulation_t0.5s,0.5,0.5,reported,y_over_Lc,0.3140495867768595,1,Z_over_Lc,0.7391304347826086,1,1,0,212,0.004722550177095631,0.021739130434782608
7,8,1522,single,Dash-8,0.001,dash8_simulation_t0.5s,0.5,0.5,reported,y_over_Lc,0.31641086186540734,1,Z_over_Lc,0.7391304347826086,1,1,0,213,0.004722550177095631,0.021739130434782608
7,8,1522,single,Dash-8,0.001,dash8_simulation_t0.5s,0.5,0.5,reported,y_over_Lc,0.3187721369539551,1,Z_over_Lc,0.7422360248447205,1,1,0,214,0.004722550177095631,0.021739130434782608
7,8,1522,single,Dash-8,0.001,dash8_simulation_t0.5s,0.5,0.5,reported,y_over_Lc,0.32113341204250295,1,Z_over_Lc,0.7468944099378882,1,1,0,215,0.004722550177095631,0.021739130434782608
7,8,1522,single,Dash-8,0.001,dash8_simulation_t0.5s,0.5,0.5,reported,y_over_Lc,0.3234946871310508,1,Z_over_Lc,0.7515527950310559,1,1,0,216,0.004722550177095631,0.021739130434782608
7,8,1522,single,Dash-8,0.001,dash8_simulation_t0.5s,0.5,0.5,reported,y_over_Lc,0.32585596221959856,1,Z_over_Lc,0.7577639751552795,1,1,0,217,0.004722550177095631,0.021739130434782608
7,8,1522,single,Dash-8,0.001,dash8_simulation_t0.5s,0.5,0.5,reported,y_over_Lc,0.3282172373081464,1,Z_over_Lc,0.7608695652173914,1,1,0,218,0.004722550177095631,0.021739130434782608
7,8,1522,single,Dash-8,0.001,dash8_simulation_t0.5s,0.5,0.5,reported,y_over_Lc,0.3305785123966942,1,Z_over_Lc,0.7670807453416149,1,1,0,219,0.004722550177095631,0.021739130434782608
7,8,1522,single,Dash-8,0.001,dash8_simulation_t0.5s,0.5,0.5,reported,y_over_Lc,0.33293978748524206,1,Z_over_Lc,0.7732919254658385,1,1,0,220,0.004722550177095631,0.021739130434782608
7,8,1522,single,Dash-8,0.001,dash8_simulation_t0.5s,0.5,0.5,reported,y_over_Lc,0.33530106257378983,1,Z_over_Lc,0.7763975155279503,1,1,0,221,0.004722550177095631,0.021739130434782608
7,8,1522,single,Dash-8,0.001,dash8_simulation_t0.5s,0.5,0.5,reported,y_over_Lc,0.33766233766233766,1,Z_over_Lc,0.782608695652174,1,1,0,222,0.004722550177095631,0.021739130434782608
7,8,1522,single,Dash-8,0.001,dash8_simulation_t0.5s,0.5,0.5,reported,y_over_Lc,0.3400236127508855,1,Z_over_Lc,0.7857142857142857,1,1,0,223,0.004722550177095631,0.021739130434782608
7,8,1522,single,Dash-8,0.001,dash8_simulation_t0.5s,0.5,0.5,reported,y_over_Lc,0.34238488783943327,1,Z_over_Lc,0.7903726708074534,1,1,0,224,0.004722550177095631,0.021739130434782608
7,8,1522,single,Dash-8,0.001,dash8_simulation_t0.5s,0.5,0.5,reported,y_over_Lc,0.3447461629279811,1,Z_over_Lc,0.7950310559006211,1,1,0,225,0.004722550177095631,0.021739130434782608
7,8,1522,single,Dash-8,0.001,dash8_simulation_t0.5s,0.5,0.5,reported,y_over_Lc,0.34710743801652894,1,Z_over_Lc,0.7996894409937888,1,1,0,226,0.004722550177095631,0.021739130434782608
7,8,1522,single,Dash-8,0.001,dash8_simulation_t0.5s,0.5,0.5,reported,y_over_Lc,0.34946871310507677,1,Z_over_Lc,0.8043478260869565,1,1,0,227,0.004722550177095631,0.021739130434782608
7,8,1522,single,Dash-8,0.001,dash8_simulation_t0.5s,0.5,0.5,reported,y_over_Lc,0.35182998819362454,1,Z_over_Lc,0.8090062111801242,1,1,0,228,0.004722550177095631,0.021739130434782608
7,8,1522,single,Dash-8,0.001,dash8_simulation_t0.5s,0.5,0.5,reported,y_over_Lc,0.3541912632821724,1,Z_over_Lc,0.8136645962732919,1,1,0,229,0.004722550177095631,0.021739130434782608
7,8,1522,single,Dash-8,0.001,dash8_simulation_t0.5s,0.5,0.5,reported,y_over_Lc,0.3565525383707202,1,Z_over_Lc,0.7670807453416149,1,1,0,230,0.004722550177095631,0.021739130434782608
7,8,1522,single,Dash-8,0.001,dash8_simulation_t0.5s,0.5,0.5,reported,y_over_Lc,0.3565525383707202,1,Z_over_Lc,0.8198757763975155,1,1,1,231,0.004722550177095631,0.021739130434782608
7,8,1522,single,Dash-8,0.001,dash8_simulation_t0.5s,0.5,0.5,reported,y_over_Lc,0.358913813459268,1,Z_over_Lc,0.7670807453416149,1,1,0,232,0.004722550177095631,0.021739130434782608
7,8,1522,single,Dash-8,0.001,dash8_simulation_t0.5s,0.5,0.5,reported,y_over_Lc,0.358913813459268,1,Z_over_Lc,0.8245341614906833,1,1,1,233,0.004722550177095631,0.021739130434782608
7,8,1522,single,Dash-8,0.001,dash8_simulation_t0.5s,0.5,0.5,reported,y_over_Lc,0.3612750885478158,1,Z_over_Lc,0.7701863354037267,1,1,0,234,0.004722550177095631,0.021739130434782608
7,8,1522,single,Dash-8,0.001,dash8_simulation_t0.5s,0.5,0.5,reported,y_over_Lc,0.3612750885478158,1,Z_over_Lc,0.827639751552795,1,1,1,235,0.004722550177095631,0.021739130434782608
7,8,1522,single,Dash-8,0.001,dash8_simulation_t0.5s,0.5,0.5,reported,y_over_Lc,0.36363636363636365,1,Z_over_Lc,0.7732919254658385,1,1,0,236,0.004722550177095631,0.021739130434782608
7,8,1522,single,Dash-8,0.001,dash8_simulation_t0.5s,0.5,0.5,reported,y_over_Lc,0.36363636363636365,1,Z_over_Lc,0.8338509316770186,1,1,1,237,0.004722550177095631,0.021739130434782608
7,8,1522,single,Dash-8,0.001,dash8_simulation_t0.5s,0.5,0.5,reported,y_over_Lc,0.3659976387249115,1,Z_over_Lc,0.7748447204968945,1,1,0,238,0.004722550177095631,0.021739130434782608
7,8,1522,single,Dash-8,0.001,dash8_simulation_t0.5s,0.5,0.5,reported,y_over_Lc,0.3659976387249115,1,Z_over_Lc,0.8385093167701864,1,1,1,239,0.004722550177095631,0.021739130434782608
7,8,1522,single,Dash-8,0.001,dash8_simulation_t0.5s,0.5,0.5,reported,y_over_Lc,0.36835891381345925,1,Z_over_Lc,0.7763975155279503,1,1,0,240,0.004722550177095631,0.021739130434782608
7,8,1522,single,Dash-8,0.001,dash8_simulation_t0.5s,0.5,0.5,reported,y_over_Lc,0.36835891381345925,1,Z_over_Lc,0.8416149068322981,1,1,1,241,0.004722550177095631,0.021739130434782608
7,8,1522,single,Dash-8,0.001,dash8_simulation_t0.5s,0.5,0.5,reported,y_over_Lc,0.3707201889020071,1,Z_over_Lc,0.7701863354037267,1,1,0,242,0.004722550177095631,0.021739130434782608
7,8,1522,single,Dash-8,0.001,dash8_simulation_t0.5s,0.5,0.5,reported,y_over_Lc,0.3707201889020071,1,Z_over_Lc,0.7919254658385093,1,1,0,243,0.004722550177095631,0.021739130434782608
7,8,1522,single,Dash-8,0.001,dash8_simulation_t0.5s,0.5,0.5,reported,y_over_Lc,0.3707201889020071,1,Z_over_Lc,0.8478260869565217,1,1,1,244,0.004722550177095631,0.021739130434782608
7,8,1522,single,Dash-8,0.001,dash8_simulation_t0.5s,0.5,0.5,reported,y_over_Lc,0.3730814639905549,1,Z_over_Lc,0.7701863354037267,1,1,0,245,0.004722550177095631,0.021739130434782608
7,8,1522,single,Dash-8,0.001,dash8_simulation_t0.5s,0.5,0.5,reported,y_over_Lc,0.3730814639905549,1,Z_over_Lc,0.7981366459627329,1,1,0,246,0.004722550177095631,0.021739130434782608
7,8,1522,single,Dash-8,0.001,dash8_simulation_t0.5s,0.5,0.5,reported,y_over_Lc,0.3730814639905549,1,Z_over_Lc,0.8509316770186336,1,1,1,247,0.004722550177095631,0.021739130434782608
7,8,1522,single,Dash-8,0.001,dash8_simulation_t0.5s,0.5,0.5,reported,y_over_Lc,0.3754427390791027,1,Z_over_Lc,0.7732919254658385,1,1,0,248,0.004722550177095631,0.021739130434782608
7,8,1522,single,Dash-8,0.001,dash8_simulation_t0.5s,0.5,0.5,reported,y_over_Lc,0.3754427390791027,1,Z_over_Lc,0.8043478260869565,1,1,0,249,0.004722550177095631,0.021739130434782608
7,8,1522,single,Dash-8,0.001,dash8_simulation_t0.5s,0.5,0.5,reported,y_over_Lc,0.3754427390791027,1,Z_over_Lc,0.8540372670807453,1,1,1,250,0.004722550177095631,0.021739130434782608
7,8,1522,single,Dash-8,0.001,dash8_simulation_t0.5s,0.5,0.5,reported,y_over_Lc,0.3778040141676505,1,Z_over_Lc,0.782608695652174,1,1,0,251,0.004722550177095631,0.021739130434782608
7,8,1522,single,Dash-8,0.001,dash8_simulation_t0.5s,0.5,0.5,reported,y_over_Lc,0.3778040141676505,1,Z_over_Lc,0.8105590062111802,1,1,0,252,0.004722550177095631,0.021739130434782608
7,8,1522,single,Dash-8,0.001,dash8_simulation_t0.5s,0.5,0.5,reported,y_over_Lc,0.3778040141676505,1,Z_over_Lc,0.8586956521739131,1,1,1,253,0.004722550177095631,0.021739130434782608
7,8,1522,single,Dash-8,0.001,dash8_simulation_t0.5s,0.5,0.5,reported,y_over_Lc,0.38016528925619836,1,Z_over_Lc,0.7919254658385093,1,1,0,254,0.004722550177095631,0.021739130434782608
7,8,1522,single,Dash-8,0.001,dash8_simulation_t0.5s,0.5,0.5,reported,y_over_Lc,0.38016528925619836,1,Z_over_Lc,0.8198757763975155,1,1,0,255,0.004722550177095631,0.021739130434782608
7,8,1522,single,Dash-8,0.001,dash8_simulation_t0.5s,0.5,0.5,reported,y_over_Lc,0.38016528925619836,1,Z_over_Lc,0.8633540372670807,1,1,1,256,0.004722550177095631,0.021739130434782608
7,8,1522,single,Dash-8,0.001,dash8_simulation_t0.5s,0.5,0.5,reported,y_over_Lc,0.3825265643447462,1,Z_over_Lc,0.7981366459627329,1,1,0,257,0.004722550177095631,0.021739130434782608
7,8,1522,single,Dash-8,0.001,dash8_simulation_t0.5s,0.5,0.5,reported,y_over_Lc,0.3825265643447462,1,Z_over_Lc,0.8198757763975155,1,1,0,258,0.004722550177095631,0.021739130434782608
7,8,1522,single,Dash-8,0.001,dash8_simulation_t0.5s,0.5,0.5,reported,y_over_Lc,0.3825265643447462,1,Z_over_Lc,0.8649068322981367,1,1,1,259,0.004722550177095631,0.021739130434782608
7,8,1522,single,Dash-8,0.001,dash8_simulation_t0.5s,0.5,0.5,reported,y_over_Lc,0.38488783943329397,1,Z_over_Lc,0.812111801242236,1,1,0,260,0.004722550177095631,0.021739130434782608
7,8,1522,single,Dash-8,0.001,dash8_simulation_t0.5s,0.5,0.5,reported,y_over_Lc,0.38488783943329397,1,Z_over_Lc,0.8711180124223602,1,1,1,261,0.004722550177095631,0.021739130434782608
7,8,1522,single,Dash-8,0.001,dash8_simulation_t0.5s,0.5,0.5,reported,y_over_Lc,0.3872491145218418,1,Z_over_Lc,0.8136645962732919,1,1,0,262,0.004722550177095631,0.021739130434782608
7,8,1522,single,Dash-8,0.001,dash8_simulation_t0.5s,0.5,0.5,reported,y_over_Lc,0.3872491145218418,1,Z_over_Lc,0.8726708074534162,1,1,1,263,0.004722550177095631,0.021739130434782608
7,8,1522,single,Dash-8,0.001,dash8_simulation_t0.5s,0.5,0.5,reported,y_over_Lc,0.38961038961038963,1,Z_over_Lc,0.8152173913043478,1,1,0,264,0.004722550177095631,0.021739130434782608
7,8,1522,single,Dash-8,0.001,dash8_simulation_t0.5s,0.5,0.5,reported,y_over_Lc,0.38961038961038963,1,Z_over_Lc,0.8757763975155279,1,1,1,265,0.004722550177095631,0.021739130434782608
7,8,1522,single,Dash-8,0.001,dash8_simulation_t0.5s,0.5,0.5,reported,y_over_Lc,0.3919716646989374,1,Z_over_Lc,0.8183229813664596,1,1,0,266,0.004722550177095631,0.021739130434782608
7,8,1522,single,Dash-8,0.001,dash8_simulation_t0.5s,0.5,0.5,reported,y_over_Lc,0.3919716646989374,1,Z_over_Lc,0.8773291925465838,1,1,1,267,0.004722550177095631,0.021739130434782608
7,8,1522,single,Dash-8,0.001,dash8_simulation_t0.5s,0.5,0.5,reported,y_over_Lc,0.39433293978748524,1,Z_over_Lc,0.8198757763975155,1,1,0,268,0.004722550177095631,0.021739130434782608
7,8,1522,single,Dash-8,0.001,dash8_simulation_t0.5s,0.5,0.5,reported,y_over_Lc,0.39433293978748524,1,Z_over_Lc,0.8819875776397516,1,1,1,269,0.004722550177095631,0.021739130434782608
7,8,1522,single,Dash-8,0.001,dash8_simulation_t0.5s,0.5,0.5,reported,y_over_Lc,0.39669421487603307,1,Z_over_Lc,0.8214285714285714,1,1,0,270,0.004722550177095631,0.021739130434782608
7,8,1522,single,Dash-8,0.001,dash8_simulation_t0.5s,0.5,0.5,reported,y_over_Lc,0.39669421487603307,1,Z_over_Lc,0.8819875776397516,1,1,1,271,0.004722550177095631,0.021739130434782608
7,8,1522,single,Dash-8,0.001,dash8_simulation_t0.5s,0.5,0.5,reported,y_over_Lc,0.3990554899645809,1,Z_over_Lc,0.8866459627329193,1,1,0,272,0.004722550177095631,0.021739130434782608
7,8,1522,single,Dash-8,0.001,dash8_simulation_t0.5s,0.5,0.5,reported,y_over_Lc,0.4014167650531287,1,Z_over_Lc,0.8866459627329193,1,1,0,273,0.004722550177095631,0.021739130434782608
7,8,1522,single,Dash-8,0.001,dash8_simulation_t0.5s,0.5,0.5,reported,y_over_Lc,0.4037780401416765,1,Z_over_Lc,0.889751552795031,1,1,0,274,0.004722550177095631,0.021739130434782608
7,8,1522,single,Dash-8,0.001,dash8_simulation_t0.5s,0.5,0.5,reported,y_over_Lc,0.40613931523022434,1,Z_over_Lc,0.8944099378881988,1,1,0,275,0.004722550177095631,0.021739130434782608
7,8,1522,single,Dash-8,0.001,dash8_simulation_t0.5s,0.5,0.5,reported,y_over_Lc,0.4085005903187721,1,Z_over_Lc,0.8990683229813664,1,1,0,276,0.004722550177095631,0.021739130434782608
7,8,1522,single,Dash-8,0.001,dash8_simulation_t0.5s,0.5,0.5,reported,y_over_Lc,0.41086186540731995,1,Z_over_Lc,0.9021739130434783,1,1,0,277,0.004722550177095631,0.021739130434782608
7,8,1522,single,Dash-8,0.001,dash8_simulation_t0.5s,0.5,0.5,reported,y_over_Lc,0.4132231404958678,1,Z_over_Lc,0.9083850931677019,1,1,0,278,0.004722550177095631,0.021739130434782608
7,8,1522,single,Dash-8,0.001,dash8_simulation_t0.5s,0.5,0.5,reported,y_over_Lc,0.4155844155844156,1,Z_over_Lc,0.9006211180124224,1,1,0,279,0.004722550177095631,0.021739130434782608
7,8,1522,single,Dash-8,0.001,dash8_simulation_t0.5s,0.5,0.5,reported,y_over_Lc,0.4155844155844156,1,Z_over_Lc,0.922360248447205,1,1,0,280,0.004722550177095631,0.021739130434782608
7,8,1522,single,Dash-8,0.001,dash8_simulation_t0.5s,0.5,0.5,reported,y_over_Lc,0.4179456906729634,1,Z_over_Lc,0.9006211180124224,1,1,0,281,0.004722550177095631,0.021739130434782608
7,8,1522,single,Dash-8,0.001,dash8_simulation_t0.5s,0.5,0.5,reported,y_over_Lc,0.4179456906729634,1,Z_over_Lc,0.9285714285714286,1,1,0,282,0.004722550177095631,0.021739130434782608
7,8,1522,single,Dash-8,0.001,dash8_simulation_t0.5s,0.5,0.5,reported,y_over_Lc,0.4203069657615112,1,Z_over_Lc,0.906832298136646,1,1,0,283,0.004722550177095631,0.021739130434782608
7,8,1522,single,Dash-8,0.001,dash8_simulation_t0.5s,0.5,0.5,reported,y_over_Lc,0.4203069657615112,1,Z_over_Lc,0.937888198757764,1,1,0,284,0.004722550177095631,0.021739130434782608
7,8,1522,single,Dash-8,0.001,dash8_simulation_t0.5s,0.5,0.5,reported,y_over_Lc,0.42266824085005905,1,Z_over_Lc,0.9130434782608695,1,1,0,285,0.004722550177095631,0.021739130434782608
7,8,1522,single,Dash-8,0.001,dash8_simulation_t0.5s,0.5,0.5,reported,y_over_Lc,0.42266824085005905,1,Z_over_Lc,0.9472049689440993,1,1,0,286,0.004722550177095631,0.021739130434782608
7,8,1522,single,Dash-8,0.001,dash8_simulation_t0.5s,0.5,0.5,reported,y_over_Lc,0.42502951593860683,1,Z_over_Lc,0.9161490683229814,1,1,0,287,0.004722550177095631,0.021739130434782608
7,8,1522,single,Dash-8,0.001,dash8_simulation_t0.5s,0.5,0.5,reported,y_over_Lc,0.42502951593860683,1,Z_over_Lc,0.9503105590062112,1,1,0,288,0.004722550177095631,0.021739130434782608
7,8,1522,single,Dash-8,0.001,dash8_simulation_t0.5s,0.5,0.5,reported,y_over_Lc,0.42739079102715466,1,Z_over_Lc,0.922360248447205,1,1,0,289,0.004722550177095631,0.021739130434782608
7,8,1522,single,Dash-8,0.001,dash8_simulation_t0.5s,0.5,0.5,reported,y_over_Lc,0.42739079102715466,1,Z_over_Lc,0.953416149068323,1,1,0,290,0.004722550177095631,0.021739130434782608
7,8,1522,single,Dash-8,0.001,dash8_simulation_t0.5s,0.5,0.5,reported,y_over_Lc,0.4297520661157025,1,Z_over_Lc,0.9285714285714286,1,1,0,291,0.004722550177095631,0.021739130434782608
7,8,1522,single,Dash-8,0.001,dash8_simulation_t0.5s,0.5,0.5,reported,y_over_Lc,0.4297520661157025,1,Z_over_Lc,0.9596273291925466,1,1,0,292,0.004722550177095631,0.021739130434782608
7,8,1522,single,Dash-8,0.001,dash8_simulation_t0.5s,0.5,0.5,reported,y_over_Lc,0.43211334120425027,1,Z_over_Lc,0.937888198757764,1,1,0,293,0.004722550177095631,0.021739130434782608
7,8,1522,single,Dash-8,0.001,dash8_simulation_t0.5s,0.5,0.5,reported,y_over_Lc,0.43211334120425027,1,Z_over_Lc,0.9658385093167702,1,1,0,294,0.004722550177095631,0.021739130434782608
7,8,1522,single,Dash-8,0.001,dash8_simulation_t0.5s,0.5,0.5,reported,y_over_Lc,0.4344746162927981,1,Z_over_Lc,0.9440993788819876,1,1,0,295,0.004722550177095631,0.021739130434782608
7,8,1522,single,Dash-8,0.001,dash8_simulation_t0.5s,0.5,0.5,reported,y_over_Lc,0.4344746162927981,1,Z_over_Lc,0.9720496894409938,1,1,0,296,0.004722550177095631,0.021739130434782608
7,8,1522,single,Dash-8,0.001,dash8_simulation_t0.5s,0.5,0.5,reported,y_over_Lc,0.43683589138134593,1,Z_over_Lc,0.9503105590062112,1,1,0,297,0.004722550177095631,0.021739130434782608
7,8,1522,single,Dash-8,0.001,dash8_simulation_t0.5s,0.5,0.5,reported,y_over_Lc,0.43683589138134593,1,Z_over_Lc,0.9782608695652174,1,1,0,298,0.004722550177095631,0.021739130434782608
7,8,1522,single,Dash-8,0.001,dash8_simulation_t0.5s,0.5,0.5,reported,y_over_Lc,0.43919716646989376,1,Z_over_Lc,0.9596273291925466,1,1,0,299,0.004722550177095631,0.021739130434782608
7,8,1522,single,Dash-8,0.001,dash8_simulation_t0.5s,0.5,0.5,reported,y_over_Lc,0.43919716646989376,1,Z_over_Lc,0.9875776397515528,1,1,0,300,0.004722550177095631,0.021739130434782608
7,8,1522,single,Dash-8,0.001,dash8_simulation_t0.5s,0.5,0.5,reported,y_over_Lc,0.44155844155844154,1,Z_over_Lc,0.9658385093167702,1,1,0,301,0.004722550177095631,0.021739130434782608
7,8,1522,single,Dash-8,0.001,dash8_simulation_t0.5s,0.5,0.5,reported,y_over_Lc,0.44155844155844154,1,Z_over_Lc,0.9937888198757764,1,1,0,302,0.004722550177095631,0.021739130434782608
7,8,1522,single,Dash-8,0.001,dash8_simulation_t0.5s,0.5,0.5,reported,y_over_Lc,0.44391971664698937,1,Z_over_Lc,0.9720496894409938,1,1,0,303,0.004722550177095631,0.021739130434782608
7,8,1522,single,Dash-8,0.001,dash8_simulation_t0.5s,0.5,0.5,reported,y_over_Lc,0.44391971664698937,1,Z_over_Lc,1.0,1,1,0,304,0.004722550177095631,0.021739130434782608
7,8,1522,single,Dash-8,0.001,dash8_simulation_t0.5s,0.5,0.5,reported,y_over_Lc,0.44391971664698937,1,Z_over_Lc,1.0248447204968945,1,1,1,305,0.004722550177095631,0.021739130434782608
7,8,1522,single,Dash-8,0.001,dash8_simulation_t0.5s,0.5,0.5,reported,y_over_Lc,0.4462809917355372,1,Z_over_Lc,0.9782608695652174,1,1,0,306,0.004722550177095631,0.021739130434782608
7,8,1522,single,Dash-8,0.001,dash8_simulation_t0.5s,0.5,0.5,reported,y_over_Lc,0.4462809917355372,1,Z_over_Lc,1.015527950310559,1,1,0,307,0.004722550177095631,0.021739130434782608
7,8,1522,single,Dash-8,0.001,dash8_simulation_t0.5s,0.5,0.5,reported,y_over_Lc,0.448642266824085,1,Z_over_Lc,0.9906832298136646,1,1,0,308,0.004722550177095631,0.021739130434782608
7,8,1522,single,Dash-8,0.001,dash8_simulation_t0.5s,0.5,0.5,reported,y_over_Lc,0.448642266824085,1,Z_over_Lc,1.0248447204968945,1,1,0,309,0.004722550177095631,0.021739130434782608
7,8,1522,single,Dash-8,0.001,dash8_simulation_t0.5s,0.5,0.5,reported,y_over_Lc,0.4510035419126328,1,Z_over_Lc,0.9906832298136646,1,1,0,310,0.004722550177095631,0.021739130434782608
7,8,1522,single,Dash-8,0.001,dash8_simulation_t0.5s,0.5,0.5,reported,y_over_Lc,0.4510035419126328,1,Z_over_Lc,1.031055900621118,1,1,0,311,0.004722550177095631,0.021739130434782608
7,8,1522,single,Dash-8,0.001,dash8_simulation_t0.5s,0.5,0.5,reported,y_over_Lc,0.45336481700118064,1,Z_over_Lc,1.0031055900621118,1,1,0,312,0.004722550177095631,0.021739130434782608
7,8,1522,single,Dash-8,0.001,dash8_simulation_t0.5s,0.5,0.5,reported,y_over_Lc,0.45336481700118064,1,Z_over_Lc,1.0372670807453417,1,1,0,313,0.004722550177095631,0.021739130434782608
7,8,1522,single,Dash-8,0.001,dash8_simulation_t0.5s,0.5,0.5,reported,y_over_Lc,0.4557260920897285,1,Z_over_Lc,1.0062111801242235,1,1,0,314,0.004722550177095631,0.021739130434782608
7,8,1522,single,Dash-8,0.001,dash8_simulation_t0.5s,0.5,0.5,reported,y_over_Lc,0.4557260920897285,1,Z_over_Lc,1.046583850931677,1,1,0,315,0.004722550177095631,0.021739130434782608
7,8,1522,single,Dash-8,0.001,dash8_simulation_t0.5s,0.5,0.5,reported,y_over_Lc,0.45808736717827625,1,Z_over_Lc,1.015527950310559,1,1,0,316,0.004722550177095631,0.021739130434782608
7,8,1522,single,Dash-8,0.001,dash8_simulation_t0.5s,0.5,0.5,reported,y_over_Lc,0.45808736717827625,1,Z_over_Lc,1.0527950310559007,1,1,0,317,0.004722550177095631,0.021739130434782608
7,8,1522,single,Dash-8,0.001,dash8_simulation_t0.5s,0.5,0.5,reported,y_over_Lc,0.4604486422668241,1,Z_over_Lc,1.0186335403726707,1,1,0,318,0.004722550177095631,0.021739130434782608
7,8,1522,single,Dash-8,0.001,dash8_simulation_t0.5s,0.5,0.5,reported,y_over_Lc,0.4604486422668241,1,Z_over_Lc,1.0590062111801242,1,1,0,319,0.004722550177095631,0.021739130434782608
7,8,1522,single,Dash-8,0.001,dash8_simulation_t0.5s,0.5,0.5,reported,y_over_Lc,0.4628099173553719,1,Z_over_Lc,1.0279503105590062,1,1,0,320,0.004722550177095631,0.021739130434782608
7,8,1522,single,Dash-8,0.001,dash8_simulation_t0.5s,0.5,0.5,reported,y_over_Lc,0.4628099173553719,1,Z_over_Lc,1.0714285714285714,1,1,0,321,0.004722550177095631,0.021739130434782608
7,8,1522,single,Dash-8,0.001,dash8_simulation_t0.5s,0.5,0.5,reported,y_over_Lc,0.4651711924439197,1,Z_over_Lc,1.0279503105590062,1,1,0,322,0.004722550177095631,0.021739130434782608
7,8,1522,single,Dash-8,0.001,dash8_simulation_t0.5s,0.5,0.5,reported,y_over_Lc,0.4651711924439197,1,Z_over_Lc,1.0776397515527951,1,1,0,323,0.004722550177095631,0.021739130434782608
7,8,1522,single,Dash-8,0.001,dash8_simulation_t0.5s,0.5,0.5,reported,y_over_Lc,0.4675324675324675,1,Z_over_Lc,1.0341614906832297,1,1,0,324,0.004722550177095631,0.021739130434782608
7,8,1522,single,Dash-8,0.001,dash8_simulation_t0.5s,0.5,0.5,reported,y_over_Lc,0.4675324675324675,1,Z_over_Lc,1.0807453416149069,1,1,0,325,0.004722550177095631,0.021739130434782608
7,8,1522,single,Dash-8,0.001,dash8_simulation_t0.5s,0.5,0.5,reported,y_over_Lc,0.46989374262101535,1,Z_over_Lc,1.0403726708074534,1,1,0,326,0.004722550177095631,0.021739130434782608
7,8,1522,single,Dash-8,0.001,dash8_simulation_t0.5s,0.5,0.5,reported,y_over_Lc,0.46989374262101535,1,Z_over_Lc,1.0776397515527951,1,1,0,327,0.004722550177095631,0.021739130434782608
7,8,1522,single,Dash-8,0.001,dash8_simulation_t0.5s,0.5,0.5,reported,y_over_Lc,0.4722550177095632,1,Z_over_Lc,1.046583850931677,1,1,0,328,0.004722550177095631,0.021739130434782608
7,8,1522,single,Dash-8,0.001,dash8_simulation_t0.5s,0.5,0.5,reported,y_over_Lc,0.4722550177095632,1,Z_over_Lc,1.0776397515527951,1,1,0,329,0.004722550177095631,0.021739130434782608
7,8,1522,single,Dash-8,0.001,dash8_simulation_t0.5s,0.5,0.5,reported,y_over_Lc,0.47461629279811096,1,Z_over_Lc,1.046583850931677,1,1,0,330,0.004722550177095631,0.021739130434782608
7,8,1522,single,Dash-8,0.001,dash8_simulation_t0.5s,0.5,0.5,reported,y_over_Lc,0.47461629279811096,1,Z_over_Lc,1.0776397515527951,1,1,0,331,0.004722550177095631,0.021739130434782608
7,8,1522,single,Dash-8,0.001,dash8_simulation_t0.5s,0.5,0.5,reported,y_over_Lc,0.4769775678866588,1,Z_over_Lc,1.0559006211180124,1,1,0,332,0.004722550177095631,0.021739130434782608
7,8,1522,single,Dash-8,0.001,dash8_simulation_t0.5s,0.5,0.5,reported,y_over_Lc,0.4769775678866588,1,Z_over_Lc,1.0776397515527951,1,1,0,333,0.004722550177095631,0.021739130434782608
7,8,1522,single,Dash-8,0.001,dash8_simulation_t0.5s,0.5,0.5,reported,y_over_Lc,0.4793388429752066,1,Z_over_Lc,1.0590062111801242,1,1,0,334,0.004722550177095631,0.021739130434782608
7,8,1522,single,Dash-8,0.001,dash8_simulation_t0.5s,0.5,0.5,reported,y_over_Lc,0.4793388429752066,1,Z_over_Lc,1.0776397515527951,1,1,0,335,0.004722550177095631,0.021739130434782608
7,8,1522,single,Dash-8,0.001,dash8_simulation_t0.5s,0.5,0.5,reported,y_over_Lc,0.4817001180637544,1,Z_over_Lc,1.0698757763975155,1,1,0,336,0.004722550177095631,0.021739130434782608
7,8,1522,single,Dash-8,0.001,dash8_simulation_t0.5s,0.5,0.5,reported,y_over_Lc,0.48406139315230223,1,Z_over_Lc,1.0698757763975155,1,1,0,337,0.004722550177095631,0.021739130434782608
7,8,1522,single,Dash-8,0.001,dash8_simulation_t0.5s,0.5,0.5,reported,y_over_Lc,0.48642266824085006,1,Z_over_Lc,1.076086956521739,1,1,0,338,0.004722550177095631,0.021739130434782608
7,8,1522,single,Dash-8,0.001,dash8_simulation_t0.5s,0.5,0.5,reported,y_over_Lc,0.4887839433293979,1,Z_over_Lc,1.0776397515527951,1,1,0,339,0.004722550177095631,0.021739130434782608
7,8,1522,single,Dash-8,0.001,dash8_simulation_t0.5s,0.5,0.5,reported,y_over_Lc,0.4911452184179457,1,Z_over_Lc,1.0807453416149069,1,1,0,340,0.004722550177095631,0.021739130434782608
7,8,1522,single,Dash-8,0.001,dash8_simulation_t0.5s,0.5,0.5,reported,y_over_Lc,0.4935064935064935,1,Z_over_Lc,1.0838509316770186,1,1,0,341,0.004722550177095631,0.021739130434782608
7,8,1522,single,Dash-8,0.001,dash8_simulation_t0.5s,0.5,0.5,reported,y_over_Lc,0.49586776859504134,1,Z_over_Lc,1.0869565217391304,1,1,0,342,0.004722550177095631,0.021739130434782608
7,8,1522,single,Dash-8,0.001,dash8_simulation_t0.5s,0.5,0.5,reported,y_over_Lc,0.4982290436835891,1,Z_over_Lc,1.0885093167701863,1,1,0,343,0.004722550177095631,0.021739130434782608
7,8,1522,single,Dash-8,0.001,dash8_simulation_t0.5s,0.5,0.5,reported,y_over_Lc,0.500590318772137,1,Z_over_Lc,1.0900621118012421,1,1,0,344,0.004722550177095631,0.021739130434782608
7,8,1522,single,Dash-8,0.001,dash8_simulation_t0.5s,0.5,0.5,reported,y_over_Lc,0.5029515938606848,1,Z_over_Lc,1.09472049689441,1,1,0,345,0.004722550177095631,0.021739130434782608
7,8,1522,single,Dash-8,0.001,dash8_simulation_t0.5s,0.5,0.5,reported,y_over_Lc,0.5053128689492326,1,Z_over_Lc,1.0962732919254659,1,1,0,346,0.004722550177095631,0.021739130434782608
7,8,1522,single,Dash-8,0.001,dash8_simulation_t0.5s,0.5,0.5,reported,y_over_Lc,0.5076741440377804,1,Z_over_Lc,1.0978260869565217,1,1,0,347,0.004722550177095631,0.021739130434782608
7,8,1522,single,Dash-8,0.001,dash8_simulation_t0.5s,0.5,0.5,reported,y_over_Lc,0.5100354191263282,1,Z_over_Lc,1.1009316770186335,1,1,0,348,0.004722550177095631,0.021739130434782608
7,8,1522,single,Dash-8,0.001,dash8_simulation_t0.5s,0.5,0.5,reported,y_over_Lc,0.512396694214876,1,Z_over_Lc,1.1040372670807452,1,1,0,349,0.004722550177095631,0.021739130434782608
7,8,1522,single,Dash-8,0.001,dash8_simulation_t0.5s,0.5,0.5,reported,y_over_Lc,0.5147579693034239,1,Z_over_Lc,1.1055900621118013,1,1,0,350,0.004722550177095631,0.021739130434782608
7,8,1522,single,Dash-8,0.001,dash8_simulation_t0.5s,0.5,0.5,reported,y_over_Lc,0.5171192443919717,1,Z_over_Lc,1.110248447204969,1,1,0,351,0.004722550177095631,0.021739130434782608
7,8,1522,single,Dash-8,0.001,dash8_simulation_t0.5s,0.5,0.5,reported,y_over_Lc,0.5194805194805194,1,Z_over_Lc,1.1149068322981366,1,1,0,352,0.004722550177095631,0.021739130434782608
7,8,1522,single,Dash-8,0.001,dash8_simulation_t0.5s,0.5,0.5,reported,y_over_Lc,0.5218417945690673,1,Z_over_Lc,1.1164596273291925,1,1,0,353,0.004722550177095631,0.021739130434782608
7,8,1522,single,Dash-8,0.001,dash8_simulation_t0.5s,0.5,0.5,reported,y_over_Lc,0.5242030696576151,1,Z_over_Lc,1.1211180124223603,1,1,0,354,0.004722550177095631,0.021739130434782608
7,8,1522,single,Dash-8,0.001,dash8_simulation_t0.5s,0.5,0.5,reported,y_over_Lc,0.526564344746163,1,Z_over_Lc,1.125776397515528,1,1,0,355,0.004722550177095631,0.021739130434782608
7,8,1522,single,Dash-8,0.001,dash8_simulation_t0.5s,0.5,0.5,reported,y_over_Lc,0.5289256198347108,1,Z_over_Lc,1.1288819875776397,1,1,0,356,0.004722550177095631,0.021739130434782608
7,8,1522,single,Dash-8,0.001,dash8_simulation_t0.5s,0.5,0.5,reported,y_over_Lc,0.5312868949232585,1,Z_over_Lc,1.1335403726708075,1,1,0,357,0.004722550177095631,0.021739130434782608
7,8,1522,single,Dash-8,0.001,dash8_simulation_t0.5s,0.5,0.5,reported,y_over_Lc,0.5336481700118064,1,Z_over_Lc,1.139751552795031,1,1,0,358,0.004722550177095631,0.021739130434782608
7,8,1522,single,Dash-8,0.001,dash8_simulation_t0.5s,0.5,0.5,reported,y_over_Lc,0.5360094451003542,1,Z_over_Lc,1.1428571428571428,1,1,0,359,0.004722550177095631,0.021739130434782608
7,8,1522,single,Dash-8,0.001,dash8_simulation_t0.5s,0.5,0.5,reported,y_over_Lc,0.538370720188902,1,Z_over_Lc,1.1459627329192548,1,1,0,360,0.004722550177095631,0.021739130434782608
7,8,1522,single,Dash-8,0.001,dash8_simulation_t0.5s,0.5,0.5,reported,y_over_Lc,0.5407319952774499,1,Z_over_Lc,1.1521739130434783,1,1,0,361,0.004722550177095631,0.021739130434782608
7,8,1522,single,Dash-8,0.001,dash8_simulation_t0.5s,0.5,0.5,reported,y_over_Lc,0.5430932703659976,1,Z_over_Lc,1.1583850931677018,1,1,0,362,0.004722550177095631,0.021739130434782608
7,8,1522,single,Dash-8,0.001,dash8_simulation_t0.5s,0.5,0.5,reported,y_over_Lc,0.5454545454545454,1,Z_over_Lc,1.1614906832298137,1,1,0,363,0.004722550177095631,0.021739130434782608
7,8,1522,single,Dash-8,0.001,dash8_simulation_t0.5s,0.5,0.5,reported,y_over_Lc,0.5478158205430933,1,Z_over_Lc,1.1583850931677018,1,1,0,364,0.004722550177095631,0.021739130434782608
7,8,1522,single,Dash-8,0.001,dash8_simulation_t0.5s,0.5,0.5,reported,y_over_Lc,0.5478158205430933,1,Z_over_Lc,1.1770186335403727,1,1,0,365,0.004722550177095631,0.021739130434782608
7,8,1522,single,Dash-8,0.001,dash8_simulation_t0.5s,0.5,0.5,reported,y_over_Lc,0.5501770956316411,1,Z_over_Lc,1.1645962732919255,1,1,0,366,0.004722550177095631,0.021739130434782608
7,8,1522,single,Dash-8,0.001,dash8_simulation_t0.5s,0.5,0.5,reported,y_over_Lc,0.5501770956316411,1,Z_over_Lc,1.1832298136645962,1,1,0,367,0.004722550177095631,0.021739130434782608
7,8,1522,single,Dash-8,0.001,dash8_simulation_t0.5s,0.5,0.5,reported,y_over_Lc,0.5525383707201889,1,Z_over_Lc,1.170807453416149,1,1,0,368,0.004722550177095631,0.021739130434782608
7,8,1522,single,Dash-8,0.001,dash8_simulation_t0.5s,0.5,0.5,reported,y_over_Lc,0.5525383707201889,1,Z_over_Lc,1.1987577639751552,1,1,0,369,0.004722550177095631,0.021739130434782608
7,8,1522,single,Dash-8,0.001,dash8_simulation_t0.5s,0.5,0.5,reported,y_over_Lc,0.5548996458087367,1,Z_over_Lc,1.173913043478261,1,1,0,370,0.004722550177095631,0.021739130434782608
7,8,1522,single,Dash-8,0.001,dash8_simulation_t0.5s,0.5,0.5,reported,y_over_Lc,0.5548996458087367,1,Z_over_Lc,1.2018633540372672,1,1,0,371,0.004722550177095631,0.021739130434782608
7,8,1522,single,Dash-8,0.001,dash8_simulation_t0.5s,0.5,0.5,reported,y_over_Lc,0.5572609208972845,1,Z_over_Lc,1.1770186335403727,1,1,0,372,0.004722550177095631,0.021739130434782608
7,8,1522,single,Dash-8,0.001,dash8_simulation_t0.5s,0.5,0.5,reported,y_over_Lc,0.5572609208972845,1,Z_over_Lc,1.2142857142857142,1,1,0,373,0.004722550177095631,0.021739130434782608
7,8,1522,single,Dash-8,0.001,dash8_simulation_t0.5s,0.5,0.5,reported,y_over_Lc,0.5596221959858324,1,Z_over_Lc,1.1832298136645962,1,1,0,374,0.004722550177095631,0.021739130434782608
7,8,1522,single,Dash-8,0.001,dash8_simulation_t0.5s,0.5,0.5,reported,y_over_Lc,0.5596221959858324,1,Z_over_Lc,1.2267080745341614,1,1,0,375,0.004722550177095631,0.021739130434782608
7,8,1522,single,Dash-8,0.001,dash8_simulation_t0.5s,0.5,0.5,reported,y_over_Lc,0.5619834710743802,1,Z_over_Lc,1.18944099378882,1,1,0,376,0.004722550177095631,0.021739130434782608
7,8,1522,single,Dash-8,0.001,dash8_simulation_t0.5s,0.5,0.5,reported,y_over_Lc,0.5619834710743802,1,Z_over_Lc,1.236024844720497,1,1,0,377,0.004722550177095631,0.021739130434782608
7,8,1522,single,Dash-8,0.001,dash8_simulation_t0.5s,0.5,0.5,reported,y_over_Lc,0.564344746162928,1,Z_over_Lc,1.1925465838509317,1,1,0,378,0.004722550177095631,0.021739130434782608
7,8,1522,single,Dash-8,0.001,dash8_simulation_t0.5s,0.5,0.5,reported,y_over_Lc,0.564344746162928,1,Z_over_Lc,1.236024844720497,1,1,0,379,0.004722550177095631,0.021739130434782608
7,8,1522,single,Dash-8,0.001,dash8_simulation_t0.5s,0.5,0.5,reported,y_over_Lc,0.5667060212514758,1,Z_over_Lc,1.204968944099379,1,1,0,380,0.004722550177095631,0.021739130434782608
7,8,1522,single,Dash-8,0.001,dash8_simulation_t0.5s,0.5,0.5,reported,y_over_Lc,0.5667060212514758,1,Z_over_Lc,1.2546583850931676,1,1,0,381,0.004722550177095631,0.021739130434782608
7,8,1522,single,Dash-8,0.001,dash8_simulation_t0.5s,0.5,0.5,reported,y_over_Lc,0.5690672963400236,1,Z_over_Lc,1.2111801242236024,1,1,0,382,0.004722550177095631,0.021739130434782608
7,8,1522,single,Dash-8,0.001,dash8_simulation_t0.5s,0.5,0.5,reported,y_over_Lc,0.5690672963400236,1,Z_over_Lc,1.2577639751552796,1,1,0,383,0.004722550177095631,0.021739130434782608
7,8,1522,single,Dash-8,0.001,dash8_simulation_t0.5s,0.5,0.5,reported,y_over_Lc,0.5714285714285714,1,Z_over_Lc,1.220496894409938,1,1,0,384,0.004722550177095631,0.021739130434782608
7,8,1522,single,Dash-8,0.001,dash8_simulation_t0.5s,0.5,0.5,reported,y_over_Lc,0.5714285714285714,1,Z_over_Lc,1.2701863354037266,1,1,0,385,0.004722550177095631,0.021739130434782608
7,8,1522,single,Dash-8,0.001,dash8_simulation_t0.5s,0.5,0.5,reported,y_over_Lc,0.5737898465171193,1,Z_over_Lc,1.2329192546583851,1,1,0,386,0.004722550177095631,0.021739130434782608
7,8,1522,single,Dash-8,0.001,dash8_simulation_t0.5s,0.5,0.5,reported,y_over_Lc,0.5737898465171193,1,Z_over_Lc,1.279503105590062,1,1,0,387,0.004722550177095631,0.021739130434782608
7,8,1522,single,Dash-8,0.001,dash8_simulation_t0.5s,0.5,0.5,reported,y_over_Lc,0.5761511216056671,1,Z_over_Lc,1.2453416149068324,1,1,0,388,0.004722550177095631,0.021739130434782608
7,8,1522,single,Dash-8,0.001,dash8_simulation_t0.5s,0.5,0.5,reported,y_over_Lc,0.5761511216056671,1,Z_over_Lc,1.2919254658385093,1,1,0,389,0.004722550177095631,0.021739130434782608
7,8,1522,single,Dash-8,0.001,dash8_simulation_t0.5s,0.5,0.5,reported,y_over_Lc,0.5785123966942148,1,Z_over_Lc,1.2484472049689441,1,1,0,390,0.004722550177095631,0.021739130434782608
7,8,1522,single,Dash-8,0.001,dash8_simulation_t0.5s,0.5,0.5,reported,y_over_Lc,0.5785123966942148,1,Z_over_Lc,1.3012422360248448,1,1,0,391,0.004722550177095631,0.021739130434782608
7,8,1522,single,Dash-8,0.001,dash8_simulation_t0.5s,0.5,0.5,reported,y_over_Lc,0.5808736717827627,1,Z_over_Lc,1.2608695652173914,1,1,0,392,0.004722550177095631,0.021739130434782608
7,8,1522,single,Dash-8,0.001,dash8_simulation_t0.5s,0.5,0.5,reported,y_over_Lc,0.5808736717827627,1,Z_over_Lc,1.3043478260869565,1,1,0,393,0.004722550177095631,0.021739130434782608
7,8,1522,single,Dash-8,0.001,dash8_simulation_t0.5s,0.5,0.5,reported,y_over_Lc,0.5832349468713105,1,Z_over_Lc,1.2701863354037266,1,1,0,394,0.004722550177095631,0.021739130434782608
7,8,1522,single,Dash-8,0.001,dash8_simulation_t0.5s,0.5,0.5,reported,y_over_Lc,0.5832349468713105,1,Z_over_Lc,1.3074534161490683,1,1,0,395,0.004722550177095631,0.021739130434782608
7,8,1522,single,Dash-8,0.001,dash8_simulation_t0.5s,0.5,0.5,reported,y_over_Lc,0.5855962219598583,1,Z_over_Lc,1.279503105590062,1,1,0,396,0.004722550177095631,0.021739130434782608
7,8,1522,single,Dash-8,0.001,dash8_simulation_t0.5s,0.5,0.5,reported,y_over_Lc,0.5855962219598583,1,Z_over_Lc,1.3074534161490683,1,1,0,397,0.004722550177095631,0.021739130434782608
7,8,1522,single,Dash-8,0.001,dash8_simulation_t0.5s,0.5,0.5,reported,y_over_Lc,0.5879574970484062,1,Z_over_Lc,1.2888198757763976,1,1,0,398,0.004722550177095631,0.021739130434782608
7,8,1522,single,Dash-8,0.001,dash8_simulation_t0.5s,0.5,0.5,reported,y_over_Lc,0.5879574970484062,1,Z_over_Lc,1.3074534161490683,1,1,0,399,0.004722550177095631,0.021739130434782608
7,8,1522,single,Dash-8,0.001,dash8_simulation_t0.5s,0.5,0.5,reported,y_over_Lc,0.5903187721369539,1,Z_over_Lc,1.3027950310559007,1,1,0,400,0.004722550177095631,0.021739130434782608
7,8,1522,single,Dash-8,0.001,dash8_simulation_t0.5s,0.5,0.5,reported,y_over_Lc,0.5926800472255017,1,Z_over_Lc,1.3074534161490683,1,1,0,401,0.004722550177095631,0.021739130434782608
7,8,1522,single,Dash-8,0.001,dash8_simulation_t0.5s,0.5,0.5,reported,y_over_Lc,0.5950413223140496,1,Z_over_Lc,1.3090062111801242,1,1,0,402,0.004722550177095631,0.021739130434782608
7,8,1522,single,Dash-8,0.001,dash8_simulation_t0.5s,0.5,0.5,reported,y_over_Lc,0.5974025974025974,1,Z_over_Lc,1.3090062111801242,1,1,0,403,0.004722550177095631,0.021739130434782608
7,8,1522,single,Dash-8,0.001,dash8_simulation_t0.5s,0.5,0.5,reported,y_over_Lc,0.5997638724911453,1,Z_over_Lc,1.3059006211180124,1,1,0,404,0.004722550177095631,0.021739130434782608
7,8,1522,single,Dash-8,0.001,dash8_simulation_t0.5s,0.5,0.5,reported,y_over_Lc,0.602125147579693,1,Z_over_Lc,1.3027950310559007,1,1,0,405,0.004722550177095631,0.021739130434782608
7,8,1522,single,Dash-8,0.001,dash8_simulation_t0.5s,0.5,0.5,reported,y_over_Lc,0.6044864226682408,1,Z_over_Lc,1.3012422360248448,1,1,0,406,0.004722550177095631,0.021739130434782608
7,8,1522,single,Dash-8,0.001,dash8_simulation_t0.5s,0.5,0.5,reported,y_over_Lc,0.6068476977567887,1,Z_over_Lc,1.2981366459627328,1,1,0,407,0.004722550177095631,0.021739130434782608
7,8,1522,single,Dash-8,0.001,dash8_simulation_t0.5s,0.5,0.5,reported,y_over_Lc,0.6092089728453365,1,Z_over_Lc,1.296583850931677,1,1,0,408,0.004722550177095631,0.021739130434782608
7,8,1522,single,Dash-8,0.001,dash8_simulation_t0.5s,0.5,0.5,reported,y_over_Lc,0.6115702479338843,1,Z_over_Lc,1.2934782608695652,1,1,0,409,0.004722550177095631,0.021739130434782608
7,8,1522,single,Dash-8,0.001,dash8_simulation_t0.5s,0.5,0.5,reported,y_over_Lc,0.6139315230224321,1,Z_over_Lc,1.2919254658385093,1,1,0,410,0.004722550177095631,0.021739130434782608
7,8,1522,single,Dash-8,0.001,dash8_simulation_t0.5s,0.5,0.5,reported,y_over_Lc,0.6162927981109799,1,Z_over_Lc,1.2903726708074534,1,1,0,411,0.004722550177095631,0.021739130434782608
7,8,1522,single,Dash-8,0.001,dash8_simulation_t0.5s,0.5,0.5,reported,y_over_Lc,0.6186540731995277,1,Z_over_Lc,1.2934782608695652,1,1,0,412,0.004722550177095631,0.021739130434782608
7,8,1522,single,Dash-8,0.001,dash8_simulation_t0.5s,0.5,0.5,reported,y_over_Lc,0.6210153482880756,1,Z_over_Lc,1.2888198757763976,1,1,0,413,0.004722550177095631,0.021739130434782608
7,8,1522,single,Dash-8,0.001,dash8_simulation_t0.5s,0.5,0.5,reported,y_over_Lc,0.6210153482880756,1,Z_over_Lc,1.31055900621118,1,1,0,414,0.004722550177095631,0.021739130434782608
7,8,1522,single,Dash-8,0.001,dash8_simulation_t0.5s,0.5,0.5,reported,y_over_Lc,0.6233766233766234,1,Z_over_Lc,1.2919254658385093,1,1,0,415,0.004722550177095631,0.021739130434782608
7,8,1522,single,Dash-8,0.001,dash8_simulation_t0.5s,0.5,0.5,reported,y_over_Lc,0.6233766233766234,1,Z_over_Lc,1.3322981366459627,1,1,0,416,0.004722550177095631,0.021739130434782608
7,8,1522,single,Dash-8,0.001,dash8_simulation_t0.5s,0.5,0.5,reported,y_over_Lc,0.6257378984651711,1,Z_over_Lc,1.2919254658385093,1,1,0,417,0.004722550177095631,0.021739130434782608
7,8,1522,single,Dash-8,0.001,dash8_simulation_t0.5s,0.5,0.5,reported,y_over_Lc,0.6257378984651711,1,Z_over_Lc,1.3385093167701863,1,1,0,418,0.004722550177095631,0.021739130434782608
7,8,1522,single,Dash-8,0.001,dash8_simulation_t0.5s,0.5,0.5,reported,y_over_Lc,0.628099173553719,1,Z_over_Lc,1.2919254658385093,1,1,0,419,0.004722550177095631,0.021739130434782608
7,8,1522,single,Dash-8,0.001,dash8_simulation_t0.5s,0.5,0.5,reported,y_over_Lc,0.628099173553719,1,Z_over_Lc,1.3509316770186335,1,1,0,420,0.004722550177095631,0.021739130434782608
7,8,1522,single,Dash-8,0.001,dash8_simulation_t0.5s,0.5,0.5,reported,y_over_Lc,0.6304604486422668,1,Z_over_Lc,1.2919254658385093,1,1,0,421,0.004722550177095631,0.021739130434782608
7,8,1522,single,Dash-8,0.001,dash8_simulation_t0.5s,0.5,0.5,reported,y_over_Lc,0.6304604486422668,1,Z_over_Lc,1.3664596273291925,1,1,0,422,0.004722550177095631,0.021739130434782608
7,8,1522,single,Dash-8,0.001,dash8_simulation_t0.5s,0.5,0.5,reported,y_over_Lc,0.6328217237308147,1,Z_over_Lc,1.2981366459627328,1,1,0,423,0.004722550177095631,0.021739130434782608
7,8,1522,single,Dash-8,0.001,dash8_simulation_t0.5s,0.5,0.5,reported,y_over_Lc,0.6328217237308147,1,Z_over_Lc,1.3850931677018634,1,1,0,424,0.004722550177095631,0.021739130434782608
7,8,1522,single,Dash-8,0.001,dash8_simulation_t0.5s,0.5,0.5,reported,y_over_Lc,0.6351829988193625,1,Z_over_Lc,1.313664596273292,1,1,0,425,0.004722550177095631,0.021739130434782608
7,8,1522,single,Dash-8,0.001,dash8_simulation_t0.5s,0.5,0.5,reported,y_over_Lc,0.6351829988193625,1,Z_over_Lc,1.391304347826087,1,1,0,426,0.004722550177095631,0.021739130434782608
7,8,1522,single,Dash-8,0.001,dash8_simulation_t0.5s,0.5,0.5,reported,y_over_Lc,0.6375442739079102,1,Z_over_Lc,1.3229813664596273,1,1,0,427,0.004722550177095631,0.021739130434782608
7,8,1522,single,Dash-8,0.001,dash8_simulation_t0.5s,0.5,0.5,reported,y_over_Lc,0.6375442739079102,1,Z_over_Lc,1.4130434782608696,1,1,0,428,0.004722550177095631,0.021739130434782608
7,8,1522,single,Dash-8,0.001,dash8_simulation_t0.5s,0.5,0.5,reported,y_over_Lc,0.6399055489964581,1,Z_over_Lc,1.3385093167701863,1,1,0,429,0.004722550177095631,0.021739130434782608
7,8,1522,single,Dash-8,0.001,dash8_simulation_t0.5s,0.5,0.5,reported,y_over_Lc,0.6399055489964581,1,Z_over_Lc,1.4254658385093169,1,1,0,430,0.004722550177095631,0.021739130434782608
7,8,1522,single,Dash-8,0.001,dash8_simulation_t0.5s,0.5,0.5,reported,y_over_Lc,0.6422668240850059,1,Z_over_Lc,1.3540372670807452,1,1,0,431,0.004722550177095631,0.021739130434782608
7,8,1522,single,Dash-8,0.001,dash8_simulation_t0.5s,0.5,0.5,reported,y_over_Lc,0.6422668240850059,1,Z_over_Lc,1.4472049689440993,1,1,0,432,0.004722550177095631,0.021739130434782608
7,8,1522,single,Dash-8,0.001,dash8_simulation_t0.5s,0.5,0.5,reported,y_over_Lc,0.6446280991735537,1,Z_over_Lc,1.3695652173913044,1,1,0,433,0.004722550177095631,0.021739130434782608
7,8,1522,single,Dash-8,0.001,dash8_simulation_t0.5s,0.5,0.5,reported,y_over_Lc,0.6446280991735537,1,Z_over_Lc,1.450310559006211,1,1,0,434,0.004722550177095631,0.021739130434782608
7,8,1522,single,Dash-8,0.001,dash8_simulation_t0.5s,0.5,0.5,reported,y_over_Lc,0.6469893742621016,1,Z_over_Lc,1.3633540372670807,1,1,0,435,0.004722550177095631,0.021739130434782608
7,8,1522,single,Dash-8,0.001,dash8_simulation_t0.5s,0.5,0.5,reported,y_over_Lc,0.6469893742621016,1,Z_over_Lc,1.3850931677018634,1,1,1,436,0.004722550177095631,0.021739130434782608
7,8,1522,single,Dash-8,0.001,dash8_simulation_t0.5s,0.5,0.5,reported,y_over_Lc,0.6469893742621016,1,Z_over_Lc,1.4720496894409938,1,1,1,437,0.004722550177095631,0.021739130434782608
7,8,1522,single,Dash-8,0.001,dash8_simulation_t0.5s,0.5,0.5,reported,y_over_Lc,0.6493506493506493,1,Z_over_Lc,1.3944099378881987,1,1,0,438,0.004722550177095631,0.021739130434782608
7,8,1522,single,Dash-8,0.001,dash8_simulation_t0.5s,0.5,0.5,reported,y_over_Lc,0.6493506493506493,1,Z_over_Lc,1.4782608695652173,1,1,0,439,0.004722550177095631,0.021739130434782608
7,8,1522,single,Dash-8,0.001,dash8_simulation_t0.5s,0.5,0.5,reported,y_over_Lc,0.6517119244391971,1,Z_over_Lc,1.4130434782608696,1,1,0,440,0.004722550177095631,0.021739130434782608
7,8,1522,single,Dash-8,0.001,dash8_simulation_t0.5s,0.5,0.5,reported,y_over_Lc,0.6517119244391971,1,Z_over_Lc,1.4937888198757765,1,1,0,441,0.004722550177095631,0.021739130434782608
7,8,1522,single,Dash-8,0.001,dash8_simulation_t0.5s,0.5,0.5,reported,y_over_Lc,0.654073199527745,1,Z_over_Lc,1.4223602484472049,1,1,0,442,0.004722550177095631,0.021739130434782608
7,8,1522,single,Dash-8,0.001,dash8_simulation_t0.5s,0.5,0.5,reported,y_over_Lc,0.654073199527745,1,Z_over_Lc,1.5031055900621118,1,1,0,443,0.004722550177095631,0.021739130434782608
7,8,1522,single,Dash-8,0.001,dash8_simulation_t0.5s,0.5,0.5,reported,y_over_Lc,0.6564344746162928,1,Z_over_Lc,1.437888198757764,1,1,0,444,0.004722550177095631,0.021739130434782608
7,8,1522,single,Dash-8,0.001,dash8_simulation_t0.5s,0.5,0.5,reported,y_over_Lc,0.6564344746162928,1,Z_over_Lc,1.5186335403726707,1,1,0,445,0.004722550177095631,0.021739130434782608
7,8,1522,single,Dash-8,0.001,dash8_simulation_t0.5s,0.5,0.5,reported,y_over_Lc,0.6587957497048406,1,Z_over_Lc,1.453416149068323,1,1,0,446,0.004722550177095631,0.021739130434782608
7,8,1522,single,Dash-8,0.001,dash8_simulation_t0.5s,0.5,0.5,reported,y_over_Lc,0.6587957497048406,1,Z_over_Lc,1.5248447204968945,1,1,0,447,0.004722550177095631,0.021739130434782608
7,8,1522,single,Dash-8,0.001,dash8_simulation_t0.5s,0.5,0.5,reported,y_over_Lc,0.6611570247933884,1,Z_over_Lc,1.4627329192546583,1,1,0,448,0.004722550177095631,0.021739130434782608
7,8,1522,single,Dash-8,0.001,dash8_simulation_t0.5s,0.5,0.5,reported,y_over_Lc,0.6611570247933884,1,Z_over_Lc,1.5403726708074534,1,1,0,449,0.004722550177095631,0.021739130434782608
7,8,1522,single,Dash-8,0.001,dash8_simulation_t0.5s,0.5,0.5,reported,y_over_Lc,0.6635182998819362,1,Z_over_Lc,1.4782608695652173,1,1,0,450,0.004722550177095631,0.021739130434782608
7,8,1522,single,Dash-8,0.001,dash8_simulation_t0.5s,0.5,0.5,reported,y_over_Lc,0.6635182998819362,1,Z_over_Lc,1.549689440993789,1,1,0,451,0.004722550177095631,0.021739130434782608
7,8,1522,single,Dash-8,0.001,dash8_simulation_t0.5s,0.5,0.5,reported,y_over_Lc,0.6658795749704841,1,Z_over_Lc,1.5031055900621118,1,1,0,452,0.004722550177095631,0.021739130434782608
7,8,1522,single,Dash-8,0.001,dash8_simulation_t0.5s,0.5,0.5,reported,y_over_Lc,0.6658795749704841,1,Z_over_Lc,1.5683229813664596,1,1,0,453,0.004722550177095631,0.021739130434782608
7,8,1522,single,Dash-8,0.001,dash8_simulation_t0.5s,0.5,0.5,reported,y_over_Lc,0.6682408500590319,1,Z_over_Lc,1.5062111801242235,1,1,0,454,0.004722550177095631,0.021739130434782608
7,8,1522,single,Dash-8,0.001,dash8_simulation_t0.5s,0.5,0.5,reported,y_over_Lc,0.6682408500590319,1,Z_over_Lc,1.5683229813664596,1,1,0,455,0.004722550177095631,0.021739130434782608
7,8,1522,single,Dash-8,0.001,dash8_simulation_t0.5s,0.5,0.5,reported,y_over_Lc,0.6706021251475797,1,Z_over_Lc,1.5186335403726707,1,1,0,456,0.004722550177095631,0.021739130434782608
7,8,1522,single,Dash-8,0.001,dash8_simulation_t0.5s,0.5,0.5,reported,y_over_Lc,0.6706021251475797,1,Z_over_Lc,1.5869565217391304,1,1,0,457,0.004722550177095631,0.021739130434782608
7,8,1522,single,Dash-8,0.001,dash8_simulation_t0.5s,0.5,0.5,reported,y_over_Lc,0.6729634002361276,1,Z_over_Lc,1.531055900621118,1,1,0,458,0.004722550177095631,0.021739130434782608
7,8,1522,single,Dash-8,0.001,dash8_simulation_t0.5s,0.5,0.5,reported,y_over_Lc,0.6729634002361276,1,Z_over_Lc,1.6024844720496894,1,1,0,459,0.004722550177095631,0.021739130434782608
7,8,1522,single,Dash-8,0.001,dash8_simulation_t0.5s,0.5,0.5,reported,y_over_Lc,0.6753246753246753,1,Z_over_Lc,1.546583850931677,1,1,0,460,0.004722550177095631,0.021739130434782608
7,8,1522,single,Dash-8,0.001,dash8_simulation_t0.5s,0.5,0.5,reported,y_over_Lc,0.6753246753246753,1,Z_over_Lc,1.608695652173913,1,1,0,461,0.004722550177095631,0.021739130434782608
7,8,1522,single,Dash-8,0.001,dash8_simulation_t0.5s,0.5,0.5,reported,y_over_Lc,0.6776859504132231,1,Z_over_Lc,1.549689440993789,1,1,0,462,0.004722550177095631,0.021739130434782608
7,8,1522,single,Dash-8,0.001,dash8_simulation_t0.5s,0.5,0.5,reported,y_over_Lc,0.6776859504132231,1,Z_over_Lc,1.6211180124223603,1,1,0,463,0.004722550177095631,0.021739130434782608
7,8,1522,single,Dash-8,0.001,dash8_simulation_t0.5s,0.5,0.5,reported,y_over_Lc,0.680047225501771,1,Z_over_Lc,1.5683229813664596,1,1,0,464,0.004722550177095631,0.021739130434782608
7,8,1522,single,Dash-8,0.001,dash8_simulation_t0.5s,0.5,0.5,reported,y_over_Lc,0.680047225501771,1,Z_over_Lc,1.6335403726708075,1,1,0,465,0.004722550177095631,0.021739130434782608
7,8,1522,single,Dash-8,0.001,dash8_simulation_t0.5s,0.5,0.5,reported,y_over_Lc,0.6824085005903188,1,Z_over_Lc,1.5745341614906831,1,1,0,466,0.004722550177095631,0.021739130434782608
7,8,1522,single,Dash-8,0.001,dash8_simulation_t0.5s,0.5,0.5,reported,y_over_Lc,0.6824085005903188,1,Z_over_Lc,1.6459627329192548,1,1,0,467,0.004722550177095631,0.021739130434782608
7,8,1522,single,Dash-8,0.001,dash8_simulation_t0.5s,0.5,0.5,reported,y_over_Lc,0.6847697756788665,1,Z_over_Lc,1.5900621118012421,1,1,0,468,0.004722550177095631,0.021739130434782608
7,8,1522,single,Dash-8,0.001,dash8_simulation_t0.5s,0.5,0.5,reported,y_over_Lc,0.6847697756788665,1,Z_over_Lc,1.6521739130434783,1,1,0,469,0.004722550177095631,0.021739130434782608
7,8,1522,single,Dash-8,0.001,dash8_simulation_t0.5s,0.5,0.5,reported,y_over_Lc,0.6871310507674144,1,Z_over_Lc,1.6024844720496894,1,1,0,470,0.004722550177095631,0.021739130434782608
7,8,1522,single,Dash-8,0.001,dash8_simulation_t0.5s,0.5,0.5,reported,y_over_Lc,0.6871310507674144,1,Z_over_Lc,1.6614906832298137,1,1,0,471,0.004722550177095631,0.021739130434782608
7,8,1522,single,Dash-8,0.001,dash8_simulation_t0.5s,0.5,0.5,reported,y_over_Lc,0.6894923258559622,1,Z_over_Lc,1.6211180124223603,1,1,0,472,0.004722550177095631,0.021739130434782608
7,8,1522,single,Dash-8,0.001,dash8_simulation_t0.5s,0.5,0.5,reported,y_over_Lc,0.6894923258559622,1,Z_over_Lc,1.6645962732919255,1,1,0,473,0.004722550177095631,0.021739130434782608
7,8,1522,single,Dash-8,0.001,dash8_simulation_t0.5s,0.5,0.5,reported,y_over_Lc,0.69185360094451,1,Z_over_Lc,1.6211180124223603,1,1,0,474,0.004722550177095631,0.021739130434782608
7,8,1522,single,Dash-8,0.001,dash8_simulation_t0.5s,0.5,0.5,reported,y_over_Lc,0.69185360094451,1,Z_over_Lc,1.670807453416149,1,1,0,475,0.004722550177095631,0.021739130434782608
7,8,1522,single,Dash-8,0.001,dash8_simulation_t0.5s,0.5,0.5,reported,y_over_Lc,0.6942148760330579,1,Z_over_Lc,1.639751552795031,1,1,0,476,0.004722550177095631,0.021739130434782608
7,8,1522,single,Dash-8,0.001,dash8_simulation_t0.5s,0.5,0.5,reported,y_over_Lc,0.6942148760330579,1,Z_over_Lc,1.673913043478261,1,1,0,477,0.004722550177095631,0.021739130434782608
7,8,1522,single,Dash-8,0.001,dash8_simulation_t0.5s,0.5,0.5,reported,y_over_Lc,0.6965761511216056,1,Z_over_Lc,1.6521739130434783,1,1,0,478,0.004722550177095631,0.021739130434782608
7,8,1522,single,Dash-8,0.001,dash8_simulation_t0.5s,0.5,0.5,reported,y_over_Lc,0.6965761511216056,1,Z_over_Lc,1.6770186335403727,1,1,0,479,0.004722550177095631,0.021739130434782608
7,8,1522,single,Dash-8,0.001,dash8_simulation_t0.5s,0.5,0.5,reported,y_over_Lc,0.6989374262101535,1,Z_over_Lc,1.6583850931677018,1,1,0,480,0.004722550177095631,0.021739130434782608
7,8,1522,single,Dash-8,0.001,dash8_simulation_t0.5s,0.5,0.5,reported,y_over_Lc,0.6989374262101535,1,Z_over_Lc,1.6832298136645962,1,1,0,481,0.004722550177095631,0.021739130434782608
7,8,1522,single,Dash-8,0.001,dash8_simulation_t0.5s,0.5,0.5,reported,y_over_Lc,0.7012987012987013,1,Z_over_Lc,1.6677018633540373,1,1,0,482,0.004722550177095631,0.021739130434782608
7,8,1522,single,Dash-8,0.001,dash8_simulation_t0.5s,0.5,0.5,reported,y_over_Lc,0.7012987012987013,1,Z_over_Lc,1.686335403726708,1,1,0,483,0.004722550177095631,0.021739130434782608
7,8,1522,single,Dash-8,0.001,dash8_simulation_t0.5s,0.5,0.5,reported,y_over_Lc,0.7036599763872491,1,Z_over_Lc,1.684782608695652,1,1,0,484,0.004722550177095631,0.021739130434782608
7,8,1522,single,Dash-8,0.001,dash8_simulation_t0.5s,0.5,0.5,reported,y_over_Lc,0.706021251475797,1,Z_over_Lc,1.6925465838509317,1,1,0,485,0.004722550177095631,0.021739130434782608
7,8,1522,single,Dash-8,0.001,dash8_simulation_t0.5s,0.5,0.5,reported,y_over_Lc,0.7083825265643447,1,Z_over_Lc,1.6956521739130435,1,1,0,486,0.004722550177095631,0.021739130434782608
7,8,1522,single,Dash-8,0.001,dash8_simulation_t0.5s,0.5,0.5,reported,y_over_Lc,0.7107438016528925,1,Z_over_Lc,1.700310559006211,1,1,0,487,0.004722550177095631,0.021739130434782608
7,8,1522,single,Dash-8,0.001,dash8_simulation_t0.5s,0.5,0.5,reported,y_over_Lc,0.7131050767414404,1,Z_over_Lc,1.704968944099379,1,1,0,488,0.004722550177095631,0.021739130434782608
7,8,1522,single,Dash-8,0.001,dash8_simulation_t0.5s,0.5,0.5,reported,y_over_Lc,0.7154663518299882,1,Z_over_Lc,1.7111801242236024,1,1,0,489,0.004722550177095631,0.021739130434782608
7,8,1522,single,Dash-8,0.001,dash8_simulation_t0.5s,0.5,0.5,reported,y_over_Lc,0.717827626918536,1,Z_over_Lc,1.7127329192546583,1,1,0,490,0.004722550177095631,0.021739130434782608
7,8,1522,single,Dash-8,0.001,dash8_simulation_t0.5s,0.5,0.5,reported,y_over_Lc,0.7201889020070839,1,Z_over_Lc,1.718944099378882,1,1,0,491,0.004722550177095631,0.021739130434782608
7,8,1522,single,Dash-8,0.001,dash8_simulation_t0.5s,0.5,0.5,reported,y_over_Lc,0.7225501770956316,1,Z_over_Lc,1.7236024844720497,1,1,0,492,0.004722550177095631,0.021739130434782608
7,8,1522,single,Dash-8,0.001,dash8_simulation_t0.5s,0.5,0.5,reported,y_over_Lc,0.7249114521841794,1,Z_over_Lc,1.7267080745341614,1,1,0,493,0.004722550177095631,0.021739130434782608
7,8,1522,single,Dash-8,0.001,dash8_simulation_t0.5s,0.5,0.5,reported,y_over_Lc,0.7272727272727273,1,Z_over_Lc,1.7329192546583851,1,1,0,494,0.004722550177095631,0.021739130434782608
7,8,1522,single,Dash-8,0.001,dash8_simulation_t0.5s,0.5,0.5,reported,y_over_Lc,0.7296340023612751,1,Z_over_Lc,1.7391304347826086,1,1,0,495,0.004722550177095631,0.021739130434782608
7,8,1522,single,Dash-8,0.001,dash8_simulation_t0.5s,0.5,0.5,reported,y_over_Lc,0.731995277449823,1,Z_over_Lc,1.7422360248447204,1,1,0,496,0.004722550177095631,0.021739130434782608
7,8,1522,single,Dash-8,0.001,dash8_simulation_t0.5s,0.5,0.5,reported,y_over_Lc,0.7343565525383707,1,Z_over_Lc,1.7453416149068324,1,1,0,497,0.004722550177095631,0.021739130434782608
7,8,1522,single,Dash-8,0.001,dash8_simulation_t0.5s,0.5,0.5,reported,y_over_Lc,0.7367178276269185,1,Z_over_Lc,1.7515527950310559,1,1,0,498,0.004722550177095631,0.021739130434782608
7,8,1522,single,Dash-8,0.001,dash8_simulation_t0.5s,0.5,0.5,reported,y_over_Lc,0.7390791027154664,1,Z_over_Lc,1.7562111801242235,1,1,0,499,0.004722550177095631,0.021739130434782608
7,8,1522,single,Dash-8,0.001,dash8_simulation_t0.5s,0.5,0.5,reported,y_over_Lc,0.7414403778040142,1,Z_over_Lc,1.7593167701863355,1,1,0,500,0.004722550177095631,0.021739130434782608
7,8,1522,single,Dash-8,0.001,dash8_simulation_t0.5s,0.5,0.5,reported,y_over_Lc,0.743801652892562,1,Z_over_Lc,1.765527950310559,1,1,0,501,0.004722550177095631,0.021739130434782608
7,8,1522,single,Dash-8,0.001,dash8_simulation_t0.5s,0.5,0.5,reported,y_over_Lc,0.7461629279811098,1,Z_over_Lc,1.7701863354037266,1,1,0,502,0.004722550177095631,0.021739130434782608
7,8,1522,single,Dash-8,0.001,dash8_simulation_t0.5s,0.5,0.5,reported,y_over_Lc,0.7485242030696576,1,Z_over_Lc,1.7748447204968945,1,1,0,503,0.004722550177095631,0.021739130434782608
7,8,1522,single,Dash-8,0.001,dash8_simulation_t0.5s,0.5,0.5,reported,y_over_Lc,0.7508854781582054,1,Z_over_Lc,1.779503105590062,1,1,0,504,0.004722550177095631,0.021739130434782608
7,8,1522,single,Dash-8,0.001,dash8_simulation_t0.5s,0.5,0.5,reported,y_over_Lc,0.7532467532467533,1,Z_over_Lc,1.7841614906832297,1,1,0,505,0.004722550177095631,0.021739130434782608
7,8,1522,single,Dash-8,0.001,dash8_simulation_t0.5s,0.5,0.5,reported,y_over_Lc,0.755608028335301,1,Z_over_Lc,1.7903726708074534,1,1,0,506,0.004722550177095631,0.021739130434782608
7,8,1522,single,Dash-8,0.001,dash8_simulation_t0.5s,0.5,0.5,reported,y_over_Lc,0.7579693034238488,1,Z_over_Lc,1.7903726708074534,1,1,0,507,0.004722550177095631,0.021739130434782608
7,8,1522,single,Dash-8,0.001,dash8_simulation_t0.5s,0.5,0.5,reported,y_over_Lc,0.7603305785123967,1,Z_over_Lc,1.795031055900621,1,1,0,508,0.004722550177095631,0.021739130434782608
7,8,1522,single,Dash-8,0.001,dash8_simulation_t0.5s,0.5,0.5,reported,y_over_Lc,0.7626918536009445,1,Z_over_Lc,1.796583850931677,1,1,0,509,0.004722550177095631,0.021739130434782608
7,8,1522,single,Dash-8,0.001,dash8_simulation_t0.5s,0.5,0.5,reported,y_over_Lc,0.7650531286894924,1,Z_over_Lc,1.799689440993789,1,1,0,510,0.004722550177095631,0.021739130434782608
7,8,1522,single,Dash-8,0.001,dash8_simulation_t0.5s,0.5,0.5,reported,y_over_Lc,0.7674144037780402,1,Z_over_Lc,1.8012422360248448,1,1,0,511,0.004722550177095631,0.021739130434782608
7,8,1522,single,Dash-8,0.001,dash8_simulation_t0.5s,0.5,0.5,reported,y_over_Lc,0.7697756788665879,1,Z_over_Lc,1.8012422360248448,1,1,0,512,0.004722550177095631,0.021739130434782608
7,8,1522,single,Dash-8,0.001,dash8_simulation_t0.5s,0.5,0.5,reported,y_over_Lc,0.7721369539551358,1,Z_over_Lc,1.8027950310559007,1,1,0,513,0.004722550177095631,0.021739130434782608
7,8,1522,single,Dash-8,0.001,dash8_simulation_t0.5s,0.5,0.5,reported,y_over_Lc,0.7744982290436836,1,Z_over_Lc,1.8027950310559007,1,1,0,514,0.004722550177095631,0.021739130434782608
7,8,1522,single,Dash-8,0.001,dash8_simulation_t0.5s,0.5,0.5,reported,y_over_Lc,0.7768595041322314,1,Z_over_Lc,1.8027950310559007,1,1,0,515,0.004722550177095631,0.021739130434782608
7,8,1522,single,Dash-8,0.001,dash8_simulation_t0.5s,0.5,0.5,reported,y_over_Lc,0.7792207792207793,1,Z_over_Lc,1.8027950310559007,1,1,0,516,0.004722550177095631,0.021739130434782608
7,8,1522,single,Dash-8,0.001,dash8_simulation_t0.5s,0.5,0.5,reported,y_over_Lc,0.781582054309327,1,Z_over_Lc,1.8027950310559007,1,1,0,517,0.004722550177095631,0.021739130434782608
7,8,1522,single,Dash-8,0.001,dash8_simulation_t0.5s,0.5,0.5,reported,y_over_Lc,0.7839433293978748,1,Z_over_Lc,1.8027950310559007,1,1,0,518,0.004722550177095631,0.021739130434782608
7,8,1522,single,Dash-8,0.001,dash8_simulation_t0.5s,0.5,0.5,reported,y_over_Lc,0.7863046044864227,1,Z_over_Lc,1.8027950310559007,1,1,0,519,0.004722550177095631,0.021739130434782608
7,8,1522,single,Dash-8,0.001,dash8_simulation_t0.5s,0.5,0.5,reported,y_over_Lc,0.7886658795749705,1,Z_over_Lc,1.8027950310559007,1,1,0,520,0.004722550177095631,0.021739130434782608
7,8,1522,single,Dash-8,0.001,dash8_simulation_t0.5s,0.5,0.5,reported,y_over_Lc,0.7910271546635183,1,Z_over_Lc,1.8027950310559007,1,1,0,521,0.004722550177095631,0.021739130434782608
7,8,1522,single,Dash-8,0.001,dash8_simulation_t0.5s,0.5,0.5,reported,y_over_Lc,0.7933884297520661,1,Z_over_Lc,1.8027950310559007,1,1,0,522,0.004722550177095631,0.021739130434782608
7,8,1522,single,Dash-8,0.001,dash8_simulation_t0.5s,0.5,0.5,reported,y_over_Lc,0.7957497048406139,1,Z_over_Lc,1.8027950310559007,1,1,0,523,0.004722550177095631,0.021739130434782608
7,8,1522,single,Dash-8,0.001,dash8_simulation_t0.5s,0.5,0.5,reported,y_over_Lc,0.7981109799291618,1,Z_over_Lc,1.8027950310559007,1,1,0,524,0.004722550177095631,0.021739130434782608
7,8,1522,single,Dash-8,0.001,dash8_simulation_t0.5s,0.5,0.5,reported,y_over_Lc,0.8004722550177096,1,Z_over_Lc,1.8027950310559007,1,1,0,525,0.004722550177095631,0.021739130434782608
7,8,1522,single,Dash-8,0.001,dash8_simulation_t0.5s,0.5,0.5,reported,y_over_Lc,0.8028335301062574,1,Z_over_Lc,1.8027950310559007,1,1,0,526,0.004722550177095631,0.021739130434782608
7,8,1522,single,Dash-8,0.001,dash8_simulation_t0.5s,0.5,0.5,reported,y_over_Lc,0.8051948051948052,1,Z_over_Lc,1.8027950310559007,1,1,0,527,0.004722550177095631,0.021739130434782608
7,8,1522,single,Dash-8,0.001,dash8_simulation_t0.5s,0.5,0.5,reported,y_over_Lc,0.807556080283353,1,Z_over_Lc,1.8027950310559007,1,1,0,528,0.004722550177095631,0.021739130434782608
7,8,1522,single,Dash-8,0.001,dash8_simulation_t0.5s,0.5,0.5,reported,y_over_Lc,0.8099173553719008,1,Z_over_Lc,1.8027950310559007,1,1,0,529,0.004722550177095631,0.021739130434782608
7,8,1522,single,Dash-8,0.001,dash8_simulation_t0.5s,0.5,0.5,reported,y_over_Lc,0.8122786304604487,1,Z_over_Lc,1.8027950310559007,1,1,0,530,0.004722550177095631,0.021739130434782608
7,8,1522,single,Dash-8,0.001,dash8_simulation_t0.5s,0.5,0.5,reported,y_over_Lc,0.8146399055489965,1,Z_over_Lc,1.8027950310559007,1,1,0,531,0.004722550177095631,0.021739130434782608
7,8,1522,single,Dash-8,0.001,dash8_simulation_t0.5s,0.5,0.5,reported,y_over_Lc,0.8170011806375442,1,Z_over_Lc,1.8027950310559007,1,1,0,532,0.004722550177095631,0.021739130434782608
7,8,1522,single,Dash-8,0.001,dash8_simulation_t0.5s,0.5,0.5,reported,y_over_Lc,0.8193624557260921,1,Z_over_Lc,1.8027950310559007,1,1,0,533,0.004722550177095631,0.021739130434782608
7,8,1522,single,Dash-8,0.001,dash8_simulation_t0.5s,0.5,0.5,reported,y_over_Lc,0.8217237308146399,1,Z_over_Lc,1.8027950310559007,1,1,0,534,0.004722550177095631,0.021739130434782608
7,8,1522,single,Dash-8,0.001,dash8_simulation_t0.5s,0.5,0.5,reported,y_over_Lc,0.8240850059031877,1,Z_over_Lc,1.8027950310559007,1,1,0,535,0.004722550177095631,0.021739130434782608
7,8,1522,single,Dash-8,0.001,dash8_simulation_t0.5s,0.5,0.5,reported,y_over_Lc,0.8264462809917356,1,Z_over_Lc,1.8043478260869565,1,1,0,536,0.004722550177095631,0.021739130434782608
7,8,1522,single,Dash-8,0.001,dash8_simulation_t0.5s,0.5,0.5,reported,y_over_Lc,0.8288075560802833,1,Z_over_Lc,1.8027950310559007,1,1,0,537,0.004722550177095631,0.021739130434782608
7,8,1522,single,Dash-8,0.001,dash8_simulation_t0.5s,0.5,0.5,reported,y_over_Lc,0.8311688311688312,1,Z_over_Lc,1.8043478260869565,1,1,0,538,0.004722550177095631,0.021739130434782608
7,8,1522,single,Dash-8,0.001,dash8_simulation_t0.5s,0.5,0.5,reported,y_over_Lc,0.833530106257379,1,Z_over_Lc,1.8059006211180124,1,1,0,539,0.004722550177095631,0.021739130434782608
7,8,1522,single,Dash-8,0.001,dash8_simulation_t0.5s,0.5,0.5,reported,y_over_Lc,0.8358913813459268,1,Z_over_Lc,1.8074534161490683,1,1,0,540,0.004722550177095631,0.021739130434782608
7,8,1522,single,Dash-8,0.001,dash8_simulation_t0.5s,0.5,0.5,reported,y_over_Lc,0.8382526564344747,1,Z_over_Lc,1.81055900621118,1,1,0,541,0.004722550177095631,0.021739130434782608
7,8,1522,single,Dash-8,0.001,dash8_simulation_t0.5s,0.5,0.5,reported,y_over_Lc,0.8406139315230224,1,Z_over_Lc,1.812111801242236,1,1,0,542,0.004722550177095631,0.021739130434782608
7,8,1522,single,Dash-8,0.001,dash8_simulation_t0.5s,0.5,0.5,reported,y_over_Lc,0.8429752066115702,1,Z_over_Lc,1.813664596273292,1,1,0,543,0.004722550177095631,0.021739130434782608
7,8,1522,single,Dash-8,0.001,dash8_simulation_t0.5s,0.5,0.5,reported,y_over_Lc,0.8453364817001181,1,Z_over_Lc,1.8167701863354038,1,1,0,544,0.004722550177095631,0.021739130434782608
7,8,1522,single,Dash-8,0.001,dash8_simulation_t0.5s,0.5,0.5,reported,y_over_Lc,0.8476977567886659,1,Z_over_Lc,1.8183229813664596,1,1,0,545,0.004722550177095631,0.021739130434782608
7,8,1522,single,Dash-8,0.001,dash8_simulation_t0.5s,0.5,0.5,reported,y_over_Lc,0.8500590318772137,1,Z_over_Lc,1.8214285714285714,1,1,0,546,0.004722550177095631,0.021739130434782608
7,8,1522,single,Dash-8,0.001,dash8_simulation_t0.5s,0.5,0.5,reported,y_over_Lc,0.8524203069657615,1,Z_over_Lc,1.8245341614906831,1,1,0,547,0.004722550177095631,0.021739130434782608
7,8,1522,single,Dash-8,0.001,dash8_simulation_t0.5s,0.5,0.5,reported,y_over_Lc,0.8547815820543093,1,Z_over_Lc,1.826086956521739,1,1,0,548,0.004722550177095631,0.021739130434782608
7,8,1522,single,Dash-8,0.001,dash8_simulation_t0.5s,0.5,0.5,reported,y_over_Lc,0.8571428571428571,1,Z_over_Lc,1.826086956521739,1,1,0,549,0.004722550177095631,0.021739130434782608
7,8,1522,single,Dash-8,0.001,dash8_simulation_t0.5s,0.5,0.5,reported,y_over_Lc,0.859504132231405,1,Z_over_Lc,1.8307453416149069,1,1,0,550,0.004722550177095631,0.021739130434782608
7,8,1522,single,Dash-8,0.001,dash8_simulation_t0.5s,0.5,0.5,reported,y_over_Lc,0.8618654073199528,1,Z_over_Lc,1.8322981366459627,1,1,0,551,0.004722550177095631,0.021739130434782608
7,8,1522,single,Dash-8,0.001,dash8_simulation_t0.5s,0.5,0.5,reported,y_over_Lc,0.8642266824085005,1,Z_over_Lc,1.8354037267080745,1,1,0,552,0.004722550177095631,0.021739130434782608
7,8,1522,single,Dash-8,0.001,dash8_simulation_t0.5s,0.5,0.5,reported,y_over_Lc,0.8665879574970484,1,Z_over_Lc,1.8369565217391304,1,1,0,553,0.004722550177095631,0.021739130434782608
7,8,1522,single,Dash-8,0.001,dash8_simulation_t0.5s,0.5,0.5,reported,y_over_Lc,0.8689492325855962,1,Z_over_Lc,1.8400621118012421,1,1,0,554,0.004722550177095631,0.021739130434782608
7,8,1522,single,Dash-8,0.001,dash8_simulation_t0.5s,0.5,0.5,reported,y_over_Lc,0.8713105076741441,1,Z_over_Lc,1.8416149068322982,1,1,0,555,0.004722550177095631,0.021739130434782608
7,8,1522,single,Dash-8,0.001,dash8_simulation_t0.5s,0.5,0.5,reported,y_over_Lc,0.8736717827626919,1,Z_over_Lc,1.84472049689441,1,1,0,556,0.004722550177095631,0.021739130434782608
7,8,1522,single,Dash-8,0.001,dash8_simulation_t0.5s,0.5,0.5,reported,y_over_Lc,0.8760330578512396,1,Z_over_Lc,1.8478260869565217,1,1,0,557,0.004722550177095631,0.021739130434782608
7,8,1522,single,Dash-8,0.001,dash8_simulation_t0.5s,0.5,0.5,reported,y_over_Lc,0.8783943329397875,1,Z_over_Lc,1.8493788819875776,1,1,0,558,0.004722550177095631,0.021739130434782608
7,8,1522,single,Dash-8,0.001,dash8_simulation_t0.5s,0.5,0.5,reported,y_over_Lc,0.8807556080283353,1,Z_over_Lc,1.8493788819875776,1,1,0,559,0.004722550177095631,0.021739130434782608
7,8,1522,single,Dash-8,0.001,dash8_simulation_t0.5s,0.5,0.5,reported,y_over_Lc,0.8831168831168831,1,Z_over_Lc,1.8555900621118013,1,1,0,560,0.004722550177095631,0.021739130434782608
7,8,1522,single,Dash-8,0.001,dash8_simulation_t0.5s,0.5,0.5,reported,y_over_Lc,0.885478158205431,1,Z_over_Lc,1.8555900621118013,1,1,0,561,0.004722550177095631,0.021739130434782608
7,8,1522,single,Dash-8,0.001,dash8_simulation_t0.5s,0.5,0.5,reported,y_over_Lc,0.8878394332939787,1,Z_over_Lc,1.858695652173913,1,1,0,562,0.004722550177095631,0.021739130434782608
7,8,1522,single,Dash-8,0.001,dash8_simulation_t0.5s,0.5,0.5,reported,y_over_Lc,0.8902007083825265,1,Z_over_Lc,1.860248447204969,1,1,0,563,0.004722550177095631,0.021739130434782608
7,8,1522,single,Dash-8,0.001,dash8_simulation_t0.5s,0.5,0.5,reported,y_over_Lc,0.8925619834710744,1,Z_over_Lc,1.8633540372670807,1,1,0,564,0.004722550177095631,0.021739130434782608
7,8,1522,single,Dash-8,0.001,dash8_simulation_t0.5s,0.5,0.5,reported,y_over_Lc,0.8949232585596222,1,Z_over_Lc,1.8633540372670807,1,1,0,565,0.004722550177095631,0.021739130434782608
7,8,1522,single,Dash-8,0.001,dash8_simulation_t0.5s,0.5,0.5,reported,y_over_Lc,0.89728453364817,1,Z_over_Lc,1.8680124223602483,1,1,0,566,0.004722550177095631,0.021739130434782608
7,8,1522,single,Dash-8,0.001,dash8_simulation_t0.5s,0.5,0.5,reported,y_over_Lc,0.8996458087367178,1,Z_over_Lc,1.8711180124223603,1,1,0,567,0.004722550177095631,0.021739130434782608
7,8,1522,single,Dash-8,0.001,dash8_simulation_t0.5s,0.5,0.5,reported,y_over_Lc,0.9020070838252656,1,Z_over_Lc,1.8726708074534162,1,1,0,568,0.004722550177095631,0.021739130434782608
7,8,1522,single,Dash-8,0.001,dash8_simulation_t0.5s,0.5,0.5,reported,y_over_Lc,0.9043683589138135,1,Z_over_Lc,1.875776397515528,1,1,0,569,0.004722550177095631,0.021739130434782608
7,8,1522,single,Dash-8,0.001,dash8_simulation_t0.5s,0.5,0.5,reported,y_over_Lc,0.9067296340023613,1,Z_over_Lc,1.8788819875776397,1,1,0,570,0.004722550177095631,0.021739130434782608
7,8,1522,single,Dash-8,0.001,dash8_simulation_t0.5s,0.5,0.5,reported,y_over_Lc,0.9090909090909091,1,Z_over_Lc,1.8788819875776397,1,1,0,571,0.004722550177095631,0.021739130434782608
7,8,1522,single,Dash-8,0.001,dash8_simulation_t0.5s,0.5,0.5,reported,y_over_Lc,0.911452184179457,1,Z_over_Lc,1.8819875776397517,1,1,0,572,0.004722550177095631,0.021739130434782608
7,8,1522,single,Dash-8,0.001,dash8_simulation_t0.5s,0.5,0.5,reported,y_over_Lc,0.9138134592680047,1,Z_over_Lc,1.8835403726708075,1,1,0,573,0.004722550177095631,0.021739130434782608
7,8,1522,single,Dash-8,0.001,dash8_simulation_t0.5s,0.5,0.5,reported,y_over_Lc,0.9161747343565525,1,Z_over_Lc,1.8866459627329193,1,1,0,574,0.004722550177095631,0.021739130434782608
7,8,1522,single,Dash-8,0.001,dash8_simulation_t0.5s,0.5,0.5,reported,y_over_Lc,0.9185360094451004,1,Z_over_Lc,1.8881987577639752,1,1,0,575,0.004722550177095631,0.021739130434782608
7,8,1522,single,Dash-8,0.001,dash8_simulation_t0.5s,0.5,0.5,reported,y_over_Lc,0.9208972845336482,1,Z_over_Lc,1.889751552795031,1,1,0,576,0.004722550177095631,0.021739130434782608
7,8,1522,single,Dash-8,0.001,dash8_simulation_t0.5s,0.5,0.5,reported,y_over_Lc,0.9232585596221959,1,Z_over_Lc,1.8959627329192548,1,1,0,577,0.004722550177095631,0.021739130434782608
7,8,1522,single,Dash-8,0.001,dash8_simulation_t0.5s,0.5,0.5,reported,y_over_Lc,0.9256198347107438,1,Z_over_Lc,1.8975155279503106,1,1,0,578,0.004722550177095631,0.021739130434782608
7,8,1522,single,Dash-8,0.001,dash8_simulation_t0.5s,0.5,0.5,reported,y_over_Lc,0.9279811097992916,1,Z_over_Lc,1.8990683229813665,1,1,0,579,0.004722550177095631,0.021739130434782608
7,8,1522,single,Dash-8,0.001,dash8_simulation_t0.5s,0.5,0.5,reported,y_over_Lc,0.9303423848878394,1,Z_over_Lc,1.9021739130434783,1,1,0,580,0.004722550177095631,0.021739130434782608
7,8,1522,single,Dash-8,0.001,dash8_simulation_t0.5s,0.5,0.5,reported,y_over_Lc,0.9327036599763873,1,Z_over_Lc,1.9021739130434783,1,1,0,581,0.004722550177095631,0.021739130434782608
7,8,1522,single,Dash-8,0.001,dash8_simulation_t0.5s,0.5,0.5,reported,y_over_Lc,0.935064935064935,1,Z_over_Lc,1.9021739130434783,1,1,0,582,0.004722550177095631,0.021739130434782608
7,8,1522,single,Dash-8,0.001,dash8_simulation_t0.5s,0.5,0.5,reported,y_over_Lc,0.9374262101534829,1,Z_over_Lc,1.9021739130434783,1,1,0,583,0.004722550177095631,0.021739130434782608
7,8,1522,single,Dash-8,0.001,dash8_simulation_t0.5s,0.5,0.5,reported,y_over_Lc,0.9397874852420307,1,Z_over_Lc,1.9021739130434783,1,1,0,584,0.004722550177095631,0.021739130434782608
7,8,1522,single,Dash-8,0.001,dash8_simulation_t0.5s,0.5,0.5,reported,y_over_Lc,0.9421487603305785,1,Z_over_Lc,1.8990683229813665,1,1,0,585,0.004722550177095631,0.021739130434782608
7,8,1522,single,Dash-8,0.001,dash8_simulation_t0.5s,0.5,0.5,reported,y_over_Lc,0.9445100354191264,1,Z_over_Lc,1.8975155279503106,1,1,0,586,0.004722550177095631,0.021739130434782608
7,8,1522,single,Dash-8,0.001,dash8_simulation_t0.5s,0.5,0.5,reported,y_over_Lc,0.9468713105076741,1,Z_over_Lc,1.8959627329192548,1,1,0,587,0.004722550177095631,0.021739130434782608
7,8,1522,single,Dash-8,0.001,dash8_simulation_t0.5s,0.5,0.5,reported,y_over_Lc,0.9492325855962219,1,Z_over_Lc,1.891304347826087,1,1,0,588,0.004722550177095631,0.021739130434782608
7,8,1522,single,Dash-8,0.001,dash8_simulation_t0.5s,0.5,0.5,reported,y_over_Lc,0.9515938606847698,1,Z_over_Lc,1.889751552795031,1,1,0,589,0.004722550177095631,0.021739130434782608
7,8,1522,single,Dash-8,0.001,dash8_simulation_t0.5s,0.5,0.5,reported,y_over_Lc,0.9539551357733176,1,Z_over_Lc,1.8881987577639752,1,1,0,590,0.004722550177095631,0.021739130434782608
7,8,1522,single,Dash-8,0.001,dash8_simulation_t0.5s,0.5,0.5,reported,y_over_Lc,0.9563164108618654,1,Z_over_Lc,1.8850931677018634,1,1,0,591,0.004722550177095631,0.021739130434782608
7,8,1522,single,Dash-8,0.001,dash8_simulation_t0.5s,0.5,0.5,reported,y_over_Lc,0.9586776859504132,1,Z_over_Lc,1.8835403726708075,1,1,0,592,0.004722550177095631,0.021739130434782608
7,8,1522,single,Dash-8,0.001,dash8_simulation_t0.5s,0.5,0.5,reported,y_over_Lc,0.961038961038961,1,Z_over_Lc,1.8804347826086956,1,1,0,593,0.004722550177095631,0.021739130434782608
7,8,1522,single,Dash-8,0.001,dash8_simulation_t0.5s,0.5,0.5,reported,y_over_Lc,0.9634002361275088,1,Z_over_Lc,1.8788819875776397,1,1,0,594,0.004722550177095631,0.021739130434782608
7,8,1522,single,Dash-8,0.001,dash8_simulation_t0.5s,0.5,0.5,reported,y_over_Lc,0.9657615112160567,1,Z_over_Lc,1.8773291925465838,1,1,0,595,0.004722550177095631,0.021739130434782608
7,8,1522,single,Dash-8,0.001,dash8_simulation_t0.5s,0.5,0.5,reported,y_over_Lc,0.9681227863046045,1,Z_over_Lc,1.875776397515528,1,1,0,596,0.004722550177095631,0.021739130434782608
7,8,1522,single,Dash-8,0.001,dash8_simulation_t0.5s,0.5,0.5,reported,y_over_Lc,0.9704840613931524,1,Z_over_Lc,1.875776397515528,1,1,0,597,0.004722550177095631,0.021739130434782608
7,8,1522,single,Dash-8,0.001,dash8_simulation_t0.5s,0.5,0.5,reported,y_over_Lc,0.9728453364817001,1,Z_over_Lc,1.8773291925465838,1,1,0,598,0.004722550177095631,0.021739130434782608
7,8,1522,single,Dash-8,0.001,dash8_simulation_t0.5s,0.5,0.5,reported,y_over_Lc,0.9752066115702479,1,Z_over_Lc,1.8773291925465838,1,1,0,599,0.004722550177095631,0.021739130434782608
7,8,1522,single,Dash-8,0.001,dash8_simulation_t0.5s,0.5,0.5,reported,y_over_Lc,0.9775678866587958,1,Z_over_Lc,1.8788819875776397,1,1,0,600,0.004722550177095631,0.021739130434782608
7,8,1522,single,Dash-8,0.001,dash8_simulation_t0.5s,0.5,0.5,reported,y_over_Lc,0.9799291617473436,1,Z_over_Lc,1.8819875776397517,1,1,0,601,0.004722550177095631,0.021739130434782608
7,8,1522,single,Dash-8,0.001,dash8_simulation_t0.5s,0.5,0.5,reported,y_over_Lc,0.9822904368358913,1,Z_over_Lc,1.8835403726708075,1,1,0,602,0.004722550177095631,0.021739130434782608
7,8,1522,single,Dash-8,0.001,dash8_simulation_t0.5s,0.5,0.5,reported,y_over_Lc,0.9846517119244392,1,Z_over_Lc,1.8850931677018634,1,1,0,603,0.004722550177095631,0.021739130434782608
7,8,1522,single,Dash-8,0.001,dash8_simulation_t0.5s,0.5,0.5,reported,y_over_Lc,0.987012987012987,1,Z_over_Lc,1.8881987577639752,1,1,0,604,0.004722550177095631,0.021739130434782608
7,8,1522,single,Dash-8,0.001,dash8_simulation_t0.5s,0.5,0.5,reported,y_over_Lc,0.9893742621015348,1,Z_over_Lc,1.891304347826087,1,1,0,605,0.004722550177095631,0.021739130434782608
7,8,1522,single,Dash-8,0.001,dash8_simulation_t0.5s,0.5,0.5,reported,y_over_Lc,0.9917355371900827,1,Z_over_Lc,1.8944099378881987,1,1,0,606,0.004722550177095631,0.021739130434782608
7,8,1522,single,Dash-8,0.001,dash8_simulation_t0.5s,0.5,0.5,reported,y_over_Lc,0.9940968122786304,1,Z_over_Lc,1.8959627329192548,1,1,0,607,0.004722550177095631,0.021739130434782608
7,8,1522,single,Dash-8,0.001,dash8_simulation_t0.5s,0.5,0.5,reported,y_over_Lc,0.9964580873671782,1,Z_over_Lc,1.8990683229813665,1,1,0,608,0.004722550177095631,0.021739130434782608
7,8,1522,single,Dash-8,0.001,dash8_simulation_t0.5s,0.5,0.5,reported,y_over_Lc,0.9988193624557261,1,Z_over_Lc,1.9006211180124224,1,1,0,609,0.004722550177095631,0.021739130434782608
7,8,1522,single,Dash-8,0.001,dash8_simulation_t0.5s,0.5,0.5,reported,y_over_Lc,1.001180637544274,1,Z_over_Lc,1.9021739130434783,1,1,0,610,0.004722550177095631,0.021739130434782608
7,8,1522,single,Dash-8,0.001,dash8_simulation_t0.5s,0.5,0.5,reported,y_over_Lc,1.0035419126328218,1,Z_over_Lc,1.9037267080745341,1,1,0,611,0.004722550177095631,0.021739130434782608
7,8,1522,single,Dash-8,0.001,dash8_simulation_t0.5s,0.5,0.5,reported,y_over_Lc,1.0059031877213696,1,Z_over_Lc,1.90527950310559,1,1,0,612,0.004722550177095631,0.021739130434782608
7,8,1522,single,Dash-8,0.001,dash8_simulation_t0.5s,0.5,0.5,reported,y_over_Lc,1.0082644628099173,1,Z_over_Lc,1.90527950310559,1,1,0,613,0.004722550177095631,0.021739130434782608
7,8,1522,single,Dash-8,0.001,dash8_simulation_t0.5s,0.5,0.5,reported,y_over_Lc,1.010625737898465,1,Z_over_Lc,1.90527950310559,1,1,0,614,0.004722550177095631,0.021739130434782608
7,8,1522,single,Dash-8,0.001,dash8_simulation_t0.5s,0.5,0.5,reported,y_over_Lc,1.0129870129870129,1,Z_over_Lc,1.90527950310559,1,1,0,615,0.004722550177095631,0.021739130434782608
7,8,1522,single,Dash-8,0.001,dash8_simulation_t0.5s,0.5,0.5,reported,y_over_Lc,1.0153482880755609,1,Z_over_Lc,1.90527950310559,1,1,0,616,0.004722550177095631,0.021739130434782608
7,8,1522,single,Dash-8,0.001,dash8_simulation_t0.5s,0.5,0.5,reported,y_over_Lc,1.0177095631641087,1,Z_over_Lc,1.90527950310559,1,1,0,617,0.004722550177095631,0.021739130434782608
7,8,1522,single,Dash-8,0.001,dash8_simulation_t0.5s,0.5,0.5,reported,y_over_Lc,1.0200708382526564,1,Z_over_Lc,1.90527950310559,1,1,0,618,0.004722550177095631,0.021739130434782608
7,8,1522,single,Dash-8,0.001,dash8_simulation_t0.5s,0.5,0.5,reported,y_over_Lc,1.0224321133412042,1,Z_over_Lc,1.90527950310559,1,1,0,619,0.004722550177095631,0.021739130434782608
7,8,1522,single,Dash-8,0.001,dash8_simulation_t0.5s,0.5,0.5,reported,y_over_Lc,1.024793388429752,1,Z_over_Lc,1.90527950310559,1,1,0,620,0.004722550177095631,0.021739130434782608
7,8,1522,single,Dash-8,0.001,dash8_simulation_t0.5s,0.5,0.5,reported,y_over_Lc,1.0271546635183,1,Z_over_Lc,1.90527950310559,1,1,0,621,0.004722550177095631,0.021739130434782608
7,8,1522,single,Dash-8,0.001,dash8_simulation_t0.5s,0.5,0.5,reported,y_over_Lc,1.0295159386068478,1,Z_over_Lc,1.90527950310559,1,1,0,622,0.004722550177095631,0.021739130434782608
7,8,1522,single,Dash-8,0.001,dash8_simulation_t0.5s,0.5,0.5,reported,y_over_Lc,1.0318772136953955,1,Z_over_Lc,1.90527950310559,1,1,0,623,0.004722550177095631,0.021739130434782608
7,8,1522,single,Dash-8,0.001,dash8_simulation_t0.5s,0.5,0.5,reported,y_over_Lc,1.0342384887839433,1,Z_over_Lc,1.90527950310559,1,1,0,624,0.004722550177095631,0.021739130434782608
7,8,1522,single,Dash-8,0.001,dash8_simulation_t0.5s,0.5,0.5,reported,y_over_Lc,1.036599763872491,1,Z_over_Lc,1.90527950310559,1,1,0,625,0.004722550177095631,0.021739130434782608
7,8,1522,single,Dash-8,0.001,dash8_simulation_t0.5s,0.5,0.5,reported,y_over_Lc,1.0389610389610389,1,Z_over_Lc,1.90527950310559,1,1,0,626,0.004722550177095631,0.021739130434782608
7,8,1522,single,Dash-8,0.001,dash8_simulation_t0.5s,0.5,0.5,reported,y_over_Lc,1.0413223140495869,1,Z_over_Lc,1.90527950310559,1,1,0,627,0.004722550177095631,0.021739130434782608
7,8,1522,single,Dash-8,0.001,dash8_simulation_t0.5s,0.5,0.5,reported,y_over_Lc,1.0436835891381346,1,Z_over_Lc,1.90527950310559,1,1,0,628,0.004722550177095631,0.021739130434782608
7,8,1522,single,Dash-8,0.001,dash8_simulation_t0.5s,0.5,0.5,reported,y_over_Lc,1.0460448642266824,1,Z_over_Lc,1.90527950310559,1,1,0,629,0.004722550177095631,0.021739130434782608
7,8,1522,single,Dash-8,0.001,dash8_simulation_t0.5s,0.5,0.5,reported,y_over_Lc,1.0484061393152302,1,Z_over_Lc,1.90527950310559,1,1,0,630,0.004722550177095631,0.021739130434782608
7,8,1522,single,Dash-8,0.001,dash8_simulation_t0.5s,0.5,0.5,reported,y_over_Lc,1.050767414403778,1,Z_over_Lc,1.90527950310559,1,1,0,631,0.004722550177095631,0.021739130434782608
7,8,1522,single,Dash-8,0.001,dash8_simulation_t0.5s,0.5,0.5,reported,y_over_Lc,1.053128689492326,1,Z_over_Lc,1.90527950310559,1,1,0,632,0.004722550177095631,0.021739130434782608
7,8,1522,single,Dash-8,0.001,dash8_simulation_t0.5s,0.5,0.5,reported,y_over_Lc,1.0554899645808737,1,Z_over_Lc,1.90527950310559,1,1,0,633,0.004722550177095631,0.021739130434782608
7,8,1522,single,Dash-8,0.001,dash8_simulation_t0.5s,0.5,0.5,reported,y_over_Lc,1.0578512396694215,1,Z_over_Lc,1.90527950310559,1,1,0,634,0.004722550177095631,0.021739130434782608
7,8,1522,single,Dash-8,0.001,dash8_simulation_t0.5s,0.5,0.5,reported,y_over_Lc,1.0602125147579693,1,Z_over_Lc,1.90527950310559,1,1,0,635,0.004722550177095631,0.021739130434782608
7,8,1522,single,Dash-8,0.001,dash8_simulation_t0.5s,0.5,0.5,reported,y_over_Lc,1.062573789846517,1,Z_over_Lc,1.90527950310559,1,1,0,636,0.004722550177095631,0.021739130434782608
7,8,1522,single,Dash-8,0.001,dash8_simulation_t0.5s,0.5,0.5,reported,y_over_Lc,1.0649350649350648,1,Z_over_Lc,1.90527950310559,1,1,0,637,0.004722550177095631,0.021739130434782608
7,8,1522,single,Dash-8,0.001,dash8_simulation_t0.5s,0.5,0.5,reported,y_over_Lc,1.0672963400236128,1,Z_over_Lc,1.90527950310559,1,1,0,638,0.004722550177095631,0.021739130434782608
7,8,1522,single,Dash-8,0.001,dash8_simulation_t0.5s,0.5,0.5,reported,y_over_Lc,1.0696576151121606,1,Z_over_Lc,1.90527950310559,1,1,0,639,0.004722550177095631,0.021739130434782608
7,8,1522,single,Dash-8,0.001,dash8_simulation_t0.5s,0.5,0.5,reported,y_over_Lc,1.0720188902007084,1,Z_over_Lc,1.90527950310559,1,1,0,640,0.004722550177095631,0.021739130434782608
7,8,1522,single,Dash-8,0.001,dash8_simulation_t0.5s,0.5,0.5,reported,y_over_Lc,1.0743801652892562,1,Z_over_Lc,1.90527950310559,1,1,0,641,0.004722550177095631,0.021739130434782608
7,8,1522,single,Dash-8,0.001,dash8_simulation_t0.5s,0.5,0.5,reported,y_over_Lc,1.076741440377804,1,Z_over_Lc,1.90527950310559,1,1,0,642,0.004722550177095631,0.021739130434782608
7,8,1522,single,Dash-8,0.001,dash8_simulation_t0.5s,0.5,0.5,reported,y_over_Lc,1.0791027154663517,1,Z_over_Lc,1.90527950310559,1,1,0,643,0.004722550177095631,0.021739130434782608
7,8,1522,single,Dash-8,0.001,dash8_simulation_t0.5s,0.5,0.5,reported,y_over_Lc,1.0814639905548997,1,Z_over_Lc,1.90527950310559,1,1,0,644,0.004722550177095631,0.021739130434782608
7,8,1522,single,Dash-8,0.001,dash8_simulation_t0.5s,0.5,0.5,reported,y_over_Lc,1.0838252656434475,1,Z_over_Lc,1.90527950310559,1,1,0,645,0.004722550177095631,0.021739130434782608
7,8,1522,single,Dash-8,0.001,dash8_simulation_t0.5s,0.5,0.5,reported,y_over_Lc,1.0861865407319953,1,Z_over_Lc,1.90527950310559,1,1,0,646,0.004722550177095631,0.021739130434782608
7,8,1522,single,Dash-8,0.001,dash8_simulation_t0.5s,0.5,0.5,reported,y_over_Lc,1.088547815820543,1,Z_over_Lc,1.90527950310559,1,1,0,647,0.004722550177095631,0.021739130434782608
7,8,1522,single,Dash-8,0.001,dash8_simulation_t0.5s,0.5,0.5,reported,y_over_Lc,1.0909090909090908,1,Z_over_Lc,1.90527950310559,1,1,0,648,0.004722550177095631,0.021739130434782608
7,8,1522,single,Dash-8,0.001,dash8_simulation_t0.5s,0.5,0.5,reported,y_over_Lc,1.0932703659976388,1,Z_over_Lc,1.90527950310559,1,1,0,649,0.004722550177095631,0.021739130434782608
7,8,1522,single,Dash-8,0.001,dash8_simulation_t0.5s,0.5,0.5,reported,y_over_Lc,1.0956316410861866,1,Z_over_Lc,1.90527950310559,1,1,0,650,0.004722550177095631,0.021739130434782608
7,8,1522,single,Dash-8,0.001,dash8_simulation_t0.5s,0.5,0.5,reported,y_over_Lc,1.0979929161747344,1,Z_over_Lc,1.90527950310559,1,1,0,651,0.004722550177095631,0.021739130434782608
7,8,1522,single,Dash-8,0.001,dash8_simulation_t0.5s,0.5,0.5,reported,y_over_Lc,1.1003541912632822,1,Z_over_Lc,1.90527950310559,1,1,0,652,0.004722550177095631,0.021739130434782608
7,8,1522,single,Dash-8,0.001,dash8_simulation_t0.5s,0.5,0.5,reported,y_over_Lc,1.10271546635183,1,Z_over_Lc,1.90527950310559,1,1,0,653,0.004722550177095631,0.021739130434782608
7,8,1522,single,Dash-8,0.001,dash8_simulation_t0.5s,0.5,0.5,reported,y_over_Lc,1.1050767414403777,1,Z_over_Lc,1.90527950310559,1,1,0,654,0.004722550177095631,0.021739130434782608
7,8,1522,single,Dash-8,0.001,dash8_simulation_t0.5s,0.5,0.5,reported,y_over_Lc,1.1074380165289257,1,Z_over_Lc,1.90527950310559,1,1,0,655,0.004722550177095631,0.021739130434782608
7,8,1522,single,Dash-8,0.001,dash8_simulation_t0.5s,0.5,0.5,reported,y_over_Lc,1.1097992916174735,1,Z_over_Lc,1.90527950310559,1,1,0,656,0.004722550177095631,0.021739130434782608
7,8,1522,single,Dash-8,0.001,dash8_simulation_t0.5s,0.5,0.5,reported,y_over_Lc,1.1121605667060213,1,Z_over_Lc,1.90527950310559,1,1,0,657,0.004722550177095631,0.021739130434782608
7,8,1522,single,Dash-8,0.001,dash8_simulation_t0.5s,0.5,0.5,reported,y_over_Lc,1.114521841794569,1,Z_over_Lc,1.90527950310559,1,1,0,658,0.004722550177095631,0.021739130434782608
7,8,1522,single,Dash-8,0.001,dash8_simulation_t0.5s,0.5,0.5,reported,y_over_Lc,1.1168831168831168,1,Z_over_Lc,1.90527950310559,1,1,0,659,0.004722550177095631,0.021739130434782608
7,8,1522,single,Dash-8,0.001,dash8_simulation_t0.5s,0.5,0.5,reported,y_over_Lc,1.1192443919716648,1,Z_over_Lc,1.90527950310559,1,1,0,660,0.004722550177095631,0.021739130434782608
7,8,1522,single,Dash-8,0.001,dash8_simulation_t0.5s,0.5,0.5,reported,y_over_Lc,1.1216056670602126,1,Z_over_Lc,1.90527950310559,1,1,0,661,0.004722550177095631,0.021739130434782608
7,8,1522,single,Dash-8,0.001,dash8_simulation_t0.5s,0.5,0.5,reported,y_over_Lc,1.1239669421487604,1,Z_over_Lc,1.90527950310559,1,1,0,662,0.004722550177095631,0.021739130434782608
7,8,1522,single,Dash-8,0.001,dash8_simulation_t0.5s,0.5,0.5,reported,y_over_Lc,1.1263282172373081,1,Z_over_Lc,1.90527950310559,1,1,0,663,0.004722550177095631,0.021739130434782608
7,8,1522,single,Dash-8,0.001,dash8_simulation_t0.5s,0.5,0.5,reported,y_over_Lc,1.128689492325856,1,Z_over_Lc,1.90527950310559,1,1,0,664,0.004722550177095631,0.021739130434782608
7,8,1522,single,Dash-8,0.001,dash8_simulation_t0.5s,0.5,0.5,reported,y_over_Lc,1.1310507674144037,1,Z_over_Lc,1.90527950310559,1,1,0,665,0.004722550177095631,0.021739130434782608
7,8,1522,single,Dash-8,0.001,dash8_simulation_t0.5s,0.5,0.5,reported,y_over_Lc,1.1334120425029517,1,Z_over_Lc,1.90527950310559,1,1,0,666,0.004722550177095631,0.021739130434782608
7,8,1522,single,Dash-8,0.001,dash8_simulation_t0.5s,0.5,0.5,reported,y_over_Lc,1.1357733175914995,1,Z_over_Lc,1.90527950310559,1,1,0,667,0.004722550177095631,0.021739130434782608
7,8,1522,single,Dash-8,0.001,dash8_simulation_t0.5s,0.5,0.5,reported,y_over_Lc,1.1381345926800472,1,Z_over_Lc,1.90527950310559,1,1,0,668,0.004722550177095631,0.021739130434782608
7,8,1522,single,Dash-8,0.001,dash8_simulation_t0.5s,0.5,0.5,reported,y_over_Lc,1.140495867768595,1,Z_over_Lc,1.906832298136646,1,1,0,669,0.004722550177095631,0.021739130434782608
7,8,1522,single,Dash-8,0.001,dash8_simulation_t0.5s,0.5,0.5,reported,y_over_Lc,1.1428571428571428,1,Z_over_Lc,1.9083850931677018,1,1,0,670,0.004722550177095631,0.021739130434782608
7,8,1522,single,Dash-8,0.001,dash8_simulation_t0.5s,0.5,0.5,reported,y_over_Lc,1.1452184179456906,1,Z_over_Lc,1.9083850931677018,1,1,0,671,0.004722550177095631,0.021739130434782608
7,8,1522,single,Dash-8,0.001,dash8_simulation_t0.5s,0.5,0.5,reported,y_over_Lc,1.1475796930342386,1,Z_over_Lc,1.9114906832298137,1,1,0,672,0.004722550177095631,0.021739130434782608
7,8,1522,single,Dash-8,0.001,dash8_simulation_t0.5s,0.5,0.5,reported,y_over_Lc,1.1499409681227863,1,Z_over_Lc,1.9130434782608696,1,1,0,673,0.004722550177095631,0.021739130434782608
7,8,1522,single,Dash-8,0.001,dash8_simulation_t0.5s,0.5,0.5,reported,y_over_Lc,1.1523022432113341,1,Z_over_Lc,1.9145962732919255,1,1,0,674,0.004722550177095631,0.021739130434782608
7,8,1522,single,Dash-8,0.001,dash8_simulation_t0.5s,0.5,0.5,reported,y_over_Lc,1.154663518299882,1,Z_over_Lc,1.9177018633540373,1,1,0,675,0.004722550177095631,0.021739130434782608
7,8,1522,single,Dash-8,0.001,dash8_simulation_t0.5s,0.5,0.5,reported,y_over_Lc,1.1570247933884297,1,Z_over_Lc,1.920807453416149,1,1,0,676,0.004722550177095631,0.021739130434782608
7,8,1522,single,Dash-8,0.001,dash8_simulation_t0.5s,0.5,0.5,reported,y_over_Lc,1.1593860684769777,1,Z_over_Lc,1.9223602484472049,1,1,0,677,0.004722550177095631,0.021739130434782608
7,8,1522,single,Dash-8,0.001,dash8_simulation_t0.5s,0.5,0.5,reported,y_over_Lc,1.1617473435655254,1,Z_over_Lc,1.9223602484472049,1,1,0,678,0.004722550177095631,0.021739130434782608
7,8,1522,single,Dash-8,0.001,dash8_simulation_t0.5s,0.5,0.5,reported,y_over_Lc,1.1641086186540732,1,Z_over_Lc,1.923913043478261,1,1,0,679,0.004722550177095631,0.021739130434782608
7,8,1522,single,Dash-8,0.001,dash8_simulation_t0.5s,0.5,0.5,reported,y_over_Lc,1.166469893742621,1,Z_over_Lc,1.9301242236024845,1,1,0,680,0.004722550177095631,0.021739130434782608
7,8,1522,single,Dash-8,0.001,dash8_simulation_t0.5s,0.5,0.5,reported,y_over_Lc,1.1688311688311688,1,Z_over_Lc,1.9332298136645962,1,1,0,681,0.004722550177095631,0.021739130434782608
7,8,1522,single,Dash-8,0.001,dash8_simulation_t0.5s,0.5,0.5,reported,y_over_Lc,1.1711924439197166,1,Z_over_Lc,1.9332298136645962,1,1,0,682,0.004722550177095631,0.021739130434782608
7,8,1522,single,Dash-8,0.001,dash8_simulation_t0.5s,0.5,0.5,reported,y_over_Lc,1.1735537190082646,1,Z_over_Lc,1.936335403726708,1,1,0,683,0.004722550177095631,0.021739130434782608
7,8,1522,single,Dash-8,0.001,dash8_simulation_t0.5s,0.5,0.5,reported,y_over_Lc,1.1759149940968123,1,Z_over_Lc,1.936335403726708,1,1,0,684,0.004722550177095631,0.021739130434782608
7,8,1522,single,Dash-8,0.001,dash8_simulation_t0.5s,0.5,0.5,reported,y_over_Lc,1.17827626918536,1,Z_over_Lc,1.937888198757764,1,1,0,685,0.004722550177095631,0.021739130434782608
7,8,1522,single,Dash-8,0.001,dash8_simulation_t0.5s,0.5,0.5,reported,y_over_Lc,1.1806375442739079,1,Z_over_Lc,1.93944099378882,1,1,0,686,0.004722550177095631,0.021739130434782608
7,8,1522,single,Dash-8,0.001,dash8_simulation_t0.5s,0.5,0.5,reported,y_over_Lc,1.1829988193624557,1,Z_over_Lc,1.93944099378882,1,1,0,687,0.004722550177095631,0.021739130434782608
7,8,1522,single,Dash-8,0.001,dash8_simulation_t0.5s,0.5,0.5,reported,y_over_Lc,1.1853600944510034,1,Z_over_Lc,1.93944099378882,1,1,0,688,0.004722550177095631,0.021739130434782608
7,8,1522,single,Dash-8,0.001,dash8_simulation_t0.5s,0.5,0.5,reported,y_over_Lc,1.1877213695395514,1,Z_over_Lc,1.93944099378882,1,1,0,689,0.004722550177095631,0.021739130434782608
7,8,1522,single,Dash-8,0.001,dash8_simulation_t0.5s,0.5,0.5,reported,y_over_Lc,1.1900826446280992,1,Z_over_Lc,1.93944099378882,1,1,0,690,0.004722550177095631,0.021739130434782608
7,8,1522,single,Dash-8,0.001,dash8_simulation_t0.5s,0.5,0.5,reported,y_over_Lc,1.192443919716647,1,Z_over_Lc,1.93944099378882,1,1,0,691,0.004722550177095631,0.021739130434782608
7,8,1522,single,Dash-8,0.001,dash8_simulation_t0.5s,0.5,0.5,reported,y_over_Lc,1.1948051948051948,1,Z_over_Lc,1.93944099378882,1,1,0,692,0.004722550177095631,0.021739130434782608
7,8,1522,single,Dash-8,0.001,dash8_simulation_t0.5s,0.5,0.5,reported,y_over_Lc,1.1971664698937425,1,Z_over_Lc,1.93944099378882,1,1,0,693,0.004722550177095631,0.021739130434782608
7,8,1522,single,Dash-8,0.001,dash8_simulation_t0.5s,0.5,0.5,reported,y_over_Lc,1.1995277449822905,1,Z_over_Lc,1.93944099378882,1,1,0,694,0.004722550177095631,0.021739130434782608
7,8,1522,single,Dash-8,0.001,dash8_simulation_t0.5s,0.5,0.5,reported,y_over_Lc,1.2018890200708383,1,Z_over_Lc,1.93944099378882,1,1,0,695,0.004722550177095631,0.021739130434782608
7,8,1522,single,Dash-8,0.001,dash8_simulation_t0.5s,0.5,0.5,reported,y_over_Lc,1.204250295159386,1,Z_over_Lc,1.93944099378882,1,1,0,696,0.004722550177095631,0.021739130434782608
7,8,1522,single,Dash-8,0.001,dash8_simulation_t0.5s,0.5,0.5,reported,y_over_Lc,1.2066115702479339,1,Z_over_Lc,1.93944099378882,1,1,0,697,0.004722550177095631,0.021739130434782608
7,8,1522,single,Dash-8,0.001,dash8_simulation_t0.5s,0.5,0.5,reported,y_over_Lc,1.2089728453364816,1,Z_over_Lc,1.9409937888198758,1,1,0,698,0.004722550177095631,0.021739130434782608
7,8,1522,single,Dash-8,0.001,dash8_simulation_t0.5s,0.5,0.5,reported,y_over_Lc,1.2113341204250294,1,Z_over_Lc,1.9409937888198758,1,1,0,699,0.004722550177095631,0.021739130434782608
7,8,1522,single,Dash-8,0.001,dash8_simulation_t0.5s,0.5,0.5,reported,y_over_Lc,1.2136953955135774,1,Z_over_Lc,1.9425465838509317,1,1,0,700,0.004722550177095631,0.021739130434782608
7,8,1522,single,Dash-8,0.001,dash8_simulation_t0.5s,0.5,0.5,reported,y_over_Lc,1.2160566706021252,1,Z_over_Lc,1.9440993788819876,1,1,0,701,0.004722550177095631,0.021739130434782608
7,8,1522,single,Dash-8,0.001,dash8_simulation_t0.5s,0.5,0.5,reported,y_over_Lc,1.218417945690673,1,Z_over_Lc,1.9472049689440993,1,1,0,702,0.004722550177095631,0.021739130434782608
7,8,1522,single,Dash-8,0.001,dash8_simulation_t0.5s,0.5,0.5,reported,y_over_Lc,1.2207792207792207,1,Z_over_Lc,1.9487577639751552,1,1,0,703,0.004722550177095631,0.021739130434782608
7,8,1522,single,Dash-8,0.001,dash8_simulation_t0.5s,0.5,0.5,reported,y_over_Lc,1.2231404958677685,1,Z_over_Lc,1.9518633540372672,1,1,0,704,0.004722550177095631,0.021739130434782608
7,8,1522,single,Dash-8,0.001,dash8_simulation_t0.5s,0.5,0.5,reported,y_over_Lc,1.2255017709563165,1,Z_over_Lc,1.953416149068323,1,1,0,705,0.004722550177095631,0.021739130434782608
7,8,1522,single,Dash-8,0.001,dash8_simulation_t0.5s,0.5,0.5,reported,y_over_Lc,1.2278630460448643,1,Z_over_Lc,1.954968944099379,1,1,0,706,0.004722550177095631,0.021739130434782608
7,8,1522,single,Dash-8,0.001,dash8_simulation_t0.5s,0.5,0.5,reported,y_over_Lc,1.230224321133412,1,Z_over_Lc,1.9565217391304348,1,1,0,707,0.004722550177095631,0.021739130434782608
7,8,1522,single,Dash-8,0.001,dash8_simulation_t0.5s,0.5,0.5,reported,y_over_Lc,1.2325855962219598,1,Z_over_Lc,1.9611801242236024,1,1,0,708,0.004722550177095631,0.021739130434782608
7,8,1522,single,Dash-8,0.001,dash8_simulation_t0.5s,0.5,0.5,reported,y_over_Lc,1.2349468713105076,1,Z_over_Lc,1.9627329192546583,1,1,0,709,0.004722550177095631,0.021739130434782608
7,8,1522,single,Dash-8,0.001,dash8_simulation_t0.5s,0.5,0.5,reported,y_over_Lc,1.2373081463990554,1,Z_over_Lc,1.9642857142857142,1,1,0,710,0.004722550177095631,0.021739130434782608
7,8,1522,single,Dash-8,0.001,dash8_simulation_t0.5s,0.5,0.5,reported,y_over_Lc,1.2396694214876034,1,Z_over_Lc,1.9673913043478262,1,1,0,711,0.004722550177095631,0.021739130434782608
7,8,1522,single,Dash-8,0.001,dash8_simulation_t0.5s,0.5,0.5,reported,y_over_Lc,1.2420306965761512,1,Z_over_Lc,1.9673913043478262,1,1,0,712,0.004722550177095631,0.021739130434782608
7,8,1522,single,Dash-8,0.001,dash8_simulation_t0.5s,0.5,0.5,reported,y_over_Lc,1.244391971664699,1,Z_over_Lc,1.970496894409938,1,1,0,713,0.004722550177095631,0.021739130434782608
7,8,1522,single,Dash-8,0.001,dash8_simulation_t0.5s,0.5,0.5,reported,y_over_Lc,1.2467532467532467,1,Z_over_Lc,1.9736024844720497,1,1,0,714,0.004722550177095631,0.021739130434782608
7,8,1522,single,Dash-8,0.001,dash8_simulation_t0.5s,0.5,0.5,reported,y_over_Lc,1.2491145218417945,1,Z_over_Lc,1.9751552795031055,1,1,0,715,0.004722550177095631,0.021739130434782608
7,8,1522,single,Dash-8,0.001,dash8_simulation_t0.5s,0.5,0.5,reported,y_over_Lc,1.2514757969303423,1,Z_over_Lc,1.9767080745341614,1,1,0,716,0.004722550177095631,0.021739130434782608
7,8,1522,single,Dash-8,0.001,dash8_simulation_t0.5s,0.5,0.5,reported,y_over_Lc,1.2538370720188903,1,Z_over_Lc,1.9767080745341614,1,1,0,717,0.004722550177095631,0.021739130434782608
7,8,1522,single,Dash-8,0.001,dash8_simulation_t0.5s,0.5,0.5,reported,y_over_Lc,1.256198347107438,1,Z_over_Lc,1.9767080745341614,1,1,0,718,0.004722550177095631,0.021739130434782608
7,8,1522,single,Dash-8,0.001,dash8_simulation_t0.5s,0.5,0.5,reported,y_over_Lc,1.2585596221959858,1,Z_over_Lc,1.9767080745341614,1,1,0,719,0.004722550177095631,0.021739130434782608
7,8,1522,single,Dash-8,0.001,dash8_simulation_t0.5s,0.5,0.5,reported,y_over_Lc,1.2609208972845336,1,Z_over_Lc,1.9767080745341614,1,1,0,720,0.004722550177095631,0.021739130434782608
7,8,1522,single,Dash-8,0.001,dash8_simulation_t0.5s,0.5,0.5,reported,y_over_Lc,1.2632821723730814,1,Z_over_Lc,1.9767080745341614,1,1,0,721,0.004722550177095631,0.021739130434782608
7,8,1522,single,Dash-8,0.001,dash8_simulation_t0.5s,0.5,0.5,reported,y_over_Lc,1.2656434474616294,1,Z_over_Lc,1.9767080745341614,1,1,0,722,0.004722550177095631,0.021739130434782608
7,8,1522,single,Dash-8,0.001,dash8_simulation_t0.5s,0.5,0.5,reported,y_over_Lc,1.2680047225501772,1,Z_over_Lc,1.9767080745341614,1,1,0,723,0.004722550177095631,0.021739130434782608
7,8,1522,single,Dash-8,0.001,dash8_simulation_t0.5s,0.5,0.5,reported,y_over_Lc,1.270365997638725,1,Z_over_Lc,1.9767080745341614,1,1,0,724,0.004722550177095631,0.021739130434782608
7,8,1522,single,Dash-8,0.001,dash8_simulation_t0.5s,0.5,0.5,reported,y_over_Lc,1.2727272727272727,1,Z_over_Lc,1.9767080745341614,1,1,0,725,0.004722550177095631,0.021739130434782608
7,8,1522,single,Dash-8,0.001,dash8_simulation_t0.5s,0.5,0.5,reported,y_over_Lc,1.2750885478158205,1,Z_over_Lc,1.9767080745341614,1,1,0,726,0.004722550177095631,0.021739130434782608
7,8,1522,single,Dash-8,0.001,dash8_simulation_t0.5s,0.5,0.5,reported,y_over_Lc,1.2774498229043683,1,Z_over_Lc,1.9767080745341614,1,1,0,727,0.004722550177095631,0.021739130434782608
7,8,1522,single,Dash-8,0.001,dash8_simulation_t0.5s,0.5,0.5,reported,y_over_Lc,1.2798110979929163,1,Z_over_Lc,1.9767080745341614,1,1,0,728,0.004722550177095631,0.021739130434782608
7,8,1522,single,Dash-8,0.001,dash8_simulation_t0.5s,0.5,0.5,reported,y_over_Lc,1.282172373081464,1,Z_over_Lc,1.9767080745341614,1,1,0,729,0.004722550177095631,0.021739130434782608
7,8,1522,single,Dash-8,0.001,dash8_simulation_t0.5s,0.5,0.5,reported,y_over_Lc,1.2845336481700118,1,Z_over_Lc,1.9767080745341614,1,1,0,730,0.004722550177095631,0.021739130434782608
7,8,1522,single,Dash-8,0.001,dash8_simulation_t0.5s,0.5,0.5,reported,y_over_Lc,1.2868949232585596,1,Z_over_Lc,1.9767080745341614,1,1,0,731,0.004722550177095631,0.021739130434782608
7,8,1522,single,Dash-8,0.001,dash8_simulation_t0.5s,0.5,0.5,reported,y_over_Lc,1.2892561983471074,1,Z_over_Lc,1.9767080745341614,1,1,0,732,0.004722550177095631,0.021739130434782608
7,8,1522,single,Dash-8,0.001,dash8_simulation_t0.5s,0.5,0.5,reported,y_over_Lc,1.2916174734356554,1,Z_over_Lc,1.9767080745341614,1,1,0,733,0.004722550177095631,0.021739130434782608
7,8,1522,single,Dash-8,0.001,dash8_simulation_t0.5s,0.5,0.5,reported,y_over_Lc,1.2939787485242031,1,Z_over_Lc,1.9767080745341614,1,1,0,734,0.004722550177095631,0.021739130434782608
7,8,1522,single,Dash-8,0.001,dash8_simulation_t0.5s,0.5,0.5,reported,y_over_Lc,1.296340023612751,1,Z_over_Lc,1.9767080745341614,1,1,0,735,0.004722550177095631,0.021739130434782608
7,8,1522,single,Dash-8,0.001,dash8_simulation_t0.5s,0.5,0.5,reported,y_over_Lc,1.2987012987012987,1,Z_over_Lc,1.9767080745341614,1,1,0,736,0.004722550177095631,0.021739130434782608
7,8,1522,single,Dash-8,0.001,dash8_simulation_t0.5s,0.5,0.5,reported,y_over_Lc,1.3010625737898465,1,Z_over_Lc,1.9767080745341614,1,1,0,737,0.004722550177095631,0.021739130434782608
7,8,1522,single,Dash-8,0.001,dash8_simulation_t0.5s,0.5,0.5,reported,y_over_Lc,1.3034238488783942,1,Z_over_Lc,1.9767080745341614,1,1,0,738,0.004722550177095631,0.021739130434782608
7,8,1522,single,Dash-8,0.001,dash8_simulation_t0.5s,0.5,0.5,reported,y_over_Lc,1.3057851239669422,1,Z_over_Lc,1.9767080745341614,1,1,0,739,0.004722550177095631,0.021739130434782608
7,8,1522,single,Dash-8,0.001,dash8_simulation_t0.5s,0.5,0.5,reported,y_over_Lc,1.30814639905549,1,Z_over_Lc,1.9767080745341614,1,1,0,740,0.004722550177095631,0.021739130434782608
7,8,1522,single,Dash-8,0.001,dash8_simulation_t0.5s,0.5,0.5,reported,y_over_Lc,1.3105076741440378,1,Z_over_Lc,1.9767080745341614,1,1,0,741,0.004722550177095631,0.021739130434782608
7,8,1522,single,Dash-8,0.001,dash8_simulation_t0.5s,0.5,0.5,reported,y_over_Lc,1.3128689492325856,1,Z_over_Lc,1.9767080745341614,1,1,0,742,0.004722550177095631,0.021739130434782608
7,8,1522,single,Dash-8,0.001,dash8_simulation_t0.5s,0.5,0.5,reported,y_over_Lc,1.3152302243211333,1,Z_over_Lc,1.9767080745341614,1,1,0,743,0.004722550177095631,0.021739130434782608
7,8,1522,single,Dash-8,0.001,dash8_simulation_t0.5s,0.5,0.5,reported,y_over_Lc,1.3175914994096811,1,Z_over_Lc,1.9782608695652173,1,1,0,744,0.004722550177095631,0.021739130434782608
7,8,1522,single,Dash-8,0.001,dash8_simulation_t0.5s,0.5,0.5,reported,y_over_Lc,1.3199527744982291,1,Z_over_Lc,1.9798136645962734,1,1,0,745,0.004722550177095631,0.021739130434782608
7,8,1522,single,Dash-8,0.001,dash8_simulation_t0.5s,0.5,0.5,reported,y_over_Lc,1.322314049586777,1,Z_over_Lc,1.9829192546583851,1,1,0,746,0.004722550177095631,0.021739130434782608
7,8,1522,single,Dash-8,0.001,dash8_simulation_t0.5s,0.5,0.5,reported,y_over_Lc,1.3246753246753247,1,Z_over_Lc,1.984472049689441,1,1,0,747,0.004722550177095631,0.021739130434782608
7,8,1522,single,Dash-8,0.001,dash8_simulation_t0.5s,0.5,0.5,reported,y_over_Lc,1.3270365997638724,1,Z_over_Lc,1.986024844720497,1,1,0,748,0.004722550177095631,0.021739130434782608
7,8,1522,single,Dash-8,0.001,dash8_simulation_t0.5s,0.5,0.5,reported,y_over_Lc,1.3293978748524202,1,Z_over_Lc,1.9875776397515528,1,1,0,749,0.004722550177095631,0.021739130434782608
7,8,1522,single,Dash-8,0.001,dash8_simulation_t0.5s,0.5,0.5,reported,y_over_Lc,1.3317591499409682,1,Z_over_Lc,1.9875776397515528,1,1,0,750,0.004722550177095631,0.021739130434782608
7,8,1522,single,Dash-8,0.001,dash8_simulation_t0.5s,0.5,0.5,reported,y_over_Lc,1.334120425029516,1,Z_over_Lc,1.9875776397515528,1,1,0,751,0.004722550177095631,0.021739130434782608
7,8,1522,single,Dash-8,0.001,dash8_simulation_t0.5s,0.5,0.5,reported,y_over_Lc,1.3364817001180638,1,Z_over_Lc,1.9906832298136645,1,1,0,752,0.004722550177095631,0.021739130434782608
7,8,1522,single,Dash-8,0.001,dash8_simulation_t0.5s,0.5,0.5,reported,y_over_Lc,1.3388429752066116,1,Z_over_Lc,1.9906832298136645,1,1,0,753,0.004722550177095631,0.021739130434782608
7,8,1522,single,Dash-8,0.001,dash8_simulation_t0.5s,0.5,0.5,reported,y_over_Lc,1.3412042502951593,1,Z_over_Lc,1.9922360248447204,1,1,0,754,0.004722550177095631,0.021739130434782608
7,8,1522,single,Dash-8,0.001,dash8_simulation_t0.5s,0.5,0.5,reported,y_over_Lc,1.343565525383707,1,Z_over_Lc,1.9937888198757765,1,1,0,755,0.004722550177095631,0.021739130434782608
7,8,1522,single,Dash-8,0.001,dash8_simulation_t0.5s,0.5,0.5,reported,y_over_Lc,1.6835891381345927,1,Z_over_Lc,1.9953416149068324,1,2,0,0,0.004722550177095631,0.021739130434782608
7,8,1522,single,Dash-8,0.001,dash8_simulation_t0.5s,0.5,0.5,reported,y_over_Lc,1.6859504132231404,1,Z_over_Lc,1.9891304347826086,1,2,0,1,0.004722550177095631,0.021739130434782608
7,8,1522,single,Dash-8,0.001,dash8_simulation_t0.5s,0.5,0.5,reported,y_over_Lc,1.6883116883116882,1,Z_over_Lc,1.984472049689441,1,2,0,2,0.004722550177095631,0.021739130434782608
7,8,1522,single,Dash-8,0.001,dash8_simulation_t0.5s,0.5,0.5,reported,y_over_Lc,1.6906729634002362,1,Z_over_Lc,1.9829192546583851,1,2,0,3,0.004722550177095631,0.021739130434782608
7,8,1522,single,Dash-8,0.001,dash8_simulation_t0.5s,0.5,0.5,reported,y_over_Lc,1.693034238488784,1,Z_over_Lc,1.953416149068323,1,2,0,4,0.004722550177095631,0.021739130434782608
7,8,1522,single,Dash-8,0.001,dash8_simulation_t0.5s,0.5,0.5,reported,y_over_Lc,1.693034238488784,1,Z_over_Lc,1.984472049689441,1,2,0,5,0.004722550177095631,0.021739130434782608
7,8,1522,single,Dash-8,0.001,dash8_simulation_t0.5s,0.5,0.5,reported,y_over_Lc,1.6953955135773318,1,Z_over_Lc,1.9472049689440993,1,2,0,6,0.004722550177095631,0.021739130434782608
7,8,1522,single,Dash-8,0.001,dash8_simulation_t0.5s,0.5,0.5,reported,y_over_Lc,1.6953955135773318,1,Z_over_Lc,1.984472049689441,1,2,0,7,0.004722550177095631,0.021739130434782608
7,8,1522,single,Dash-8,0.001,dash8_simulation_t0.5s,0.5,0.5,reported,y_over_Lc,1.6977567886658795,1,Z_over_Lc,1.9316770186335404,1,2,0,8,0.004722550177095631,0.021739130434782608
7,8,1522,single,Dash-8,0.001,dash8_simulation_t0.5s,0.5,0.5,reported,y_over_Lc,1.6977567886658795,1,Z_over_Lc,1.984472049689441,1,2,0,9,0.004722550177095631,0.021739130434782608
7,8,1522,single,Dash-8,0.001,dash8_simulation_t0.5s,0.5,0.5,reported,y_over_Lc,1.7001180637544273,1,Z_over_Lc,1.9161490683229814,1,2,0,10,0.004722550177095631,0.021739130434782608
7,8,1522,single,Dash-8,0.001,dash8_simulation_t0.5s,0.5,0.5,reported,y_over_Lc,1.7001180637544273,1,Z_over_Lc,1.984472049689441,1,2,0,11,0.004722550177095631,0.021739130434782608
7,8,1522,single,Dash-8,0.001,dash8_simulation_t0.5s,0.5,0.5,reported,y_over_Lc,1.7024793388429753,1,Z_over_Lc,1.9006211180124224,1,2,0,12,0.004722550177095631,0.021739130434782608
7,8,1522,single,Dash-8,0.001,dash8_simulation_t0.5s,0.5,0.5,reported,y_over_Lc,1.7024793388429753,1,Z_over_Lc,1.9751552795031055,1,2,0,13,0.004722550177095631,0.021739130434782608
7,8,1522,single,Dash-8,0.001,dash8_simulation_t0.5s,0.5,0.5,reported,y_over_Lc,1.704840613931523,1,Z_over_Lc,1.8975155279503106,1,2,0,14,0.004722550177095631,0.021739130434782608
7,8,1522,single,Dash-8,0.001,dash8_simulation_t0.5s,0.5,0.5,reported,y_over_Lc,1.704840613931523,1,Z_over_Lc,1.9720496894409938,1,2,0,15,0.004722550177095631,0.021739130434782608
7,8,1522,single,Dash-8,0.001,dash8_simulation_t0.5s,0.5,0.5,reported,y_over_Lc,1.7072018890200709,1,Z_over_Lc,1.8788819875776397,1,2,0,16,0.004722550177095631,0.021739130434782608
7,8,1522,single,Dash-8,0.001,dash8_simulation_t0.5s,0.5,0.5,reported,y_over_Lc,1.7072018890200709,1,Z_over_Lc,1.9596273291925466,1,2,0,17,0.004722550177095631,0.021739130434782608
7,8,1522,single,Dash-8,0.001,dash8_simulation_t0.5s,0.5,0.5,reported,y_over_Lc,1.7095631641086186,1,Z_over_Lc,1.8571428571428572,1,2,0,18,0.004722550177095631,0.021739130434782608
7,8,1522,single,Dash-8,0.001,dash8_simulation_t0.5s,0.5,0.5,reported,y_over_Lc,1.7095631641086186,1,Z_over_Lc,1.9440993788819876,1,2,0,19,0.004722550177095631,0.021739130434782608
7,8,1522,single,Dash-8,0.001,dash8_simulation_t0.5s,0.5,0.5,reported,y_over_Lc,1.7119244391971664,1,Z_over_Lc,1.8478260869565217,1,2,0,20,0.004722550177095631,0.021739130434782608
7,8,1522,single,Dash-8,0.001,dash8_simulation_t0.5s,0.5,0.5,reported,y_over_Lc,1.7119244391971664,1,Z_over_Lc,1.9285714285714286,1,2,0,21,0.004722550177095631,0.021739130434782608
7,8,1522,single,Dash-8,0.001,dash8_simulation_t0.5s,0.5,0.5,reported,y_over_Lc,1.7142857142857142,1,Z_over_Lc,1.8322981366459627,1,2,0,22,0.004722550177095631,0.021739130434782608
7,8,1522,single,Dash-8,0.001,dash8_simulation_t0.5s,0.5,0.5,reported,y_over_Lc,1.7142857142857142,1,Z_over_Lc,1.9223602484472049,1,2,0,23,0.004722550177095631,0.021739130434782608
7,8,1522,single,Dash-8,0.001,dash8_simulation_t0.5s,0.5,0.5,reported,y_over_Lc,1.7166469893742622,1,Z_over_Lc,1.8229813664596273,1,2,0,24,0.004722550177095631,0.021739130434782608
7,8,1522,single,Dash-8,0.001,dash8_simulation_t0.5s,0.5,0.5,reported,y_over_Lc,1.7166469893742622,1,Z_over_Lc,1.9037267080745341,1,2,0,25,0.004722550177095631,0.021739130434782608
7,8,1522,single,Dash-8,0.001,dash8_simulation_t0.5s,0.5,0.5,reported,y_over_Lc,1.71900826446281,1,Z_over_Lc,1.7981366459627328,1,2,0,26,0.004722550177095631,0.021739130434782608
7,8,1522,single,Dash-8,0.001,dash8_simulation_t0.5s,0.5,0.5,reported,y_over_Lc,1.71900826446281,1,Z_over_Lc,1.8881987577639752,1,2,0,27,0.004722550177095631,0.021739130434782608
7,8,1522,single,Dash-8,0.001,dash8_simulation_t0.5s,0.5,0.5,reported,y_over_Lc,1.7213695395513577,1,Z_over_Lc,1.795031055900621,1,2,0,28,0.004722550177095631,0.021739130434782608
7,8,1522,single,Dash-8,0.001,dash8_simulation_t0.5s,0.5,0.5,reported,y_over_Lc,1.7213695395513577,1,Z_over_Lc,1.875776397515528,1,2,0,29,0.004722550177095631,0.021739130434782608
7,8,1522,single,Dash-8,0.001,dash8_simulation_t0.5s,0.5,0.5,reported,y_over_Lc,1.7237308146399055,1,Z_over_Lc,1.779503105590062,1,2,0,30,0.004722550177095631,0.021739130434782608
7,8,1522,single,Dash-8,0.001,dash8_simulation_t0.5s,0.5,0.5,reported,y_over_Lc,1.7237308146399055,1,Z_over_Lc,1.8664596273291925,1,2,0,31,0.004722550177095631,0.021739130434782608
7,8,1522,single,Dash-8,0.001,dash8_simulation_t0.5s,0.5,0.5,reported,y_over_Lc,1.7260920897284533,1,Z_over_Lc,1.7763975155279503,1,2,0,32,0.004722550177095631,0.021739130434782608
7,8,1522,single,Dash-8,0.001,dash8_simulation_t0.5s,0.5,0.5,reported,y_over_Lc,1.7260920897284533,1,Z_over_Lc,1.8509316770186335,1,2,0,33,0.004722550177095631,0.021739130434782608
7,8,1522,single,Dash-8,0.001,dash8_simulation_t0.5s,0.5,0.5,reported,y_over_Lc,1.728453364817001,1,Z_over_Lc,1.7670807453416149,1,2,0,34,0.004722550177095631,0.021739130434782608
7,8,1522,single,Dash-8,0.001,dash8_simulation_t0.5s,0.5,0.5,reported,y_over_Lc,1.728453364817001,1,Z_over_Lc,1.8354037267080745,1,2,0,35,0.004722550177095631,0.021739130434782608
7,8,1522,single,Dash-8,0.001,dash8_simulation_t0.5s,0.5,0.5,reported,y_over_Lc,1.730814639905549,1,Z_over_Lc,1.7670807453416149,1,2,0,36,0.004722550177095631,0.021739130434782608
7,8,1522,single,Dash-8,0.001,dash8_simulation_t0.5s,0.5,0.5,reported,y_over_Lc,1.730814639905549,1,Z_over_Lc,1.8229813664596273,1,2,0,37,0.004722550177095631,0.021739130434782608
7,8,1522,single,Dash-8,0.001,dash8_simulation_t0.5s,0.5,0.5,reported,y_over_Lc,1.7331759149940968,1,Z_over_Lc,1.7577639751552796,1,2,0,38,0.004722550177095631,0.021739130434782608
7,8,1522,single,Dash-8,0.001,dash8_simulation_t0.5s,0.5,0.5,reported,y_over_Lc,1.7331759149940968,1,Z_over_Lc,1.8074534161490683,1,2,0,39,0.004722550177095631,0.021739130434782608
7,8,1522,single,Dash-8,0.001,dash8_simulation_t0.5s,0.5,0.5,reported,y_over_Lc,1.7355371900826446,1,Z_over_Lc,1.7546583850931676,1,2,0,40,0.004722550177095631,0.021739130434782608
7,8,1522,single,Dash-8,0.001,dash8_simulation_t0.5s,0.5,0.5,reported,y_over_Lc,1.7355371900826446,1,Z_over_Lc,1.7888198757763976,1,2,0,41,0.004722550177095631,0.021739130434782608
7,8,1522,single,Dash-8,0.001,dash8_simulation_t0.5s,0.5,0.5,reported,y_over_Lc,1.7378984651711924,1,Z_over_Lc,1.7515527950310559,1,2,0,42,0.004722550177095631,0.021739130434782608
7,8,1522,single,Dash-8,0.001,dash8_simulation_t0.5s,0.5,0.5,reported,y_over_Lc,1.7378984651711924,1,Z_over_Lc,1.7763975155279503,1,2,0,43,0.004722550177095631,0.021739130434782608
7,8,1522,single,Dash-8,0.001,dash8_simulation_t0.5s,0.5,0.5,reported,y_over_Lc,1.7402597402597402,1,Z_over_Lc,1.7484472049689441,1,2,0,44,0.004722550177095631,0.021739130434782608
7,8,1522,single,Dash-8,0.001,dash8_simulation_t0.5s,0.5,0.5,reported,y_over_Lc,1.7402597402597402,1,Z_over_Lc,1.7670807453416149,1,2,0,45,0.004722550177095631,0.021739130434782608
7,8,1522,single,Dash-8,0.001,dash8_simulation_t0.5s,0.5,0.5,reported,y_over_Lc,1.7426210153482882,1,Z_over_Lc,1.7453416149068324,1,2,0,46,0.004722550177095631,0.021739130434782608
7,8,1522,single,Dash-8,0.001,dash8_simulation_t0.5s,0.5,0.5,reported,y_over_Lc,1.744982290436836,1,Z_over_Lc,1.7453416149068324,1,2,0,47,0.004722550177095631,0.021739130434782608
7,8,1522,single,Dash-8,0.001,dash8_simulation_t0.5s,0.5,0.5,reported,y_over_Lc,1.7473435655253837,1,Z_over_Lc,1.7391304347826086,1,2,0,48,0.004722550177095631,0.021739130434782608
7,8,1522,single,Dash-8,0.001,dash8_simulation_t0.5s,0.5,0.5,reported,y_over_Lc,1.7497048406139315,1,Z_over_Lc,1.7329192546583851,1,2,0,49,0.004722550177095631,0.021739130434782608
7,8,1522,single,Dash-8,0.001,dash8_simulation_t0.5s,0.5,0.5,reported,y_over_Lc,1.7520661157024793,1,Z_over_Lc,1.7267080745341614,1,2,0,50,0.004722550177095631,0.021739130434782608
7,8,1522,single,Dash-8,0.001,dash8_simulation_t0.5s,0.5,0.5,reported,y_over_Lc,1.754427390791027,1,Z_over_Lc,1.7251552795031055,1,2,0,51,0.004722550177095631,0.021739130434782608
7,8,1522,single,Dash-8,0.001,dash8_simulation_t0.5s,0.5,0.5,reported,y_over_Lc,1.756788665879575,1,Z_over_Lc,1.7173913043478262,1,2,0,52,0.004722550177095631,0.021739130434782608
7,8,1522,single,Dash-8,0.001,dash8_simulation_t0.5s,0.5,0.5,reported,y_over_Lc,1.7591499409681228,1,Z_over_Lc,1.7018633540372672,1,2,0,53,0.004722550177095631,0.021739130434782608
7,8,1522,single,Dash-8,0.001,dash8_simulation_t0.5s,0.5,0.5,reported,y_over_Lc,1.7591499409681228,1,Z_over_Lc,1.720496894409938,1,2,0,54,0.004722550177095631,0.021739130434782608
7,8,1522,single,Dash-8,0.001,dash8_simulation_t0.5s,0.5,0.5,reported,y_over_Lc,1.7615112160566706,1,Z_over_Lc,1.7065217391304348,1,2,0,55,0.004722550177095631,0.021739130434782608
7,8,1522,single,Dash-8,0.001,dash8_simulation_t0.5s,0.5,0.5,reported,y_over_Lc,1.7638724911452184,1,Z_over_Lc,1.6832298136645962,1,2,0,56,0.004722550177095631,0.021739130434782608
7,8,1522,single,Dash-8,0.001,dash8_simulation_t0.5s,0.5,0.5,reported,y_over_Lc,1.7638724911452184,1,Z_over_Lc,1.7111801242236024,1,2,0,57,0.004722550177095631,0.021739130434782608
7,8,1522,single,Dash-8,0.001,dash8_simulation_t0.5s,0.5,0.5,reported,y_over_Lc,1.7662337662337662,1,Z_over_Lc,1.6770186335403727,1,2,0,58,0.004722550177095631,0.021739130434782608
7,8,1522,single,Dash-8,0.001,dash8_simulation_t0.5s,0.5,0.5,reported,y_over_Lc,1.7662337662337662,1,Z_over_Lc,1.704968944099379,1,2,0,59,0.004722550177095631,0.021739130434782608
7,8,1522,single,Dash-8,0.001,dash8_simulation_t0.5s,0.5,0.5,reported,y_over_Lc,1.7685950413223142,1,Z_over_Lc,1.6645962732919255,1,2,0,60,0.004722550177095631,0.021739130434782608
7,8,1522,single,Dash-8,0.001,dash8_simulation_t0.5s,0.5,0.5,reported,y_over_Lc,1.7685950413223142,1,Z_over_Lc,1.704968944099379,1,2,0,61,0.004722550177095631,0.021739130434782608
7,8,1522,single,Dash-8,0.001,dash8_simulation_t0.5s,0.5,0.5,reported,y_over_Lc,1.770956316410862,1,Z_over_Lc,1.6583850931677018,1,2,0,62,0.004722550177095631,0.021739130434782608
7,8,1522,single,Dash-8,0.001,dash8_simulation_t0.5s,0.5,0.5,reported,y_over_Lc,1.770956316410862,1,Z_over_Lc,1.6956521739130435,1,2,0,63,0.004722550177095631,0.021739130434782608
7,8,1522,single,Dash-8,0.001,dash8_simulation_t0.5s,0.5,0.5,reported,y_over_Lc,1.7733175914994097,1,Z_over_Lc,1.6459627329192548,1,2,0,64,0.004722550177095631,0.021739130434782608
7,8,1522,single,Dash-8,0.001,dash8_simulation_t0.5s,0.5,0.5,reported,y_over_Lc,1.7733175914994097,1,Z_over_Lc,1.6925465838509317,1,2,0,65,0.004722550177095631,0.021739130434782608
7,8,1522,single,Dash-8,0.001,dash8_simulation_t0.5s,0.5,0.5,reported,y_over_Lc,1.7756788665879575,1,Z_over_Lc,1.6366459627329193,1,2,0,66,0.004722550177095631,0.021739130434782608
7,8,1522,single,Dash-8,0.001,dash8_simulation_t0.5s,0.5,0.5,reported,y_over_Lc,1.7756788665879575,1,Z_over_Lc,1.686335403726708,1,2,0,67,0.004722550177095631,0.021739130434782608
7,8,1522,single,Dash-8,0.001,dash8_simulation_t0.5s,0.5,0.5,reported,y_over_Lc,1.7780401416765053,1,Z_over_Lc,1.624223602484472,1,2,0,68,0.004722550177095631,0.021739130434782608
7,8,1522,single,Dash-8,0.001,dash8_simulation_t0.5s,0.5,0.5,reported,y_over_Lc,1.7780401416765053,1,Z_over_Lc,1.6770186335403727,1,2,0,69,0.004722550177095631,0.021739130434782608
7,8,1522,single,Dash-8,0.001,dash8_simulation_t0.5s,0.5,0.5,reported,y_over_Lc,1.780401416765053,1,Z_over_Lc,1.6211180124223603,1,2,0,70,0.004722550177095631,0.021739130434782608
7,8,1522,single,Dash-8,0.001,dash8_simulation_t0.5s,0.5,0.5,reported,y_over_Lc,1.780401416765053,1,Z_over_Lc,1.670807453416149,1,2,0,71,0.004722550177095631,0.021739130434782608
7,8,1522,single,Dash-8,0.001,dash8_simulation_t0.5s,0.5,0.5,reported,y_over_Lc,1.782762691853601,1,Z_over_Lc,1.6055900621118013,1,2,0,72,0.004722550177095631,0.021739130434782608
7,8,1522,single,Dash-8,0.001,dash8_simulation_t0.5s,0.5,0.5,reported,y_over_Lc,1.782762691853601,1,Z_over_Lc,1.6583850931677018,1,2,0,73,0.004722550177095631,0.021739130434782608
7,8,1522,single,Dash-8,0.001,dash8_simulation_t0.5s,0.5,0.5,reported,y_over_Lc,1.7851239669421488,1,Z_over_Lc,1.6024844720496894,1,2,0,74,0.004722550177095631,0.021739130434782608
7,8,1522,single,Dash-8,0.001,dash8_simulation_t0.5s,0.5,0.5,reported,y_over_Lc,1.7851239669421488,1,Z_over_Lc,1.6459627329192548,1,2,0,75,0.004722550177095631,0.021739130434782608
7,8,1522,single,Dash-8,0.001,dash8_simulation_t0.5s,0.5,0.5,reported,y_over_Lc,1.7874852420306966,1,Z_over_Lc,1.5900621118012421,1,2,0,76,0.004722550177095631,0.021739130434782608
7,8,1522,single,Dash-8,0.001,dash8_simulation_t0.5s,0.5,0.5,reported,y_over_Lc,1.7874852420306966,1,Z_over_Lc,1.6428571428571428,1,2,0,77,0.004722550177095631,0.021739130434782608
7,8,1522,single,Dash-8,0.001,dash8_simulation_t0.5s,0.5,0.5,reported,y_over_Lc,1.7898465171192444,1,Z_over_Lc,1.5838509316770186,1,2,0,78,0.004722550177095631,0.021739130434782608
7,8,1522,single,Dash-8,0.001,dash8_simulation_t0.5s,0.5,0.5,reported,y_over_Lc,1.7898465171192444,1,Z_over_Lc,1.6304347826086956,1,2,0,79,0.004722550177095631,0.021739130434782608
7,8,1522,single,Dash-8,0.001,dash8_simulation_t0.5s,0.5,0.5,reported,y_over_Lc,1.7922077922077921,1,Z_over_Lc,1.5714285714285714,1,2,0,80,0.004722550177095631,0.021739130434782608
7,8,1522,single,Dash-8,0.001,dash8_simulation_t0.5s,0.5,0.5,reported,y_over_Lc,1.7922077922077921,1,Z_over_Lc,1.6180124223602483,1,2,0,81,0.004722550177095631,0.021739130434782608
7,8,1522,single,Dash-8,0.001,dash8_simulation_t0.5s,0.5,0.5,reported,y_over_Lc,1.79456906729634,1,Z_over_Lc,1.5714285714285714,1,2,0,82,0.004722550177095631,0.021739130434782608
7,8,1522,single,Dash-8,0.001,dash8_simulation_t0.5s,0.5,0.5,reported,y_over_Lc,1.79456906729634,1,Z_over_Lc,1.6118012422360248,1,2,0,83,0.004722550177095631,0.021739130434782608
7,8,1522,single,Dash-8,0.001,dash8_simulation_t0.5s,0.5,0.5,reported,y_over_Lc,1.796930342384888,1,Z_over_Lc,1.565217391304348,1,2,0,84,0.004722550177095631,0.021739130434782608
7,8,1522,single,Dash-8,0.001,dash8_simulation_t0.5s,0.5,0.5,reported,y_over_Lc,1.796930342384888,1,Z_over_Lc,1.6024844720496894,1,2,0,85,0.004722550177095631,0.021739130434782608
7,8,1522,single,Dash-8,0.001,dash8_simulation_t0.5s,0.5,0.5,reported,y_over_Lc,1.7992916174734357,1,Z_over_Lc,1.562111801242236,1,2,0,86,0.004722550177095631,0.021739130434782608
7,8,1522,single,Dash-8,0.001,dash8_simulation_t0.5s,0.5,0.5,reported,y_over_Lc,1.7992916174734357,1,Z_over_Lc,1.5900621118012421,1,2,0,87,0.004722550177095631,0.021739130434782608
7,8,1522,single,Dash-8,0.001,dash8_simulation_t0.5s,0.5,0.5,reported,y_over_Lc,1.8016528925619835,1,Z_over_Lc,1.5590062111801242,1,2,0,88,0.004722550177095631,0.021739130434782608
7,8,1522,single,Dash-8,0.001,dash8_simulation_t0.5s,0.5,0.5,reported,y_over_Lc,1.8016528925619835,1,Z_over_Lc,1.5776397515527951,1,2,0,89,0.004722550177095631,0.021739130434782608
7,8,1522,single,Dash-8,0.001,dash8_simulation_t0.5s,0.5,0.5,reported,y_over_Lc,1.8040141676505312,1,Z_over_Lc,1.5590062111801242,1,2,0,90,0.004722550177095631,0.021739130434782608
7,8,1522,single,Dash-8,0.001,dash8_simulation_t0.5s,0.5,0.5,reported,y_over_Lc,1.8040141676505312,1,Z_over_Lc,1.5776397515527951,1,2,0,91,0.004722550177095631,0.021739130434782608
7,8,1522,single,Dash-8,0.001,dash8_simulation_t0.5s,0.5,0.5,reported,y_over_Lc,1.806375442739079,1,Z_over_Lc,1.5590062111801242,1,2,0,92,0.004722550177095631,0.021739130434782608
7,8,1522,single,Dash-8,0.001,dash8_simulation_t0.5s,0.5,0.5,reported,y_over_Lc,1.808736717827627,1,Z_over_Lc,1.5543478260869565,1,2,0,93,0.004722550177095631,0.021739130434782608
7,8,1522,single,Dash-8,0.001,dash8_simulation_t0.5s,0.5,0.5,reported,y_over_Lc,1.8110979929161748,1,Z_over_Lc,1.5512422360248448,1,2,0,94,0.004722550177095631,0.021739130434782608
7,8,1522,single,Dash-8,0.001,dash8_simulation_t0.5s,0.5,0.5,reported,y_over_Lc,1.8134592680047226,1,Z_over_Lc,1.546583850931677,1,2,0,95,0.004722550177095631,0.021739130434782608
7,8,1522,single,Dash-8,0.001,dash8_simulation_t0.5s,0.5,0.5,reported,y_over_Lc,1.8158205430932703,1,Z_over_Lc,1.545031055900621,1,2,0,96,0.004722550177095631,0.021739130434782608
7,8,1522,single,Dash-8,0.001,dash8_simulation_t0.5s,0.5,0.5,reported,y_over_Lc,1.8181818181818181,1,Z_over_Lc,1.5419254658385093,1,2,0,97,0.004722550177095631,0.021739130434782608
7,8,1522,single,Dash-8,0.001,dash8_simulation_t0.5s,0.5,0.5,reported,y_over_Lc,1.820543093270366,1,Z_over_Lc,1.5388198757763976,1,2,0,98,0.004722550177095631,0.021739130434782608
7,8,1522,single,Dash-8,0.001,dash8_simulation_t0.5s,0.5,0.5,reported,y_over_Lc,1.822904368358914,1,Z_over_Lc,1.5372670807453417,1,2,0,99,0.004722550177095631,0.021739130434782608
7,8,1522,single,Dash-8,0.001,dash8_simulation_t0.5s,0.5,0.5,reported,y_over_Lc,1.8252656434474617,1,Z_over_Lc,1.5357142857142858,1,2,0,100,0.004722550177095631,0.021739130434782608
7,8,1522,single,Dash-8,0.001,dash8_simulation_t0.5s,0.5,0.5,reported,y_over_Lc,1.8276269185360094,1,Z_over_Lc,1.5357142857142858,1,2,0,101,0.004722550177095631,0.021739130434782608
7,8,1522,single,Dash-8,0.001,dash8_simulation_t0.5s,0.5,0.5,reported,y_over_Lc,1.8299881936245572,1,Z_over_Lc,1.5326086956521738,1,2,0,102,0.004722550177095631,0.021739130434782608
7,8,1522,single,Dash-8,0.001,dash8_simulation_t0.5s,0.5,0.5,reported,y_over_Lc,1.832349468713105,1,Z_over_Lc,1.529503105590062,1,2,0,103,0.004722550177095631,0.021739130434782608
7,8,1522,single,Dash-8,0.001,dash8_simulation_t0.5s,0.5,0.5,reported,y_over_Lc,1.834710743801653,1,Z_over_Lc,1.5279503105590062,1,2,0,104,0.004722550177095631,0.021739130434782608
7,8,1522,single,Dash-8,0.001,dash8_simulation_t0.5s,0.5,0.5,reported,y_over_Lc,1.8370720188902008,1,Z_over_Lc,1.5263975155279503,1,2,0,105,0.004722550177095631,0.021739130434782608
7,8,1522,single,Dash-8,0.001,dash8_simulation_t0.5s,0.5,0.5,reported,y_over_Lc,1.8394332939787486,1,Z_over_Lc,1.5248447204968945,1,2,0,106,0.004722550177095631,0.021739130434782608
7,8,1522,single,Dash-8,0.001,dash8_simulation_t0.5s,0.5,0.5,reported,y_over_Lc,1.8417945690672963,1,Z_over_Lc,1.5248447204968945,1,2,0,107,0.004722550177095631,0.021739130434782608
7,8,1522,single,Dash-8,0.001,dash8_simulation_t0.5s,0.5,0.5,reported,y_over_Lc,1.844155844155844,1,Z_over_Lc,1.5248447204968945,1,2,0,108,0.004722550177095631,0.021739130434782608
7,8,1522,single,Dash-8,0.001,dash8_simulation_t0.5s,0.5,0.5,reported,y_over_Lc,1.8465171192443919,1,Z_over_Lc,1.5248447204968945,1,2,0,109,0.004722550177095631,0.021739130434782608
7,8,1522,single,Dash-8,0.001,dash8_simulation_t0.5s,0.5,0.5,reported,y_over_Lc,1.8488783943329399,1,Z_over_Lc,1.5248447204968945,1,2,0,110,0.004722550177095631,0.021739130434782608
7,8,1522,single,Dash-8,0.001,dash8_simulation_t0.5s,0.5,0.5,reported,y_over_Lc,1.8512396694214877,1,Z_over_Lc,1.5248447204968945,1,2,0,111,0.004722550177095631,0.021739130434782608
7,8,1522,single,Dash-8,0.001,dash8_simulation_t0.5s,0.5,0.5,reported,y_over_Lc,1.8536009445100354,1,Z_over_Lc,1.5248447204968945,1,2,0,112,0.004722550177095631,0.021739130434782608
7,8,1522,single,Dash-8,0.001,dash8_simulation_t0.5s,0.5,0.5,reported,y_over_Lc,1.8559622195985832,1,Z_over_Lc,1.5248447204968945,1,2,0,113,0.004722550177095631,0.021739130434782608
7,8,1522,single,Dash-8,0.001,dash8_simulation_t0.5s,0.5,0.5,reported,y_over_Lc,1.858323494687131,1,Z_over_Lc,1.5248447204968945,1,2,0,114,0.004722550177095631,0.021739130434782608
7,8,1522,single,Dash-8,0.001,dash8_simulation_t0.5s,0.5,0.5,reported,y_over_Lc,1.8606847697756788,1,Z_over_Lc,1.5248447204968945,1,2,0,115,0.004722550177095631,0.021739130434782608
7,8,1522,single,Dash-8,0.001,dash8_simulation_t0.5s,0.5,0.5,reported,y_over_Lc,1.8630460448642268,1,Z_over_Lc,1.5248447204968945,1,2,0,116,0.004722550177095631,0.021739130434782608
7,8,1522,single,Dash-8,0.001,dash8_simulation_t0.5s,0.5,0.5,reported,y_over_Lc,1.8654073199527745,1,Z_over_Lc,1.5248447204968945,1,2,0,117,0.004722550177095631,0.021739130434782608
7,8,1522,single,Dash-8,0.001,dash8_simulation_t0.5s,0.5,0.5,reported,y_over_Lc,1.8677685950413223,1,Z_over_Lc,1.5248447204968945,1,2,0,118,0.004722550177095631,0.021739130434782608
7,8,1522,single,Dash-8,0.001,dash8_simulation_t0.5s,0.5,0.5,reported,y_over_Lc,1.87012987012987,1,Z_over_Lc,1.5248447204968945,1,2,0,119,0.004722550177095631,0.021739130434782608
7,8,1522,single,Dash-8,0.001,dash8_simulation_t0.5s,0.5,0.5,reported,y_over_Lc,1.8724911452184179,1,Z_over_Lc,1.5248447204968945,1,2,0,120,0.004722550177095631,0.021739130434782608
7,8,1522,single,Dash-8,0.001,dash8_simulation_t0.5s,0.5,0.5,reported,y_over_Lc,1.8748524203069659,1,Z_over_Lc,1.5248447204968945,1,2,0,121,0.004722550177095631,0.021739130434782608
7,8,1522,single,Dash-8,0.001,dash8_simulation_t0.5s,0.5,0.5,reported,y_over_Lc,1.8772136953955136,1,Z_over_Lc,1.5248447204968945,1,2,0,122,0.004722550177095631,0.021739130434782608
7,8,1522,single,Dash-8,0.001,dash8_simulation_t0.5s,0.5,0.5,reported,y_over_Lc,1.8795749704840614,1,Z_over_Lc,1.5248447204968945,1,2,0,123,0.004722550177095631,0.021739130434782608
7,8,1522,single,Dash-8,0.001,dash8_simulation_t0.5s,0.5,0.5,reported,y_over_Lc,1.8819362455726092,1,Z_over_Lc,1.5248447204968945,1,2,0,124,0.004722550177095631,0.021739130434782608
7,8,1522,single,Dash-8,0.001,dash8_simulation_t0.5s,0.5,0.5,reported,y_over_Lc,1.884297520661157,1,Z_over_Lc,1.5248447204968945,1,2,0,125,0.004722550177095631,0.021739130434782608
7,8,1522,single,Dash-8,0.001,dash8_simulation_t0.5s,0.5,0.5,reported,y_over_Lc,1.8866587957497047,1,Z_over_Lc,1.5248447204968945,1,2,0,126,0.004722550177095631,0.021739130434782608
7,8,1522,single,Dash-8,0.001,dash8_simulation_t0.5s,0.5,0.5,reported,y_over_Lc,1.8890200708382527,1,Z_over_Lc,1.5248447204968945,1,2,0,127,0.004722550177095631,0.021739130434782608
7,8,1522,single,Dash-8,0.001,dash8_simulation_t0.5s,0.5,0.5,reported,y_over_Lc,1.8913813459268005,1,Z_over_Lc,1.5248447204968945,1,2,0,128,0.004722550177095631,0.021739130434782608
7,8,1522,single,Dash-8,0.001,dash8_simulation_t0.5s,0.5,0.5,reported,y_over_Lc,1.8937426210153483,1,Z_over_Lc,1.5248447204968945,1,2,0,129,0.004722550177095631,0.021739130434782608
7,8,1522,single,Dash-8,0.001,dash8_simulation_t0.5s,0.5,0.5,reported,y_over_Lc,1.896103896103896,1,Z_over_Lc,1.5248447204968945,1,2,0,130,0.004722550177095631,0.021739130434782608
7,8,1522,single,Dash-8,0.001,dash8_simulation_t0.5s,0.5,0.5,reported,y_over_Lc,1.8984651711924438,1,Z_over_Lc,1.5248447204968945,1,2,0,131,0.004722550177095631,0.021739130434782608
7,8,1522,single,Dash-8,0.001,dash8_simulation_t0.5s,0.5,0.5,reported,y_over_Lc,1.9008264462809918,1,Z_over_Lc,1.5248447204968945,1,2,0,132,0.004722550177095631,0.021739130434782608
7,8,1522,single,Dash-8,0.001,dash8_simulation_t0.5s,0.5,0.5,reported,y_over_Lc,1.9031877213695396,1,Z_over_Lc,1.5248447204968945,1,2,0,133,0.004722550177095631,0.021739130434782608
7,8,1522,single,Dash-8,0.001,dash8_simulation_t0.5s,0.5,0.5,reported,y_over_Lc,1.9055489964580874,1,Z_over_Lc,1.5248447204968945,1,2,0,134,0.004722550177095631,0.021739130434782608
7,8,1522,single,Dash-8,0.001,dash8_simulation_t0.5s,0.5,0.5,reported,y_over_Lc,1.9079102715466352,1,Z_over_Lc,1.5248447204968945,1,2,0,135,0.004722550177095631,0.021739130434782608
7,8,1522,single,Dash-8,0.001,dash8_simulation_t0.5s,0.5,0.5,reported,y_over_Lc,1.910271546635183,1,Z_over_Lc,1.5248447204968945,1,2,0,136,0.004722550177095631,0.021739130434782608
7,8,1522,single,Dash-8,0.001,dash8_simulation_t0.5s,0.5,0.5,reported,y_over_Lc,1.9126328217237307,1,Z_over_Lc,1.5248447204968945,1,2,0,137,0.004722550177095631,0.021739130434782608
7,8,1522,single,Dash-8,0.001,dash8_simulation_t0.5s,0.5,0.5,reported,y_over_Lc,1.9149940968122787,1,Z_over_Lc,1.5248447204968945,1,2,0,138,0.004722550177095631,0.021739130434782608
7,8,1522,single,Dash-8,0.001,dash8_simulation_t0.5s,0.5,0.5,reported,y_over_Lc,1.9173553719008265,1,Z_over_Lc,1.5248447204968945,1,2,0,139,0.004722550177095631,0.021739130434782608
7,8,1522,single,Dash-8,0.001,dash8_simulation_t0.5s,0.5,0.5,reported,y_over_Lc,1.9197166469893743,1,Z_over_Lc,1.5248447204968945,1,2,0,140,0.004722550177095631,0.021739130434782608
7,8,1522,single,Dash-8,0.001,dash8_simulation_t0.5s,0.5,0.5,reported,y_over_Lc,1.922077922077922,1,Z_over_Lc,1.5248447204968945,1,2,0,141,0.004722550177095631,0.021739130434782608
7,8,1522,single,Dash-8,0.001,dash8_simulation_t0.5s,0.5,0.5,reported,y_over_Lc,1.9244391971664698,1,Z_over_Lc,1.5248447204968945,1,2,0,142,0.004722550177095631,0.021739130434782608
7,8,1522,single,Dash-8,0.001,dash8_simulation_t0.5s,0.5,0.5,reported,y_over_Lc,1.9268004722550176,1,Z_over_Lc,1.5248447204968945,1,2,0,143,0.004722550177095631,0.021739130434782608
7,8,1522,single,Dash-8,0.001,dash8_simulation_t0.5s,0.5,0.5,reported,y_over_Lc,1.9291617473435656,1,Z_over_Lc,1.5248447204968945,1,2,0,144,0.004722550177095631,0.021739130434782608
7,8,1522,single,Dash-8,0.001,dash8_simulation_t0.5s,0.5,0.5,reported,y_over_Lc,1.9315230224321134,1,Z_over_Lc,1.5248447204968945,1,2,0,145,0.004722550177095631,0.021739130434782608
7,8,1522,single,Dash-8,0.001,dash8_simulation_t0.5s,0.5,0.5,reported,y_over_Lc,1.9338842975206612,1,Z_over_Lc,1.5248447204968945,1,2,0,146,0.004722550177095631,0.021739130434782608
7,8,1522,single,Dash-8,0.001,dash8_simulation_t0.5s,0.5,0.5,reported,y_over_Lc,1.936245572609209,1,Z_over_Lc,1.5248447204968945,1,2,0,147,0.004722550177095631,0.021739130434782608
7,8,1522,single,Dash-8,0.001,dash8_simulation_t0.5s,0.5,0.5,reported,y_over_Lc,1.9386068476977567,1,Z_over_Lc,1.5248447204968945,1,2,0,148,0.004722550177095631,0.021739130434782608
7,8,1522,single,Dash-8,0.001,dash8_simulation_t0.5s,0.5,0.5,reported,y_over_Lc,1.9409681227863047,1,Z_over_Lc,1.5248447204968945,1,2,0,149,0.004722550177095631,0.021739130434782608
7,8,1522,single,Dash-8,0.001,dash8_simulation_t0.5s,0.5,0.5,reported,y_over_Lc,1.9433293978748525,1,Z_over_Lc,1.5217391304347827,1,2,0,150,0.004722550177095631,0.021739130434782608
7,8,1522,single,Dash-8,0.001,dash8_simulation_t0.5s,0.5,0.5,reported,y_over_Lc,1.9456906729634003,1,Z_over_Lc,1.5170807453416149,1,2,0,151,0.004722550177095631,0.021739130434782608
7,8,1522,single,Dash-8,0.001,dash8_simulation_t0.5s,0.5,0.5,reported,y_over_Lc,1.948051948051948,1,Z_over_Lc,1.5170807453416149,1,2,0,152,0.004722550177095631,0.021739130434782608
7,8,1522,single,Dash-8,0.001,dash8_simulation_t0.5s,0.5,0.5,reported,y_over_Lc,1.9504132231404958,1,Z_over_Lc,1.515527950310559,1,2,0,153,0.004722550177095631,0.021739130434782608
7,8,1522,single,Dash-8,0.001,dash8_simulation_t0.5s,0.5,0.5,reported,y_over_Lc,1.9527744982290436,1,Z_over_Lc,1.5124223602484472,1,2,0,154,0.004722550177095631,0.021739130434782608
7,8,1522,single,Dash-8,0.001,dash8_simulation_t0.5s,0.5,0.5,reported,y_over_Lc,1.9551357733175916,1,Z_over_Lc,1.5108695652173914,1,2,0,155,0.004722550177095631,0.021739130434782608
7,8,1522,single,Dash-8,0.001,dash8_simulation_t0.5s,0.5,0.5,reported,y_over_Lc,1.9574970484061394,1,Z_over_Lc,1.5093167701863355,1,2,0,156,0.004722550177095631,0.021739130434782608
7,8,1522,single,Dash-8,0.001,dash8_simulation_t0.5s,0.5,0.5,reported,y_over_Lc,1.9598583234946871,1,Z_over_Lc,1.5046583850931676,1,2,0,157,0.004722550177095631,0.021739130434782608
7,8,1522,single,Dash-8,0.001,dash8_simulation_t0.5s,0.5,0.5,reported,y_over_Lc,1.962219598583235,1,Z_over_Lc,1.5046583850931676,1,2,0,158,0.004722550177095631,0.021739130434782608
7,8,1522,single,Dash-8,0.001,dash8_simulation_t0.5s,0.5,0.5,reported,y_over_Lc,1.9645808736717827,1,Z_over_Lc,1.5,1,2,0,159,0.004722550177095631,0.021739130434782608
7,8,1522,single,Dash-8,0.001,dash8_simulation_t0.5s,0.5,0.5,reported,y_over_Lc,1.9669421487603307,1,Z_over_Lc,1.4984472049689441,1,2,0,160,0.004722550177095631,0.021739130434782608
7,8,1522,single,Dash-8,0.001,dash8_simulation_t0.5s,0.5,0.5,reported,y_over_Lc,1.9693034238488785,1,Z_over_Lc,1.4953416149068324,1,2,0,161,0.004722550177095631,0.021739130434782608
7,8,1522,single,Dash-8,0.001,dash8_simulation_t0.5s,0.5,0.5,reported,y_over_Lc,1.9716646989374262,1,Z_over_Lc,1.4953416149068324,1,2,0,162,0.004722550177095631,0.021739130434782608
7,8,1522,single,Dash-8,0.001,dash8_simulation_t0.5s,0.5,0.5,reported,y_over_Lc,1.974025974025974,1,Z_over_Lc,1.4953416149068324,1,2,0,163,0.004722550177095631,0.021739130434782608
7,8,1522,single,Dash-8,0.001,dash8_simulation_t0.5s,0.5,0.5,reported,y_over_Lc,1.9763872491145218,1,Z_over_Lc,1.5015527950310559,1,2,0,164,0.004722550177095631,0.021739130434782608
7,8,1522,single,Dash-8,0.001,dash8_simulation_t0.5s,0.5,0.5,reported,y_over_Lc,1.9787485242030696,1,Z_over_Lc,1.5015527950310559,1,2,0,165,0.004722550177095631,0.021739130434782608
7,8,1522,single,Dash-8,0.001,dash8_simulation_t0.5s,0.5,0.5,reported,y_over_Lc,1.9811097992916176,1,Z_over_Lc,1.5046583850931676,1,2,0,166,0.004722550177095631,0.021739130434782608
7,8,1522,single,Dash-8,0.001,dash8_simulation_t0.5s,0.5,0.5,reported,y_over_Lc,1.9834710743801653,1,Z_over_Lc,1.5077639751552796,1,2,0,167,0.004722550177095631,0.021739130434782608
7,8,1522,single,Dash-8,0.001,dash8_simulation_t0.5s,0.5,0.5,reported,y_over_Lc,1.9858323494687131,1,Z_over_Lc,1.5124223602484472,1,2,0,168,0.004722550177095631,0.021739130434782608
7,8,1522,single,Dash-8,0.001,dash8_simulation_t0.5s,0.5,0.5,reported,y_over_Lc,1.988193624557261,1,Z_over_Lc,1.515527950310559,1,2,0,169,0.004722550177095631,0.021739130434782608
7,8,1522,single,Dash-8,0.001,dash8_simulation_t0.5s,0.5,0.5,reported,y_over_Lc,1.9905548996458087,1,Z_over_Lc,1.5217391304347827,1,2,0,170,0.004722550177095631,0.021739130434782608
7,8,1522,single,Dash-8,0.001,dash8_simulation_t0.5s,0.5,0.5,reported,y_over_Lc,1.9929161747343564,1,Z_over_Lc,1.5248447204968945,1,2,0,171,0.004722550177095631,0.021739130434782608
7,8,1522,single,Dash-8,0.001,dash8_simulation_t0.5s,0.5,0.5,reported,y_over_Lc,1.9952774498229044,1,Z_over_Lc,1.5279503105590062,1,2,0,172,0.004722550177095631,0.021739130434782608
7,8,1522,single,Dash-8,0.001,dash8_simulation_t0.5s,0.5,0.5,reported,y_over_Lc,1.9976387249114522,1,Z_over_Lc,1.5279503105590062,1,2,0,173,0.004722550177095631,0.021739130434782608
7,8,1522,single,Dash-8,0.001,dash8_simulation_t0.5s,0.5,0.5,reported,y_over_Lc,2.0,1,Z_over_Lc,1.529503105590062,1,2,0,174,0.004722550177095631,0.021739130434782608
8,9,1523,b,Dash-8,0.001,dash8_time_conflict,,body=0.5;caption=1.0,conflict,z,0.0,m,L,0.04895104895104895,m,1,0,0,0.010479041916167664,0.055944055944055944
8,9,1523,b,Dash-8,0.001,dash8_time_conflict,,body=0.5;caption=1.0,conflict,z,0.0,m,L,0.1258741258741259,m,1,0,1,0.010479041916167664,0.055944055944055944
8,9,1523,b,Dash-8,0.001,dash8_time_conflict,,body=0.5;caption=1.0,conflict,z,0.005239520958083832,m,L,0.04895104895104895,m,1,0,2,0.010479041916167664,0.055944055944055944
8,9,1523,b,Dash-8,0.001,dash8_time_conflict,,body=0.5;caption=1.0,conflict,z,0.005239520958083832,m,L,0.13986013986013987,m,1,0,3,0.010479041916167664,0.055944055944055944
8,9,1523,b,Dash-8,0.001,dash8_time_conflict,,body=0.5;caption=1.0,conflict,z,0.010479041916167664,m,L,0.055944055944055944,m,1,0,4,0.010479041916167664,0.055944055944055944
8,9,1523,b,Dash-8,0.001,dash8_time_conflict,,body=0.5;caption=1.0,conflict,z,0.010479041916167664,m,L,0.16083916083916083,m,1,0,5,0.010479041916167664,0.055944055944055944
8,9,1523,b,Dash-8,0.001,dash8_time_conflict,,body=0.5;caption=1.0,conflict,z,0.015718562874251496,m,L,0.07692307692307693,m,1,0,6,0.010479041916167664,0.055944055944055944
8,9,1523,b,Dash-8,0.001,dash8_time_conflict,,body=0.5;caption=1.0,conflict,z,0.015718562874251496,m,L,0.17482517482517482,m,1,0,7,0.010479041916167664,0.055944055944055944
8,9,1523,b,Dash-8,0.001,dash8_time_conflict,,body=0.5;caption=1.0,conflict,z,0.020958083832335328,m,L,0.0979020979020979,m,1,0,8,0.010479041916167664,0.055944055944055944
8,9,1523,b,Dash-8,0.001,dash8_time_conflict,,body=0.5;caption=1.0,conflict,z,0.020958083832335328,m,L,0.17482517482517482,m,1,0,9,0.010479041916167664,0.055944055944055944
8,9,1523,b,Dash-8,0.001,dash8_time_conflict,,body=0.5;caption=1.0,conflict,z,0.02619760479041916,m,L,0.1048951048951049,m,1,0,10,0.010479041916167664,0.055944055944055944
8,9,1523,b,Dash-8,0.001,dash8_time_conflict,,body=0.5;caption=1.0,conflict,z,0.02619760479041916,m,L,0.18181818181818182,m,1,0,11,0.010479041916167664,0.055944055944055944
8,9,1523,b,Dash-8,0.001,dash8_time_conflict,,body=0.5;caption=1.0,conflict,z,0.03143712574850299,m,L,0.14685314685314685,m,1,0,12,0.010479041916167664,0.055944055944055944
8,9,1523,b,Dash-8,0.001,dash8_time_conflict,,body=0.5;caption=1.0,conflict,z,0.03143712574850299,m,L,0.1888111888111888,m,1,0,13,0.010479041916167664,0.055944055944055944
8,9,1523,b,Dash-8,0.001,dash8_time_conflict,,body=0.5;caption=1.0,conflict,z,0.036676646706586824,m,L,0.14685314685314685,m,1,0,14,0.010479041916167664,0.055944055944055944
8,9,1523,b,Dash-8,0.001,dash8_time_conflict,,body=0.5;caption=1.0,conflict,z,0.036676646706586824,m,L,0.1958041958041958,m,1,0,15,0.010479041916167664,0.055944055944055944
8,9,1523,b,Dash-8,0.001,dash8_time_conflict,,body=0.5;caption=1.0,conflict,z,0.041916167664670656,m,L,0.17482517482517482,m,1,0,16,0.010479041916167664,0.055944055944055944
8,9,1523,b,Dash-8,0.001,dash8_time_conflict,,body=0.5;caption=1.0,conflict,z,0.041916167664670656,m,L,0.20279720279720279,m,1,0,17,0.010479041916167664,0.055944055944055944
8,9,1523,b,Dash-8,0.001,dash8_time_conflict,,body=0.5;caption=1.0,conflict,z,0.04715568862275449,m,L,0.20279720279720279,m,1,0,18,0.010479041916167664,0.055944055944055944
8,9,1523,b,Dash-8,0.001,dash8_time_conflict,,body=0.5;caption=1.0,conflict,z,0.05239520958083832,m,L,0.21678321678321677,m,1,0,19,0.010479041916167664,0.055944055944055944
8,9,1523,b,Dash-8,0.001,dash8_time_conflict,,body=0.5;caption=1.0,conflict,z,0.05763473053892216,m,L,0.2202797202797203,m,1,0,20,0.010479041916167664,0.055944055944055944
8,9,1523,b,Dash-8,0.001,dash8_time_conflict,,body=0.5;caption=1.0,conflict,z,0.06287425149700598,m,L,0.22377622377622378,m,1,0,21,0.010479041916167664,0.055944055944055944
8,9,1523,b,Dash-8,0.001,dash8_time_conflict,,body=0.5;caption=1.0,conflict,z,0.06811377245508982,m,L,0.23076923076923078,m,1,0,22,0.010479041916167664,0.055944055944055944
8,9,1523,b,Dash-8,0.001,dash8_time_conflict,,body=0.5;caption=1.0,conflict,z,0.07335329341317365,m,L,0.23426573426573427,m,1,0,23,0.010479041916167664,0.055944055944055944
8,9,1523,b,Dash-8,0.001,dash8_time_conflict,,body=0.5;caption=1.0,conflict,z,0.07859281437125748,m,L,0.24125874125874125,m,1,0,24,0.010479041916167664,0.055944055944055944
8,9,1523,b,Dash-8,0.001,dash8_time_conflict,,body=0.5;caption=1.0,conflict,z,0.08383233532934131,m,L,0.24825174825174826,m,1,0,25,0.010479041916167664,0.055944055944055944
8,9,1523,b,Dash-8,0.001,dash8_time_conflict,,body=0.5;caption=1.0,conflict,z,0.08907185628742514,m,L,0.24825174825174826,m,1,0,26,0.010479041916167664,0.055944055944055944
8,9,1523,b,Dash-8,0.001,dash8_time_conflict,,body=0.5;caption=1.0,conflict,z,0.09431137724550898,m,L,0.25524475524475526,m,1,0,27,0.010479041916167664,0.055944055944055944
8,9,1523,b,Dash-8,0.001,dash8_time_conflict,,body=0.5;caption=1.0,conflict,z,0.09955089820359281,m,L,0.26223776223776224,m,1,0,28,0.010479041916167664,0.055944055944055944
8,9,1523,b,Dash-8,0.001,dash8_time_conflict,,body=0.5;caption=1.0,conflict,z,0.10479041916167664,m,L,0.26573426573426573,m,1,0,29,0.010479041916167664,0.055944055944055944
8,9,1523,b,Dash-8,0.001,dash8_time_conflict,,body=0.5;caption=1.0,conflict,z,0.11002994011976049,m,L,0.2727272727272727,m,1,0,30,0.010479041916167664,0.055944055944055944
8,9,1523,b,Dash-8,0.001,dash8_time_conflict,,body=0.5;caption=1.0,conflict,z,0.11526946107784432,m,L,0.2762237762237762,m,1,0,31,0.010479041916167664,0.055944055944055944
8,9,1523,b,Dash-8,0.001,dash8_time_conflict,,body=0.5;caption=1.0,conflict,z,0.12050898203592815,m,L,0.27972027972027974,m,1,0,32,0.010479041916167664,0.055944055944055944
8,9,1523,b,Dash-8,0.001,dash8_time_conflict,,body=0.5;caption=1.0,conflict,z,0.12574850299401197,m,L,0.2867132867132867,m,1,0,33,0.010479041916167664,0.055944055944055944
8,9,1523,b,Dash-8,0.001,dash8_time_conflict,,body=0.5;caption=1.0,conflict,z,0.1309880239520958,m,L,0.2937062937062937,m,1,0,34,0.010479041916167664,0.055944055944055944
8,9,1523,b,Dash-8,0.001,dash8_time_conflict,,body=0.5;caption=1.0,conflict,z,0.13622754491017963,m,L,0.2972027972027972,m,1,0,35,0.010479041916167664,0.055944055944055944
8,9,1523,b,Dash-8,0.001,dash8_time_conflict,,body=0.5;caption=1.0,conflict,z,0.14146706586826346,m,L,0.3006993006993007,m,1,0,36,0.010479041916167664,0.055944055944055944
8,9,1523,b,Dash-8,0.001,dash8_time_conflict,,body=0.5;caption=1.0,conflict,z,0.1467065868263473,m,L,0.3041958041958042,m,1,0,37,0.010479041916167664,0.055944055944055944
8,9,1523,b,Dash-8,0.001,dash8_time_conflict,,body=0.5;caption=1.0,conflict,z,0.15194610778443113,m,L,0.3076923076923077,m,1,0,38,0.010479041916167664,0.055944055944055944
8,9,1523,b,Dash-8,0.001,dash8_time_conflict,,body=0.5;caption=1.0,conflict,z,0.15718562874251496,m,L,0.3111888111888112,m,1,0,39,0.010479041916167664,0.055944055944055944
8,9,1523,b,Dash-8,0.001,dash8_time_conflict,,body=0.5;caption=1.0,conflict,z,0.1624251497005988,m,L,0.3146853146853147,m,1,0,40,0.010479041916167664,0.055944055944055944
8,9,1523,b,Dash-8,0.001,dash8_time_conflict,,body=0.5;caption=1.0,conflict,z,0.16766467065868262,m,L,0.3146853146853147,m,1,0,41,0.010479041916167664,0.055944055944055944
8,9,1523,b,Dash-8,0.001,dash8_time_conflict,,body=0.5;caption=1.0,conflict,z,0.17290419161676646,m,L,0.3146853146853147,m,1,0,42,0.010479041916167664,0.055944055944055944
8,9,1523,b,Dash-8,0.001,dash8_time_conflict,,body=0.5;caption=1.0,conflict,z,0.1781437125748503,m,L,0.3146853146853147,m,1,0,43,0.010479041916167664,0.055944055944055944
8,9,1523,b,Dash-8,0.001,dash8_time_conflict,,body=0.5;caption=1.0,conflict,z,0.18338323353293412,m,L,0.3146853146853147,m,1,0,44,0.010479041916167664,0.055944055944055944
8,9,1523,b,Dash-8,0.001,dash8_time_conflict,,body=0.5;caption=1.0,conflict,z,0.18862275449101795,m,L,0.3181818181818182,m,1,0,45,0.010479041916167664,0.055944055944055944
8,9,1523,b,Dash-8,0.001,dash8_time_conflict,,body=0.5;caption=1.0,conflict,z,0.19386227544910178,m,L,0.32167832167832167,m,1,0,46,0.010479041916167664,0.055944055944055944
8,9,1523,b,Dash-8,0.001,dash8_time_conflict,,body=0.5;caption=1.0,conflict,z,0.19910179640718562,m,L,0.32517482517482516,m,1,0,47,0.010479041916167664,0.055944055944055944
8,9,1523,b,Dash-8,0.001,dash8_time_conflict,,body=0.5;caption=1.0,conflict,z,0.20434131736526945,m,L,0.32867132867132864,m,1,0,48,0.010479041916167664,0.055944055944055944
8,9,1523,b,Dash-8,0.001,dash8_time_conflict,,body=0.5;caption=1.0,conflict,z,0.20958083832335328,m,L,0.32867132867132864,m,1,0,49,0.010479041916167664,0.055944055944055944
8,9,1523,b,Dash-8,0.001,dash8_time_conflict,,body=0.5;caption=1.0,conflict,z,0.2148203592814371,m,L,0.3356643356643357,m,1,0,50,0.010479041916167664,0.055944055944055944
8,9,1523,b,Dash-8,0.001,dash8_time_conflict,,body=0.5;caption=1.0,conflict,z,0.22005988023952097,m,L,0.34265734265734266,m,1,0,51,0.010479041916167664,0.055944055944055944
8,9,1523,b,Dash-8,0.001,dash8_time_conflict,,body=0.5;caption=1.0,conflict,z,0.2252994011976048,m,L,0.34965034965034963,m,1,0,52,0.010479041916167664,0.055944055944055944
8,9,1523,b,Dash-8,0.001,dash8_time_conflict,,body=0.5;caption=1.0,conflict,z,0.23053892215568864,m,L,0.36013986013986016,m,1,0,53,0.010479041916167664,0.055944055944055944
8,9,1523,b,Dash-8,0.001,dash8_time_conflict,,body=0.5;caption=1.0,conflict,z,0.23577844311377247,m,L,0.36013986013986016,m,1,0,54,0.010479041916167664,0.055944055944055944
8,9,1523,b,Dash-8,0.001,dash8_time_conflict,,body=0.5;caption=1.0,conflict,z,0.2410179640718563,m,L,0.3741258741258741,m,1,0,55,0.010479041916167664,0.055944055944055944
8,9,1523,b,Dash-8,0.001,dash8_time_conflict,,body=0.5;caption=1.0,conflict,z,0.24625748502994013,m,L,0.3811188811188811,m,1,0,56,0.010479041916167664,0.055944055944055944
8,9,1523,b,Dash-8,0.001,dash8_time_conflict,,body=0.5;caption=1.0,conflict,z,0.25149700598802394,m,L,0.3881118881118881,m,1,0,57,0.010479041916167664,0.055944055944055944
8,9,1523,b,Dash-8,0.001,dash8_time_conflict,,body=0.5;caption=1.0,conflict,z,0.25673652694610777,m,L,0.3951048951048951,m,1,0,58,0.010479041916167664,0.055944055944055944
8,9,1523,b,Dash-8,0.001,dash8_time_conflict,,body=0.5;caption=1.0,conflict,z,0.2619760479041916,m,L,0.3986013986013986,m,1,0,59,0.010479041916167664,0.055944055944055944
8,9,1523,b,Dash-8,0.001,dash8_time_conflict,,body=0.5;caption=1.0,conflict,z,0.2619760479041916,m,L,0.42657342657342656,m,1,0,60,0.010479041916167664,0.055944055944055944
8,9,1523,b,Dash-8,0.001,dash8_time_conflict,,body=0.5;caption=1.0,conflict,z,0.26721556886227543,m,L,0.3986013986013986,m,1,0,61,0.010479041916167664,0.055944055944055944
8,9,1523,b,Dash-8,0.001,dash8_time_conflict,,body=0.5;caption=1.0,conflict,z,0.26721556886227543,m,L,0.43356643356643354,m,1,0,62,0.010479041916167664,0.055944055944055944
8,9,1523,b,Dash-8,0.001,dash8_time_conflict,,body=0.5;caption=1.0,conflict,z,0.27245508982035926,m,L,0.4125874125874126,m,1,0,63,0.010479041916167664,0.055944055944055944
8,9,1523,b,Dash-8,0.001,dash8_time_conflict,,body=0.5;caption=1.0,conflict,z,0.27245508982035926,m,L,0.4405594405594406,m,1,0,64,0.010479041916167664,0.055944055944055944
8,9,1523,b,Dash-8,0.001,dash8_time_conflict,,body=0.5;caption=1.0,conflict,z,0.2776946107784431,m,L,0.4370629370629371,m,1,0,65,0.010479041916167664,0.055944055944055944
8,9,1523,b,Dash-8,0.001,dash8_time_conflict,,body=0.5;caption=1.0,conflict,z,0.28293413173652693,m,L,0.43356643356643354,m,1,0,66,0.010479041916167664,0.055944055944055944
8,9,1523,b,Dash-8,0.001,dash8_time_conflict,,body=0.5;caption=1.0,conflict,z,0.28293413173652693,m,L,0.46153846153846156,m,1,0,67,0.010479041916167664,0.055944055944055944
8,9,1523,b,Dash-8,0.001,dash8_time_conflict,,body=0.5;caption=1.0,conflict,z,0.28817365269461076,m,L,0.4405594405594406,m,1,0,68,0.010479041916167664,0.055944055944055944
8,9,1523,b,Dash-8,0.001,dash8_time_conflict,,body=0.5;caption=1.0,conflict,z,0.28817365269461076,m,L,0.4755244755244755,m,1,0,69,0.010479041916167664,0.055944055944055944
8,9,1523,b,Dash-8,0.001,dash8_time_conflict,,body=0.5;caption=1.0,conflict,z,0.2934131736526946,m,L,0.45454545454545453,m,1,0,70,0.010479041916167664,0.055944055944055944
8,9,1523,b,Dash-8,0.001,dash8_time_conflict,,body=0.5;caption=1.0,conflict,z,0.2934131736526946,m,L,0.4825174825174825,m,1,0,71,0.010479041916167664,0.055944055944055944
8,9,1523,b,Dash-8,0.001,dash8_time_conflict,,body=0.5;caption=1.0,conflict,z,0.2986526946107784,m,L,0.46153846153846156,m,1,0,72,0.010479041916167664,0.055944055944055944
8,9,1523,b,Dash-8,0.001,dash8_time_conflict,,body=0.5;caption=1.0,conflict,z,0.2986526946107784,m,L,0.48951048951048953,m,1,0,73,0.010479041916167664,0.055944055944055944
8,9,1523,b,Dash-8,0.001,dash8_time_conflict,,body=0.5;caption=1.0,conflict,z,0.30389221556886226,m,L,0.4825174825174825,m,1,0,74,0.010479041916167664,0.055944055944055944
8,9,1523,b,Dash-8,0.001,dash8_time_conflict,,body=0.5;caption=1.0,conflict,z,0.3091317365269461,m,L,0.48951048951048953,m,1,0,75,0.010479041916167664,0.055944055944055944
8,9,1523,b,Dash-8,0.001,dash8_time_conflict,,body=0.5;caption=1.0,conflict,z,0.3143712574850299,m,L,0.4965034965034965,m,1,0,76,0.010479041916167664,0.055944055944055944
8,9,1523,b,Dash-8,0.001,dash8_time_conflict,,body=0.5;caption=1.0,conflict,z,0.31961077844311375,m,L,0.5,m,1,0,77,0.010479041916167664,0.055944055944055944
8,9,1523,b,Dash-8,0.001,dash8_time_conflict,,body=0.5;caption=1.0,conflict,z,0.3248502994011976,m,L,0.5034965034965035,m,1,0,78,0.010479041916167664,0.055944055944055944
8,9,1523,b,Dash-8,0.001,dash8_time_conflict,,body=0.5;caption=1.0,conflict,z,0.3300898203592814,m,L,0.5,m,1,0,79,0.010479041916167664,0.055944055944055944
8,9,1523,b,Dash-8,0.001,dash8_time_conflict,,body=0.5;caption=1.0,conflict,z,0.33532934131736525,m,L,0.5,m,1,0,80,0.010479041916167664,0.055944055944055944
8,9,1523,b,Dash-8,0.001,dash8_time_conflict,,body=0.5;caption=1.0,conflict,z,0.3405688622754491,m,L,0.5104895104895105,m,1,0,81,0.010479041916167664,0.055944055944055944
8,9,1523,b,Dash-8,0.001,dash8_time_conflict,,body=0.5;caption=1.0,conflict,z,0.3458083832335329,m,L,0.4965034965034965,m,1,0,82,0.010479041916167664,0.055944055944055944
8,9,1523,b,Dash-8,0.001,dash8_time_conflict,,body=0.5;caption=1.0,conflict,z,0.3458083832335329,m,L,0.5524475524475524,m,1,0,83,0.010479041916167664,0.055944055944055944
8,9,1523,b,Dash-8,0.001,dash8_time_conflict,,body=0.5;caption=1.0,conflict,z,0.35104790419161674,m,L,0.4965034965034965,m,1,0,84,0.010479041916167664,0.055944055944055944
8,9,1523,b,Dash-8,0.001,dash8_time_conflict,,body=0.5;caption=1.0,conflict,z,0.35104790419161674,m,L,0.6293706293706294,m,1,0,85,0.010479041916167664,0.055944055944055944
8,9,1523,b,Dash-8,0.001,dash8_time_conflict,,body=0.5;caption=1.0,conflict,z,0.3562874251497006,m,L,0.5034965034965035,m,1,0,86,0.010479041916167664,0.055944055944055944
8,9,1523,b,Dash-8,0.001,dash8_time_conflict,,body=0.5;caption=1.0,conflict,z,0.3562874251497006,m,L,0.6993006993006993,m,1,0,87,0.010479041916167664,0.055944055944055944
8,9,1523,b,Dash-8,0.001,dash8_time_conflict,,body=0.5;caption=1.0,conflict,z,0.3615269461077844,m,L,0.5034965034965035,m,1,0,88,0.010479041916167664,0.055944055944055944
8,9,1523,b,Dash-8,0.001,dash8_time_conflict,,body=0.5;caption=1.0,conflict,z,0.3615269461077844,m,L,0.7692307692307693,m,1,0,89,0.010479041916167664,0.055944055944055944
8,9,1523,b,Dash-8,0.001,dash8_time_conflict,,body=0.5;caption=1.0,conflict,z,0.36676646706586824,m,L,0.5034965034965035,m,1,0,90,0.010479041916167664,0.055944055944055944
8,9,1523,b,Dash-8,0.001,dash8_time_conflict,,body=0.5;caption=1.0,conflict,z,0.36676646706586824,m,L,0.7902097902097902,m,1,0,91,0.010479041916167664,0.055944055944055944
8,9,1523,b,Dash-8,0.001,dash8_time_conflict,,body=0.5;caption=1.0,conflict,z,0.37200598802395207,m,L,0.5104895104895105,m,1,0,92,0.010479041916167664,0.055944055944055944
8,9,1523,b,Dash-8,0.001,dash8_time_conflict,,body=0.5;caption=1.0,conflict,z,0.37200598802395207,m,L,0.8811188811188811,m,1,0,93,0.010479041916167664,0.055944055944055944
8,9,1523,b,Dash-8,0.001,dash8_time_conflict,,body=0.5;caption=1.0,conflict,z,0.3772455089820359,m,L,0.5104895104895105,m,1,0,94,0.010479041916167664,0.055944055944055944
8,9,1523,b,Dash-8,0.001,dash8_time_conflict,,body=0.5;caption=1.0,conflict,z,0.3772455089820359,m,L,0.916083916083916,m,1,0,95,0.010479041916167664,0.055944055944055944
8,9,1523,b,Dash-8,0.001,dash8_time_conflict,,body=0.5;caption=1.0,conflict,z,0.38248502994011974,m,L,0.5454545454545454,m,1,0,96,0.010479041916167664,0.055944055944055944
8,9,1523,b,Dash-8,0.001,dash8_time_conflict,,body=0.5;caption=1.0,conflict,z,0.38248502994011974,m,L,0.9230769230769231,m,1,0,97,0.010479041916167664,0.055944055944055944
8,9,1523,b,Dash-8,0.001,dash8_time_conflict,,body=0.5;caption=1.0,conflict,z,0.38772455089820357,m,L,0.5804195804195804,m,1,0,98,0.010479041916167664,0.055944055944055944
8,9,1523,b,Dash-8,0.001,dash8_time_conflict,,body=0.5;caption=1.0,conflict,z,0.38772455089820357,m,L,0.9300699300699301,m,1,0,99,0.010479041916167664,0.055944055944055944
8,9,1523,b,Dash-8,0.001,dash8_time_conflict,,body=0.5;caption=1.0,conflict,z,0.3929640718562874,m,L,0.6713286713286714,m,1,0,100,0.010479041916167664,0.055944055944055944
8,9,1523,b,Dash-8,0.001,dash8_time_conflict,,body=0.5;caption=1.0,conflict,z,0.3929640718562874,m,L,0.9370629370629371,m,1,0,101,0.010479041916167664,0.055944055944055944
8,9,1523,b,Dash-8,0.001,dash8_time_conflict,,body=0.5;caption=1.0,conflict,z,0.39820359281437123,m,L,0.6923076923076923,m,1,0,102,0.010479041916167664,0.055944055944055944
8,9,1523,b,Dash-8,0.001,dash8_time_conflict,,body=0.5;caption=1.0,conflict,z,0.39820359281437123,m,L,0.9370629370629371,m,1,0,103,0.010479041916167664,0.055944055944055944
8,9,1523,b,Dash-8,0.001,dash8_time_conflict,,body=0.5;caption=1.0,conflict,z,0.40344311377245506,m,L,0.8041958041958042,m,1,0,104,0.010479041916167664,0.055944055944055944
8,9,1523,b,Dash-8,0.001,dash8_time_conflict,,body=0.5;caption=1.0,conflict,z,0.40344311377245506,m,L,0.9440559440559441,m,1,0,105,0.010479041916167664,0.055944055944055944
8,9,1523,b,Dash-8,0.001,dash8_time_conflict,,body=0.5;caption=1.0,conflict,z,0.4086826347305389,m,L,0.8251748251748252,m,1,0,106,0.010479041916167664,0.055944055944055944
8,9,1523,b,Dash-8,0.001,dash8_time_conflict,,body=0.5;caption=1.0,conflict,z,0.4086826347305389,m,L,0.9440559440559441,m,1,0,107,0.010479041916167664,0.055944055944055944
8,9,1523,b,Dash-8,0.001,dash8_time_conflict,,body=0.5;caption=1.0,conflict,z,0.41392215568862273,m,L,0.9090909090909091,m,1,0,108,0.010479041916167664,0.055944055944055944
8,9,1523,b,Dash-8,0.001,dash8_time_conflict,,body=0.5;caption=1.0,conflict,z,0.41392215568862273,m,L,0.9440559440559441,m,1,0,109,0.010479041916167664,0.055944055944055944
8,9,1523,b,Dash-8,0.001,dash8_time_conflict,,body=0.5;caption=1.0,conflict,z,0.41916167664670656,m,L,0.951048951048951,m,1,0,110,0.010479041916167664,0.055944055944055944
8,9,1523,b,Dash-8,0.001,dash8_time_conflict,,body=0.5;caption=1.0,conflict,z,0.4244011976047904,m,L,0.958041958041958,m,1,0,111,0.010479041916167664,0.055944055944055944
8,9,1523,b,Dash-8,0.001,dash8_time_conflict,,body=0.5;caption=1.0,conflict,z,0.4296407185628742,m,L,0.951048951048951,m,1,0,112,0.010479041916167664,0.055944055944055944
8,9,1523,b,Dash-8,0.001,dash8_time_conflict,,body=0.5;caption=1.0,conflict,z,0.43488023952095806,m,L,0.951048951048951,m,1,0,113,0.010479041916167664,0.055944055944055944
8,9,1523,b,Dash-8,0.001,dash8_time_conflict,,body=0.5;caption=1.0,conflict,z,0.44011976047904194,m,L,0.9405594405594405,m,1,0,114,0.010479041916167664,0.055944055944055944
8,9,1523,b,Dash-8,0.001,dash8_time_conflict,,body=0.5;caption=1.0,conflict,z,0.4453592814371258,m,L,0.9370629370629371,m,1,0,115,0.010479041916167664,0.055944055944055944
8,9,1523,b,Dash-8,0.001,dash8_time_conflict,,body=0.5;caption=1.0,conflict,z,0.4505988023952096,m,L,0.9265734265734266,m,1,0,116,0.010479041916167664,0.055944055944055944
8,9,1523,b,Dash-8,0.001,dash8_time_conflict,,body=0.5;caption=1.0,conflict,z,0.45583832335329344,m,L,0.9230769230769231,m,1,0,117,0.010479041916167664,0.055944055944055944
8,9,1523,b,Dash-8,0.001,dash8_time_conflict,,body=0.5;caption=1.0,conflict,z,0.46107784431137727,m,L,0.9125874125874126,m,1,0,118,0.010479041916167664,0.055944055944055944
8,9,1523,b,Dash-8,0.001,dash8_time_conflict,,body=0.5;caption=1.0,conflict,z,0.4663173652694611,m,L,0.9055944055944056,m,1,0,119,0.010479041916167664,0.055944055944055944
8,9,1523,b,Dash-8,0.001,dash8_time_conflict,,body=0.5;caption=1.0,conflict,z,0.47155688622754494,m,L,0.8951048951048951,m,1,0,120,0.010479041916167664,0.055944055944055944
8,9,1523,b,Dash-8,0.001,dash8_time_conflict,,body=0.5;caption=1.0,conflict,z,0.47679640718562877,m,L,0.8916083916083916,m,1,0,121,0.010479041916167664,0.055944055944055944
8,9,1523,b,Dash-8,0.001,dash8_time_conflict,,body=0.5;caption=1.0,conflict,z,0.4820359281437126,m,L,0.8811188811188811,m,1,0,122,0.010479041916167664,0.055944055944055944
8,9,1523,b,Dash-8,0.001,dash8_time_conflict,,body=0.5;caption=1.0,conflict,z,0.48727544910179643,m,L,0.8776223776223776,m,1,0,123,0.010479041916167664,0.055944055944055944
8,9,1523,b,Dash-8,0.001,dash8_time_conflict,,body=0.5;caption=1.0,conflict,z,0.49251497005988026,m,L,0.8671328671328671,m,1,0,124,0.010479041916167664,0.055944055944055944
8,9,1523,b,Dash-8,0.001,dash8_time_conflict,,body=0.5;caption=1.0,conflict,z,0.4977544910179641,m,L,0.8566433566433567,m,1,0,125,0.010479041916167664,0.055944055944055944
8,9,1523,b,Dash-8,0.001,dash8_time_conflict,,body=0.5;caption=1.0,conflict,z,0.5029940119760479,m,L,0.8496503496503497,m,1,0,126,0.010479041916167664,0.055944055944055944
8,9,1523,b,Dash-8,0.001,dash8_time_conflict,,body=0.5;caption=1.0,conflict,z,0.5082335329341318,m,L,0.8426573426573427,m,1,0,127,0.010479041916167664,0.055944055944055944
8,9,1523,b,Dash-8,0.001,dash8_time_conflict,,body=0.5;caption=1.0,conflict,z,0.5134730538922155,m,L,0.8111888111888111,m,1,0,128,0.010479041916167664,0.055944055944055944
8,9,1523,b,Dash-8,0.001,dash8_time_conflict,,body=0.5;caption=1.0,conflict,z,0.5134730538922155,m,L,0.8391608391608392,m,1,0,129,0.010479041916167664,0.055944055944055944
8,9,1523,b,Dash-8,0.001,dash8_time_conflict,,body=0.5;caption=1.0,conflict,z,0.5187125748502994,m,L,0.7902097902097902,m,1,0,130,0.010479041916167664,0.055944055944055944
8,9,1523,b,Dash-8,0.001,dash8_time_conflict,,body=0.5;caption=1.0,conflict,z,0.5187125748502994,m,L,0.8321678321678322,m,1,0,131,0.010479041916167664,0.055944055944055944
8,9,1523,b,Dash-8,0.001,dash8_time_conflict,,body=0.5;caption=1.0,conflict,z,0.5239520958083832,m,L,0.7692307692307693,m,1,0,132,0.010479041916167664,0.055944055944055944
8,9,1523,b,Dash-8,0.001,dash8_time_conflict,,body=0.5;caption=1.0,conflict,z,0.5239520958083832,m,L,0.8251748251748252,m,1,0,133,0.010479041916167664,0.055944055944055944
8,9,1523,b,Dash-8,0.001,dash8_time_conflict,,body=0.5;caption=1.0,conflict,z,0.5291916167664671,m,L,0.7342657342657343,m,1,0,134,0.010479041916167664,0.055944055944055944
8,9,1523,b,Dash-8,0.001,dash8_time_conflict,,body=0.5;caption=1.0,conflict,z,0.5291916167664671,m,L,0.8251748251748252,m,1,0,135,0.010479041916167664,0.055944055944055944
8,9,1523,b,Dash-8,0.001,dash8_time_conflict,,body=0.5;caption=1.0,conflict,z,0.5344311377245509,m,L,0.7272727272727273,m,1,0,136,0.010479041916167664,0.055944055944055944
8,9,1523,b,Dash-8,0.001,dash8_time_conflict,,body=0.5;caption=1.0,conflict,z,0.5344311377245509,m,L,0.8181818181818182,m,1,0,137,0.010479041916167664,0.055944055944055944
8,9,1523,b,Dash-8,0.001,dash8_time_conflict,,body=0.5;caption=1.0,conflict,z,0.5396706586826348,m,L,0.7062937062937062,m,1,0,138,0.010479041916167664,0.055944055944055944
8,9,1523,b,Dash-8,0.001,dash8_time_conflict,,body=0.5;caption=1.0,conflict,z,0.5396706586826348,m,L,0.8111888111888111,m,1,0,139,0.010479041916167664,0.055944055944055944
8,9,1523,b,Dash-8,0.001,dash8_time_conflict,,body=0.5;caption=1.0,conflict,z,0.5449101796407185,m,L,0.6923076923076923,m,1,0,140,0.010479041916167664,0.055944055944055944
8,9,1523,b,Dash-8,0.001,dash8_time_conflict,,body=0.5;caption=1.0,conflict,z,0.5449101796407185,m,L,0.7972027972027972,m,1,0,141,0.010479041916167664,0.055944055944055944
8,9,1523,b,Dash-8,0.001,dash8_time_conflict,,body=0.5;caption=1.0,conflict,z,0.5501497005988024,m,L,0.6783216783216783,m,1,0,142,0.010479041916167664,0.055944055944055944
8,9,1523,b,Dash-8,0.001,dash8_time_conflict,,body=0.5;caption=1.0,conflict,z,0.5501497005988024,m,L,0.7692307692307693,m,1,0,143,0.010479041916167664,0.055944055944055944
8,9,1523,b,Dash-8,0.001,dash8_time_conflict,,body=0.5;caption=1.0,conflict,z,0.5553892215568862,m,L,0.6783216783216783,m,1,0,144,0.010479041916167664,0.055944055944055944
8,9,1523,b,Dash-8,0.001,dash8_time_conflict,,body=0.5;caption=1.0,conflict,z,0.5553892215568862,m,L,0.7622377622377622,m,1,0,145,0.010479041916167664,0.055944055944055944
8,9,1523,b,Dash-8,0.001,dash8_time_conflict,,body=0.5;caption=1.0,conflict,z,0.5606287425149701,m,L,0.6643356643356644,m,1,0,146,0.010479041916167664,0.055944055944055944
8,9,1523,b,Dash-8,0.001,dash8_time_conflict,,body=0.5;caption=1.0,conflict,z,0.5606287425149701,m,L,0.7272727272727273,m,1,0,147,0.010479041916167664,0.055944055944055944
8,9,1523,b,Dash-8,0.001,dash8_time_conflict,,body=0.5;caption=1.0,conflict,z,0.5658682634730539,m,L,0.6573426573426573,m,1,0,148,0.010479041916167664,0.055944055944055944
8,9,1523,b,Dash-8,0.001,dash8_time_conflict,,body=0.5;caption=1.0,conflict,z,0.5658682634730539,m,L,0.7132867132867133,m,1,0,149,0.010479041916167664,0.055944055944055944
8,9,1523,b,Dash-8,0.001,dash8_time_conflict,,body=0.5;caption=1.0,conflict,z,0.5711077844311377,m,L,0.6433566433566433,m,1,0,150,0.010479041916167664,0.055944055944055944
8,9,1523,b,Dash-8,0.001,dash8_time_conflict,,body=0.5;caption=1.0,conflict,z,0.5711077844311377,m,L,0.6853146853146853,m,1,0,151,0.010479041916167664,0.055944055944055944
8,9,1523,b,Dash-8,0.001,dash8_time_conflict,,body=0.5;caption=1.0,conflict,z,0.5763473053892215,m,L,0.6363636363636364,m,1,0,152,0.010479041916167664,0.055944055944055944
8,9,1523,b,Dash-8,0.001,dash8_time_conflict,,body=0.5;caption=1.0,conflict,z,0.5763473053892215,m,L,0.6713286713286714,m,1,0,153,0.010479041916167664,0.055944055944055944
8,9,1523,b,Dash-8,0.001,dash8_time_conflict,,body=0.5;caption=1.0,conflict,z,0.5815868263473054,m,L,0.6223776223776224,m,1,0,154,0.010479041916167664,0.055944055944055944
8,9,1523,b,Dash-8,0.001,dash8_time_conflict,,body=0.5;caption=1.0,conflict,z,0.5815868263473054,m,L,0.6503496503496503,m,1,0,155,0.010479041916167664,0.055944055944055944
8,9,1523,b,Dash-8,0.001,dash8_time_conflict,,body=0.5;caption=1.0,conflict,z,0.5868263473053892,m,L,0.6153846153846154,m,1,0,156,0.010479041916167664,0.055944055944055944
8,9,1523,b,Dash-8,0.001,dash8_time_conflict,,body=0.5;caption=1.0,conflict,z,0.5868263473053892,m,L,0.6433566433566433,m,1,0,157,0.010479041916167664,0.055944055944055944
8,9,1523,b,Dash-8,0.001,dash8_time_conflict,,body=0.5;caption=1.0,conflict,z,0.5920658682634731,m,L,0.6013986013986014,m,1,0,158,0.010479041916167664,0.055944055944055944
8,9,1523,b,Dash-8,0.001,dash8_time_conflict,,body=0.5;caption=1.0,conflict,z,0.5920658682634731,m,L,0.6293706293706294,m,1,0,159,0.010479041916167664,0.055944055944055944
8,9,1523,b,Dash-8,0.001,dash8_time_conflict,,body=0.5;caption=1.0,conflict,z,0.5973053892215568,m,L,0.5944055944055944,m,1,0,160,0.010479041916167664,0.055944055944055944
8,9,1523,b,Dash-8,0.001,dash8_time_conflict,,body=0.5;caption=1.0,conflict,z,0.5973053892215568,m,L,0.6223776223776224,m,1,0,161,0.010479041916167664,0.055944055944055944
8,9,1523,b,Dash-8,0.001,dash8_time_conflict,,body=0.5;caption=1.0,conflict,z,0.6025449101796407,m,L,0.5979020979020979,m,1,0,162,0.010479041916167664,0.055944055944055944
8,9,1523,b,Dash-8,0.001,dash8_time_conflict,,body=0.5;caption=1.0,conflict,z,0.6077844311377245,m,L,0.583916083916084,m,1,0,163,0.010479041916167664,0.055944055944055944
8,9,1523,b,Dash-8,0.001,dash8_time_conflict,,body=0.5;caption=1.0,conflict,z,0.6130239520958084,m,L,0.5769230769230769,m,1,0,164,0.010479041916167664,0.055944055944055944
8,9,1523,b,Dash-8,0.001,dash8_time_conflict,,body=0.5;caption=1.0,conflict,z,0.6182634730538922,m,L,0.5699300699300699,m,1,0,165,0.010479041916167664,0.055944055944055944
8,9,1523,b,Dash-8,0.001,dash8_time_conflict,,body=0.5;caption=1.0,conflict,z,0.6235029940119761,m,L,0.5454545454545454,m,1,0,166,0.010479041916167664,0.055944055944055944
8,9,1523,b,Dash-8,0.001,dash8_time_conflict,,body=0.5;caption=1.0,conflict,z,0.6235029940119761,m,L,0.5734265734265734,m,1,0,167,0.010479041916167664,0.055944055944055944
8,9,1523,b,Dash-8,0.001,dash8_time_conflict,,body=0.5;caption=1.0,conflict,z,0.6287425149700598,m,L,0.5454545454545454,m,1,0,168,0.010479041916167664,0.055944055944055944
8,9,1523,b,Dash-8,0.001,dash8_time_conflict,,body=0.5;caption=1.0,conflict,z,0.6287425149700598,m,L,0.7062937062937062,m,1,0,169,0.010479041916167664,0.055944055944055944
8,9,1523,b,Dash-8,0.001,dash8_time_conflict,,body=0.5;caption=1.0,conflict,z,0.6339820359281437,m,L,0.5454545454545454,m,1,0,170,0.010479041916167664,0.055944055944055944
8,9,1523,b,Dash-8,0.001,dash8_time_conflict,,body=0.5;caption=1.0,conflict,z,0.6339820359281437,m,L,0.7342657342657343,m,1,0,171,0.010479041916167664,0.055944055944055944
8,9,1523,b,Dash-8,0.001,dash8_time_conflict,,body=0.5;caption=1.0,conflict,z,0.6392215568862275,m,L,0.5454545454545454,m,1,0,172,0.010479041916167664,0.055944055944055944
8,9,1523,b,Dash-8,0.001,dash8_time_conflict,,body=0.5;caption=1.0,conflict,z,0.6392215568862275,m,L,0.8881118881118881,m,1,0,173,0.010479041916167664,0.055944055944055944
8,9,1523,b,Dash-8,0.001,dash8_time_conflict,,body=0.5;caption=1.0,conflict,z,0.6444610778443114,m,L,0.5454545454545454,m,1,0,174,0.010479041916167664,0.055944055944055944
8,9,1523,b,Dash-8,0.001,dash8_time_conflict,,body=0.5;caption=1.0,conflict,z,0.6444610778443114,m,L,0.9370629370629371,m,1,0,175,0.010479041916167664,0.055944055944055944
8,9,1523,b,Dash-8,0.001,dash8_time_conflict,,body=0.5;caption=1.0,conflict,z,0.6497005988023952,m,L,0.5524475524475524,m,1,0,176,0.010479041916167664,0.055944055944055944
8,9,1523,b,Dash-8,0.001,dash8_time_conflict,,body=0.5;caption=1.0,conflict,z,0.6497005988023952,m,L,1.083916083916084,m,1,0,177,0.010479041916167664,0.055944055944055944
8,9,1523,b,Dash-8,0.001,dash8_time_conflict,,body=0.5;caption=1.0,conflict,z,0.6549401197604791,m,L,0.5524475524475524,m,1,0,178,0.010479041916167664,0.055944055944055944
8,9,1523,b,Dash-8,0.001,dash8_time_conflict,,body=0.5;caption=1.0,conflict,z,0.6549401197604791,m,L,1.132867132867133,m,1,0,179,0.010479041916167664,0.055944055944055944
8,9,1523,b,Dash-8,0.001,dash8_time_conflict,,body=0.5;caption=1.0,conflict,z,0.6601796407185628,m,L,0.5594405594405595,m,1,0,180,0.010479041916167664,0.055944055944055944
8,9,1523,b,Dash-8,0.001,dash8_time_conflict,,body=0.5;caption=1.0,conflict,z,0.6601796407185628,m,L,1.2587412587412588,m,1,0,181,0.010479041916167664,0.055944055944055944
8,9,1523,b,Dash-8,0.001,dash8_time_conflict,,body=0.5;caption=1.0,conflict,z,0.6654191616766467,m,L,0.5664335664335665,m,1,0,182,0.010479041916167664,0.055944055944055944
8,9,1523,b,Dash-8,0.001,dash8_time_conflict,,body=0.5;caption=1.0,conflict,z,0.6654191616766467,m,L,1.3076923076923077,m,1,0,183,0.010479041916167664,0.055944055944055944
8,9,1523,b,Dash-8,0.001,dash8_time_conflict,,body=0.5;caption=1.0,conflict,z,0.6706586826347305,m,L,0.7062937062937062,m,1,0,184,0.010479041916167664,0.055944055944055944
8,9,1523,b,Dash-8,0.001,dash8_time_conflict,,body=0.5;caption=1.0,conflict,z,0.6706586826347305,m,L,1.4195804195804196,m,1,0,185,0.010479041916167664,0.055944055944055944
8,9,1523,b,Dash-8,0.001,dash8_time_conflict,,body=0.5;caption=1.0,conflict,z,0.6758982035928144,m,L,0.7342657342657343,m,1,0,186,0.010479041916167664,0.055944055944055944
8,9,1523,b,Dash-8,0.001,dash8_time_conflict,,body=0.5;caption=1.0,conflict,z,0.6758982035928144,m,L,1.4475524475524475,m,1,0,187,0.010479041916167664,0.055944055944055944
8,9,1523,b,Dash-8,0.001,dash8_time_conflict,,body=0.5;caption=1.0,conflict,z,0.6811377245508982,m,L,0.8671328671328671,m,1,0,188,0.010479041916167664,0.055944055944055944
8,9,1523,b,Dash-8,0.001,dash8_time_conflict,,body=0.5;caption=1.0,conflict,z,0.6811377245508982,m,L,1.5524475524475525,m,1,0,189,0.010479041916167664,0.055944055944055944
8,9,1523,b,Dash-8,0.001,dash8_time_conflict,,body=0.5;caption=1.0,conflict,z,0.686377245508982,m,L,0.958041958041958,m,1,0,190,0.010479041916167664,0.055944055944055944
8,9,1523,b,Dash-8,0.001,dash8_time_conflict,,body=0.5;caption=1.0,conflict,z,0.686377245508982,m,L,1.6503496503496504,m,1,0,191,0.010479041916167664,0.055944055944055944
8,9,1523,b,Dash-8,0.001,dash8_time_conflict,,body=0.5;caption=1.0,conflict,z,0.6916167664670658,m,L,1.097902097902098,m,1,0,192,0.010479041916167664,0.055944055944055944
8,9,1523,b,Dash-8,0.001,dash8_time_conflict,,body=0.5;caption=1.0,conflict,z,0.6916167664670658,m,L,1.6923076923076923,m,1,0,193,0.010479041916167664,0.055944055944055944
8,9,1523,b,Dash-8,0.001,dash8_time_conflict,,body=0.5;caption=1.0,conflict,z,0.6968562874251497,m,L,1.118881118881119,m,1,0,194,0.010479041916167664,0.055944055944055944
8,9,1523,b,Dash-8,0.001,dash8_time_conflict,,body=0.5;caption=1.0,conflict,z,0.6968562874251497,m,L,1.7412587412587412,m,1,0,195,0.010479041916167664,0.055944055944055944
8,9,1523,b,Dash-8,0.001,dash8_time_conflict,,body=0.5;caption=1.0,conflict,z,0.7020958083832335,m,L,1.2727272727272727,m,1,0,196,0.010479041916167664,0.055944055944055944
8,9,1523,b,Dash-8,0.001,dash8_time_conflict,,body=0.5;caption=1.0,conflict,z,0.7020958083832335,m,L,1.8041958041958042,m,1,0,197,0.010479041916167664,0.055944055944055944
8,9,1523,b,Dash-8,0.001,dash8_time_conflict,,body=0.5;caption=1.0,conflict,z,0.7073353293413174,m,L,1.3426573426573427,m,1,0,198,0.010479041916167664,0.055944055944055944
8,9,1523,b,Dash-8,0.001,dash8_time_conflict,,body=0.5;caption=1.0,conflict,z,0.7073353293413174,m,L,1.8181818181818181,m,1,0,199,0.010479041916167664,0.055944055944055944
8,9,1523,b,Dash-8,0.001,dash8_time_conflict,,body=0.5;caption=1.0,conflict,z,0.7125748502994012,m,L,1.4265734265734267,m,1,0,200,0.010479041916167664,0.055944055944055944
8,9,1523,b,Dash-8,0.001,dash8_time_conflict,,body=0.5;caption=1.0,conflict,z,0.7125748502994012,m,L,1.8251748251748252,m,1,0,201,0.010479041916167664,0.055944055944055944
8,9,1523,b,Dash-8,0.001,dash8_time_conflict,,body=0.5;caption=1.0,conflict,z,0.717814371257485,m,L,1.4755244755244756,m,1,0,202,0.010479041916167664,0.055944055944055944
8,9,1523,b,Dash-8,0.001,dash8_time_conflict,,body=0.5;caption=1.0,conflict,z,0.717814371257485,m,L,1.832167832167832,m,1,0,203,0.010479041916167664,0.055944055944055944
8,9,1523,b,Dash-8,0.001,dash8_time_conflict,,body=0.5;caption=1.0,conflict,z,0.7230538922155688,m,L,1.5664335664335665,m,1,0,204,0.010479041916167664,0.055944055944055944
8,9,1523,b,Dash-8,0.001,dash8_time_conflict,,body=0.5;caption=1.0,conflict,z,0.7230538922155688,m,L,1.8391608391608392,m,1,0,205,0.010479041916167664,0.055944055944055944
8,9,1523,b,Dash-8,0.001,dash8_time_conflict,,body=0.5;caption=1.0,conflict,z,0.7282934131736527,m,L,1.6223776223776223,m,1,0,206,0.010479041916167664,0.055944055944055944
8,9,1523,b,Dash-8,0.001,dash8_time_conflict,,body=0.5;caption=1.0,conflict,z,0.7282934131736527,m,L,1.8461538461538463,m,1,0,207,0.010479041916167664,0.055944055944055944
8,9,1523,b,Dash-8,0.001,dash8_time_conflict,,body=0.5;caption=1.0,conflict,z,0.7335329341317365,m,L,1.6993006993006994,m,1,0,208,0.010479041916167664,0.055944055944055944
8,9,1523,b,Dash-8,0.001,dash8_time_conflict,,body=0.5;caption=1.0,conflict,z,0.7335329341317365,m,L,1.8461538461538463,m,1,0,209,0.010479041916167664,0.055944055944055944
8,9,1523,b,Dash-8,0.001,dash8_time_conflict,,body=0.5;caption=1.0,conflict,z,0.7387724550898204,m,L,1.7692307692307692,m,1,0,210,0.010479041916167664,0.055944055944055944
8,9,1523,b,Dash-8,0.001,dash8_time_conflict,,body=0.5;caption=1.0,conflict,z,0.7387724550898204,m,L,1.8531468531468531,m,1,0,211,0.010479041916167664,0.055944055944055944
8,9,1523,b,Dash-8,0.001,dash8_time_conflict,,body=0.5;caption=1.0,conflict,z,0.7440119760479041,m,L,1.8531468531468531,m,1,0,212,0.010479041916167664,0.055944055944055944
8,9,1523,b,Dash-8,0.001,dash8_time_conflict,,body=0.5;caption=1.0,conflict,z,0.749251497005988,m,L,1.8706293706293706,m,1,0,213,0.010479041916167664,0.055944055944055944
8,9,1523,b,Dash-8,0.001,dash8_time_conflict,,body=0.5;caption=1.0,conflict,z,0.7544910179640718,m,L,1.8706293706293706,m,1,0,214,0.010479041916167664,0.055944055944055944
8,9,1523,b,Dash-8,0.001,dash8_time_conflict,,body=0.5;caption=1.0,conflict,z,0.7597305389221557,m,L,1.8741258741258742,m,1,0,215,0.010479041916167664,0.055944055944055944
8,9,1523,b,Dash-8,0.001,dash8_time_conflict,,body=0.5;caption=1.0,conflict,z,0.7649700598802395,m,L,1.881118881118881,m,1,0,216,0.010479041916167664,0.055944055944055944
8,9,1523,b,Dash-8,0.001,dash8_time_conflict,,body=0.5;caption=1.0,conflict,z,0.7702095808383234,m,L,1.8881118881118881,m,1,0,217,0.010479041916167664,0.055944055944055944
8,9,1523,b,Dash-8,0.001,dash8_time_conflict,,body=0.5;caption=1.0,conflict,z,0.7754491017964071,m,L,1.8916083916083917,m,1,0,218,0.010479041916167664,0.055944055944055944
8,9,1523,b,Dash-8,0.001,dash8_time_conflict,,body=0.5;caption=1.0,conflict,z,0.780688622754491,m,L,1.8986013986013985,m,1,0,219,0.010479041916167664,0.055944055944055944
8,9,1523,b,Dash-8,0.001,dash8_time_conflict,,body=0.5;caption=1.0,conflict,z,0.7859281437125748,m,L,1.902097902097902,m,1,0,220,0.010479041916167664,0.055944055944055944
8,9,1523,b,Dash-8,0.001,dash8_time_conflict,,body=0.5;caption=1.0,conflict,z,0.7911676646706587,m,L,1.9090909090909092,m,1,0,221,0.010479041916167664,0.055944055944055944
8,9,1523,b,Dash-8,0.001,dash8_time_conflict,,body=0.5;caption=1.0,conflict,z,0.7964071856287425,m,L,1.9195804195804196,m,1,0,222,0.010479041916167664,0.055944055944055944
8,9,1523,b,Dash-8,0.001,dash8_time_conflict,,body=0.5;caption=1.0,conflict,z,0.8016467065868264,m,L,1.9265734265734267,m,1,0,223,0.010479041916167664,0.055944055944055944
8,9,1523,b,Dash-8,0.001,dash8_time_conflict,,body=0.5;caption=1.0,conflict,z,0.8068862275449101,m,L,1.9335664335664335,m,1,0,224,0.010479041916167664,0.055944055944055944
8,9,1523,b,Dash-8,0.001,dash8_time_conflict,,body=0.5;caption=1.0,conflict,z,0.812125748502994,m,L,1.944055944055944,m,1,0,225,0.010479041916167664,0.055944055944055944
8,9,1523,b,Dash-8,0.001,dash8_time_conflict,,body=0.5;caption=1.0,conflict,z,0.8173652694610778,m,L,1.9475524475524475,m,1,0,226,0.010479041916167664,0.055944055944055944
8,9,1523,b,Dash-8,0.001,dash8_time_conflict,,body=0.5;caption=1.0,conflict,z,0.8226047904191617,m,L,1.944055944055944,m,1,0,227,0.010479041916167664,0.055944055944055944
8,9,1523,b,Dash-8,0.001,dash8_time_conflict,,body=0.5;caption=1.0,conflict,z,0.8226047904191617,m,L,1.972027972027972,m,1,0,228,0.010479041916167664,0.055944055944055944
8,9,1523,b,Dash-8,0.001,dash8_time_conflict,,body=0.5;caption=1.0,conflict,z,0.8278443113772455,m,L,1.9685314685314685,m,1,0,229,0.010479041916167664,0.055944055944055944
8,9,1523,b,Dash-8,0.001,dash8_time_conflict,,body=0.5;caption=1.0,conflict,z,0.8330838323353293,m,L,1.9755244755244756,m,1,0,230,0.010479041916167664,0.055944055944055944
8,9,1523,b,Dash-8,0.001,dash8_time_conflict,,body=0.5;caption=1.0,conflict,z,0.8383233532934131,m,L,1.972027972027972,m,1,0,231,0.010479041916167664,0.055944055944055944
8,9,1523,b,Dash-8,0.001,dash8_time_conflict,,body=0.5;caption=1.0,conflict,z,0.8383233532934131,m,L,2.0,m,1,0,232,0.010479041916167664,0.055944055944055944
8,9,1523,b,Dash-8,0.001,dash8_time_conflict,,body=0.5;caption=1.0,conflict,z,0.843562874251497,m,L,1.986013986013986,m,1,0,233,0.010479041916167664,0.055944055944055944
8,9,1523,b,Dash-8,0.001,dash8_time_conflict,,body=0.5;caption=1.0,conflict,z,0.843562874251497,m,L,2.013986013986014,m,1,0,234,0.010479041916167664,0.055944055944055944
8,9,1523,b,Dash-8,0.001,dash8_time_conflict,,body=0.5;caption=1.0,conflict,z,0.8488023952095808,m,L,2.0104895104895104,m,1,0,235,0.010479041916167664,0.055944055944055944
8,9,1523,b,Dash-8,0.001,dash8_time_conflict,,body=0.5;caption=1.0,conflict,z,0.8540419161676647,m,L,2.0174825174825175,m,1,0,236,0.010479041916167664,0.055944055944055944
8,9,1523,b,Dash-8,0.001,dash8_time_conflict,,body=0.5;caption=1.0,conflict,z,0.8592814371257484,m,L,2.0314685314685317,m,1,0,237,0.010479041916167664,0.055944055944055944
8,9,1523,b,Dash-8,0.001,dash8_time_conflict,,body=0.5;caption=1.0,conflict,z,0.8645209580838323,m,L,2.0384615384615383,m,1,0,238,0.010479041916167664,0.055944055944055944
8,9,1523,b,Dash-8,0.001,dash8_time_conflict,,body=0.5;caption=1.0,conflict,z,0.8697604790419161,m,L,2.0524475524475525,m,1,0,239,0.010479041916167664,0.055944055944055944
8,9,1523,b,Dash-8,0.001,dash8_time_conflict,,body=0.5;caption=1.0,conflict,z,0.875,m,L,2.0489510489510487,m,1,0,240,0.010479041916167664,0.055944055944055944
8,9,1523,b,Dash-8,0.001,dash8_time_conflict,,body=0.5;caption=1.0,conflict,z,0.875,m,L,2.076923076923077,m,1,0,241,0.010479041916167664,0.055944055944055944
8,9,1523,b,Dash-8,0.001,dash8_time_conflict,,body=0.5;caption=1.0,conflict,z,0.8802395209580839,m,L,2.0734265734265733,m,1,0,242,0.010479041916167664,0.055944055944055944
8,9,1523,b,Dash-8,0.001,dash8_time_conflict,,body=0.5;caption=1.0,conflict,z,0.8854790419161677,m,L,2.0804195804195804,m,1,0,243,0.010479041916167664,0.055944055944055944
8,9,1523,b,Dash-8,0.001,dash8_time_conflict,,body=0.5;caption=1.0,conflict,z,0.8907185628742516,m,L,2.0944055944055946,m,1,0,244,0.010479041916167664,0.055944055944055944
8,9,1523,b,Dash-8,0.001,dash8_time_conflict,,body=0.5;caption=1.0,conflict,z,0.8959580838323353,m,L,2.090909090909091,m,1,0,245,0.010479041916167664,0.055944055944055944
8,9,1523,b,Dash-8,0.001,dash8_time_conflict,,body=0.5;caption=1.0,conflict,z,0.8959580838323353,m,L,2.1188811188811187,m,1,0,246,0.010479041916167664,0.055944055944055944
8,9,1523,b,Dash-8,0.001,dash8_time_conflict,,body=0.5;caption=1.0,conflict,z,0.9011976047904192,m,L,2.1153846153846154,m,1,0,247,0.010479041916167664,0.055944055944055944
8,9,1523,b,Dash-8,0.001,dash8_time_conflict,,body=0.5;caption=1.0,conflict,z,0.906437125748503,m,L,2.1223776223776225,m,1,0,248,0.010479041916167664,0.055944055944055944
8,9,1523,b,Dash-8,0.001,dash8_time_conflict,,body=0.5;caption=1.0,conflict,z,0.9116766467065869,m,L,2.132867132867133,m,1,0,249,0.010479041916167664,0.055944055944055944
8,9,1523,b,Dash-8,0.001,dash8_time_conflict,,body=0.5;caption=1.0,conflict,z,0.9169161676646707,m,L,2.132867132867133,m,1,0,250,0.010479041916167664,0.055944055944055944
8,9,1523,b,Dash-8,0.001,dash8_time_conflict,,body=0.5;caption=1.0,conflict,z,0.9221556886227545,m,L,2.1468531468531467,m,1,0,251,0.010479041916167664,0.055944055944055944
8,9,1523,b,Dash-8,0.001,dash8_time_conflict,,body=0.5;caption=1.0,conflict,z,0.9273952095808383,m,L,2.1503496503496504,m,1,0,252,0.010479041916167664,0.055944055944055944
8,9,1523,b,Dash-8,0.001,dash8_time_conflict,,body=0.5;caption=1.0,conflict,z,0.9326347305389222,m,L,2.1538461538461537,m,1,0,253,0.010479041916167664,0.055944055944055944
8,9,1523,b,Dash-8,0.001,dash8_time_conflict,,body=0.5;caption=1.0,conflict,z,0.937874251497006,m,L,2.1573426573426575,m,1,0,254,0.010479041916167664,0.055944055944055944
8,9,1523,b,Dash-8,0.001,dash8_time_conflict,,body=0.5;caption=1.0,conflict,z,0.9431137724550899,m,L,2.1573426573426575,m,1,0,255,0.010479041916167664,0.055944055944055944
8,9,1523,b,Dash-8,0.001,dash8_time_conflict,,body=0.5;caption=1.0,conflict,z,0.9483532934131736,m,L,2.1573426573426575,m,1,0,256,0.010479041916167664,0.055944055944055944
8,9,1523,b,Dash-8,0.001,dash8_time_conflict,,body=0.5;caption=1.0,conflict,z,0.9535928143712575,m,L,2.1573426573426575,m,1,0,257,0.010479041916167664,0.055944055944055944
8,9,1523,b,Dash-8,0.001,dash8_time_conflict,,body=0.5;caption=1.0,conflict,z,0.9588323353293413,m,L,2.1573426573426575,m,1,0,258,0.010479041916167664,0.055944055944055944
8,9,1523,b,Dash-8,0.001,dash8_time_conflict,,body=0.5;caption=1.0,conflict,z,0.9640718562874252,m,L,2.1573426573426575,m,1,0,259,0.010479041916167664,0.055944055944055944
8,9,1523,b,Dash-8,0.001,dash8_time_conflict,,body=0.5;caption=1.0,conflict,z,0.969311377245509,m,L,2.1573426573426575,m,1,0,260,0.010479041916167664,0.055944055944055944
8,9,1523,b,Dash-8,0.001,dash8_time_conflict,,body=0.5;caption=1.0,conflict,z,0.9745508982035929,m,L,2.1573426573426575,m,1,0,261,0.010479041916167664,0.055944055944055944
8,9,1523,b,Dash-8,0.001,dash8_time_conflict,,body=0.5;caption=1.0,conflict,z,0.9797904191616766,m,L,2.1573426573426575,m,1,0,262,0.010479041916167664,0.055944055944055944
8,9,1523,b,Dash-8,0.001,dash8_time_conflict,,body=0.5;caption=1.0,conflict,z,0.9850299401197605,m,L,2.1573426573426575,m,1,0,263,0.010479041916167664,0.055944055944055944
8,9,1523,b,Dash-8,0.001,dash8_time_conflict,,body=0.5;caption=1.0,conflict,z,0.9902694610778443,m,L,2.1573426573426575,m,1,0,264,0.010479041916167664,0.055944055944055944
8,9,1523,b,Dash-8,0.001,dash8_time_conflict,,body=0.5;caption=1.0,conflict,z,0.9955089820359282,m,L,2.1573426573426575,m,1,0,265,0.010479041916167664,0.055944055944055944
8,9,1523,b,Dash-8,0.001,dash8_time_conflict,,body=0.5;caption=1.0,conflict,z,1.000748502994012,m,L,2.1573426573426575,m,1,0,266,0.010479041916167664,0.055944055944055944
8,9,1523,b,Dash-8,0.001,dash8_time_conflict,,body=0.5;caption=1.0,conflict,z,1.0059880239520957,m,L,2.1573426573426575,m,1,0,267,0.010479041916167664,0.055944055944055944
8,9,1523,b,Dash-8,0.001,dash8_time_conflict,,body=0.5;caption=1.0,conflict,z,1.0112275449101797,m,L,2.1573426573426575,m,1,0,268,0.010479041916167664,0.055944055944055944
8,9,1523,b,Dash-8,0.001,dash8_time_conflict,,body=0.5;caption=1.0,conflict,z,1.0164670658682635,m,L,2.1573426573426575,m,1,0,269,0.010479041916167664,0.055944055944055944
8,9,1523,b,Dash-8,0.001,dash8_time_conflict,,body=0.5;caption=1.0,conflict,z,1.0217065868263473,m,L,2.1573426573426575,m,1,0,270,0.010479041916167664,0.055944055944055944
8,9,1523,b,Dash-8,0.001,dash8_time_conflict,,body=0.5;caption=1.0,conflict,z,1.026946107784431,m,L,2.1573426573426575,m,1,0,271,0.010479041916167664,0.055944055944055944
8,9,1523,b,Dash-8,0.001,dash8_time_conflict,,body=0.5;caption=1.0,conflict,z,1.032185628742515,m,L,2.1573426573426575,m,1,0,272,0.010479041916167664,0.055944055944055944
8,9,1523,b,Dash-8,0.001,dash8_time_conflict,,body=0.5;caption=1.0,conflict,z,1.0374251497005988,m,L,2.1573426573426575,m,1,0,273,0.010479041916167664,0.055944055944055944
8,9,1523,b,Dash-8,0.001,dash8_time_conflict,,body=0.5;caption=1.0,conflict,z,1.0426646706586826,m,L,2.1573426573426575,m,1,0,274,0.010479041916167664,0.055944055944055944
8,9,1523,b,Dash-8,0.001,dash8_time_conflict,,body=0.5;caption=1.0,conflict,z,1.0479041916167664,m,L,2.1573426573426575,m,1,0,275,0.010479041916167664,0.055944055944055944
8,9,1523,b,Dash-8,0.001,dash8_time_conflict,,body=0.5;caption=1.0,conflict,z,1.0531437125748504,m,L,2.1573426573426575,m,1,0,276,0.010479041916167664,0.055944055944055944
8,9,1523,b,Dash-8,0.001,dash8_time_conflict,,body=0.5;caption=1.0,conflict,z,1.0583832335329342,m,L,2.1573426573426575,m,1,0,277,0.010479041916167664,0.055944055944055944
8,9,1523,b,Dash-8,0.001,dash8_time_conflict,,body=0.5;caption=1.0,conflict,z,1.063622754491018,m,L,2.1573426573426575,m,1,0,278,0.010479041916167664,0.055944055944055944
8,9,1523,b,Dash-8,0.001,dash8_time_conflict,,body=0.5;caption=1.0,conflict,z,1.0688622754491017,m,L,2.1573426573426575,m,1,0,279,0.010479041916167664,0.055944055944055944
8,9,1523,b,Dash-8,0.001,dash8_time_conflict,,body=0.5;caption=1.0,conflict,z,1.0741017964071857,m,L,2.1573426573426575,m,1,0,280,0.010479041916167664,0.055944055944055944
8,9,1523,b,Dash-8,0.001,dash8_time_conflict,,body=0.5;caption=1.0,conflict,z,1.0793413173652695,m,L,2.1573426573426575,m,1,0,281,0.010479041916167664,0.055944055944055944
8,9,1523,b,Dash-8,0.001,dash8_time_conflict,,body=0.5;caption=1.0,conflict,z,1.0845808383233533,m,L,2.1573426573426575,m,1,0,282,0.010479041916167664,0.055944055944055944
8,9,1523,b,Dash-8,0.001,dash8_time_conflict,,body=0.5;caption=1.0,conflict,z,1.089820359281437,m,L,2.1573426573426575,m,1,0,283,0.010479041916167664,0.055944055944055944
8,9,1523,b,Dash-8,0.001,dash8_time_conflict,,body=0.5;caption=1.0,conflict,z,1.095059880239521,m,L,2.1573426573426575,m,1,0,284,0.010479041916167664,0.055944055944055944
8,9,1523,b,Dash-8,0.001,dash8_time_conflict,,body=0.5;caption=1.0,conflict,z,1.1002994011976048,m,L,2.1573426573426575,m,1,0,285,0.010479041916167664,0.055944055944055944
8,9,1523,b,Dash-8,0.001,dash8_time_conflict,,body=0.5;caption=1.0,conflict,z,1.1055389221556886,m,L,2.1573426573426575,m,1,0,286,0.010479041916167664,0.055944055944055944
8,9,1523,b,Dash-8,0.001,dash8_time_conflict,,body=0.5;caption=1.0,conflict,z,1.1107784431137724,m,L,2.1573426573426575,m,1,0,287,0.010479041916167664,0.055944055944055944
8,9,1523,b,Dash-8,0.001,dash8_time_conflict,,body=0.5;caption=1.0,conflict,z,1.1160179640718564,m,L,2.1573426573426575,m,1,0,288,0.010479041916167664,0.055944055944055944
8,9,1523,b,Dash-8,0.001,dash8_time_conflict,,body=0.5;caption=1.0,conflict,z,1.1212574850299402,m,L,2.1573426573426575,m,1,0,289,0.010479041916167664,0.055944055944055944
8,9,1523,b,Dash-8,0.001,dash8_time_conflict,,body=0.5;caption=1.0,conflict,z,1.126497005988024,m,L,2.1503496503496504,m,1,0,290,0.010479041916167664,0.055944055944055944
8,9,1523,b,Dash-8,0.001,dash8_time_conflict,,body=0.5;caption=1.0,conflict,z,1.1317365269461077,m,L,2.1468531468531467,m,1,0,291,0.010479041916167664,0.055944055944055944
8,9,1523,b,Dash-8,0.001,dash8_time_conflict,,body=0.5;caption=1.0,conflict,z,1.1369760479041917,m,L,2.1363636363636362,m,1,0,292,0.010479041916167664,0.055944055944055944
8,9,1523,b,Dash-8,0.001,dash8_time_conflict,,body=0.5;caption=1.0,conflict,z,1.1422155688622755,m,L,2.132867132867133,m,1,0,293,0.010479041916167664,0.055944055944055944
8,9,1523,b,Dash-8,0.001,dash8_time_conflict,,body=0.5;caption=1.0,conflict,z,1.1474550898203593,m,L,2.1223776223776225,m,1,0,294,0.010479041916167664,0.055944055944055944
8,9,1523,b,Dash-8,0.001,dash8_time_conflict,,body=0.5;caption=1.0,conflict,z,1.152694610778443,m,L,2.1083916083916083,m,1,0,295,0.010479041916167664,0.055944055944055944
8,9,1523,b,Dash-8,0.001,dash8_time_conflict,,body=0.5;caption=1.0,conflict,z,1.157934131736527,m,L,2.055944055944056,m,1,0,296,0.010479041916167664,0.055944055944055944
8,9,1523,b,Dash-8,0.001,dash8_time_conflict,,body=0.5;caption=1.0,conflict,z,1.157934131736527,m,L,2.111888111888112,m,1,0,297,0.010479041916167664,0.055944055944055944
8,9,1523,b,Dash-8,0.001,dash8_time_conflict,,body=0.5;caption=1.0,conflict,z,1.1631736526946108,m,L,2.0489510489510487,m,1,0,298,0.010479041916167664,0.055944055944055944
8,9,1523,b,Dash-8,0.001,dash8_time_conflict,,body=0.5;caption=1.0,conflict,z,1.1631736526946108,m,L,2.104895104895105,m,1,0,299,0.010479041916167664,0.055944055944055944
8,9,1523,b,Dash-8,0.001,dash8_time_conflict,,body=0.5;caption=1.0,conflict,z,1.1684131736526946,m,L,2.0,m,1,0,300,0.010479041916167664,0.055944055944055944
8,9,1523,b,Dash-8,0.001,dash8_time_conflict,,body=0.5;caption=1.0,conflict,z,1.1684131736526946,m,L,2.090909090909091,m,1,0,301,0.010479041916167664,0.055944055944055944
8,9,1523,b,Dash-8,0.001,dash8_time_conflict,,body=0.5;caption=1.0,conflict,z,1.1736526946107784,m,L,1.993006993006993,m,1,0,302,0.010479041916167664,0.055944055944055944
8,9,1523,b,Dash-8,0.001,dash8_time_conflict,,body=0.5;caption=1.0,conflict,z,1.1736526946107784,m,L,2.076923076923077,m,1,0,303,0.010479041916167664,0.055944055944055944
8,9,1523,b,Dash-8,0.001,dash8_time_conflict,,body=0.5;caption=1.0,conflict,z,1.1788922155688624,m,L,1.9580419580419581,m,1,0,304,0.010479041916167664,0.055944055944055944
8,9,1523,b,Dash-8,0.001,dash8_time_conflict,,body=0.5;caption=1.0,conflict,z,1.1788922155688624,m,L,2.06993006993007,m,1,0,305,0.010479041916167664,0.055944055944055944
8,9,1523,b,Dash-8,0.001,dash8_time_conflict,,body=0.5;caption=1.0,conflict,z,1.1841317365269461,m,L,1.93006993006993,m,1,0,306,0.010479041916167664,0.055944055944055944
8,9,1523,b,Dash-8,0.001,dash8_time_conflict,,body=0.5;caption=1.0,conflict,z,1.1841317365269461,m,L,2.062937062937063,m,1,0,307,0.010479041916167664,0.055944055944055944
8,9,1523,b,Dash-8,0.001,dash8_time_conflict,,body=0.5;caption=1.0,conflict,z,1.18937125748503,m,L,1.916083916083916,m,1,0,308,0.010479041916167664,0.055944055944055944
8,9,1523,b,Dash-8,0.001,dash8_time_conflict,,body=0.5;caption=1.0,conflict,z,1.18937125748503,m,L,2.034965034965035,m,1,0,309,0.010479041916167664,0.055944055944055944
8,9,1523,b,Dash-8,0.001,dash8_time_conflict,,body=0.5;caption=1.0,conflict,z,1.1946107784431137,m,L,1.916083916083916,m,1,0,310,0.010479041916167664,0.055944055944055944
8,9,1523,b,Dash-8,0.001,dash8_time_conflict,,body=0.5;caption=1.0,conflict,z,1.1946107784431137,m,L,2.034965034965035,m,1,0,311,0.010479041916167664,0.055944055944055944
8,9,1523,b,Dash-8,0.001,dash8_time_conflict,,body=0.5;caption=1.0,conflict,z,1.1998502994011977,m,L,1.9090909090909092,m,1,0,312,0.010479041916167664,0.055944055944055944
8,9,1523,b,Dash-8,0.001,dash8_time_conflict,,body=0.5;caption=1.0,conflict,z,1.1998502994011977,m,L,1.993006993006993,m,1,0,313,0.010479041916167664,0.055944055944055944
8,9,1523,b,Dash-8,0.001,dash8_time_conflict,,body=0.5;caption=1.0,conflict,z,1.2050898203592815,m,L,1.9090909090909092,m,1,0,314,0.010479041916167664,0.055944055944055944
8,9,1523,b,Dash-8,0.001,dash8_time_conflict,,body=0.5;caption=1.0,conflict,z,1.2050898203592815,m,L,1.986013986013986,m,1,0,315,0.010479041916167664,0.055944055944055944
8,9,1523,b,Dash-8,0.001,dash8_time_conflict,,body=0.5;caption=1.0,conflict,z,1.2103293413173652,m,L,1.9090909090909092,m,1,0,316,0.010479041916167664,0.055944055944055944
8,9,1523,b,Dash-8,0.001,dash8_time_conflict,,body=0.5;caption=1.0,conflict,z,1.2103293413173652,m,L,1.951048951048951,m,1,0,317,0.010479041916167664,0.055944055944055944
8,9,1523,b,Dash-8,0.001,dash8_time_conflict,,body=0.5;caption=1.0,conflict,z,1.215568862275449,m,L,1.9195804195804196,m,1,0,318,0.010479041916167664,0.055944055944055944
8,9,1523,b,Dash-8,0.001,dash8_time_conflict,,body=0.5;caption=1.0,conflict,z,1.220808383233533,m,L,1.916083916083916,m,1,0,319,0.010479041916167664,0.055944055944055944
8,9,1523,b,Dash-8,0.001,dash8_time_conflict,,body=0.5;caption=1.0,conflict,z,1.2260479041916168,m,L,1.9195804195804196,m,1,0,320,0.010479041916167664,0.055944055944055944
8,9,1523,b,Dash-8,0.001,dash8_time_conflict,,body=0.5;caption=1.0,conflict,z,1.2312874251497006,m,L,1.916083916083916,m,1,0,321,0.010479041916167664,0.055944055944055944
8,9,1523,b,Dash-8,0.001,dash8_time_conflict,,body=0.5;caption=1.0,conflict,z,1.2312874251497006,m,L,1.965034965034965,m,1,0,322,0.010479041916167664,0.055944055944055944
8,9,1523,b,Dash-8,0.001,dash8_time_conflict,,body=0.5;caption=1.0,conflict,z,1.2365269461077844,m,L,1.916083916083916,m,1,0,323,0.010479041916167664,0.055944055944055944
8,9,1523,b,Dash-8,0.001,dash8_time_conflict,,body=0.5;caption=1.0,conflict,z,1.2365269461077844,m,L,2.006993006993007,m,1,0,324,0.010479041916167664,0.055944055944055944
8,9,1523,b,Dash-8,0.001,dash8_time_conflict,,body=0.5;caption=1.0,conflict,z,1.2417664670658684,m,L,1.93006993006993,m,1,0,325,0.010479041916167664,0.055944055944055944
8,9,1523,b,Dash-8,0.001,dash8_time_conflict,,body=0.5;caption=1.0,conflict,z,1.2417664670658684,m,L,2.055944055944056,m,1,0,326,0.010479041916167664,0.055944055944055944
8,9,1523,b,Dash-8,0.001,dash8_time_conflict,,body=0.5;caption=1.0,conflict,z,1.2470059880239521,m,L,1.944055944055944,m,1,0,327,0.010479041916167664,0.055944055944055944
8,9,1523,b,Dash-8,0.001,dash8_time_conflict,,body=0.5;caption=1.0,conflict,z,1.2470059880239521,m,L,2.1468531468531467,m,1,0,328,0.010479041916167664,0.055944055944055944
8,9,1523,b,Dash-8,0.001,dash8_time_conflict,,body=0.5;caption=1.0,conflict,z,1.252245508982036,m,L,1.951048951048951,m,1,0,329,0.010479041916167664,0.055944055944055944
8,9,1523,b,Dash-8,0.001,dash8_time_conflict,,body=0.5;caption=1.0,conflict,z,1.252245508982036,m,L,2.167832167832168,m,1,0,330,0.010479041916167664,0.055944055944055944
8,9,1523,b,Dash-8,0.001,dash8_time_conflict,,body=0.5;caption=1.0,conflict,z,1.2574850299401197,m,L,1.9580419580419581,m,1,0,331,0.010479041916167664,0.055944055944055944
8,9,1523,b,Dash-8,0.001,dash8_time_conflict,,body=0.5;caption=1.0,conflict,z,1.2574850299401197,m,L,2.2167832167832167,m,1,0,332,0.010479041916167664,0.055944055944055944
8,9,1523,b,Dash-8,0.001,dash8_time_conflict,,body=0.5;caption=1.0,conflict,z,1.2627245508982037,m,L,1.972027972027972,m,1,0,333,0.010479041916167664,0.055944055944055944
8,9,1523,b,Dash-8,0.001,dash8_time_conflict,,body=0.5;caption=1.0,conflict,z,1.2627245508982037,m,L,2.2867132867132867,m,1,0,334,0.010479041916167664,0.055944055944055944
8,9,1523,b,Dash-8,0.001,dash8_time_conflict,,body=0.5;caption=1.0,conflict,z,1.2679640718562875,m,L,1.986013986013986,m,1,0,335,0.010479041916167664,0.055944055944055944
8,9,1523,b,Dash-8,0.001,dash8_time_conflict,,body=0.5;caption=1.0,conflict,z,1.2679640718562875,m,L,2.335664335664336,m,1,0,336,0.010479041916167664,0.055944055944055944
8,9,1523,b,Dash-8,0.001,dash8_time_conflict,,body=0.5;caption=1.0,conflict,z,1.2732035928143712,m,L,1.993006993006993,m,1,0,337,0.010479041916167664,0.055944055944055944
8,9,1523,b,Dash-8,0.001,dash8_time_conflict,,body=0.5;caption=1.0,conflict,z,1.2732035928143712,m,L,2.3426573426573425,m,1,0,338,0.010479041916167664,0.055944055944055944
8,9,1523,b,Dash-8,0.001,dash8_time_conflict,,body=0.5;caption=1.0,conflict,z,1.278443113772455,m,L,2.0489510489510487,m,1,0,339,0.010479041916167664,0.055944055944055944
8,9,1523,b,Dash-8,0.001,dash8_time_conflict,,body=0.5;caption=1.0,conflict,z,1.278443113772455,m,L,2.3636363636363638,m,1,0,340,0.010479041916167664,0.055944055944055944
8,9,1523,b,Dash-8,0.001,dash8_time_conflict,,body=0.5;caption=1.0,conflict,z,1.283682634730539,m,L,2.0839160839160837,m,1,0,341,0.010479041916167664,0.055944055944055944
8,9,1523,b,Dash-8,0.001,dash8_time_conflict,,body=0.5;caption=1.0,conflict,z,1.283682634730539,m,L,2.370629370629371,m,1,0,342,0.010479041916167664,0.055944055944055944
8,9,1523,b,Dash-8,0.001,dash8_time_conflict,,body=0.5;caption=1.0,conflict,z,1.2889221556886228,m,L,2.13986013986014,m,1,0,343,0.010479041916167664,0.055944055944055944
8,9,1523,b,Dash-8,0.001,dash8_time_conflict,,body=0.5;caption=1.0,conflict,z,1.2889221556886228,m,L,2.3916083916083917,m,1,0,344,0.010479041916167664,0.055944055944055944
8,9,1523,b,Dash-8,0.001,dash8_time_conflict,,body=0.5;caption=1.0,conflict,z,1.2941616766467066,m,L,2.1888111888111887,m,1,0,345,0.010479041916167664,0.055944055944055944
8,9,1523,b,Dash-8,0.001,dash8_time_conflict,,body=0.5;caption=1.0,conflict,z,1.2941616766467066,m,L,2.4055944055944054,m,1,0,346,0.010479041916167664,0.055944055944055944
8,9,1523,b,Dash-8,0.001,dash8_time_conflict,,body=0.5;caption=1.0,conflict,z,1.2994011976047903,m,L,2.2517482517482517,m,1,0,347,0.010479041916167664,0.055944055944055944
8,9,1523,b,Dash-8,0.001,dash8_time_conflict,,body=0.5;caption=1.0,conflict,z,1.2994011976047903,m,L,2.4195804195804196,m,1,0,348,0.010479041916167664,0.055944055944055944
8,9,1523,b,Dash-8,0.001,dash8_time_conflict,,body=0.5;caption=1.0,conflict,z,1.3046407185628743,m,L,2.2797202797202796,m,1,0,349,0.010479041916167664,0.055944055944055944
8,9,1523,b,Dash-8,0.001,dash8_time_conflict,,body=0.5;caption=1.0,conflict,z,1.3046407185628743,m,L,2.4335664335664338,m,1,0,350,0.010479041916167664,0.055944055944055944
8,9,1523,b,Dash-8,0.001,dash8_time_conflict,,body=0.5;caption=1.0,conflict,z,1.3098802395209581,m,L,2.3496503496503496,m,1,0,351,0.010479041916167664,0.055944055944055944
8,9,1523,b,Dash-8,0.001,dash8_time_conflict,,body=0.5;caption=1.0,conflict,z,1.3098802395209581,m,L,2.4475524475524475,m,1,0,352,0.010479041916167664,0.055944055944055944
8,9,1523,b,Dash-8,0.001,dash8_time_conflict,,body=0.5;caption=1.0,conflict,z,1.3151197604790419,m,L,2.3986013986013988,m,1,0,353,0.010479041916167664,0.055944055944055944
8,9,1523,b,Dash-8,0.001,dash8_time_conflict,,body=0.5;caption=1.0,conflict,z,1.3151197604790419,m,L,2.4615384615384617,m,1,0,354,0.010479041916167664,0.055944055944055944
8,9,1523,b,Dash-8,0.001,dash8_time_conflict,,body=0.5;caption=1.0,conflict,z,1.3203592814371257,m,L,2.4195804195804196,m,1,0,355,0.010479041916167664,0.055944055944055944
8,9,1523,b,Dash-8,0.001,dash8_time_conflict,,body=0.5;caption=1.0,conflict,z,1.3203592814371257,m,L,2.4685314685314683,m,1,0,356,0.010479041916167664,0.055944055944055944
8,9,1523,b,Dash-8,0.001,dash8_time_conflict,,body=0.5;caption=1.0,conflict,z,1.3255988023952097,m,L,2.4265734265734267,m,1,0,357,0.010479041916167664,0.055944055944055944
8,9,1523,b,Dash-8,0.001,dash8_time_conflict,,body=0.5;caption=1.0,conflict,z,1.3255988023952097,m,L,2.4685314685314683,m,1,0,358,0.010479041916167664,0.055944055944055944
8,9,1523,b,Dash-8,0.001,dash8_time_conflict,,body=0.5;caption=1.0,conflict,z,1.3308383233532934,m,L,2.4475524475524475,m,1,0,359,0.010479041916167664,0.055944055944055944
8,9,1523,b,Dash-8,0.001,dash8_time_conflict,,body=0.5;caption=1.0,conflict,z,1.3308383233532934,m,L,2.4825174825174825,m,1,0,360,0.010479041916167664,0.055944055944055944
8,9,1523,b,Dash-8,0.001,dash8_time_conflict,,body=0.5;caption=1.0,conflict,z,1.3360778443113772,m,L,2.472027972027972,m,1,0,361,0.010479041916167664,0.055944055944055944
8,9,1523,b,Dash-8,0.001,dash8_time_conflict,,body=0.5;caption=1.0,conflict,z,1.341317365269461,m,L,2.4825174825174825,m,1,0,362,0.010479041916167664,0.055944055944055944
8,9,1523,b,Dash-8,0.001,dash8_time_conflict,,body=0.5;caption=1.0,conflict,z,1.346556886227545,m,L,2.493006993006993,m,1,0,363,0.010479041916167664,0.055944055944055944
8,9,1523,b,Dash-8,0.001,dash8_time_conflict,,body=0.5;caption=1.0,conflict,z,1.3517964071856288,m,L,2.5,m,1,0,364,0.010479041916167664,0.055944055944055944
8,9,1523,b,Dash-8,0.001,dash8_time_conflict,,body=0.5;caption=1.0,conflict,z,1.3570359281437125,m,L,2.5104895104895104,m,1,0,365,0.010479041916167664,0.055944055944055944
8,9,1523,b,Dash-8,0.001,dash8_time_conflict,,body=0.5;caption=1.0,conflict,z,1.3622754491017963,m,L,2.5104895104895104,m,1,0,366,0.010479041916167664,0.055944055944055944
8,9,1523,b,Dash-8,0.001,dash8_time_conflict,,body=0.5;caption=1.0,conflict,z,1.3675149700598803,m,L,2.5104895104895104,m,1,0,367,0.010479041916167664,0.055944055944055944
8,9,1523,b,Dash-8,0.001,dash8_time_conflict,,body=0.5;caption=1.0,conflict,z,1.372754491017964,m,L,2.5104895104895104,m,1,0,368,0.010479041916167664,0.055944055944055944
8,9,1523,b,Dash-8,0.001,dash8_time_conflict,,body=0.5;caption=1.0,conflict,z,1.3779940119760479,m,L,2.5104895104895104,m,1,0,369,0.010479041916167664,0.055944055944055944
8,9,1523,b,Dash-8,0.001,dash8_time_conflict,,body=0.5;caption=1.0,conflict,z,1.3832335329341316,m,L,2.5104895104895104,m,1,0,370,0.010479041916167664,0.055944055944055944
8,9,1523,b,Dash-8,0.001,dash8_time_conflict,,body=0.5;caption=1.0,conflict,z,1.3884730538922156,m,L,2.5034965034965033,m,1,0,371,0.010479041916167664,0.055944055944055944
8,9,1523,b,Dash-8,0.001,dash8_time_conflict,,body=0.5;caption=1.0,conflict,z,1.3937125748502994,m,L,2.5,m,1,0,372,0.010479041916167664,0.055944055944055944
8,9,1523,b,Dash-8,0.001,dash8_time_conflict,,body=0.5;caption=1.0,conflict,z,1.3989520958083832,m,L,2.4965034965034967,m,1,0,373,0.010479041916167664,0.055944055944055944
8,9,1523,b,Dash-8,0.001,dash8_time_conflict,,body=0.5;caption=1.0,conflict,z,1.404191616766467,m,L,2.4965034965034967,m,1,0,374,0.010479041916167664,0.055944055944055944
8,9,1523,b,Dash-8,0.001,dash8_time_conflict,,body=0.5;caption=1.0,conflict,z,1.409431137724551,m,L,2.4965034965034967,m,1,0,375,0.010479041916167664,0.055944055944055944
8,9,1523,b,Dash-8,0.001,dash8_time_conflict,,body=0.5;caption=1.0,conflict,z,1.4146706586826348,m,L,2.5,m,1,0,376,0.010479041916167664,0.055944055944055944
8,9,1523,b,Dash-8,0.001,dash8_time_conflict,,body=0.5;caption=1.0,conflict,z,1.4199101796407185,m,L,2.506993006993007,m,1,0,377,0.010479041916167664,0.055944055944055944
8,9,1523,b,Dash-8,0.001,dash8_time_conflict,,body=0.5;caption=1.0,conflict,z,1.4251497005988023,m,L,2.5104895104895104,m,1,0,378,0.010479041916167664,0.055944055944055944
8,9,1523,b,Dash-8,0.001,dash8_time_conflict,,body=0.5;caption=1.0,conflict,z,1.4303892215568863,m,L,2.513986013986014,m,1,0,379,0.010479041916167664,0.055944055944055944
8,9,1523,b,Dash-8,0.001,dash8_time_conflict,,body=0.5;caption=1.0,conflict,z,1.43562874251497,m,L,2.5244755244755246,m,1,0,380,0.010479041916167664,0.055944055944055944
8,9,1523,b,Dash-8,0.001,dash8_time_conflict,,body=0.5;caption=1.0,conflict,z,1.4408682634730539,m,L,2.534965034965035,m,1,0,381,0.010479041916167664,0.055944055944055944
8,9,1523,b,Dash-8,0.001,dash8_time_conflict,,body=0.5;caption=1.0,conflict,z,1.4461077844311376,m,L,2.534965034965035,m,1,0,382,0.010479041916167664,0.055944055944055944
8,9,1523,b,Dash-8,0.001,dash8_time_conflict,,body=0.5;caption=1.0,conflict,z,1.4513473053892216,m,L,2.5454545454545454,m,1,0,383,0.010479041916167664,0.055944055944055944
8,9,1523,b,Dash-8,0.001,dash8_time_conflict,,body=0.5;caption=1.0,conflict,z,1.4565868263473054,m,L,2.5524475524475525,m,1,0,384,0.010479041916167664,0.055944055944055944
8,9,1523,b,Dash-8,0.001,dash8_time_conflict,,body=0.5;caption=1.0,conflict,z,1.4618263473053892,m,L,2.5524475524475525,m,1,0,385,0.010479041916167664,0.055944055944055944
8,9,1523,b,Dash-8,0.001,dash8_time_conflict,,body=0.5;caption=1.0,conflict,z,1.467065868263473,m,L,2.5454545454545454,m,1,0,386,0.010479041916167664,0.055944055944055944
8,9,1523,b,Dash-8,0.001,dash8_time_conflict,,body=0.5;caption=1.0,conflict,z,1.472305389221557,m,L,2.5384615384615383,m,1,0,387,0.010479041916167664,0.055944055944055944
8,9,1523,b,Dash-8,0.001,dash8_time_conflict,,body=0.5;caption=1.0,conflict,z,1.4775449101796407,m,L,2.5384615384615383,m,1,0,388,0.010479041916167664,0.055944055944055944
8,9,1523,b,Dash-8,0.001,dash8_time_conflict,,body=0.5;caption=1.0,conflict,z,1.4827844311377245,m,L,2.534965034965035,m,1,0,389,0.010479041916167664,0.055944055944055944
8,9,1523,b,Dash-8,0.001,dash8_time_conflict,,body=0.5;caption=1.0,conflict,z,1.4880239520958083,m,L,2.5314685314685317,m,1,0,390,0.010479041916167664,0.055944055944055944
8,9,1523,b,Dash-8,0.001,dash8_time_conflict,,body=0.5;caption=1.0,conflict,z,1.4932634730538923,m,L,2.527972027972028,m,1,0,391,0.010479041916167664,0.055944055944055944
8,9,1523,b,Dash-8,0.001,dash8_time_conflict,,body=0.5;caption=1.0,conflict,z,1.498502994011976,m,L,2.520979020979021,m,1,0,392,0.010479041916167664,0.055944055944055944
8,9,1523,b,Dash-8,0.001,dash8_time_conflict,,body=0.5;caption=1.0,conflict,z,1.5037425149700598,m,L,2.520979020979021,m,1,0,393,0.010479041916167664,0.055944055944055944
8,9,1523,b,Dash-8,0.001,dash8_time_conflict,,body=0.5;caption=1.0,conflict,z,1.5089820359281436,m,L,2.520979020979021,m,1,0,394,0.010479041916167664,0.055944055944055944
8,9,1523,b,Dash-8,0.001,dash8_time_conflict,,body=0.5;caption=1.0,conflict,z,1.5142215568862276,m,L,2.520979020979021,m,1,0,395,0.010479041916167664,0.055944055944055944
8,9,1523,b,Dash-8,0.001,dash8_time_conflict,,body=0.5;caption=1.0,conflict,z,1.5194610778443114,m,L,2.520979020979021,m,1,0,396,0.010479041916167664,0.055944055944055944
8,9,1523,b,Dash-8,0.001,dash8_time_conflict,,body=0.5;caption=1.0,conflict,z,1.5247005988023952,m,L,2.520979020979021,m,1,0,397,0.010479041916167664,0.055944055944055944
8,9,1523,b,Dash-8,0.001,dash8_time_conflict,,body=0.5;caption=1.0,conflict,z,1.529940119760479,m,L,2.5244755244755246,m,1,0,398,0.010479041916167664,0.055944055944055944
8,9,1523,b,Dash-8,0.001,dash8_time_conflict,,body=0.5;caption=1.0,conflict,z,1.535179640718563,m,L,2.5244755244755246,m,1,0,399,0.010479041916167664,0.055944055944055944
8,9,1523,b,Dash-8,0.001,dash8_time_conflict,,body=0.5;caption=1.0,conflict,z,1.5404191616766467,m,L,2.5314685314685317,m,1,0,400,0.010479041916167664,0.055944055944055944
8,9,1523,b,Dash-8,0.001,dash8_time_conflict,,body=0.5;caption=1.0,conflict,z,1.5456586826347305,m,L,2.534965034965035,m,1,0,401,0.010479041916167664,0.055944055944055944
8,9,1523,b,Dash-8,0.001,dash8_time_conflict,,body=0.5;caption=1.0,conflict,z,1.5508982035928143,m,L,2.5384615384615383,m,1,0,402,0.010479041916167664,0.055944055944055944
8,9,1523,b,Dash-8,0.001,dash8_time_conflict,,body=0.5;caption=1.0,conflict,z,1.5561377245508983,m,L,2.541958041958042,m,1,0,403,0.010479041916167664,0.055944055944055944
8,9,1523,b,Dash-8,0.001,dash8_time_conflict,,body=0.5;caption=1.0,conflict,z,1.561377245508982,m,L,2.5489510489510487,m,1,0,404,0.010479041916167664,0.055944055944055944
8,9,1523,b,Dash-8,0.001,dash8_time_conflict,,body=0.5;caption=1.0,conflict,z,1.5666167664670658,m,L,2.5524475524475525,m,1,0,405,0.010479041916167664,0.055944055944055944
8,9,1523,b,Dash-8,0.001,dash8_time_conflict,,body=0.5;caption=1.0,conflict,z,1.5718562874251496,m,L,2.5524475524475525,m,1,0,406,0.010479041916167664,0.055944055944055944
8,9,1523,b,Dash-8,0.001,dash8_time_conflict,,body=0.5;caption=1.0,conflict,z,1.5770958083832336,m,L,2.5594405594405596,m,1,0,407,0.010479041916167664,0.055944055944055944
8,9,1523,b,Dash-8,0.001,dash8_time_conflict,,body=0.5;caption=1.0,conflict,z,1.5823353293413174,m,L,2.5594405594405596,m,1,0,408,0.010479041916167664,0.055944055944055944
8,9,1523,b,Dash-8,0.001,dash8_time_conflict,,body=0.5;caption=1.0,conflict,z,1.5875748502994012,m,L,2.5594405594405596,m,1,0,409,0.010479041916167664,0.055944055944055944
8,9,1523,b,Dash-8,0.001,dash8_time_conflict,,body=0.5;caption=1.0,conflict,z,1.592814371257485,m,L,2.5594405594405596,m,1,0,410,0.010479041916167664,0.055944055944055944
8,9,1523,b,Dash-8,0.001,dash8_time_conflict,,body=0.5;caption=1.0,conflict,z,1.598053892215569,m,L,2.5594405594405596,m,1,0,411,0.010479041916167664,0.055944055944055944
8,9,1523,b,Dash-8,0.001,dash8_time_conflict,,body=0.5;caption=1.0,conflict,z,1.6032934131736527,m,L,2.5594405594405596,m,1,0,412,0.010479041916167664,0.055944055944055944
8,9,1523,b,Dash-8,0.001,dash8_time_conflict,,body=0.5;caption=1.0,conflict,z,1.6085329341317365,m,L,2.5594405594405596,m,1,0,413,0.010479041916167664,0.055944055944055944
8,9,1523,b,Dash-8,0.001,dash8_time_conflict,,body=0.5;caption=1.0,conflict,z,1.6137724550898203,m,L,2.5594405594405596,m,1,0,414,0.010479041916167664,0.055944055944055944
8,9,1523,b,Dash-8,0.001,dash8_time_conflict,,body=0.5;caption=1.0,conflict,z,1.6190119760479043,m,L,2.5594405594405596,m,1,0,415,0.010479041916167664,0.055944055944055944
8,9,1523,b,Dash-8,0.001,dash8_time_conflict,,body=0.5;caption=1.0,conflict,z,1.624251497005988,m,L,2.5594405594405596,m,1,0,416,0.010479041916167664,0.055944055944055944
8,9,1523,b,Dash-8,0.001,dash8_time_conflict,,body=0.5;caption=1.0,conflict,z,1.6294910179640718,m,L,2.5594405594405596,m,1,0,417,0.010479041916167664,0.055944055944055944
8,9,1523,b,Dash-8,0.001,dash8_time_conflict,,body=0.5;caption=1.0,conflict,z,1.6347305389221556,m,L,2.5594405594405596,m,1,0,418,0.010479041916167664,0.055944055944055944
8,9,1523,b,Dash-8,0.001,dash8_time_conflict,,body=0.5;caption=1.0,conflict,z,1.6399700598802396,m,L,2.5594405594405596,m,1,0,419,0.010479041916167664,0.055944055944055944
8,9,1523,b,Dash-8,0.001,dash8_time_conflict,,body=0.5;caption=1.0,conflict,z,1.6452095808383234,m,L,2.562937062937063,m,1,0,420,0.010479041916167664,0.055944055944055944
8,9,1523,b,Dash-8,0.001,dash8_time_conflict,,body=0.5;caption=1.0,conflict,z,1.6504491017964071,m,L,2.562937062937063,m,1,0,421,0.010479041916167664,0.055944055944055944
8,9,1523,b,Dash-8,0.001,dash8_time_conflict,,body=0.5;caption=1.0,conflict,z,1.655688622754491,m,L,2.5664335664335662,m,1,0,422,0.010479041916167664,0.055944055944055944
8,9,1523,b,Dash-8,0.001,dash8_time_conflict,,body=0.5;caption=1.0,conflict,z,1.660928143712575,m,L,2.5664335664335662,m,1,0,423,0.010479041916167664,0.055944055944055944
8,9,1523,b,Dash-8,0.001,dash8_time_conflict,,body=0.5;caption=1.0,conflict,z,1.6661676646706587,m,L,2.5734265734265733,m,1,0,424,0.010479041916167664,0.055944055944055944
8,9,1523,b,Dash-8,0.001,dash8_time_conflict,,body=0.5;caption=1.0,conflict,z,1.6714071856287425,m,L,2.576923076923077,m,1,0,425,0.010479041916167664,0.055944055944055944
8,9,1523,b,Dash-8,0.001,dash8_time_conflict,,body=0.5;caption=1.0,conflict,z,1.6766467065868262,m,L,2.5874125874125875,m,1,0,426,0.010479041916167664,0.055944055944055944
8,9,1523,b,Dash-8,0.001,dash8_time_conflict,,body=0.5;caption=1.0,conflict,z,1.6818862275449102,m,L,2.5874125874125875,m,1,0,427,0.010479041916167664,0.055944055944055944
8,9,1523,b,Dash-8,0.001,dash8_time_conflict,,body=0.5;caption=1.0,conflict,z,1.687125748502994,m,L,2.590909090909091,m,1,0,428,0.010479041916167664,0.055944055944055944
8,9,1523,b,Dash-8,0.001,dash8_time_conflict,,body=0.5;caption=1.0,conflict,z,1.6923652694610778,m,L,2.5944055944055946,m,1,0,429,0.010479041916167664,0.055944055944055944
8,9,1523,b,Dash-8,0.001,dash8_time_conflict,,body=0.5;caption=1.0,conflict,z,1.6976047904191616,m,L,2.604895104895105,m,1,0,430,0.010479041916167664,0.055944055944055944
8,9,1523,b,Dash-8,0.001,dash8_time_conflict,,body=0.5;caption=1.0,conflict,z,1.7028443113772456,m,L,2.6083916083916083,m,1,0,431,0.010479041916167664,0.055944055944055944
8,9,1523,b,Dash-8,0.001,dash8_time_conflict,,body=0.5;caption=1.0,conflict,z,1.7080838323353293,m,L,2.6153846153846154,m,1,0,432,0.010479041916167664,0.055944055944055944
8,9,1523,b,Dash-8,0.001,dash8_time_conflict,,body=0.5;caption=1.0,conflict,z,1.7133233532934131,m,L,2.6188811188811187,m,1,0,433,0.010479041916167664,0.055944055944055944
8,9,1523,b,Dash-8,0.001,dash8_time_conflict,,body=0.5;caption=1.0,conflict,z,1.718562874251497,m,L,2.6223776223776225,m,1,0,434,0.010479041916167664,0.055944055944055944
8,9,1523,b,Dash-8,0.001,dash8_time_conflict,,body=0.5;caption=1.0,conflict,z,1.723802395209581,m,L,2.629370629370629,m,1,0,435,0.010479041916167664,0.055944055944055944
8,9,1523,b,Dash-8,0.001,dash8_time_conflict,,body=0.5;caption=1.0,conflict,z,1.7290419161676647,m,L,2.6363636363636362,m,1,0,436,0.010479041916167664,0.055944055944055944
8,9,1523,b,Dash-8,0.001,dash8_time_conflict,,body=0.5;caption=1.0,conflict,z,1.7342814371257484,m,L,2.6363636363636362,m,1,0,437,0.010479041916167664,0.055944055944055944
8,9,1523,b,Dash-8,0.001,dash8_time_conflict,,body=0.5;caption=1.0,conflict,z,1.7395209580838322,m,L,2.63986013986014,m,1,0,438,0.010479041916167664,0.055944055944055944
8,9,1523,b,Dash-8,0.001,dash8_time_conflict,,body=0.5;caption=1.0,conflict,z,1.7447604790419162,m,L,2.63986013986014,m,1,0,439,0.010479041916167664,0.055944055944055944
8,9,1523,b,Dash-8,0.001,dash8_time_conflict,,body=0.5;caption=1.0,conflict,z,1.75,m,L,2.6433566433566433,m,1,0,440,0.010479041916167664,0.055944055944055944
8,9,1523,b,Dash-8,0.001,dash8_time_conflict,,body=0.5;caption=1.0,conflict,z,1.7552395209580838,m,L,2.6433566433566433,m,1,0,441,0.010479041916167664,0.055944055944055944
8,9,1523,b,Dash-8,0.001,dash8_time_conflict,,body=0.5;caption=1.0,conflict,z,1.7604790419161678,m,L,2.6433566433566433,m,1,0,442,0.010479041916167664,0.055944055944055944
8,9,1523,b,Dash-8,0.001,dash8_time_conflict,,body=0.5;caption=1.0,conflict,z,1.7657185628742516,m,L,2.6433566433566433,m,1,0,443,0.010479041916167664,0.055944055944055944
8,9,1523,b,Dash-8,0.001,dash8_time_conflict,,body=0.5;caption=1.0,conflict,z,1.7709580838323353,m,L,2.6433566433566433,m,1,0,444,0.010479041916167664,0.055944055944055944
8,9,1523,b,Dash-8,0.001,dash8_time_conflict,,body=0.5;caption=1.0,conflict,z,1.776197604790419,m,L,2.6433566433566433,m,1,0,445,0.010479041916167664,0.055944055944055944
8,9,1523,b,Dash-8,0.001,dash8_time_conflict,,body=0.5;caption=1.0,conflict,z,1.781437125748503,m,L,2.6433566433566433,m,1,0,446,0.010479041916167664,0.055944055944055944
8,9,1523,b,Dash-8,0.001,dash8_time_conflict,,body=0.5;caption=1.0,conflict,z,1.7866766467065869,m,L,2.6433566433566433,m,1,0,447,0.010479041916167664,0.055944055944055944
8,9,1523,b,Dash-8,0.001,dash8_time_conflict,,body=0.5;caption=1.0,conflict,z,1.7919161676646707,m,L,2.6433566433566433,m,1,0,448,0.010479041916167664,0.055944055944055944
8,9,1523,b,Dash-8,0.001,dash8_time_conflict,,body=0.5;caption=1.0,conflict,z,1.7971556886227544,m,L,2.6433566433566433,m,1,0,449,0.010479041916167664,0.055944055944055944
8,9,1523,b,Dash-8,0.001,dash8_time_conflict,,body=0.5;caption=1.0,conflict,z,1.8023952095808384,m,L,2.6433566433566433,m,1,0,450,0.010479041916167664,0.055944055944055944
8,9,1523,b,Dash-8,0.001,dash8_time_conflict,,body=0.5;caption=1.0,conflict,z,1.8076347305389222,m,L,2.6433566433566433,m,1,0,451,0.010479041916167664,0.055944055944055944
8,9,1523,b,Dash-8,0.001,dash8_time_conflict,,body=0.5;caption=1.0,conflict,z,1.812874251497006,m,L,2.6433566433566433,m,1,0,452,0.010479041916167664,0.055944055944055944
8,9,1523,b,Dash-8,0.001,dash8_time_conflict,,body=0.5;caption=1.0,conflict,z,1.8181137724550898,m,L,2.6468531468531467,m,1,0,453,0.010479041916167664,0.055944055944055944
8,9,1523,b,Dash-8,0.001,dash8_time_conflict,,body=0.5;caption=1.0,conflict,z,1.8233532934131738,m,L,2.6468531468531467,m,1,0,454,0.010479041916167664,0.055944055944055944
8,9,1523,b,Dash-8,0.001,dash8_time_conflict,,body=0.5;caption=1.0,conflict,z,1.8285928143712575,m,L,2.6538461538461537,m,1,0,455,0.010479041916167664,0.055944055944055944
8,9,1523,b,Dash-8,0.001,dash8_time_conflict,,body=0.5;caption=1.0,conflict,z,1.8338323353293413,m,L,2.6573426573426575,m,1,0,456,0.010479041916167664,0.055944055944055944
8,9,1523,b,Dash-8,0.001,dash8_time_conflict,,body=0.5;caption=1.0,conflict,z,1.839071856287425,m,L,2.664335664335664,m,1,0,457,0.010479041916167664,0.055944055944055944
8,9,1523,b,Dash-8,0.001,dash8_time_conflict,,body=0.5;caption=1.0,conflict,z,1.844311377245509,m,L,2.664335664335664,m,1,0,458,0.010479041916167664,0.055944055944055944
8,9,1523,b,Dash-8,0.001,dash8_time_conflict,,body=0.5;caption=1.0,conflict,z,1.8495508982035929,m,L,2.6713286713286712,m,1,0,459,0.010479041916167664,0.055944055944055944
8,9,1523,b,Dash-8,0.001,dash8_time_conflict,,body=0.5;caption=1.0,conflict,z,1.8547904191616766,m,L,2.6713286713286712,m,1,0,460,0.010479041916167664,0.055944055944055944
8,9,1523,b,Dash-8,0.001,dash8_time_conflict,,body=0.5;caption=1.0,conflict,z,1.8600299401197604,m,L,2.674825174825175,m,1,0,461,0.010479041916167664,0.055944055944055944
8,9,1523,b,Dash-8,0.001,dash8_time_conflict,,body=0.5;caption=1.0,conflict,z,1.8652694610778444,m,L,2.6713286713286712,m,1,0,462,0.010479041916167664,0.055944055944055944
8,9,1523,b,Dash-8,0.001,dash8_time_conflict,,body=0.5;caption=1.0,conflict,z,1.8705089820359282,m,L,2.667832167832168,m,1,0,463,0.010479041916167664,0.055944055944055944
8,9,1523,b,Dash-8,0.001,dash8_time_conflict,,body=0.5;caption=1.0,conflict,z,1.875748502994012,m,L,2.664335664335664,m,1,0,464,0.010479041916167664,0.055944055944055944
8,9,1523,b,Dash-8,0.001,dash8_time_conflict,,body=0.5;caption=1.0,conflict,z,1.8809880239520957,m,L,2.664335664335664,m,1,0,465,0.010479041916167664,0.055944055944055944
8,9,1523,b,Dash-8,0.001,dash8_time_conflict,,body=0.5;caption=1.0,conflict,z,1.8862275449101797,m,L,2.6573426573426575,m,1,0,466,0.010479041916167664,0.055944055944055944
8,9,1523,b,Dash-8,0.001,dash8_time_conflict,,body=0.5;caption=1.0,conflict,z,1.8914670658682635,m,L,2.6538461538461537,m,1,0,467,0.010479041916167664,0.055944055944055944
8,9,1523,b,Dash-8,0.001,dash8_time_conflict,,body=0.5;caption=1.0,conflict,z,1.8967065868263473,m,L,2.6573426573426575,m,1,0,468,0.010479041916167664,0.055944055944055944
8,9,1523,b,Dash-8,0.001,dash8_time_conflict,,body=0.5;caption=1.0,conflict,z,1.901946107784431,m,L,2.660839160839161,m,1,0,469,0.010479041916167664,0.055944055944055944
8,9,1523,b,Dash-8,0.001,dash8_time_conflict,,body=0.5;caption=1.0,conflict,z,1.907185628742515,m,L,2.664335664335664,m,1,0,470,0.010479041916167664,0.055944055944055944
8,9,1523,b,Dash-8,0.001,dash8_time_conflict,,body=0.5;caption=1.0,conflict,z,1.9124251497005988,m,L,2.6713286713286712,m,1,0,471,0.010479041916167664,0.055944055944055944
8,9,1523,b,Dash-8,0.001,dash8_time_conflict,,body=0.5;caption=1.0,conflict,z,1.9176646706586826,m,L,2.6818181818181817,m,1,0,472,0.010479041916167664,0.055944055944055944
8,9,1523,b,Dash-8,0.001,dash8_time_conflict,,body=0.5;caption=1.0,conflict,z,1.9229041916167664,m,L,2.6853146853146854,m,1,0,473,0.010479041916167664,0.055944055944055944
8,9,1523,b,Dash-8,0.001,dash8_time_conflict,,body=0.5;caption=1.0,conflict,z,1.9281437125748504,m,L,2.6888111888111887,m,1,0,474,0.010479041916167664,0.055944055944055944
8,9,1523,b,Dash-8,0.001,dash8_time_conflict,,body=0.5;caption=1.0,conflict,z,1.9333832335329342,m,L,2.695804195804196,m,1,0,475,0.010479041916167664,0.055944055944055944
8,9,1523,b,Dash-8,0.001,dash8_time_conflict,,body=0.5;caption=1.0,conflict,z,1.938622754491018,m,L,2.7062937062937062,m,1,0,476,0.010479041916167664,0.055944055944055944
8,9,1523,b,Dash-8,0.001,dash8_time_conflict,,body=0.5;caption=1.0,conflict,z,1.9438622754491017,m,L,2.7062937062937062,m,1,0,477,0.010479041916167664,0.055944055944055944
8,9,1523,b,Dash-8,0.001,dash8_time_conflict,,body=0.5;caption=1.0,conflict,z,1.9491017964071857,m,L,2.7097902097902096,m,1,0,478,0.010479041916167664,0.055944055944055944
8,9,1523,b,Dash-8,0.001,dash8_time_conflict,,body=0.5;caption=1.0,conflict,z,1.9543413173652695,m,L,2.7062937062937062,m,1,0,479,0.010479041916167664,0.055944055944055944
8,9,1523,b,Dash-8,0.001,dash8_time_conflict,,body=0.5;caption=1.0,conflict,z,1.9595808383233533,m,L,2.702797202797203,m,1,0,480,0.010479041916167664,0.055944055944055944
8,9,1523,b,Dash-8,0.001,dash8_time_conflict,,body=0.5;caption=1.0,conflict,z,1.964820359281437,m,L,2.695804195804196,m,1,0,481,0.010479041916167664,0.055944055944055944
8,9,1523,b,Dash-8,0.001,dash8_time_conflict,,body=0.5;caption=1.0,conflict,z,1.970059880239521,m,L,2.6923076923076925,m,1,0,482,0.010479041916167664,0.055944055944055944
8,9,1523,b,Dash-8,0.001,dash8_time_conflict,,body=0.5;caption=1.0,conflict,z,1.9752994011976048,m,L,2.6888111888111887,m,1,0,483,0.010479041916167664,0.055944055944055944
8,9,1523,b,Dash-8,0.001,dash8_time_conflict,,body=0.5;caption=1.0,conflict,z,1.9805389221556886,m,L,2.6888111888111887,m,1,0,484,0.010479041916167664,0.055944055944055944
8,9,1523,b,Dash-8,0.001,dash8_time_conflict,,body=0.5;caption=1.0,conflict,z,1.9857784431137724,m,L,2.6853146853146854,m,1,0,485,0.010479041916167664,0.055944055944055944
8,9,1523,b,Dash-8,0.001,dash8_time_conflict,,body=0.5;caption=1.0,conflict,z,1.9910179640718564,m,L,2.6818181818181817,m,1,0,486,0.010479041916167664,0.055944055944055944
8,9,1523,b,Dash-8,0.001,dash8_time_conflict,,body=0.5;caption=1.0,conflict,z,1.9962574850299402,m,L,2.6818181818181817,m,1,0,487,0.010479041916167664,0.055944055944055944
8,9,1523,b,Dash-8,0.001,dash8_time_conflict,,body=0.5;caption=1.0,conflict,z,2.001497005988024,m,L,2.6818181818181817,m,1,0,488,0.010479041916167664,0.055944055944055944
8,9,1523,b,Dash-8,0.001,dash8_time_conflict,,body=0.5;caption=1.0,conflict,z,2.0067365269461077,m,L,2.6818181818181817,m,1,0,489,0.010479041916167664,0.055944055944055944
8,9,1523,b,Dash-8,0.001,dash8_time_conflict,,body=0.5;caption=1.0,conflict,z,2.0119760479041915,m,L,2.6818181818181817,m,1,0,490,0.010479041916167664,0.055944055944055944
8,9,1523,b,Dash-8,0.001,dash8_time_conflict,,body=0.5;caption=1.0,conflict,z,2.0172155688622753,m,L,2.6818181818181817,m,1,0,491,0.010479041916167664,0.055944055944055944
8,9,1523,b,Dash-8,0.001,dash8_time_conflict,,body=0.5;caption=1.0,conflict,z,2.0224550898203595,m,L,2.6818181818181817,m,1,0,492,0.010479041916167664,0.055944055944055944
8,9,1523,b,Dash-8,0.001,dash8_time_conflict,,body=0.5;caption=1.0,conflict,z,2.0276946107784433,m,L,2.6818181818181817,m,1,0,493,0.010479041916167664,0.055944055944055944
8,9,1523,b,Dash-8,0.001,dash8_time_conflict,,body=0.5;caption=1.0,conflict,z,2.032934131736527,m,L,2.6818181818181817,m,1,0,494,0.010479041916167664,0.055944055944055944
8,9,1523,b,Dash-8,0.001,dash8_time_conflict,,body=0.5;caption=1.0,conflict,z,2.038173652694611,m,L,2.6818181818181817,m,1,0,495,0.010479041916167664,0.055944055944055944
8,9,1523,b,Dash-8,0.001,dash8_time_conflict,,body=0.5;caption=1.0,conflict,z,2.0434131736526946,m,L,2.6818181818181817,m,1,0,496,0.010479041916167664,0.055944055944055944
8,9,1523,b,Dash-8,0.001,dash8_time_conflict,,body=0.5;caption=1.0,conflict,z,2.0486526946107784,m,L,2.6818181818181817,m,1,0,497,0.010479041916167664,0.055944055944055944
8,9,1523,b,Dash-8,0.001,dash8_time_conflict,,body=0.5;caption=1.0,conflict,z,2.053892215568862,m,L,2.6818181818181817,m,1,0,498,0.010479041916167664,0.055944055944055944
8,9,1523,b,Dash-8,0.001,dash8_time_conflict,,body=0.5;caption=1.0,conflict,z,2.059131736526946,m,L,2.6888111888111887,m,1,0,499,0.010479041916167664,0.055944055944055944
8,9,1523,b,Dash-8,0.001,dash8_time_conflict,,body=0.5;caption=1.0,conflict,z,2.06437125748503,m,L,2.6888111888111887,m,1,0,500,0.010479041916167664,0.055944055944055944
8,9,1523,b,Dash-8,0.001,dash8_time_conflict,,body=0.5;caption=1.0,conflict,z,2.069610778443114,m,L,2.6888111888111887,m,1,0,501,0.010479041916167664,0.055944055944055944
8,9,1523,b,Dash-8,0.001,dash8_time_conflict,,body=0.5;caption=1.0,conflict,z,2.0748502994011977,m,L,2.695804195804196,m,1,0,502,0.010479041916167664,0.055944055944055944
8,9,1523,b,Dash-8,0.001,dash8_time_conflict,,body=0.5;caption=1.0,conflict,z,2.0800898203592815,m,L,2.699300699300699,m,1,0,503,0.010479041916167664,0.055944055944055944
8,9,1523,b,Dash-8,0.001,dash8_time_conflict,,body=0.5;caption=1.0,conflict,z,2.0853293413173652,m,L,2.702797202797203,m,1,0,504,0.010479041916167664,0.055944055944055944
8,9,1523,b,Dash-8,0.001,dash8_time_conflict,,body=0.5;caption=1.0,conflict,z,2.090568862275449,m,L,2.7097902097902096,m,1,0,505,0.010479041916167664,0.055944055944055944
8,9,1523,b,Dash-8,0.001,dash8_time_conflict,,body=0.5;caption=1.0,conflict,z,2.095808383233533,m,L,2.7132867132867133,m,1,0,506,0.010479041916167664,0.055944055944055944
8,9,1523,b,Dash-8,0.001,dash8_time_conflict,,body=0.5;caption=1.0,conflict,z,2.1010479041916166,m,L,2.7167832167832167,m,1,0,507,0.010479041916167664,0.055944055944055944
8,9,1523,b,Dash-8,0.001,dash8_time_conflict,,body=0.5;caption=1.0,conflict,z,2.106287425149701,m,L,2.7167832167832167,m,1,0,508,0.010479041916167664,0.055944055944055944
8,9,1523,b,Dash-8,0.001,dash8_time_conflict,,body=0.5;caption=1.0,conflict,z,2.1115269461077846,m,L,2.7202797202797204,m,1,0,509,0.010479041916167664,0.055944055944055944
8,9,1523,b,Dash-8,0.001,dash8_time_conflict,,body=0.5;caption=1.0,conflict,z,2.1167664670658684,m,L,2.7202797202797204,m,1,0,510,0.010479041916167664,0.055944055944055944
8,9,1523,b,Dash-8,0.001,dash8_time_conflict,,body=0.5;caption=1.0,conflict,z,2.122005988023952,m,L,2.7237762237762237,m,1,0,511,0.010479041916167664,0.055944055944055944
8,9,1523,b,Dash-8,0.001,dash8_time_conflict,,body=0.5;caption=1.0,conflict,z,2.127245508982036,m,L,2.7237762237762237,m,1,0,512,0.010479041916167664,0.055944055944055944
8,9,1523,b,Dash-8,0.001,dash8_time_conflict,,body=0.5;caption=1.0,conflict,z,2.1324850299401197,m,L,2.7237762237762237,m,1,0,513,0.010479041916167664,0.055944055944055944
8,9,1523,b,Dash-8,0.001,dash8_time_conflict,,body=0.5;caption=1.0,conflict,z,2.1377245508982035,m,L,2.7202797202797204,m,1,0,514,0.010479041916167664,0.055944055944055944
8,9,1523,b,Dash-8,0.001,dash8_time_conflict,,body=0.5;caption=1.0,conflict,z,2.1429640718562872,m,L,2.730769230769231,m,1,0,515,0.010479041916167664,0.055944055944055944
8,9,1523,b,Dash-8,0.001,dash8_time_conflict,,body=0.5;caption=1.0,conflict,z,2.1482035928143715,m,L,2.730769230769231,m,1,0,516,0.010479041916167664,0.055944055944055944
8,9,1523,b,Dash-8,0.001,dash8_time_conflict,,body=0.5;caption=1.0,conflict,z,2.1534431137724552,m,L,2.734265734265734,m,1,0,517,0.010479041916167664,0.055944055944055944
8,9,1523,b,Dash-8,0.001,dash8_time_conflict,,body=0.5;caption=1.0,conflict,z,2.158682634730539,m,L,2.737762237762238,m,1,0,518,0.010479041916167664,0.055944055944055944
8,9,1523,b,Dash-8,0.001,dash8_time_conflict,,body=0.5;caption=1.0,conflict,z,2.163922155688623,m,L,2.7412587412587412,m,1,0,519,0.010479041916167664,0.055944055944055944
8,9,1523,b,Dash-8,0.001,dash8_time_conflict,,body=0.5;caption=1.0,conflict,z,2.1691616766467066,m,L,2.7482517482517483,m,1,0,520,0.010479041916167664,0.055944055944055944
8,9,1523,b,Dash-8,0.001,dash8_time_conflict,,body=0.5;caption=1.0,conflict,z,2.1744011976047903,m,L,2.7482517482517483,m,1,0,521,0.010479041916167664,0.055944055944055944
8,9,1523,b,Dash-8,0.001,dash8_time_conflict,,body=0.5;caption=1.0,conflict,z,2.179640718562874,m,L,2.7587412587412588,m,1,0,522,0.010479041916167664,0.055944055944055944
8,9,1523,b,Dash-8,0.001,dash8_time_conflict,,body=0.5;caption=1.0,conflict,z,2.184880239520958,m,L,2.7587412587412588,m,1,0,523,0.010479041916167664,0.055944055944055944
8,9,1523,b,Dash-8,0.001,dash8_time_conflict,,body=0.5;caption=1.0,conflict,z,2.190119760479042,m,L,2.7587412587412588,m,1,0,524,0.010479041916167664,0.055944055944055944
8,9,1523,b,Dash-8,0.001,dash8_time_conflict,,body=0.5;caption=1.0,conflict,z,2.195359281437126,m,L,2.7587412587412588,m,1,0,525,0.010479041916167664,0.055944055944055944
8,9,1523,b,Dash-8,0.001,dash8_time_conflict,,body=0.5;caption=1.0,conflict,z,2.2005988023952097,m,L,2.762237762237762,m,1,0,526,0.010479041916167664,0.055944055944055944
8,9,1523,b,Dash-8,0.001,dash8_time_conflict,,body=0.5;caption=1.0,conflict,z,2.2058383233532934,m,L,2.762237762237762,m,1,0,527,0.010479041916167664,0.055944055944055944
8,9,1523,b,Dash-8,0.001,dash8_time_conflict,,body=0.5;caption=1.0,conflict,z,2.211077844311377,m,L,2.762237762237762,m,1,0,528,0.010479041916167664,0.055944055944055944
8,9,1523,b,Dash-8,0.001,dash8_time_conflict,,body=0.5;caption=1.0,conflict,z,2.216317365269461,m,L,2.762237762237762,m,1,0,529,0.010479041916167664,0.055944055944055944
8,9,1523,b,Dash-8,0.001,dash8_time_conflict,,body=0.5;caption=1.0,conflict,z,2.2215568862275448,m,L,2.765734265734266,m,1,0,530,0.010479041916167664,0.055944055944055944
8,9,1523,b,Dash-8,0.001,dash8_time_conflict,,body=0.5;caption=1.0,conflict,z,2.2267964071856285,m,L,2.769230769230769,m,1,0,531,0.010479041916167664,0.055944055944055944
8,9,1523,b,Dash-8,0.001,dash8_time_conflict,,body=0.5;caption=1.0,conflict,z,2.2320359281437128,m,L,2.772727272727273,m,1,0,532,0.010479041916167664,0.055944055944055944
8,9,1523,b,Dash-8,0.001,dash8_time_conflict,,body=0.5;caption=1.0,conflict,z,2.2372754491017965,m,L,2.7762237762237763,m,1,0,533,0.010479041916167664,0.055944055944055944
8,9,1523,b,Dash-8,0.001,dash8_time_conflict,,body=0.5;caption=1.0,conflict,z,2.2425149700598803,m,L,2.7797202797202796,m,1,0,534,0.010479041916167664,0.055944055944055944
8,9,1523,b,Dash-8,0.001,dash8_time_conflict,,body=0.5;caption=1.0,conflict,z,2.247754491017964,m,L,2.7867132867132867,m,1,0,535,0.010479041916167664,0.055944055944055944
8,9,1523,b,Dash-8,0.001,dash8_time_conflict,,body=0.5;caption=1.0,conflict,z,2.252994011976048,m,L,2.7902097902097904,m,1,0,536,0.010479041916167664,0.055944055944055944
8,9,1523,b,Dash-8,0.001,dash8_time_conflict,,body=0.5;caption=1.0,conflict,z,2.2582335329341316,m,L,2.7937062937062938,m,1,0,537,0.010479041916167664,0.055944055944055944
8,9,1523,b,Dash-8,0.001,dash8_time_conflict,,body=0.5;caption=1.0,conflict,z,2.2634730538922154,m,L,2.7937062937062938,m,1,0,538,0.010479041916167664,0.055944055944055944
8,9,1523,b,Dash-8,0.001,dash8_time_conflict,,body=0.5;caption=1.0,conflict,z,2.268712574850299,m,L,2.7937062937062938,m,1,0,539,0.010479041916167664,0.055944055944055944
8,9,1523,b,Dash-8,0.001,dash8_time_conflict,,body=0.5;caption=1.0,conflict,z,2.2739520958083834,m,L,2.7902097902097904,m,1,0,540,0.010479041916167664,0.055944055944055944
8,9,1523,b,Dash-8,0.001,dash8_time_conflict,,body=0.5;caption=1.0,conflict,z,2.279191616766467,m,L,2.7867132867132867,m,1,0,541,0.010479041916167664,0.055944055944055944
8,9,1523,b,Dash-8,0.001,dash8_time_conflict,,body=0.5;caption=1.0,conflict,z,2.284431137724551,m,L,2.7797202797202796,m,1,0,542,0.010479041916167664,0.055944055944055944
8,9,1523,b,Dash-8,0.001,dash8_time_conflict,,body=0.5;caption=1.0,conflict,z,2.2896706586826348,m,L,2.7762237762237763,m,1,0,543,0.010479041916167664,0.055944055944055944
8,9,1523,b,Dash-8,0.001,dash8_time_conflict,,body=0.5;caption=1.0,conflict,z,2.2949101796407185,m,L,2.772727272727273,m,1,0,544,0.010479041916167664,0.055944055944055944
8,9,1523,b,Dash-8,0.001,dash8_time_conflict,,body=0.5;caption=1.0,conflict,z,2.3001497005988023,m,L,2.769230769230769,m,1,0,545,0.010479041916167664,0.055944055944055944
8,9,1523,b,Dash-8,0.001,dash8_time_conflict,,body=0.5;caption=1.0,conflict,z,2.305389221556886,m,L,2.765734265734266,m,1,0,546,0.010479041916167664,0.055944055944055944
8,9,1523,b,Dash-8,0.001,dash8_time_conflict,,body=0.5;caption=1.0,conflict,z,2.31062874251497,m,L,2.765734265734266,m,1,0,547,0.010479041916167664,0.055944055944055944
8,9,1523,b,Dash-8,0.001,dash8_time_conflict,,body=0.5;caption=1.0,conflict,z,2.315868263473054,m,L,2.762237762237762,m,1,0,548,0.010479041916167664,0.055944055944055944
8,9,1523,b,Dash-8,0.001,dash8_time_conflict,,body=0.5;caption=1.0,conflict,z,2.321107784431138,m,L,2.762237762237762,m,1,0,549,0.010479041916167664,0.055944055944055944
8,9,1523,b,Dash-8,0.001,dash8_time_conflict,,body=0.5;caption=1.0,conflict,z,2.3263473053892216,m,L,2.762237762237762,m,1,0,550,0.010479041916167664,0.055944055944055944
8,9,1523,b,Dash-8,0.001,dash8_time_conflict,,body=0.5;caption=1.0,conflict,z,2.3315868263473054,m,L,2.762237762237762,m,1,0,551,0.010479041916167664,0.055944055944055944
8,9,1523,b,Dash-8,0.001,dash8_time_conflict,,body=0.5;caption=1.0,conflict,z,2.336826347305389,m,L,2.762237762237762,m,1,0,552,0.010479041916167664,0.055944055944055944
8,9,1523,b,Dash-8,0.001,dash8_time_conflict,,body=0.5;caption=1.0,conflict,z,2.342065868263473,m,L,2.765734265734266,m,1,0,553,0.010479041916167664,0.055944055944055944
8,9,1523,b,Dash-8,0.001,dash8_time_conflict,,body=0.5;caption=1.0,conflict,z,2.3473053892215567,m,L,2.769230769230769,m,1,0,554,0.010479041916167664,0.055944055944055944
8,9,1523,b,Dash-8,0.001,dash8_time_conflict,,body=0.5;caption=1.0,conflict,z,2.3525449101796405,m,L,2.772727272727273,m,1,0,555,0.010479041916167664,0.055944055944055944
8,9,1523,b,Dash-8,0.001,dash8_time_conflict,,body=0.5;caption=1.0,conflict,z,2.3577844311377247,m,L,2.7762237762237763,m,1,0,556,0.010479041916167664,0.055944055944055944
8,9,1523,b,Dash-8,0.001,dash8_time_conflict,,body=0.5;caption=1.0,conflict,z,2.3630239520958085,m,L,2.7797202797202796,m,1,0,557,0.010479041916167664,0.055944055944055944
8,9,1523,b,Dash-8,0.001,dash8_time_conflict,,body=0.5;caption=1.0,conflict,z,2.3682634730538923,m,L,2.7832167832167833,m,1,0,558,0.010479041916167664,0.055944055944055944
8,9,1523,b,Dash-8,0.001,dash8_time_conflict,,body=0.5;caption=1.0,conflict,z,2.373502994011976,m,L,2.7902097902097904,m,1,0,559,0.010479041916167664,0.055944055944055944
8,9,1523,b,Dash-8,0.001,dash8_time_conflict,,body=0.5;caption=1.0,conflict,z,2.37874251497006,m,L,2.7902097902097904,m,1,0,560,0.010479041916167664,0.055944055944055944
8,9,1523,b,Dash-8,0.001,dash8_time_conflict,,body=0.5;caption=1.0,conflict,z,2.3839820359281436,m,L,2.7867132867132867,m,1,0,561,0.010479041916167664,0.055944055944055944
8,9,1523,b,Dash-8,0.001,dash8_time_conflict,,body=0.5;caption=1.0,conflict,z,2.3892215568862274,m,L,2.7867132867132867,m,1,0,562,0.010479041916167664,0.055944055944055944
8,9,1523,b,Dash-8,0.001,dash8_time_conflict,,body=0.5;caption=1.0,conflict,z,2.394461077844311,m,L,2.772727272727273,m,1,0,563,0.010479041916167664,0.055944055944055944
8,9,1523,b,Dash-8,0.001,dash8_time_conflict,,body=0.5;caption=1.0,conflict,z,2.3997005988023954,m,L,2.772727272727273,m,1,0,564,0.010479041916167664,0.055944055944055944
8,9,1523,b,Dash-8,0.001,dash8_time_conflict,,body=0.5;caption=1.0,conflict,z,2.404940119760479,m,L,2.762237762237762,m,1,0,565,0.010479041916167664,0.055944055944055944
8,9,1523,b,Dash-8,0.001,dash8_time_conflict,,body=0.5;caption=1.0,conflict,z,2.410179640718563,m,L,2.7552447552447554,m,1,0,566,0.010479041916167664,0.055944055944055944
8,9,1523,b,Dash-8,0.001,dash8_time_conflict,,body=0.5;caption=1.0,conflict,z,2.4154191616766467,m,L,2.7447552447552446,m,1,0,567,0.010479041916167664,0.055944055944055944
8,9,1523,b,Dash-8,0.001,dash8_time_conflict,,body=0.5;caption=1.0,conflict,z,2.4206586826347305,m,L,2.7412587412587412,m,1,0,568,0.010479041916167664,0.055944055944055944
8,9,1523,b,Dash-8,0.001,dash8_time_conflict,,body=0.5;caption=1.0,conflict,z,2.4258982035928143,m,L,2.730769230769231,m,1,0,569,0.010479041916167664,0.055944055944055944
8,9,1523,b,Dash-8,0.001,dash8_time_conflict,,body=0.5;caption=1.0,conflict,z,2.431137724550898,m,L,2.7237762237762237,m,1,0,570,0.010479041916167664,0.055944055944055944
8,9,1523,b,Dash-8,0.001,dash8_time_conflict,,body=0.5;caption=1.0,conflict,z,2.436377245508982,m,L,2.7132867132867133,m,1,0,571,0.010479041916167664,0.055944055944055944
8,9,1523,b,Dash-8,0.001,dash8_time_conflict,,body=0.5;caption=1.0,conflict,z,2.441616766467066,m,L,2.7097902097902096,m,1,0,572,0.010479041916167664,0.055944055944055944
8,9,1523,b,Dash-8,0.001,dash8_time_conflict,,body=0.5;caption=1.0,conflict,z,2.44685628742515,m,L,2.702797202797203,m,1,0,573,0.010479041916167664,0.055944055944055944
8,9,1523,b,Dash-8,0.001,dash8_time_conflict,,body=0.5;caption=1.0,conflict,z,2.4520958083832336,m,L,2.695804195804196,m,1,0,574,0.010479041916167664,0.055944055944055944
8,9,1523,b,Dash-8,0.001,dash8_time_conflict,,body=0.5;caption=1.0,conflict,z,2.4573353293413174,m,L,2.6888111888111887,m,1,0,575,0.010479041916167664,0.055944055944055944
8,9,1523,b,Dash-8,0.001,dash8_time_conflict,,body=0.5;caption=1.0,conflict,z,2.462574850299401,m,L,2.6853146853146854,m,1,0,576,0.010479041916167664,0.055944055944055944
8,9,1523,b,Dash-8,0.001,dash8_time_conflict,,body=0.5;caption=1.0,conflict,z,2.467814371257485,m,L,2.6818181818181817,m,1,0,577,0.010479041916167664,0.055944055944055944
8,9,1523,b,Dash-8,0.001,dash8_time_conflict,,body=0.5;caption=1.0,conflict,z,2.4730538922155687,m,L,2.6713286713286712,m,1,0,578,0.010479041916167664,0.055944055944055944
8,9,1523,b,Dash-8,0.001,dash8_time_conflict,,body=0.5;caption=1.0,conflict,z,2.4782934131736525,m,L,2.6713286713286712,m,1,0,579,0.010479041916167664,0.055944055944055944
8,9,1523,b,Dash-8,0.001,dash8_time_conflict,,body=0.5;caption=1.0,conflict,z,2.4835329341317367,m,L,2.664335664335664,m,1,0,580,0.010479041916167664,0.055944055944055944
8,9,1523,b,Dash-8,0.001,dash8_time_conflict,,body=0.5;caption=1.0,conflict,z,2.4887724550898205,m,L,2.660839160839161,m,1,0,581,0.010479041916167664,0.055944055944055944
8,9,1523,b,Dash-8,0.001,dash8_time_conflict,,body=0.5;caption=1.0,conflict,z,2.4940119760479043,m,L,2.6468531468531467,m,1,0,582,0.010479041916167664,0.055944055944055944
8,9,1523,b,Dash-8,0.001,dash8_time_conflict,,body=0.5;caption=1.0,conflict,z,2.499251497005988,m,L,2.6363636363636362,m,1,0,583,0.010479041916167664,0.055944055944055944
8,9,1523,b,Dash-8,0.001,dash8_time_conflict,,body=0.5;caption=1.0,conflict,z,2.504491017964072,m,L,2.625874125874126,m,1,0,584,0.010479041916167664,0.055944055944055944
8,9,1523,b,Dash-8,0.001,dash8_time_conflict,,body=0.5;caption=1.0,conflict,z,2.5097305389221556,m,L,2.6013986013986012,m,1,0,585,0.010479041916167664,0.055944055944055944
8,9,1523,b,Dash-8,0.001,dash8_time_conflict,,body=0.5;caption=1.0,conflict,z,2.5097305389221556,m,L,2.6363636363636362,m,1,0,586,0.010479041916167664,0.055944055944055944
8,9,1523,b,Dash-8,0.001,dash8_time_conflict,,body=0.5;caption=1.0,conflict,z,2.5149700598802394,m,L,2.5804195804195804,m,1,0,587,0.010479041916167664,0.055944055944055944
8,9,1523,b,Dash-8,0.001,dash8_time_conflict,,body=0.5;caption=1.0,conflict,z,2.5149700598802394,m,L,2.629370629370629,m,1,0,588,0.010479041916167664,0.055944055944055944
8,9,1523,b,Dash-8,0.001,dash8_time_conflict,,body=0.5;caption=1.0,conflict,z,2.520209580838323,m,L,2.5804195804195804,m,1,0,589,0.010479041916167664,0.055944055944055944
8,9,1523,b,Dash-8,0.001,dash8_time_conflict,,body=0.5;caption=1.0,conflict,z,2.520209580838323,m,L,2.6223776223776225,m,1,0,590,0.010479041916167664,0.055944055944055944
8,9,1523,b,Dash-8,0.001,dash8_time_conflict,,body=0.5;caption=1.0,conflict,z,2.5254491017964074,m,L,2.5524475524475525,m,1,0,591,0.010479041916167664,0.055944055944055944
8,9,1523,b,Dash-8,0.001,dash8_time_conflict,,body=0.5;caption=1.0,conflict,z,2.5254491017964074,m,L,2.6153846153846154,m,1,0,592,0.010479041916167664,0.055944055944055944
8,9,1523,b,Dash-8,0.001,dash8_time_conflict,,body=0.5;caption=1.0,conflict,z,2.530688622754491,m,L,2.5244755244755246,m,1,0,593,0.010479041916167664,0.055944055944055944
8,9,1523,b,Dash-8,0.001,dash8_time_conflict,,body=0.5;caption=1.0,conflict,z,2.530688622754491,m,L,2.6013986013986012,m,1,0,594,0.010479041916167664,0.055944055944055944
8,9,1523,b,Dash-8,0.001,dash8_time_conflict,,body=0.5;caption=1.0,conflict,z,2.535928143712575,m,L,2.5174825174825175,m,1,0,595,0.010479041916167664,0.055944055944055944
8,9,1523,b,Dash-8,0.001,dash8_time_conflict,,body=0.5;caption=1.0,conflict,z,2.535928143712575,m,L,2.5804195804195804,m,1,0,596,0.010479041916167664,0.055944055944055944
8,9,1523,b,Dash-8,0.001,dash8_time_conflict,,body=0.5;caption=1.0,conflict,z,2.5411676646706587,m,L,2.5034965034965033,m,1,0,597,0.010479041916167664,0.055944055944055944
8,9,1523,b,Dash-8,0.001,dash8_time_conflict,,body=0.5;caption=1.0,conflict,z,2.5411676646706587,m,L,2.5734265734265733,m,1,0,598,0.010479041916167664,0.055944055944055944
8,9,1523,b,Dash-8,0.001,dash8_time_conflict,,body=0.5;caption=1.0,conflict,z,2.5464071856287425,m,L,2.4755244755244754,m,1,0,599,0.010479041916167664,0.055944055944055944
8,9,1523,b,Dash-8,0.001,dash8_time_conflict,,body=0.5;caption=1.0,conflict,z,2.5464071856287425,m,L,2.5594405594405596,m,1,0,600,0.010479041916167664,0.055944055944055944
8,9,1523,b,Dash-8,0.001,dash8_time_conflict,,body=0.5;caption=1.0,conflict,z,2.5516467065868262,m,L,2.4545454545454546,m,1,0,601,0.010479041916167664,0.055944055944055944
8,9,1523,b,Dash-8,0.001,dash8_time_conflict,,body=0.5;caption=1.0,conflict,z,2.5516467065868262,m,L,2.5454545454545454,m,1,0,602,0.010479041916167664,0.055944055944055944
8,9,1523,b,Dash-8,0.001,dash8_time_conflict,,body=0.5;caption=1.0,conflict,z,2.55688622754491,m,L,2.4335664335664338,m,1,0,603,0.010479041916167664,0.055944055944055944
8,9,1523,b,Dash-8,0.001,dash8_time_conflict,,body=0.5;caption=1.0,conflict,z,2.55688622754491,m,L,2.5314685314685317,m,1,0,604,0.010479041916167664,0.055944055944055944
8,9,1523,b,Dash-8,0.001,dash8_time_conflict,,body=0.5;caption=1.0,conflict,z,2.562125748502994,m,L,2.4055944055944054,m,1,0,605,0.010479041916167664,0.055944055944055944
8,9,1523,b,Dash-8,0.001,dash8_time_conflict,,body=0.5;caption=1.0,conflict,z,2.562125748502994,m,L,2.5174825174825175,m,1,0,606,0.010479041916167664,0.055944055944055944
8,9,1523,b,Dash-8,0.001,dash8_time_conflict,,body=0.5;caption=1.0,conflict,z,2.567365269461078,m,L,2.3986013986013988,m,1,0,607,0.010479041916167664,0.055944055944055944
8,9,1523,b,Dash-8,0.001,dash8_time_conflict,,body=0.5;caption=1.0,conflict,z,2.567365269461078,m,L,2.5034965034965033,m,1,0,608,0.010479041916167664,0.055944055944055944
8,9,1523,b,Dash-8,0.001,dash8_time_conflict,,body=0.5;caption=1.0,conflict,z,2.572604790419162,m,L,2.3916083916083917,m,1,0,609,0.010479041916167664,0.055944055944055944
8,9,1523,b,Dash-8,0.001,dash8_time_conflict,,body=0.5;caption=1.0,conflict,z,2.572604790419162,m,L,2.4825174825174825,m,1,0,610,0.010479041916167664,0.055944055944055944
8,9,1523,b,Dash-8,0.001,dash8_time_conflict,,body=0.5;caption=1.0,conflict,z,2.5778443113772456,m,L,2.3846153846153846,m,1,0,611,0.010479041916167664,0.055944055944055944
8,9,1523,b,Dash-8,0.001,dash8_time_conflict,,body=0.5;caption=1.0,conflict,z,2.5778443113772456,m,L,2.4615384615384617,m,1,0,612,0.010479041916167664,0.055944055944055944
8,9,1523,b,Dash-8,0.001,dash8_time_conflict,,body=0.5;caption=1.0,conflict,z,2.5830838323353293,m,L,2.3846153846153846,m,1,0,613,0.010479041916167664,0.055944055944055944
8,9,1523,b,Dash-8,0.001,dash8_time_conflict,,body=0.5;caption=1.0,conflict,z,2.5830838323353293,m,L,2.4405594405594404,m,1,0,614,0.010479041916167664,0.055944055944055944
8,9,1523,b,Dash-8,0.001,dash8_time_conflict,,body=0.5;caption=1.0,conflict,z,2.588323353293413,m,L,2.3776223776223775,m,1,0,615,0.010479041916167664,0.055944055944055944
8,9,1523,b,Dash-8,0.001,dash8_time_conflict,,body=0.5;caption=1.0,conflict,z,2.588323353293413,m,L,2.4195804195804196,m,1,0,616,0.010479041916167664,0.055944055944055944
8,9,1523,b,Dash-8,0.001,dash8_time_conflict,,body=0.5;caption=1.0,conflict,z,2.593562874251497,m,L,2.3846153846153846,m,1,0,617,0.010479041916167664,0.055944055944055944
8,9,1523,b,Dash-8,0.001,dash8_time_conflict,,body=0.5;caption=1.0,conflict,z,2.5988023952095807,m,L,2.3811188811188813,m,1,0,618,0.010479041916167664,0.055944055944055944
8,9,1523,b,Dash-8,0.001,dash8_time_conflict,,body=0.5;caption=1.0,conflict,z,2.6040419161676644,m,L,2.367132867132867,m,1,0,619,0.010479041916167664,0.055944055944055944
8,9,1523,b,Dash-8,0.001,dash8_time_conflict,,body=0.5;caption=1.0,conflict,z,2.6092814371257487,m,L,2.3636363636363638,m,1,0,620,0.010479041916167664,0.055944055944055944
8,9,1523,b,Dash-8,0.001,dash8_time_conflict,,body=0.5;caption=1.0,conflict,z,2.6145209580838324,m,L,2.3636363636363638,m,1,0,621,0.010479041916167664,0.055944055944055944
8,9,1523,b,Dash-8,0.001,dash8_time_conflict,,body=0.5;caption=1.0,conflict,z,2.6197604790419162,m,L,2.3636363636363638,m,1,0,622,0.010479041916167664,0.055944055944055944
8,9,1523,b,Dash-8,0.001,dash8_time_conflict,,body=0.5;caption=1.0,conflict,z,2.625,m,L,2.3636363636363638,m,1,0,623,0.010479041916167664,0.055944055944055944
8,9,1523,b,Dash-8,0.001,dash8_time_conflict,,body=0.5;caption=1.0,conflict,z,2.6302395209580838,m,L,2.367132867132867,m,1,0,624,0.010479041916167664,0.055944055944055944
8,9,1523,b,Dash-8,0.001,dash8_time_conflict,,body=0.5;caption=1.0,conflict,z,2.6354790419161676,m,L,2.370629370629371,m,1,0,625,0.010479041916167664,0.055944055944055944
8,9,1523,b,Dash-8,0.001,dash8_time_conflict,,body=0.5;caption=1.0,conflict,z,2.6407185628742513,m,L,2.374125874125874,m,1,0,626,0.010479041916167664,0.055944055944055944
8,9,1523,b,Dash-8,0.001,dash8_time_conflict,,body=0.5;caption=1.0,conflict,z,2.6459580838323356,m,L,2.3811188811188813,m,1,0,627,0.010479041916167664,0.055944055944055944
8,9,1523,b,Dash-8,0.001,dash8_time_conflict,,body=0.5;caption=1.0,conflict,z,2.6511976047904193,m,L,2.3846153846153846,m,1,0,628,0.010479041916167664,0.055944055944055944
8,9,1523,b,Dash-8,0.001,dash8_time_conflict,,body=0.5;caption=1.0,conflict,z,2.656437125748503,m,L,2.388111888111888,m,1,0,629,0.010479041916167664,0.055944055944055944
8,9,1523,b,Dash-8,0.001,dash8_time_conflict,,body=0.5;caption=1.0,conflict,z,2.661676646706587,m,L,2.3916083916083917,m,1,0,630,0.010479041916167664,0.055944055944055944
8,9,1523,b,Dash-8,0.001,dash8_time_conflict,,body=0.5;caption=1.0,conflict,z,2.6669161676646707,m,L,2.395104895104895,m,1,0,631,0.010479041916167664,0.055944055944055944
8,9,1523,b,Dash-8,0.001,dash8_time_conflict,,body=0.5;caption=1.0,conflict,z,2.6721556886227544,m,L,2.3986013986013988,m,1,0,632,0.010479041916167664,0.055944055944055944
8,9,1523,b,Dash-8,0.001,dash8_time_conflict,,body=0.5;caption=1.0,conflict,z,2.677395209580838,m,L,2.3986013986013988,m,1,0,633,0.010479041916167664,0.055944055944055944
8,9,1523,b,Dash-8,0.001,dash8_time_conflict,,body=0.5;caption=1.0,conflict,z,2.682634730538922,m,L,2.3986013986013988,m,1,0,634,0.010479041916167664,0.055944055944055944
8,9,1523,b,Dash-8,0.001,dash8_time_conflict,,body=0.5;caption=1.0,conflict,z,2.687874251497006,m,L,2.3986013986013988,m,1,0,635,0.010479041916167664,0.055944055944055944
8,9,1523,b,Dash-8,0.001,dash8_time_conflict,,body=0.5;caption=1.0,conflict,z,2.69311377245509,m,L,2.3986013986013988,m,1,0,636,0.010479041916167664,0.055944055944055944
8,9,1523,b,Dash-8,0.001,dash8_time_conflict,,body=0.5;caption=1.0,conflict,z,2.6983532934131738,m,L,2.3986013986013988,m,1,0,637,0.010479041916167664,0.055944055944055944
8,9,1523,b,Dash-8,0.001,dash8_time_conflict,,body=0.5;caption=1.0,conflict,z,2.7035928143712575,m,L,2.3986013986013988,m,1,0,638,0.010479041916167664,0.055944055944055944
8,9,1523,b,Dash-8,0.001,dash8_time_conflict,,body=0.5;caption=1.0,conflict,z,2.7088323353293413,m,L,2.3986013986013988,m,1,0,639,0.010479041916167664,0.055944055944055944
8,9,1523,b,Dash-8,0.001,dash8_time_conflict,,body=0.5;caption=1.0,conflict,z,2.714071856287425,m,L,2.395104895104895,m,1,0,640,0.010479041916167664,0.055944055944055944
8,9,1523,b,Dash-8,0.001,dash8_time_conflict,,body=0.5;caption=1.0,conflict,z,2.719311377245509,m,L,2.3916083916083917,m,1,0,641,0.010479041916167664,0.055944055944055944
8,9,1523,b,Dash-8,0.001,dash8_time_conflict,,body=0.5;caption=1.0,conflict,z,2.7245508982035926,m,L,2.388111888111888,m,1,0,642,0.010479041916167664,0.055944055944055944
8,9,1523,b,Dash-8,0.001,dash8_time_conflict,,body=0.5;caption=1.0,conflict,z,2.729790419161677,m,L,2.3846153846153846,m,1,0,643,0.010479041916167664,0.055944055944055944
8,9,1523,b,Dash-8,0.001,dash8_time_conflict,,body=0.5;caption=1.0,conflict,z,2.7350299401197606,m,L,2.3776223776223775,m,1,0,644,0.010479041916167664,0.055944055944055944
8,9,1523,b,Dash-8,0.001,dash8_time_conflict,,body=0.5;caption=1.0,conflict,z,2.7402694610778444,m,L,2.374125874125874,m,1,0,645,0.010479041916167664,0.055944055944055944
8,9,1523,b,Dash-8,0.001,dash8_time_conflict,,body=0.5;caption=1.0,conflict,z,2.745508982035928,m,L,2.367132867132867,m,1,0,646,0.010479041916167664,0.055944055944055944
8,9,1523,b,Dash-8,0.001,dash8_time_conflict,,body=0.5;caption=1.0,conflict,z,2.750748502994012,m,L,2.367132867132867,m,1,0,647,0.010479041916167664,0.055944055944055944
8,9,1523,b,Dash-8,0.001,dash8_time_conflict,,body=0.5;caption=1.0,conflict,z,2.7559880239520957,m,L,2.3636363636363638,m,1,0,648,0.010479041916167664,0.055944055944055944
8,9,1523,b,Dash-8,0.001,dash8_time_conflict,,body=0.5;caption=1.0,conflict,z,2.7612275449101795,m,L,2.3636363636363638,m,1,0,649,0.010479041916167664,0.055944055944055944
8,9,1523,b,Dash-8,0.001,dash8_time_conflict,,body=0.5;caption=1.0,conflict,z,2.7664670658682633,m,L,2.3636363636363638,m,1,0,650,0.010479041916167664,0.055944055944055944
8,9,1523,b,Dash-8,0.001,dash8_time_conflict,,body=0.5;caption=1.0,conflict,z,2.7717065868263475,m,L,2.3636363636363638,m,1,0,651,0.010479041916167664,0.055944055944055944
8,9,1523,b,Dash-8,0.001,dash8_time_conflict,,body=0.5;caption=1.0,conflict,z,2.7769461077844313,m,L,2.3636363636363638,m,1,0,652,0.010479041916167664,0.055944055944055944
8,9,1523,b,Dash-8,0.001,dash8_time_conflict,,body=0.5;caption=1.0,conflict,z,2.782185628742515,m,L,2.36013986013986,m,1,0,653,0.010479041916167664,0.055944055944055944
8,9,1523,b,Dash-8,0.001,dash8_time_conflict,,body=0.5;caption=1.0,conflict,z,2.787425149700599,m,L,2.36013986013986,m,1,0,654,0.010479041916167664,0.055944055944055944
8,9,1523,b,Dash-8,0.001,dash8_time_conflict,,body=0.5;caption=1.0,conflict,z,2.7926646706586826,m,L,2.36013986013986,m,1,0,655,0.010479041916167664,0.055944055944055944
8,9,1523,b,Dash-8,0.001,dash8_time_conflict,,body=0.5;caption=1.0,conflict,z,2.7979041916167664,m,L,2.3531468531468533,m,1,0,656,0.010479041916167664,0.055944055944055944
8,9,1523,b,Dash-8,0.001,dash8_time_conflict,,body=0.5;caption=1.0,conflict,z,2.80314371257485,m,L,2.3496503496503496,m,1,0,657,0.010479041916167664,0.055944055944055944
8,9,1523,b,Dash-8,0.001,dash8_time_conflict,,body=0.5;caption=1.0,conflict,z,2.808383233532934,m,L,2.3426573426573425,m,1,0,658,0.010479041916167664,0.055944055944055944
8,9,1523,b,Dash-8,0.001,dash8_time_conflict,,body=0.5;caption=1.0,conflict,z,2.813622754491018,m,L,2.339160839160839,m,1,0,659,0.010479041916167664,0.055944055944055944
8,9,1523,b,Dash-8,0.001,dash8_time_conflict,,body=0.5;caption=1.0,conflict,z,2.818862275449102,m,L,2.335664335664336,m,1,0,660,0.010479041916167664,0.055944055944055944
8,9,1523,b,Dash-8,0.001,dash8_time_conflict,,body=0.5;caption=1.0,conflict,z,2.8241017964071857,m,L,2.325174825174825,m,1,0,661,0.010479041916167664,0.055944055944055944
8,9,1523,b,Dash-8,0.001,dash8_time_conflict,,body=0.5;caption=1.0,conflict,z,2.8293413173652695,m,L,2.325174825174825,m,1,0,662,0.010479041916167664,0.055944055944055944
8,9,1523,b,Dash-8,0.001,dash8_time_conflict,,body=0.5;caption=1.0,conflict,z,2.8345808383233533,m,L,2.3216783216783217,m,1,0,663,0.010479041916167664,0.055944055944055944
8,9,1523,b,Dash-8,0.001,dash8_time_conflict,,body=0.5;caption=1.0,conflict,z,2.839820359281437,m,L,2.3111888111888113,m,1,0,664,0.010479041916167664,0.055944055944055944
8,9,1523,b,Dash-8,0.001,dash8_time_conflict,,body=0.5;caption=1.0,conflict,z,2.845059880239521,m,L,2.3076923076923075,m,1,0,665,0.010479041916167664,0.055944055944055944
8,9,1523,b,Dash-8,0.001,dash8_time_conflict,,body=0.5;caption=1.0,conflict,z,2.8502994011976046,m,L,2.3076923076923075,m,1,0,666,0.010479041916167664,0.055944055944055944
8,9,1523,b,Dash-8,0.001,dash8_time_conflict,,body=0.5;caption=1.0,conflict,z,2.855538922155689,m,L,2.297202797202797,m,1,0,667,0.010479041916167664,0.055944055944055944
8,9,1523,b,Dash-8,0.001,dash8_time_conflict,,body=0.5;caption=1.0,conflict,z,2.8607784431137726,m,L,2.2937062937062938,m,1,0,668,0.010479041916167664,0.055944055944055944
8,9,1523,b,Dash-8,0.001,dash8_time_conflict,,body=0.5;caption=1.0,conflict,z,2.8660179640718564,m,L,2.2797202797202796,m,1,0,669,0.010479041916167664,0.055944055944055944
8,9,1523,b,Dash-8,0.001,dash8_time_conflict,,body=0.5;caption=1.0,conflict,z,2.87125748502994,m,L,2.2762237762237763,m,1,0,670,0.010479041916167664,0.055944055944055944
8,9,1523,b,Dash-8,0.001,dash8_time_conflict,,body=0.5;caption=1.0,conflict,z,2.876497005988024,m,L,2.262237762237762,m,1,0,671,0.010479041916167664,0.055944055944055944
8,9,1523,b,Dash-8,0.001,dash8_time_conflict,,body=0.5;caption=1.0,conflict,z,2.8817365269461077,m,L,2.2587412587412588,m,1,0,672,0.010479041916167664,0.055944055944055944
8,9,1523,b,Dash-8,0.001,dash8_time_conflict,,body=0.5;caption=1.0,conflict,z,2.8869760479041915,m,L,2.2517482517482517,m,1,0,673,0.010479041916167664,0.055944055944055944
8,9,1523,b,Dash-8,0.001,dash8_time_conflict,,body=0.5;caption=1.0,conflict,z,2.8922155688622753,m,L,2.2412587412587412,m,1,0,674,0.010479041916167664,0.055944055944055944
8,9,1523,b,Dash-8,0.001,dash8_time_conflict,,body=0.5;caption=1.0,conflict,z,2.8974550898203595,m,L,2.202797202797203,m,1,0,675,0.010479041916167664,0.055944055944055944
8,9,1523,b,Dash-8,0.001,dash8_time_conflict,,body=0.5;caption=1.0,conflict,z,2.8974550898203595,m,L,2.2447552447552446,m,1,0,676,0.010479041916167664,0.055944055944055944
8,9,1523,b,Dash-8,0.001,dash8_time_conflict,,body=0.5;caption=1.0,conflict,z,2.9026946107784433,m,L,2.1538461538461537,m,1,0,677,0.010479041916167664,0.055944055944055944
8,9,1523,b,Dash-8,0.001,dash8_time_conflict,,body=0.5;caption=1.0,conflict,z,2.9026946107784433,m,L,2.230769230769231,m,1,0,678,0.010479041916167664,0.055944055944055944
8,9,1523,b,Dash-8,0.001,dash8_time_conflict,,body=0.5;caption=1.0,conflict,z,2.907934131736527,m,L,2.1538461538461537,m,1,0,679,0.010479041916167664,0.055944055944055944
8,9,1523,b,Dash-8,0.001,dash8_time_conflict,,body=0.5;caption=1.0,conflict,z,2.907934131736527,m,L,2.2237762237762237,m,1,0,680,0.010479041916167664,0.055944055944055944
8,9,1523,b,Dash-8,0.001,dash8_time_conflict,,body=0.5;caption=1.0,conflict,z,2.913173652694611,m,L,2.097902097902098,m,1,0,681,0.010479041916167664,0.055944055944055944
8,9,1523,b,Dash-8,0.001,dash8_time_conflict,,body=0.5;caption=1.0,conflict,z,2.913173652694611,m,L,2.2097902097902096,m,1,0,682,0.010479041916167664,0.055944055944055944
8,9,1523,b,Dash-8,0.001,dash8_time_conflict,,body=0.5;caption=1.0,conflict,z,2.9184131736526946,m,L,2.076923076923077,m,1,0,683,0.010479041916167664,0.055944055944055944
8,9,1523,b,Dash-8,0.001,dash8_time_conflict,,body=0.5;caption=1.0,conflict,z,2.9184131736526946,m,L,2.202797202797203,m,1,0,684,0.010479041916167664,0.055944055944055944
8,9,1523,b,Dash-8,0.001,dash8_time_conflict,,body=0.5;caption=1.0,conflict,z,2.9236526946107784,m,L,2.041958041958042,m,1,0,685,0.010479041916167664,0.055944055944055944
8,9,1523,b,Dash-8,0.001,dash8_time_conflict,,body=0.5;caption=1.0,conflict,z,2.9236526946107784,m,L,2.1888111888111887,m,1,0,686,0.010479041916167664,0.055944055944055944
8,9,1523,b,Dash-8,0.001,dash8_time_conflict,,body=0.5;caption=1.0,conflict,z,2.928892215568862,m,L,2.020979020979021,m,1,0,687,0.010479041916167664,0.055944055944055944
8,9,1523,b,Dash-8,0.001,dash8_time_conflict,,body=0.5;caption=1.0,conflict,z,2.928892215568862,m,L,2.1818181818181817,m,1,0,688,0.010479041916167664,0.055944055944055944
8,9,1523,b,Dash-8,0.001,dash8_time_conflict,,body=0.5;caption=1.0,conflict,z,2.934131736526946,m,L,1.979020979020979,m,1,0,689,0.010479041916167664,0.055944055944055944
8,9,1523,b,Dash-8,0.001,dash8_time_conflict,,body=0.5;caption=1.0,conflict,z,2.934131736526946,m,L,2.160839160839161,m,1,0,690,0.010479041916167664,0.055944055944055944
8,9,1523,b,Dash-8,0.001,dash8_time_conflict,,body=0.5;caption=1.0,conflict,z,2.93937125748503,m,L,1.979020979020979,m,1,0,691,0.010479041916167664,0.055944055944055944
8,9,1523,b,Dash-8,0.001,dash8_time_conflict,,body=0.5;caption=1.0,conflict,z,2.93937125748503,m,L,2.1538461538461537,m,1,0,692,0.010479041916167664,0.055944055944055944
8,9,1523,b,Dash-8,0.001,dash8_time_conflict,,body=0.5;caption=1.0,conflict,z,2.944610778443114,m,L,1.9580419580419581,m,1,0,693,0.010479041916167664,0.055944055944055944
8,9,1523,b,Dash-8,0.001,dash8_time_conflict,,body=0.5;caption=1.0,conflict,z,2.944610778443114,m,L,2.111888111888112,m,1,0,694,0.010479041916167664,0.055944055944055944
8,9,1523,b,Dash-8,0.001,dash8_time_conflict,,body=0.5;caption=1.0,conflict,z,2.9498502994011977,m,L,1.937062937062937,m,1,0,695,0.010479041916167664,0.055944055944055944
8,9,1523,b,Dash-8,0.001,dash8_time_conflict,,body=0.5;caption=1.0,conflict,z,2.9498502994011977,m,L,2.090909090909091,m,1,0,696,0.010479041916167664,0.055944055944055944
8,9,1523,b,Dash-8,0.001,dash8_time_conflict,,body=0.5;caption=1.0,conflict,z,2.9550898203592815,m,L,1.93006993006993,m,1,0,697,0.010479041916167664,0.055944055944055944
8,9,1523,b,Dash-8,0.001,dash8_time_conflict,,body=0.5;caption=1.0,conflict,z,2.9550898203592815,m,L,2.034965034965035,m,1,0,698,0.010479041916167664,0.055944055944055944
8,9,1523,b,Dash-8,0.001,dash8_time_conflict,,body=0.5;caption=1.0,conflict,z,2.9603293413173652,m,L,1.916083916083916,m,1,0,699,0.010479041916167664,0.055944055944055944
8,9,1523,b,Dash-8,0.001,dash8_time_conflict,,body=0.5;caption=1.0,conflict,z,2.9603293413173652,m,L,2.027972027972028,m,1,0,700,0.010479041916167664,0.055944055944055944
8,9,1523,b,Dash-8,0.001,dash8_time_conflict,,body=0.5;caption=1.0,conflict,z,2.965568862275449,m,L,1.8951048951048952,m,1,0,701,0.010479041916167664,0.055944055944055944
8,9,1523,b,Dash-8,0.001,dash8_time_conflict,,body=0.5;caption=1.0,conflict,z,2.965568862275449,m,L,1.979020979020979,m,1,0,702,0.010479041916167664,0.055944055944055944
8,9,1523,b,Dash-8,0.001,dash8_time_conflict,,body=0.5;caption=1.0,conflict,z,2.970808383233533,m,L,1.881118881118881,m,1,0,703,0.010479041916167664,0.055944055944055944
8,9,1523,b,Dash-8,0.001,dash8_time_conflict,,body=0.5;caption=1.0,conflict,z,2.970808383233533,m,L,1.972027972027972,m,1,0,704,0.010479041916167664,0.055944055944055944
8,9,1523,b,Dash-8,0.001,dash8_time_conflict,,body=0.5;caption=1.0,conflict,z,2.9760479041916166,m,L,1.867132867132867,m,1,0,705,0.010479041916167664,0.055944055944055944
8,9,1523,b,Dash-8,0.001,dash8_time_conflict,,body=0.5;caption=1.0,conflict,z,2.9760479041916166,m,L,1.9230769230769231,m,1,0,706,0.010479041916167664,0.055944055944055944
8,9,1523,b,Dash-8,0.001,dash8_time_conflict,,body=0.5;caption=1.0,conflict,z,2.981287425149701,m,L,1.8531468531468531,m,1,0,707,0.010479041916167664,0.055944055944055944
8,9,1523,b,Dash-8,0.001,dash8_time_conflict,,body=0.5;caption=1.0,conflict,z,2.981287425149701,m,L,1.9090909090909092,m,1,0,708,0.010479041916167664,0.055944055944055944
8,9,1523,b,Dash-8,0.001,dash8_time_conflict,,body=0.5;caption=1.0,conflict,z,2.9865269461077846,m,L,1.8461538461538463,m,1,0,709,0.010479041916167664,0.055944055944055944
8,9,1523,b,Dash-8,0.001,dash8_time_conflict,,body=0.5;caption=1.0,conflict,z,2.9865269461077846,m,L,1.8951048951048952,m,1,0,710,0.010479041916167664,0.055944055944055944
8,9,1523,b,Dash-8,0.001,dash8_time_conflict,,body=0.5;caption=1.0,conflict,z,2.9917664670658684,m,L,1.832167832167832,m,1,0,711,0.010479041916167664,0.055944055944055944
8,9,1523,b,Dash-8,0.001,dash8_time_conflict,,body=0.5;caption=1.0,conflict,z,2.9917664670658684,m,L,1.881118881118881,m,1,0,712,0.010479041916167664,0.055944055944055944
8,9,1523,b,Dash-8,0.001,dash8_time_conflict,,body=0.5;caption=1.0,conflict,z,2.997005988023952,m,L,1.8251748251748252,m,1,0,713,0.010479041916167664,0.055944055944055944
8,9,1523,b,Dash-8,0.001,dash8_time_conflict,,body=0.5;caption=1.0,conflict,z,2.997005988023952,m,L,1.867132867132867,m,1,0,714,0.010479041916167664,0.055944055944055944
8,9,1523,b,Dash-8,0.001,dash8_time_conflict,,body=0.5;caption=1.0,conflict,z,3.002245508982036,m,L,1.8111888111888113,m,1,0,715,0.010479041916167664,0.055944055944055944
8,9,1523,b,Dash-8,0.001,dash8_time_conflict,,body=0.5;caption=1.0,conflict,z,3.002245508982036,m,L,1.8531468531468531,m,1,0,716,0.010479041916167664,0.055944055944055944
8,9,1523,b,Dash-8,0.001,dash8_time_conflict,,body=0.5;caption=1.0,conflict,z,3.0074850299401197,m,L,1.8146853146853146,m,1,0,717,0.010479041916167664,0.055944055944055944
8,9,1523,b,Dash-8,0.001,dash8_time_conflict,,body=0.5;caption=1.0,conflict,z,3.0127245508982035,m,L,1.7832167832167831,m,1,0,718,0.010479041916167664,0.055944055944055944
8,9,1523,b,Dash-8,0.001,dash8_time_conflict,,body=0.5;caption=1.0,conflict,z,3.0127245508982035,m,L,1.8181818181818181,m,1,0,719,0.010479041916167664,0.055944055944055944
8,9,1523,b,Dash-8,0.001,dash8_time_conflict,,body=0.5;caption=1.0,conflict,z,3.0179640718562872,m,L,1.7937062937062938,m,1,0,720,0.010479041916167664,0.055944055944055944
8,9,1523,b,Dash-8,0.001,dash8_time_conflict,,body=0.5;caption=1.0,conflict,z,3.0232035928143715,m,L,1.7552447552447552,m,1,0,721,0.010479041916167664,0.055944055944055944
8,9,1523,b,Dash-8,0.001,dash8_time_conflict,,body=0.5;caption=1.0,conflict,z,3.0232035928143715,m,L,1.7972027972027973,m,1,0,722,0.010479041916167664,0.055944055944055944
8,9,1523,b,Dash-8,0.001,dash8_time_conflict,,body=0.5;caption=1.0,conflict,z,3.0284431137724552,m,L,1.7482517482517483,m,1,0,723,0.010479041916167664,0.055944055944055944
8,9,1523,b,Dash-8,0.001,dash8_time_conflict,,body=0.5;caption=1.0,conflict,z,3.0284431137724552,m,L,1.7832167832167831,m,1,0,724,0.010479041916167664,0.055944055944055944
8,9,1523,b,Dash-8,0.001,dash8_time_conflict,,body=0.5;caption=1.0,conflict,z,3.033682634730539,m,L,1.7202797202797202,m,1,0,725,0.010479041916167664,0.055944055944055944
8,9,1523,b,Dash-8,0.001,dash8_time_conflict,,body=0.5;caption=1.0,conflict,z,3.033682634730539,m,L,1.7692307692307692,m,1,0,726,0.010479041916167664,0.055944055944055944
8,9,1523,b,Dash-8,0.001,dash8_time_conflict,,body=0.5;caption=1.0,conflict,z,3.038922155688623,m,L,1.7202797202797202,m,1,0,727,0.010479041916167664,0.055944055944055944
8,9,1523,b,Dash-8,0.001,dash8_time_conflict,,body=0.5;caption=1.0,conflict,z,3.038922155688623,m,L,1.7622377622377623,m,1,0,728,0.010479041916167664,0.055944055944055944
8,9,1523,b,Dash-8,0.001,dash8_time_conflict,,body=0.5;caption=1.0,conflict,z,3.0441616766467066,m,L,1.6993006993006994,m,1,0,729,0.010479041916167664,0.055944055944055944
8,9,1523,b,Dash-8,0.001,dash8_time_conflict,,body=0.5;caption=1.0,conflict,z,3.0441616766467066,m,L,1.7482517482517483,m,1,0,730,0.010479041916167664,0.055944055944055944
8,9,1523,b,Dash-8,0.001,dash8_time_conflict,,body=0.5;caption=1.0,conflict,z,3.0494011976047903,m,L,1.6853146853146854,m,1,0,731,0.010479041916167664,0.055944055944055944
8,9,1523,b,Dash-8,0.001,dash8_time_conflict,,body=0.5;caption=1.0,conflict,z,3.0494011976047903,m,L,1.7412587412587412,m,1,0,732,0.010479041916167664,0.055944055944055944
8,9,1523,b,Dash-8,0.001,dash8_time_conflict,,body=0.5;caption=1.0,conflict,z,3.054640718562874,m,L,1.6573426573426573,m,1,0,733,0.010479041916167664,0.055944055944055944
8,9,1523,b,Dash-8,0.001,dash8_time_conflict,,body=0.5;caption=1.0,conflict,z,3.054640718562874,m,L,1.7342657342657342,m,1,0,734,0.010479041916167664,0.055944055944055944
8,9,1523,b,Dash-8,0.001,dash8_time_conflict,,body=0.5;caption=1.0,conflict,z,3.059880239520958,m,L,1.6433566433566433,m,1,0,735,0.010479041916167664,0.055944055944055944
8,9,1523,b,Dash-8,0.001,dash8_time_conflict,,body=0.5;caption=1.0,conflict,z,3.059880239520958,m,L,1.7202797202797202,m,1,0,736,0.010479041916167664,0.055944055944055944
8,9,1523,b,Dash-8,0.001,dash8_time_conflict,,body=0.5;caption=1.0,conflict,z,3.065119760479042,m,L,1.6153846153846154,m,1,0,737,0.010479041916167664,0.055944055944055944
8,9,1523,b,Dash-8,0.001,dash8_time_conflict,,body=0.5;caption=1.0,conflict,z,3.065119760479042,m,L,1.6993006993006994,m,1,0,738,0.010479041916167664,0.055944055944055944
8,9,1523,b,Dash-8,0.001,dash8_time_conflict,,body=0.5;caption=1.0,conflict,z,3.070359281437126,m,L,1.6013986013986015,m,1,0,739,0.010479041916167664,0.055944055944055944
8,9,1523,b,Dash-8,0.001,dash8_time_conflict,,body=0.5;caption=1.0,conflict,z,3.070359281437126,m,L,1.6923076923076923,m,1,0,740,0.010479041916167664,0.055944055944055944
8,9,1523,b,Dash-8,0.001,dash8_time_conflict,,body=0.5;caption=1.0,conflict,z,3.0755988023952097,m,L,1.5734265734265733,m,1,0,741,0.010479041916167664,0.055944055944055944
8,9,1523,b,Dash-8,0.001,dash8_time_conflict,,body=0.5;caption=1.0,conflict,z,3.0755988023952097,m,L,1.6643356643356644,m,1,0,742,0.010479041916167664,0.055944055944055944
8,9,1523,b,Dash-8,0.001,dash8_time_conflict,,body=0.5;caption=1.0,conflict,z,3.0808383233532934,m,L,1.5664335664335665,m,1,0,743,0.010479041916167664,0.055944055944055944
8,9,1523,b,Dash-8,0.001,dash8_time_conflict,,body=0.5;caption=1.0,conflict,z,3.0808383233532934,m,L,1.6573426573426573,m,1,0,744,0.010479041916167664,0.055944055944055944
8,9,1523,b,Dash-8,0.001,dash8_time_conflict,,body=0.5;caption=1.0,conflict,z,3.086077844311377,m,L,1.5454545454545454,m,1,0,745,0.010479041916167664,0.055944055944055944
8,9,1523,b,Dash-8,0.001,dash8_time_conflict,,body=0.5;caption=1.0,conflict,z,3.086077844311377,m,L,1.6503496503496504,m,1,0,746,0.010479041916167664,0.055944055944055944
8,9,1523,b,Dash-8,0.001,dash8_time_conflict,,body=0.5;caption=1.0,conflict,z,3.091317365269461,m,L,1.5034965034965035,m,1,0,747,0.010479041916167664,0.055944055944055944
8,9,1523,b,Dash-8,0.001,dash8_time_conflict,,body=0.5;caption=1.0,conflict,z,3.091317365269461,m,L,1.6293706293706294,m,1,0,748,0.010479041916167664,0.055944055944055944
8,9,1523,b,Dash-8,0.001,dash8_time_conflict,,body=0.5;caption=1.0,conflict,z,3.0965568862275448,m,L,1.3776223776223777,m,1,0,749,0.010479041916167664,0.055944055944055944
8,9,1523,b,Dash-8,0.001,dash8_time_conflict,,body=0.5;caption=1.0,conflict,z,3.0965568862275448,m,L,1.6153846153846154,m,1,0,750,0.010479041916167664,0.055944055944055944
8,9,1523,b,Dash-8,0.001,dash8_time_conflict,,body=0.5;caption=1.0,conflict,z,3.1017964071856285,m,L,1.2587412587412588,m,1,0,751,0.010479041916167664,0.055944055944055944
8,9,1523,b,Dash-8,0.001,dash8_time_conflict,,body=0.5;caption=1.0,conflict,z,3.1017964071856285,m,L,1.6013986013986015,m,1,0,752,0.010479041916167664,0.055944055944055944
8,9,1523,b,Dash-8,0.001,dash8_time_conflict,,body=0.5;caption=1.0,conflict,z,3.1070359281437128,m,L,1.06993006993007,m,1,0,753,0.010479041916167664,0.055944055944055944
8,9,1523,b,Dash-8,0.001,dash8_time_conflict,,body=0.5;caption=1.0,conflict,z,3.1070359281437128,m,L,1.5734265734265733,m,1,0,754,0.010479041916167664,0.055944055944055944
8,9,1523,b,Dash-8,0.001,dash8_time_conflict,,body=0.5;caption=1.0,conflict,z,3.1122754491017965,m,L,0.8531468531468531,m,1,0,755,0.010479041916167664,0.055944055944055944
8,9,1523,b,Dash-8,0.001,dash8_time_conflict,,body=0.5;caption=1.0,conflict,z,3.1122754491017965,m,L,0.916083916083916,m,1,1,756,0.010479041916167664,0.055944055944055944
8,9,1523,b,Dash-8,0.001,dash8_time_conflict,,body=0.5;caption=1.0,conflict,z,3.1122754491017965,m,L,1.5454545454545454,m,1,1,757,0.010479041916167664,0.055944055944055944
8,9,1523,b,Dash-8,0.001,dash8_time_conflict,,body=0.5;caption=1.0,conflict,z,3.1175149700598803,m,L,0.7762237762237763,m,1,0,758,0.010479041916167664,0.055944055944055944
8,9,1523,b,Dash-8,0.001,dash8_time_conflict,,body=0.5;caption=1.0,conflict,z,3.1175149700598803,m,L,0.8321678321678322,m,1,1,759,0.010479041916167664,0.055944055944055944
8,9,1523,b,Dash-8,0.001,dash8_time_conflict,,body=0.5;caption=1.0,conflict,z,3.1175149700598803,m,L,1.5384615384615385,m,1,1,760,0.010479041916167664,0.055944055944055944
8,9,1523,b,Dash-8,0.001,dash8_time_conflict,,body=0.5;caption=1.0,conflict,z,3.122754491017964,m,L,0.6083916083916084,m,1,0,761,0.010479041916167664,0.055944055944055944
8,9,1523,b,Dash-8,0.001,dash8_time_conflict,,body=0.5;caption=1.0,conflict,z,3.122754491017964,m,L,1.5034965034965035,m,1,0,762,0.010479041916167664,0.055944055944055944
8,9,1523,b,Dash-8,0.001,dash8_time_conflict,,body=0.5;caption=1.0,conflict,z,3.127994011976048,m,L,0.5034965034965035,m,1,0,763,0.010479041916167664,0.055944055944055944
8,9,1523,b,Dash-8,0.001,dash8_time_conflict,,body=0.5;caption=1.0,conflict,z,3.127994011976048,m,L,1.4965034965034965,m,1,0,764,0.010479041916167664,0.055944055944055944
8,9,1523,b,Dash-8,0.001,dash8_time_conflict,,body=0.5;caption=1.0,conflict,z,3.1332335329341316,m,L,0.35664335664335667,m,1,0,765,0.010479041916167664,0.055944055944055944
8,9,1523,b,Dash-8,0.001,dash8_time_conflict,,body=0.5;caption=1.0,conflict,z,3.1332335329341316,m,L,1.4685314685314685,m,1,0,766,0.010479041916167664,0.055944055944055944
8,9,1523,b,Dash-8,0.001,dash8_time_conflict,,body=0.5;caption=1.0,conflict,z,3.1384730538922154,m,L,0.34265734265734266,m,1,0,767,0.010479041916167664,0.055944055944055944
8,9,1523,b,Dash-8,0.001,dash8_time_conflict,,body=0.5;caption=1.0,conflict,z,3.1384730538922154,m,L,1.4545454545454546,m,1,0,768,0.010479041916167664,0.055944055944055944
8,9,1523,b,Dash-8,0.001,dash8_time_conflict,,body=0.5;caption=1.0,conflict,z,3.143712574850299,m,L,0.32867132867132864,m,1,0,769,0.010479041916167664,0.055944055944055944
8,9,1523,b,Dash-8,0.001,dash8_time_conflict,,body=0.5;caption=1.0,conflict,z,3.143712574850299,m,L,1.3006993006993006,m,1,0,770,0.010479041916167664,0.055944055944055944
8,9,1523,b,Dash-8,0.001,dash8_time_conflict,,body=0.5;caption=1.0,conflict,z,3.143712574850299,m,L,1.3566433566433567,m,1,1,771,0.010479041916167664,0.055944055944055944
8,9,1523,b,Dash-8,0.001,dash8_time_conflict,,body=0.5;caption=1.0,conflict,z,3.143712574850299,m,L,1.3706293706293706,m,1,2,772,0.010479041916167664,0.055944055944055944
8,9,1523,b,Dash-8,0.001,dash8_time_conflict,,body=0.5;caption=1.0,conflict,z,3.1489520958083834,m,L,0.32167832167832167,m,1,0,773,0.010479041916167664,0.055944055944055944
8,9,1523,b,Dash-8,0.001,dash8_time_conflict,,body=0.5;caption=1.0,conflict,z,3.1489520958083834,m,L,1.2167832167832169,m,1,0,774,0.010479041916167664,0.055944055944055944
8,9,1523,b,Dash-8,0.001,dash8_time_conflict,,body=0.5;caption=1.0,conflict,z,3.154191616766467,m,L,0.3076923076923077,m,1,0,775,0.010479041916167664,0.055944055944055944
8,9,1523,b,Dash-8,0.001,dash8_time_conflict,,body=0.5;caption=1.0,conflict,z,3.154191616766467,m,L,1.0,m,1,0,776,0.010479041916167664,0.055944055944055944
8,9,1523,b,Dash-8,0.001,dash8_time_conflict,,body=0.5;caption=1.0,conflict,z,3.159431137724551,m,L,0.3076923076923077,m,1,0,777,0.010479041916167664,0.055944055944055944
8,9,1523,b,Dash-8,0.001,dash8_time_conflict,,body=0.5;caption=1.0,conflict,z,3.159431137724551,m,L,0.958041958041958,m,1,0,778,0.010479041916167664,0.055944055944055944
8,9,1523,b,Dash-8,0.001,dash8_time_conflict,,body=0.5;caption=1.0,conflict,z,3.1646706586826348,m,L,0.2867132867132867,m,1,0,779,0.010479041916167664,0.055944055944055944
8,9,1523,b,Dash-8,0.001,dash8_time_conflict,,body=0.5;caption=1.0,conflict,z,3.1646706586826348,m,L,0.7342657342657343,m,1,0,780,0.010479041916167664,0.055944055944055944
8,9,1523,b,Dash-8,0.001,dash8_time_conflict,,body=0.5;caption=1.0,conflict,z,3.1699101796407185,m,L,0.27972027972027974,m,1,0,781,0.010479041916167664,0.055944055944055944
8,9,1523,b,Dash-8,0.001,dash8_time_conflict,,body=0.5;caption=1.0,conflict,z,3.1699101796407185,m,L,0.5944055944055944,m,1,0,782,0.010479041916167664,0.055944055944055944
8,9,1523,b,Dash-8,0.001,dash8_time_conflict,,body=0.5;caption=1.0,conflict,z,3.1751497005988023,m,L,0.26573426573426573,m,1,0,783,0.010479041916167664,0.055944055944055944
8,9,1523,b,Dash-8,0.001,dash8_time_conflict,,body=0.5;caption=1.0,conflict,z,3.1751497005988023,m,L,0.3986013986013986,m,1,0,784,0.010479041916167664,0.055944055944055944
8,9,1523,b,Dash-8,0.001,dash8_time_conflict,,body=0.5;caption=1.0,conflict,z,3.180389221556886,m,L,0.26573426573426573,m,1,0,785,0.010479041916167664,0.055944055944055944
8,9,1523,b,Dash-8,0.001,dash8_time_conflict,,body=0.5;caption=1.0,conflict,z,3.180389221556886,m,L,0.36363636363636365,m,1,0,786,0.010479041916167664,0.055944055944055944
8,9,1523,b,Dash-8,0.001,dash8_time_conflict,,body=0.5;caption=1.0,conflict,z,3.18562874251497,m,L,0.25874125874125875,m,1,0,787,0.010479041916167664,0.055944055944055944
8,9,1523,b,Dash-8,0.001,dash8_time_conflict,,body=0.5;caption=1.0,conflict,z,3.190868263473054,m,L,0.25524475524475526,m,1,0,788,0.010479041916167664,0.055944055944055944
8,9,1523,b,Dash-8,0.001,dash8_time_conflict,,body=0.5;caption=1.0,conflict,z,3.196107784431138,m,L,0.24475524475524477,m,1,0,789,0.010479041916167664,0.055944055944055944
8,9,1523,b,Dash-8,0.001,dash8_time_conflict,,body=0.5;caption=1.0,conflict,z,3.2013473053892216,m,L,0.23426573426573427,m,1,0,790,0.010479041916167664,0.055944055944055944
8,9,1523,b,Dash-8,0.001,dash8_time_conflict,,body=0.5;caption=1.0,conflict,z,3.2065868263473054,m,L,0.22727272727272727,m,1,0,791,0.010479041916167664,0.055944055944055944
8,9,1523,b,Dash-8,0.001,dash8_time_conflict,,body=0.5;caption=1.0,conflict,z,3.211826347305389,m,L,0.22377622377622378,m,1,0,792,0.010479041916167664,0.055944055944055944
8,9,1523,b,Dash-8,0.001,dash8_time_conflict,,body=0.5;caption=1.0,conflict,z,3.217065868263473,m,L,0.21328671328671328,m,1,0,793,0.010479041916167664,0.055944055944055944
8,9,1523,b,Dash-8,0.001,dash8_time_conflict,,body=0.5;caption=1.0,conflict,z,3.2223053892215567,m,L,0.2062937062937063,m,1,0,794,0.010479041916167664,0.055944055944055944
8,9,1523,b,Dash-8,0.001,dash8_time_conflict,,body=0.5;caption=1.0,conflict,z,3.2275449101796405,m,L,0.20279720279720279,m,1,0,795,0.010479041916167664,0.055944055944055944
8,9,1523,b,Dash-8,0.001,dash8_time_conflict,,body=0.5;caption=1.0,conflict,z,3.2327844311377247,m,L,0.18181818181818182,m,1,0,796,0.010479041916167664,0.055944055944055944
8,9,1523,b,Dash-8,0.001,dash8_time_conflict,,body=0.5;caption=1.0,conflict,z,3.2380239520958085,m,L,0.17832167832167833,m,1,0,797,0.010479041916167664,0.055944055944055944
8,9,1523,b,Dash-8,0.001,dash8_time_conflict,,body=0.5;caption=1.0,conflict,z,3.2432634730538923,m,L,0.14685314685314685,m,1,0,798,0.010479041916167664,0.055944055944055944
8,9,1523,b,Dash-8,0.001,dash8_time_conflict,,body=0.5;caption=1.0,conflict,z,3.2432634730538923,m,L,0.18181818181818182,m,1,0,799,0.010479041916167664,0.055944055944055944
8,9,1523,b,Dash-8,0.001,dash8_time_conflict,,body=0.5;caption=1.0,conflict,z,3.248502994011976,m,L,0.13286713286713286,m,1,0,800,0.010479041916167664,0.055944055944055944
8,9,1523,b,Dash-8,0.001,dash8_time_conflict,,body=0.5;caption=1.0,conflict,z,3.248502994011976,m,L,0.17482517482517482,m,1,0,801,0.010479041916167664,0.055944055944055944
8,9,1523,b,Dash-8,0.001,dash8_time_conflict,,body=0.5;caption=1.0,conflict,z,3.25374251497006,m,L,0.11188811188811189,m,1,0,802,0.010479041916167664,0.055944055944055944
8,9,1523,b,Dash-8,0.001,dash8_time_conflict,,body=0.5;caption=1.0,conflict,z,3.25374251497006,m,L,0.16783216783216784,m,1,0,803,0.010479041916167664,0.055944055944055944
8,9,1523,b,Dash-8,0.001,dash8_time_conflict,,body=0.5;caption=1.0,conflict,z,3.2589820359281436,m,L,0.1048951048951049,m,1,0,804,0.010479041916167664,0.055944055944055944
8,9,1523,b,Dash-8,0.001,dash8_time_conflict,,body=0.5;caption=1.0,conflict,z,3.2589820359281436,m,L,0.16783216783216784,m,1,0,805,0.010479041916167664,0.055944055944055944
8,9,1523,b,Dash-8,0.001,dash8_time_conflict,,body=0.5;caption=1.0,conflict,z,3.2642215568862274,m,L,0.09090909090909091,m,1,0,806,0.010479041916167664,0.055944055944055944
8,9,1523,b,Dash-8,0.001,dash8_time_conflict,,body=0.5;caption=1.0,conflict,z,3.2642215568862274,m,L,0.13986013986013987,m,1,0,807,0.010479041916167664,0.055944055944055944
8,9,1523,b,Dash-8,0.001,dash8_time_conflict,,body=0.5;caption=1.0,conflict,z,3.269461077844311,m,L,0.08391608391608392,m,1,0,808,0.010479041916167664,0.055944055944055944
8,9,1523,b,Dash-8,0.001,dash8_time_conflict,,body=0.5;caption=1.0,conflict,z,3.269461077844311,m,L,0.13286713286713286,m,1,0,809,0.010479041916167664,0.055944055944055944
8,9,1523,b,Dash-8,0.001,dash8_time_conflict,,body=0.5;caption=1.0,conflict,z,3.2747005988023954,m,L,0.06993006993006994,m,1,0,810,0.010479041916167664,0.055944055944055944
8,9,1523,b,Dash-8,0.001,dash8_time_conflict,,body=0.5;caption=1.0,conflict,z,3.2747005988023954,m,L,0.11188811188811189,m,1,0,811,0.010479041916167664,0.055944055944055944
8,9,1523,b,Dash-8,0.001,dash8_time_conflict,,body=0.5;caption=1.0,conflict,z,3.279940119760479,m,L,0.04895104895104895,m,1,0,812,0.010479041916167664,0.055944055944055944
8,9,1523,b,Dash-8,0.001,dash8_time_conflict,,body=0.5;caption=1.0,conflict,z,3.279940119760479,m,L,0.0979020979020979,m,1,0,813,0.010479041916167664,0.055944055944055944
8,9,1523,b,Dash-8,0.001,dash8_time_conflict,,body=0.5;caption=1.0,conflict,z,3.285179640718563,m,L,0.04895104895104895,m,1,0,814,0.010479041916167664,0.055944055944055944
8,9,1523,b,Dash-8,0.001,dash8_time_conflict,,body=0.5;caption=1.0,conflict,z,3.285179640718563,m,L,0.08391608391608392,m,1,0,815,0.010479041916167664,0.055944055944055944
8,9,1523,b,Dash-8,0.001,dash8_time_conflict,,body=0.5;caption=1.0,conflict,z,3.2904191616766467,m,L,0.04195804195804196,m,1,0,816,0.010479041916167664,0.055944055944055944
8,9,1523,b,Dash-8,0.001,dash8_time_conflict,,body=0.5;caption=1.0,conflict,z,3.2904191616766467,m,L,0.07692307692307693,m,1,0,817,0.010479041916167664,0.055944055944055944
8,9,1523,b,Dash-8,0.001,dash8_time_conflict,,body=0.5;caption=1.0,conflict,z,3.2956586826347305,m,L,0.04895104895104895,m,1,0,818,0.010479041916167664,0.055944055944055944
8,9,1523,b,Dash-8,0.001,dash8_time_conflict,,body=0.5;caption=1.0,conflict,z,3.3008982035928143,m,L,0.04195804195804196,m,1,0,819,0.010479041916167664,0.055944055944055944
8,9,1523,b,Dash-8,0.001,dash8_time_conflict,,body=0.5;caption=1.0,conflict,z,3.306137724550898,m,L,0.038461538461538464,m,1,0,820,0.010479041916167664,0.055944055944055944
8,9,1523,b,Dash-8,0.001,dash8_time_conflict,,body=0.5;caption=1.0,conflict,z,3.311377245508982,m,L,0.03146853146853147,m,1,0,821,0.010479041916167664,0.055944055944055944
8,9,1523,b,Dash-8,0.001,dash8_time_conflict,,body=0.5;caption=1.0,conflict,z,3.316616766467066,m,L,0.027972027972027972,m,1,0,822,0.010479041916167664,0.055944055944055944
8,9,1523,b,Dash-8,0.001,dash8_time_conflict,,body=0.5;caption=1.0,conflict,z,3.32185628742515,m,L,0.02097902097902098,m,1,0,823,0.010479041916167664,0.055944055944055944
8,9,1523,b,Dash-8,0.001,dash8_time_conflict,,body=0.5;caption=1.0,conflict,z,3.3270958083832336,m,L,0.017482517482517484,m,1,0,824,0.010479041916167664,0.055944055944055944
8,9,1523,b,Dash-8,0.001,dash8_time_conflict,,body=0.5;caption=1.0,conflict,z,3.3323353293413174,m,L,0.01048951048951049,m,1,0,825,0.010479041916167664,0.055944055944055944
8,9,1523,b,Dash-8,0.001,dash8_time_conflict,,body=0.5;caption=1.0,conflict,z,3.337574850299401,m,L,0.01048951048951049,m,1,0,826,0.010479041916167664,0.055944055944055944
9,9,1523,a,Dash-8,0.001,dash8_t0.5s,0.5,0.5,reported,z_over_Lc,0.006144393241167435,1,L_over_Lc,0.0,1,1,0,0,0.07,0.08
9,9,1523,a,Dash-8,0.001,dash8_t0.5s,0.5,0.5,reported,z_over_Lc,0.018433179723502304,1,L_over_Lc,0.0,1,1,0,1,0.07,0.08
9,9,1523,a,Dash-8,0.001,dash8_t0.5s,0.5,0.5,reported,z_over_Lc,0.030721966205837174,1,L_over_Lc,0.005441354292623942,1,1,0,2,0.07,0.08
9,9,1523,a,Dash-8,0.001,dash8_t0.5s,0.5,0.5,reported,z_over_Lc,0.043010752688172046,1,L_over_Lc,0.02720677146311971,1,1,0,3,0.07,0.08
9,9,1523,a,Dash-8,0.001,dash8_t0.5s,0.5,0.5,reported,z_over_Lc,0.055299539170506916,1,L_over_Lc,0.032648125755743655,1,1,0,4,0.07,0.08
9,9,1523,a,Dash-8,0.001,dash8_t0.5s,0.5,0.5,reported,z_over_Lc,0.06758832565284179,1,L_over_Lc,0.0380894800483676,1,1,0,5,0.07,0.08
9,9,1523,a,Dash-8,0.001,dash8_t0.5s,0.5,0.5,reported,z_over_Lc,0.07987711213517665,1,L_over_Lc,0.22309552599758162,1,2,0,0,0.07,0.08
9,9,1523,a,Dash-8,0.001,dash8_t0.5s,0.5,0.5,reported,z_over_Lc,0.07987711213517665,1,L_over_Lc,0.26118500604594924,1,2,1,1,0.07,0.08
9,9,1523,a,Dash-8,0.001,dash8_t0.5s,0.5,0.5,reported,z_over_Lc,0.09216589861751152,1,L_over_Lc,0.24486094316807738,1,2,0,2,0.07,0.08
9,9,1523,a,Dash-8,0.001,dash8_t0.5s,0.5,0.5,reported,z_over_Lc,0.10445468509984639,1,L_over_Lc,0.2503022974607013,1,2,0,3,0.07,0.08
9,9,1523,a,Dash-8,0.001,dash8_t0.5s,0.5,0.5,reported,z_over_Lc,0.11674347158218126,1,L_over_Lc,0.25574365175332525,1,2,0,4,0.07,0.08
9,9,1523,a,Dash-8,0.001,dash8_t0.5s,0.5,0.5,reported,z_over_Lc,0.12903225806451613,1,L_over_Lc,0.26118500604594924,1,2,0,5,0.07,0.08
9,9,1523,a,Dash-8,0.001,dash8_t0.5s,0.5,0.5,reported,z_over_Lc,0.141321044546851,1,L_over_Lc,0.2666263603385732,1,2,0,6,0.07,0.08
9,9,1523,a,Dash-8,0.001,dash8_t0.5s,0.5,0.5,reported,z_over_Lc,0.15360983102918588,1,L_over_Lc,0.2720677146311971,1,2,0,7,0.07,0.08
9,9,1523,a,Dash-8,0.001,dash8_t0.5s,0.5,0.5,reported,z_over_Lc,0.16589861751152074,1,L_over_Lc,0.27750906892382105,1,2,0,8,0.07,0.08
9,9,1523,a,Dash-8,0.001,dash8_t0.5s,0.5,0.5,reported,z_over_Lc,0.32565284178187404,1,L_over_Lc,0.44619105199516323,1,3,0,0,0.02457757296466974,0.10882708585247884
9,9,1523,a,Dash-8,0.001,dash8_t0.5s,0.5,0.5,reported,z_over_Lc,0.3379416282642089,1,L_over_Lc,0.48972188633615477,1,3,0,1,0.02457757296466974,0.10882708585247884
9,9,1523,a,Dash-8,0.001,dash8_t0.5s,0.5,0.5,reported,z_over_Lc,0.3379416282642089,1,L_over_Lc,0.7617896009673518,1,3,0,2,0.02457757296466974,0.10882708585247884
9,9,1523,a,Dash-8,0.001,dash8_t0.5s,0.5,0.5,reported,z_over_Lc,0.35023041474654376,1,L_over_Lc,0.48972188633615477,1,3,0,3,0.02457757296466974,0.10882708585247884
9,9,1523,a,Dash-8,0.001,dash8_t0.5s,0.5,0.5,reported,z_over_Lc,0.35023041474654376,1,L_over_Lc,0.7835550181378477,1,3,0,4,0.02457757296466974,0.10882708585247884
9,9,1523,a,Dash-8,0.001,dash8_t0.5s,0.5,0.5,reported,z_over_Lc,0.36251920122887865,1,L_over_Lc,0.5006045949214026,1,3,0,5,0.02457757296466974,0.10882708585247884
9,9,1523,a,Dash-8,0.001,dash8_t0.5s,0.5,0.5,reported,z_over_Lc,0.36251920122887865,1,L_over_Lc,0.7835550181378477,1,3,0,6,0.02457757296466974,0.10882708585247884
9,9,1523,a,Dash-8,0.001,dash8_t0.5s,0.5,0.5,reported,z_over_Lc,0.37480798771121354,1,L_over_Lc,0.5114873035066505,1,3,0,7,0.02457757296466974,0.10882708585247884
9,9,1523,a,Dash-8,0.001,dash8_t0.5s,0.5,0.5,reported,z_over_Lc,0.37480798771121354,1,L_over_Lc,0.7944377267230955,1,3,0,8,0.02457757296466974,0.10882708585247884
9,9,1523,a,Dash-8,0.001,dash8_t0.5s,0.5,0.5,reported,z_over_Lc,0.3870967741935484,1,L_over_Lc,0.5876662636033857,1,3,0,9,0.02457757296466974,0.10882708585247884
9,9,1523,a,Dash-8,0.001,dash8_t0.5s,0.5,0.5,reported,z_over_Lc,0.3870967741935484,1,L_over_Lc,0.7944377267230955,1,3,0,10,0.02457757296466974,0.10882708585247884
9,9,1523,a,Dash-8,0.001,dash8_t0.5s,0.5,0.5,reported,z_over_Lc,0.39938556067588327,1,L_over_Lc,0.6856106408706167,1,3,0,11,0.02457757296466974,0.10882708585247884
9,9,1523,a,Dash-8,0.001,dash8_t0.5s,0.5,0.5,reported,z_over_Lc,0.39938556067588327,1,L_over_Lc,0.7944377267230955,1,3,0,12,0.02457757296466974,0.10882708585247884
9,9,1523,a,Dash-8,0.001,dash8_t0.5s,0.5,0.5,reported,z_over_Lc,0.4116743471582181,1,L_over_Lc,0.7944377267230955,1,3,0,13,0.02457757296466974,0.10882708585247884
9,9,1523,a,Dash-8,0.001,dash8_t0.5s,0.5,0.5,reported,z_over_Lc,0.423963133640553,1,L_over_Lc,0.7835550181378477,1,3,0,14,0.02457757296466974,0.10882708585247884
9,9,1523,a,Dash-8,0.001,dash8_t0.5s,0.5,0.5,reported,z_over_Lc,0.4362519201228879,1,L_over_Lc,0.750906892382104,1,3,0,15,0.02457757296466974,0.10882708585247884
9,9,1523,a,Dash-8,0.001,dash8_t0.5s,0.5,0.5,reported,z_over_Lc,0.4362519201228879,1,L_over_Lc,0.7726723095525998,1,3,0,16,0.02457757296466974,0.10882708585247884
9,9,1523,a,Dash-8,0.001,dash8_t0.5s,0.5,0.5,reported,z_over_Lc,0.4485407066052227,1,L_over_Lc,0.6856106408706167,1,3,0,17,0.02457757296466974,0.10882708585247884
9,9,1523,a,Dash-8,0.001,dash8_t0.5s,0.5,0.5,reported,z_over_Lc,0.4485407066052227,1,L_over_Lc,0.7617896009673518,1,3,0,18,0.02457757296466974,0.10882708585247884
9,9,1523,a,Dash-8,0.001,dash8_t0.5s,0.5,0.5,reported,z_over_Lc,0.4608294930875576,1,L_over_Lc,0.652962515114873,1,3,0,19,0.02457757296466974,0.10882708585247884
9,9,1523,a,Dash-8,0.001,dash8_t0.5s,0.5,0.5,reported,z_over_Lc,0.4608294930875576,1,L_over_Lc,0.7182587666263603,1,3,0,20,0.02457757296466974,0.10882708585247884
9,9,1523,a,Dash-8,0.001,dash8_t0.5s,0.5,0.5,reported,z_over_Lc,0.4731182795698925,1,L_over_Lc,0.6475211608222491,1,3,0,21,0.02457757296466974,0.10882708585247884
9,9,1523,a,Dash-8,0.001,dash8_t0.5s,0.5,0.5,reported,z_over_Lc,0.5591397849462365,1,L_over_Lc,0.8923821039903265,1,4,0,0,0.02457757296466974,0.09794437726723096
9,9,1523,a,Dash-8,0.001,dash8_t0.5s,0.5,0.5,reported,z_over_Lc,0.5591397849462365,1,L_over_Lc,1.0338573155985489,1,4,0,1,0.02457757296466974,0.09794437726723096
9,9,1523,a,Dash-8,0.001,dash8_t0.5s,0.5,0.5,reported,z_over_Lc,0.5714285714285714,1,L_over_Lc,0.5441354292623942,1,4,0,2,0.02457757296466974,0.09794437726723096
9,9,1523,a,Dash-8,0.001,dash8_t0.5s,0.5,0.5,reported,z_over_Lc,0.5714285714285714,1,L_over_Lc,1.2732769044740024,1,4,0,3,0.02457757296466974,0.09794437726723096
9,9,1523,a,Dash-8,0.001,dash8_t0.5s,0.5,0.5,reported,z_over_Lc,0.5837173579109063,1,L_over_Lc,0.5223700120918985,1,4,0,4,0.02457757296466974,0.09794437726723096
9,9,1523,a,Dash-8,0.001,dash8_t0.5s,0.5,0.5,reported,z_over_Lc,0.5837173579109063,1,L_over_Lc,1.403869407496977,1,4,0,5,0.02457757296466974,0.09794437726723096
9,9,1523,a,Dash-8,0.001,dash8_t0.5s,0.5,0.5,reported,z_over_Lc,0.5960061443932412,1,L_over_Lc,0.5223700120918985,1,4,0,6,0.02457757296466974,0.09794437726723096
9,9,1523,a,Dash-8,0.001,dash8_t0.5s,0.5,0.5,reported,z_over_Lc,0.5960061443932412,1,L_over_Lc,1.5453446191051996,1,4,0,7,0.02457757296466974,0.09794437726723096
9,9,1523,a,Dash-8,0.001,dash8_t0.5s,0.5,0.5,reported,z_over_Lc,0.6082949308755761,1,L_over_Lc,0.5223700120918985,1,4,0,8,0.02457757296466974,0.09794437726723096
9,9,1523,a,Dash-8,0.001,dash8_t0.5s,0.5,0.5,reported,z_over_Lc,0.6082949308755761,1,L_over_Lc,1.5562273276904475,1,4,0,9,0.02457757296466974,0.09794437726723096
9,9,1523,a,Dash-8,0.001,dash8_t0.5s,0.5,0.5,reported,z_over_Lc,0.620583717357911,1,L_over_Lc,0.5332527206771464,1,4,0,10,0.02457757296466974,0.09794437726723096
9,9,1523,a,Dash-8,0.001,dash8_t0.5s,0.5,0.5,reported,z_over_Lc,0.620583717357911,1,L_over_Lc,1.5671100362756953,1,4,0,11,0.02457757296466974,0.09794437726723096
9,9,1523,a,Dash-8,0.001,dash8_t0.5s,0.5,0.5,reported,z_over_Lc,0.6328725038402457,1,L_over_Lc,0.6420798065296252,1,4,0,12,0.02457757296466974,0.09794437726723096
9,9,1523,a,Dash-8,0.001,dash8_t0.5s,0.5,0.5,reported,z_over_Lc,0.6328725038402457,1,L_over_Lc,1.5779927448609432,1,4,0,13,0.02457757296466974,0.09794437726723096
9,9,1523,a,Dash-8,0.001,dash8_t0.5s,0.5,0.5,reported,z_over_Lc,0.6451612903225806,1,L_over_Lc,0.8923821039903265,1,4,0,14,0.02457757296466974,0.09794437726723096
9,9,1523,a,Dash-8,0.001,dash8_t0.5s,0.5,0.5,reported,z_over_Lc,0.6451612903225806,1,L_over_Lc,1.588875453446191,1,4,0,15,0.02457757296466974,0.09794437726723096
9,9,1523,a,Dash-8,0.001,dash8_t0.5s,0.5,0.5,reported,z_over_Lc,0.6574500768049155,1,L_over_Lc,1.0665054413542927,1,4,0,16,0.02457757296466974,0.09794437726723096
9,9,1523,a,Dash-8,0.001,dash8_t0.5s,0.5,0.5,reported,z_over_Lc,0.6574500768049155,1,L_over_Lc,1.599758162031439,1,4,0,17,0.02457757296466974,0.09794437726723096
9,9,1523,a,Dash-8,0.001,dash8_t0.5s,0.5,0.5,reported,z_over_Lc,0.6697388632872504,1,L_over_Lc,1.218863361547763,1,4,0,18,0.02457757296466974,0.09794437726723096
9,9,1523,a,Dash-8,0.001,dash8_t0.5s,0.5,0.5,reported,z_over_Lc,0.6697388632872504,1,L_over_Lc,1.316807738814994,1,4,1,19,0.02457757296466974,0.09794437726723096
9,9,1523,a,Dash-8,0.001,dash8_t0.5s,0.5,0.5,reported,z_over_Lc,0.6697388632872504,1,L_over_Lc,1.6106408706166868,1,4,1,20,0.02457757296466974,0.09794437726723096
9,9,1523,a,Dash-8,0.001,dash8_t0.5s,0.5,0.5,reported,z_over_Lc,0.6820276497695853,1,L_over_Lc,1.4256348246674728,1,4,0,21,0.02457757296466974,0.09794437726723096
9,9,1523,a,Dash-8,0.001,dash8_t0.5s,0.5,0.5,reported,z_over_Lc,0.6820276497695853,1,L_over_Lc,1.6432889963724304,1,4,0,22,0.02457757296466974,0.09794437726723096
9,9,1523,a,Dash-8,0.001,dash8_t0.5s,0.5,0.5,reported,z_over_Lc,0.6943164362519201,1,L_over_Lc,1.6596130592503022,1,4,0,23,0.02457757296466974,0.09794437726723096
9,9,1523,a,Dash-8,0.001,dash8_t0.5s,0.5,0.5,reported,z_over_Lc,0.706605222734255,1,L_over_Lc,1.6650544135429262,1,4,0,24,0.02457757296466974,0.09794437726723096
9,9,1523,a,Dash-8,0.001,dash8_t0.5s,0.5,0.5,reported,z_over_Lc,0.706605222734255,1,L_over_Lc,1.686819830713422,1,4,0,25,0.02457757296466974,0.09794437726723096
9,9,1523,a,Dash-8,0.001,dash8_t0.5s,0.5,0.5,reported,z_over_Lc,0.7188940092165899,1,L_over_Lc,1.675937122128174,1,4,0,26,0.02457757296466974,0.09794437726723096
9,9,1523,a,Dash-8,0.001,dash8_t0.5s,0.5,0.5,reported,z_over_Lc,0.7188940092165899,1,L_over_Lc,1.7085852478839179,1,4,0,27,0.02457757296466974,0.09794437726723096
9,9,1523,a,Dash-8,0.001,dash8_t0.5s,0.5,0.5,reported,z_over_Lc,0.7311827956989247,1,L_over_Lc,1.686819830713422,1,4,0,28,0.02457757296466974,0.09794437726723096
9,9,1523,a,Dash-8,0.001,dash8_t0.5s,0.5,0.5,reported,z_over_Lc,0.7311827956989247,1,L_over_Lc,1.7303506650544136,1,4,0,29,0.02457757296466974,0.09794437726723096
9,9,1523,a,Dash-8,0.001,dash8_t0.5s,0.5,0.5,reported,z_over_Lc,0.7434715821812596,1,L_over_Lc,1.7085852478839179,1,4,0,30,0.02457757296466974,0.09794437726723096
9,9,1523,a,Dash-8,0.001,dash8_t0.5s,0.5,0.5,reported,z_over_Lc,0.7434715821812596,1,L_over_Lc,1.7521160822249093,1,4,0,31,0.02457757296466974,0.09794437726723096
9,9,1523,a,Dash-8,0.001,dash8_t0.5s,0.5,0.5,reported,z_over_Lc,0.7557603686635944,1,L_over_Lc,1.7194679564691657,1,4,0,32,0.02457757296466974,0.09794437726723096
9,9,1523,a,Dash-8,0.001,dash8_t0.5s,0.5,0.5,reported,z_over_Lc,0.7557603686635944,1,L_over_Lc,1.784764207980653,1,4,0,33,0.02457757296466974,0.09794437726723096
9,9,1523,a,Dash-8,0.001,dash8_t0.5s,0.5,0.5,reported,z_over_Lc,0.7680491551459293,1,L_over_Lc,1.7412333736396615,1,4,0,34,0.02457757296466974,0.09794437726723096
9,9,1523,a,Dash-8,0.001,dash8_t0.5s,0.5,0.5,reported,z_over_Lc,0.7680491551459293,1,L_over_Lc,1.8065296251511487,1,4,0,35,0.02457757296466974,0.09794437726723096
9,9,1523,a,Dash-8,0.001,dash8_t0.5s,0.5,0.5,reported,z_over_Lc,0.7803379416282642,1,L_over_Lc,1.7629987908101572,1,4,0,36,0.02457757296466974,0.09794437726723096
9,9,1523,a,Dash-8,0.001,dash8_t0.5s,0.5,0.5,reported,z_over_Lc,0.7803379416282642,1,L_over_Lc,1.8174123337363965,1,4,0,37,0.02457757296466974,0.09794437726723096
9,9,1523,a,Dash-8,0.001,dash8_t0.5s,0.5,0.5,reported,z_over_Lc,0.7926267281105991,1,L_over_Lc,1.7956469165659008,1,4,0,38,0.02457757296466974,0.09794437726723096
9,9,1523,a,Dash-8,0.001,dash8_t0.5s,0.5,0.5,reported,z_over_Lc,0.7926267281105991,1,L_over_Lc,1.8282950423216444,1,4,0,39,0.02457757296466974,0.09794437726723096
9,9,1523,a,Dash-8,0.001,dash8_t0.5s,0.5,0.5,reported,z_over_Lc,0.804915514592934,1,L_over_Lc,1.8228536880290205,1,4,0,40,0.02457757296466974,0.09794437726723096
9,9,1523,a,Dash-8,0.001,dash8_t0.5s,0.5,0.5,reported,z_over_Lc,0.8172043010752689,1,L_over_Lc,1.8391777509068923,1,4,0,41,0.02457757296466974,0.09794437726723096
9,9,1523,a,Dash-8,0.001,dash8_t0.5s,0.5,0.5,reported,z_over_Lc,0.8294930875576036,1,L_over_Lc,1.8500604594921404,1,4,0,42,0.02457757296466974,0.09794437726723096
9,9,1523,a,Dash-8,0.001,dash8_t0.5s,0.5,0.5,reported,z_over_Lc,0.8417818740399385,1,L_over_Lc,1.8609431680773882,1,4,0,43,0.02457757296466974,0.09794437726723096
9,9,1523,a,Dash-8,0.001,dash8_t0.5s,0.5,0.5,reported,z_over_Lc,0.8540706605222734,1,L_over_Lc,1.8718258766626361,1,4,0,44,0.02457757296466974,0.09794437726723096
9,9,1523,a,Dash-8,0.001,dash8_t0.5s,0.5,0.5,reported,z_over_Lc,0.8663594470046083,1,L_over_Lc,1.8718258766626361,1,4,0,45,0.02457757296466974,0.09794437726723096
9,9,1523,a,Dash-8,0.001,dash8_t0.5s,0.5,0.5,reported,z_over_Lc,0.8786482334869432,1,L_over_Lc,1.8718258766626361,1,4,0,46,0.02457757296466974,0.09794437726723096
9,9,1523,a,Dash-8,0.001,dash8_t0.5s,0.5,0.5,reported,z_over_Lc,0.890937019969278,1,L_over_Lc,1.8718258766626361,1,4,0,47,0.02457757296466974,0.09794437726723096
9,9,1523,a,Dash-8,0.001,dash8_t0.5s,0.5,0.5,reported,z_over_Lc,0.9032258064516129,1,L_over_Lc,1.8718258766626361,1,4,0,48,0.02457757296466974,0.09794437726723096
9,9,1523,a,Dash-8,0.001,dash8_t0.5s,0.5,0.5,reported,z_over_Lc,0.9155145929339478,1,L_over_Lc,1.87726723095526,1,4,0,49,0.02457757296466974,0.09794437726723096
9,9,1523,a,Dash-8,0.001,dash8_t0.5s,0.5,0.5,reported,z_over_Lc,0.9278033794162827,1,L_over_Lc,1.8718258766626361,1,4,0,50,0.02457757296466974,0.09794437726723096
9,9,1523,a,Dash-8,0.001,dash8_t0.5s,0.5,0.5,reported,z_over_Lc,1.0261136712749617,1,L_over_Lc,1.69770253929867,1,5,0,0,0.02457757296466974,0.08706166868198308
9,9,1523,a,Dash-8,0.001,dash8_t0.5s,0.5,0.5,reported,z_over_Lc,1.0261136712749617,1,L_over_Lc,1.773881499395405,1,5,0,1,0.02457757296466974,0.08706166868198308
9,9,1523,a,Dash-8,0.001,dash8_t0.5s,0.5,0.5,reported,z_over_Lc,1.0384024577572966,1,L_over_Lc,1.686819830713422,1,5,0,2,0.02457757296466974,0.08706166868198308
9,9,1523,a,Dash-8,0.001,dash8_t0.5s,0.5,0.5,reported,z_over_Lc,1.0384024577572966,1,L_over_Lc,1.7956469165659008,1,5,0,3,0.02457757296466974,0.08706166868198308
9,9,1523,a,Dash-8,0.001,dash8_t0.5s,0.5,0.5,reported,z_over_Lc,1.0506912442396312,1,L_over_Lc,1.686819830713422,1,5,0,4,0.02457757296466974,0.08706166868198308
9,9,1523,a,Dash-8,0.001,dash8_t0.5s,0.5,0.5,reported,z_over_Lc,1.0506912442396312,1,L_over_Lc,1.7956469165659008,1,5,0,5,0.02457757296466974,0.08706166868198308
9,9,1523,a,Dash-8,0.001,dash8_t0.5s,0.5,0.5,reported,z_over_Lc,1.0629800307219661,1,L_over_Lc,1.686819830713422,1,5,0,6,0.02457757296466974,0.08706166868198308
9,9,1523,a,Dash-8,0.001,dash8_t0.5s,0.5,0.5,reported,z_over_Lc,1.0629800307219661,1,L_over_Lc,1.8500604594921404,1,5,0,7,0.02457757296466974,0.08706166868198308
9,9,1523,a,Dash-8,0.001,dash8_t0.5s,0.5,0.5,reported,z_over_Lc,1.075268817204301,1,L_over_Lc,1.686819830713422,1,5,0,8,0.02457757296466974,0.08706166868198308
9,9,1523,a,Dash-8,0.001,dash8_t0.5s,0.5,0.5,reported,z_over_Lc,1.075268817204301,1,L_over_Lc,1.958887545344619,1,5,0,9,0.02457757296466974,0.08706166868198308
9,9,1523,a,Dash-8,0.001,dash8_t0.5s,0.5,0.5,reported,z_over_Lc,1.087557603686636,1,L_over_Lc,1.675937122128174,1,5,0,10,0.02457757296466974,0.08706166868198308
9,9,1523,a,Dash-8,0.001,dash8_t0.5s,0.5,0.5,reported,z_over_Lc,1.087557603686636,1,L_over_Lc,2.0133010882708584,1,5,0,11,0.02457757296466974,0.08706166868198308
9,9,1523,a,Dash-8,0.001,dash8_t0.5s,0.5,0.5,reported,z_over_Lc,1.0998463901689708,1,L_over_Lc,1.686819830713422,1,5,0,12,0.02457757296466974,0.08706166868198308
9,9,1523,a,Dash-8,0.001,dash8_t0.5s,0.5,0.5,reported,z_over_Lc,1.0998463901689708,1,L_over_Lc,2.035066505441354,1,5,0,13,0.02457757296466974,0.08706166868198308
9,9,1523,a,Dash-8,0.001,dash8_t0.5s,0.5,0.5,reported,z_over_Lc,1.1121351766513057,1,L_over_Lc,1.686819830713422,1,5,0,14,0.02457757296466974,0.08706166868198308
9,9,1523,a,Dash-8,0.001,dash8_t0.5s,0.5,0.5,reported,z_over_Lc,1.1121351766513057,1,L_over_Lc,2.0785973397823456,1,5,0,15,0.02457757296466974,0.08706166868198308
9,9,1523,a,Dash-8,0.001,dash8_t0.5s,0.5,0.5,reported,z_over_Lc,1.1244239631336406,1,L_over_Lc,1.7085852478839179,1,5,0,16,0.02457757296466974,0.08706166868198308
9,9,1523,a,Dash-8,0.001,dash8_t0.5s,0.5,0.5,reported,z_over_Lc,1.1244239631336406,1,L_over_Lc,2.100362756952842,1,5,0,17,0.02457757296466974,0.08706166868198308
9,9,1523,a,Dash-8,0.001,dash8_t0.5s,0.5,0.5,reported,z_over_Lc,1.1367127496159755,1,L_over_Lc,1.7412333736396615,1,5,0,18,0.02457757296466974,0.08706166868198308
9,9,1523,a,Dash-8,0.001,dash8_t0.5s,0.5,0.5,reported,z_over_Lc,1.1367127496159755,1,L_over_Lc,2.1330108827085854,1,5,0,19,0.02457757296466974,0.08706166868198308
9,9,1523,a,Dash-8,0.001,dash8_t0.5s,0.5,0.5,reported,z_over_Lc,1.1490015360983103,1,L_over_Lc,1.773881499395405,1,5,0,20,0.02457757296466974,0.08706166868198308
9,9,1523,a,Dash-8,0.001,dash8_t0.5s,0.5,0.5,reported,z_over_Lc,1.1490015360983103,1,L_over_Lc,2.1330108827085854,1,5,0,21,0.02457757296466974,0.08706166868198308
9,9,1523,a,Dash-8,0.001,dash8_t0.5s,0.5,0.5,reported,z_over_Lc,1.1612903225806452,1,L_over_Lc,1.8609431680773882,1,5,0,22,0.02457757296466974,0.08706166868198308
9,9,1523,a,Dash-8,0.001,dash8_t0.5s,0.5,0.5,reported,z_over_Lc,1.1612903225806452,1,L_over_Lc,2.1438935912938333,1,5,0,23,0.02457757296466974,0.08706166868198308
9,9,1523,a,Dash-8,0.001,dash8_t0.5s,0.5,0.5,reported,z_over_Lc,1.1735791090629801,1,L_over_Lc,2.0024183796856105,1,5,0,24,0.02457757296466974,0.08706166868198308
9,9,1523,a,Dash-8,0.001,dash8_t0.5s,0.5,0.5,reported,z_over_Lc,1.1735791090629801,1,L_over_Lc,2.1438935912938333,1,5,0,25,0.02457757296466974,0.08706166868198308
9,9,1523,a,Dash-8,0.001,dash8_t0.5s,0.5,0.5,reported,z_over_Lc,1.1858678955453148,1,L_over_Lc,2.100362756952842,1,5,0,26,0.02457757296466974,0.08706166868198308
9,9,1523,a,Dash-8,0.001,dash8_t0.5s,0.5,0.5,reported,z_over_Lc,1.1858678955453148,1,L_over_Lc,2.154776299879081,1,5,0,27,0.02457757296466974,0.08706166868198308
9,9,1523,a,Dash-8,0.001,dash8_t0.5s,0.5,0.5,reported,z_over_Lc,1.1981566820276497,1,L_over_Lc,2.149334945586457,1,5,0,28,0.02457757296466974,0.08706166868198308
9,9,1523,a,Dash-8,0.001,dash8_t0.5s,0.5,0.5,reported,z_over_Lc,1.2104454685099846,1,L_over_Lc,2.171100362756953,1,5,0,29,0.02457757296466974,0.08706166868198308
9,9,1523,a,Dash-8,0.001,dash8_t0.5s,0.5,0.5,reported,z_over_Lc,1.2227342549923195,1,L_over_Lc,2.176541717049577,1,5,0,30,0.02457757296466974,0.08706166868198308
9,9,1523,a,Dash-8,0.001,dash8_t0.5s,0.5,0.5,reported,z_over_Lc,1.2350230414746544,1,L_over_Lc,2.1874244256348248,1,5,0,31,0.02457757296466974,0.08706166868198308
9,9,1523,a,Dash-8,0.001,dash8_t0.5s,0.5,0.5,reported,z_over_Lc,1.2473118279569892,1,L_over_Lc,2.1874244256348248,1,5,0,32,0.02457757296466974,0.08706166868198308
9,9,1523,a,Dash-8,0.001,dash8_t0.5s,0.5,0.5,reported,z_over_Lc,1.2596006144393241,1,L_over_Lc,2.1874244256348248,1,5,0,33,0.02457757296466974,0.08706166868198308
9,9,1523,a,Dash-8,0.001,dash8_t0.5s,0.5,0.5,reported,z_over_Lc,1.271889400921659,1,L_over_Lc,2.1874244256348248,1,5,0,34,0.02457757296466974,0.08706166868198308
9,9,1523,a,Dash-8,0.001,dash8_t0.5s,0.5,0.5,reported,z_over_Lc,1.284178187403994,1,L_over_Lc,2.1874244256348248,1,5,0,35,0.02457757296466974,0.08706166868198308
9,9,1523,a,Dash-8,0.001,dash8_t0.5s,0.5,0.5,reported,z_over_Lc,1.2964669738863288,1,L_over_Lc,2.1874244256348248,1,5,0,36,0.02457757296466974,0.08706166868198308
9,9,1523,a,Dash-8,0.001,dash8_t0.5s,0.5,0.5,reported,z_over_Lc,1.3087557603686637,1,L_over_Lc,2.1928657799274487,1,5,0,37,0.02457757296466974,0.08706166868198308
9,9,1523,a,Dash-8,0.001,dash8_t0.5s,0.5,0.5,reported,z_over_Lc,1.3210445468509984,1,L_over_Lc,2.1928657799274487,1,5,0,38,0.02457757296466974,0.08706166868198308
9,9,1523,a,Dash-8,0.001,dash8_t0.5s,0.5,0.5,reported,z_over_Lc,1.3333333333333333,1,L_over_Lc,2.1928657799274487,1,5,0,39,0.02457757296466974,0.08706166868198308
9,9,1523,a,Dash-8,0.001,dash8_t0.5s,0.5,0.5,reported,z_over_Lc,1.3456221198156681,1,L_over_Lc,2.1983071342200726,1,5,0,40,0.02457757296466974,0.08706166868198308
9,9,1523,a,Dash-8,0.001,dash8_t0.5s,0.5,0.5,reported,z_over_Lc,1.357910906298003,1,L_over_Lc,2.2037484885126966,1,5,0,41,0.02457757296466974,0.08706166868198308
9,9,1523,a,Dash-8,0.001,dash8_t0.5s,0.5,0.5,reported,z_over_Lc,1.370199692780338,1,L_over_Lc,2.2091898428053205,1,5,0,42,0.02457757296466974,0.08706166868198308
9,9,1523,a,Dash-8,0.001,dash8_t0.5s,0.5,0.5,reported,z_over_Lc,1.3824884792626728,1,L_over_Lc,2.2146311970979444,1,5,0,43,0.02457757296466974,0.08706166868198308
9,9,1523,a,Dash-8,0.001,dash8_t0.5s,0.5,0.5,reported,z_over_Lc,1.3947772657450077,1,L_over_Lc,2.2146311970979444,1,5,0,44,0.02457757296466974,0.08706166868198308
9,9,1523,a,Dash-8,0.001,dash8_t0.5s,0.5,0.5,reported,z_over_Lc,1.4070660522273426,1,L_over_Lc,2.2200725513905684,1,5,0,45,0.02457757296466974,0.08706166868198308
9,9,1523,a,Dash-8,0.001,dash8_t0.5s,0.5,0.5,reported,z_over_Lc,1.4193548387096775,1,L_over_Lc,2.2200725513905684,1,5,0,46,0.02457757296466974,0.08706166868198308
9,9,1523,a,Dash-8,0.001,dash8_t0.5s,0.5,0.5,reported,z_over_Lc,1.4316436251920124,1,L_over_Lc,2.2255139056831923,1,5,0,47,0.02457757296466974,0.08706166868198308
9,9,1523,a,Dash-8,0.001,dash8_t0.5s,0.5,0.5,reported,z_over_Lc,1.443932411674347,1,L_over_Lc,2.2309552599758162,1,5,0,48,0.02457757296466974,0.08706166868198308
9,9,1523,a,Dash-8,0.001,dash8_t0.5s,0.5,0.5,reported,z_over_Lc,1.456221198156682,1,L_over_Lc,2.23639661426844,1,5,0,49,0.02457757296466974,0.08706166868198308
9,9,1523,a,Dash-8,0.001,dash8_t0.5s,0.5,0.5,reported,z_over_Lc,1.4685099846390168,1,L_over_Lc,2.247279322853688,1,5,0,50,0.02457757296466974,0.08706166868198308
9,9,1523,a,Dash-8,0.001,dash8_t0.5s,0.5,0.5,reported,z_over_Lc,1.4807987711213517,1,L_over_Lc,2.258162031438936,1,5,0,51,0.02457757296466974,0.08706166868198308
9,9,1523,a,Dash-8,0.001,dash8_t0.5s,0.5,0.5,reported,z_over_Lc,1.4930875576036866,1,L_over_Lc,2.258162031438936,1,5,0,52,0.02457757296466974,0.08706166868198308
9,9,1523,a,Dash-8,0.001,dash8_t0.5s,0.5,0.5,reported,z_over_Lc,1.5053763440860215,1,L_over_Lc,2.26360338573156,1,5,0,53,0.02457757296466974,0.08706166868198308
9,9,1523,a,Dash-8,0.001,dash8_t0.5s,0.5,0.5,reported,z_over_Lc,1.5176651305683564,1,L_over_Lc,2.2744860943168077,1,5,0,54,0.02457757296466974,0.08706166868198308
9,9,1523,a,Dash-8,0.001,dash8_t0.5s,0.5,0.5,reported,z_over_Lc,1.5299539170506913,1,L_over_Lc,2.2799274486094316,1,5,0,55,0.02457757296466974,0.08706166868198308
9,9,1523,a,Dash-8,0.001,dash8_t0.5s,0.5,0.5,reported,z_over_Lc,1.5422427035330262,1,L_over_Lc,2.2853688029020556,1,5,0,56,0.02457757296466974,0.08706166868198308
9,9,1523,a,Dash-8,0.001,dash8_t0.5s,0.5,0.5,reported,z_over_Lc,1.554531490015361,1,L_over_Lc,2.2853688029020556,1,5,0,57,0.02457757296466974,0.08706166868198308
9,9,1523,a,Dash-8,0.001,dash8_t0.5s,0.5,0.5,reported,z_over_Lc,1.566820276497696,1,L_over_Lc,2.2908101571946795,1,5,0,58,0.02457757296466974,0.08706166868198308
9,9,1523,a,Dash-8,0.001,dash8_t0.5s,0.5,0.5,reported,z_over_Lc,1.5791090629800306,1,L_over_Lc,2.2962515114873034,1,5,0,59,0.02457757296466974,0.08706166868198308
9,9,1523,a,Dash-8,0.001,dash8_t0.5s,0.5,0.5,reported,z_over_Lc,1.5913978494623655,1,L_over_Lc,2.3016928657799274,1,5,0,60,0.02457757296466974,0.08706166868198308
9,9,1523,a,Dash-8,0.001,dash8_t0.5s,0.5,0.5,reported,z_over_Lc,1.6036866359447004,1,L_over_Lc,2.3016928657799274,1,5,0,61,0.02457757296466974,0.08706166868198308
9,9,1523,a,Dash-8,0.001,dash8_t0.5s,0.5,0.5,reported,z_over_Lc,1.6159754224270353,1,L_over_Lc,2.3016928657799274,1,5,0,62,0.02457757296466974,0.08706166868198308
9,9,1523,a,Dash-8,0.001,dash8_t0.5s,0.5,0.5,reported,z_over_Lc,1.6282642089093702,1,L_over_Lc,2.3125755743651752,1,5,0,63,0.02457757296466974,0.08706166868198308
9,9,1523,a,Dash-8,0.001,dash8_t0.5s,0.5,0.5,reported,z_over_Lc,1.640552995391705,1,L_over_Lc,2.318016928657799,1,5,0,64,0.02457757296466974,0.08706166868198308
9,9,1523,a,Dash-8,0.001,dash8_t0.5s,0.5,0.5,reported,z_over_Lc,1.65284178187404,1,L_over_Lc,2.318016928657799,1,5,0,65,0.02457757296466974,0.08706166868198308
9,9,1523,a,Dash-8,0.001,dash8_t0.5s,0.5,0.5,reported,z_over_Lc,1.6651305683563749,1,L_over_Lc,2.323458282950423,1,5,0,66,0.02457757296466974,0.08706166868198308
9,9,1523,a,Dash-8,0.001,dash8_t0.5s,0.5,0.5,reported,z_over_Lc,1.6774193548387097,1,L_over_Lc,2.323458282950423,1,5,0,67,0.02457757296466974,0.08706166868198308
9,9,1523,a,Dash-8,0.001,dash8_t0.5s,0.5,0.5,reported,z_over_Lc,1.6897081413210446,1,L_over_Lc,2.323458282950423,1,5,0,68,0.02457757296466974,0.08706166868198308
9,9,1523,a,Dash-8,0.001,dash8_t0.5s,0.5,0.5,reported,z_over_Lc,1.7019969278033795,1,L_over_Lc,2.328899637243047,1,5,0,69,0.02457757296466974,0.08706166868198308
9,9,1523,a,Dash-8,0.001,dash8_t0.5s,0.5,0.5,reported,z_over_Lc,1.7142857142857142,1,L_over_Lc,2.334340991535671,1,5,0,70,0.02457757296466974,0.08706166868198308
9,9,1523,a,Dash-8,0.001,dash8_t0.5s,0.5,0.5,reported,z_over_Lc,1.726574500768049,1,L_over_Lc,2.334340991535671,1,5,0,71,0.02457757296466974,0.08706166868198308
9,9,1523,a,Dash-8,0.001,dash8_t0.5s,0.5,0.5,reported,z_over_Lc,1.738863287250384,1,L_over_Lc,2.328899637243047,1,5,0,72,0.02457757296466974,0.08706166868198308
9,9,1523,a,Dash-8,0.001,dash8_t0.5s,0.5,0.5,reported,z_over_Lc,1.7511520737327189,1,L_over_Lc,2.328899637243047,1,5,0,73,0.02457757296466974,0.08706166868198308
9,9,1523,a,Dash-8,0.001,dash8_t0.5s,0.5,0.5,reported,z_over_Lc,1.7634408602150538,1,L_over_Lc,2.323458282950423,1,5,0,74,0.02457757296466974,0.08706166868198308
9,9,1523,a,Dash-8,0.001,dash8_t0.5s,0.5,0.5,reported,z_over_Lc,1.7757296466973886,1,L_over_Lc,2.328899637243047,1,5,0,75,0.02457757296466974,0.08706166868198308
9,9,1523,a,Dash-8,0.001,dash8_t0.5s,0.5,0.5,reported,z_over_Lc,1.7880184331797235,1,L_over_Lc,2.334340991535671,1,5,0,76,0.02457757296466974,0.08706166868198308
9,9,1523,a,Dash-8,0.001,dash8_t0.5s,0.5,0.5,reported,z_over_Lc,1.8003072196620584,1,L_over_Lc,2.334340991535671,1,5,0,77,0.02457757296466974,0.08706166868198308
9,9,1523,a,Dash-8,0.001,dash8_t0.5s,0.5,0.5,reported,z_over_Lc,1.8125960061443933,1,L_over_Lc,2.339782345828295,1,5,0,78,0.02457757296466974,0.08706166868198308
9,9,1523,a,Dash-8,0.001,dash8_t0.5s,0.5,0.5,reported,z_over_Lc,1.8248847926267282,1,L_over_Lc,2.345223700120919,1,5,0,79,0.02457757296466974,0.08706166868198308
9,9,1523,a,Dash-8,0.001,dash8_t0.5s,0.5,0.5,reported,z_over_Lc,1.8371735791090629,1,L_over_Lc,2.3561064087061667,1,5,0,80,0.02457757296466974,0.08706166868198308
9,9,1523,a,Dash-8,0.001,dash8_t0.5s,0.5,0.5,reported,z_over_Lc,1.8494623655913978,1,L_over_Lc,2.3561064087061667,1,5,0,81,0.02457757296466974,0.08706166868198308
9,9,1523,a,Dash-8,0.001,dash8_t0.5s,0.5,0.5,reported,z_over_Lc,1.8617511520737327,1,L_over_Lc,2.3669891172914146,1,5,0,82,0.02457757296466974,0.08706166868198308
9,9,1523,a,Dash-8,0.001,dash8_t0.5s,0.5,0.5,reported,z_over_Lc,1.8740399385560675,1,L_over_Lc,2.3724304715840385,1,5,0,83,0.02457757296466974,0.08706166868198308
9,9,1523,a,Dash-8,0.001,dash8_t0.5s,0.5,0.5,reported,z_over_Lc,1.8863287250384024,1,L_over_Lc,2.3778718258766625,1,5,0,84,0.02457757296466974,0.08706166868198308
9,9,1523,a,Dash-8,0.001,dash8_t0.5s,0.5,0.5,reported,z_over_Lc,1.8986175115207373,1,L_over_Lc,2.3833131801692864,1,5,0,85,0.02457757296466974,0.08706166868198308
9,9,1523,a,Dash-8,0.001,dash8_t0.5s,0.5,0.5,reported,z_over_Lc,1.9109062980030722,1,L_over_Lc,2.3887545344619103,1,5,0,86,0.02457757296466974,0.08706166868198308
9,9,1523,a,Dash-8,0.001,dash8_t0.5s,0.5,0.5,reported,z_over_Lc,1.923195084485407,1,L_over_Lc,2.399637243047158,1,5,0,87,0.02457757296466974,0.08706166868198308
9,9,1523,a,Dash-8,0.001,dash8_t0.5s,0.5,0.5,reported,z_over_Lc,1.935483870967742,1,L_over_Lc,2.399637243047158,1,5,0,88,0.02457757296466974,0.08706166868198308
9,9,1523,a,Dash-8,0.001,dash8_t0.5s,0.5,0.5,reported,z_over_Lc,1.9477726574500769,1,L_over_Lc,2.405078597339782,1,5,0,89,0.02457757296466974,0.08706166868198308
9,9,1523,a,Dash-8,0.001,dash8_t0.5s,0.5,0.5,reported,z_over_Lc,1.9600614439324118,1,L_over_Lc,2.410519951632406,1,5,0,90,0.02457757296466974,0.08706166868198308
9,9,1523,a,Dash-8,0.001,dash8_t0.5s,0.5,0.5,reported,z_over_Lc,1.9723502304147464,1,L_over_Lc,2.410519951632406,1,5,0,91,0.02457757296466974,0.08706166868198308
9,9,1523,a,Dash-8,0.001,dash8_t0.5s,0.5,0.5,reported,z_over_Lc,1.9846390168970813,1,L_over_Lc,2.405078597339782,1,5,0,92,0.02457757296466974,0.08706166868198308
9,9,1523,a,Dash-8,0.001,dash8_t0.5s,0.5,0.5,reported,z_over_Lc,1.9969278033794162,1,L_over_Lc,2.399637243047158,1,5,0,93,0.02457757296466974,0.08706166868198308
9,9,1523,a,Dash-8,0.001,dash8_t0.5s,0.5,0.5,reported,z_over_Lc,2.0092165898617513,1,L_over_Lc,2.399637243047158,1,5,0,94,0.02457757296466974,0.08706166868198308
9,9,1523,a,Dash-8,0.001,dash8_t0.5s,0.5,0.5,reported,z_over_Lc,2.021505376344086,1,L_over_Lc,2.399637243047158,1,5,0,95,0.02457757296466974,0.08706166868198308
9,9,1523,a,Dash-8,0.001,dash8_t0.5s,0.5,0.5,reported,z_over_Lc,2.0337941628264207,1,L_over_Lc,2.399637243047158,1,5,0,96,0.02457757296466974,0.08706166868198308
9,9,1523,a,Dash-8,0.001,dash8_t0.5s,0.5,0.5,reported,z_over_Lc,2.046082949308756,1,L_over_Lc,2.399637243047158,1,5,0,97,0.02457757296466974,0.08706166868198308
9,9,1523,a,Dash-8,0.001,dash8_t0.5s,0.5,0.5,reported,z_over_Lc,2.0583717357910905,1,L_over_Lc,2.3941958887545343,1,5,0,98,0.02457757296466974,0.08706166868198308
9,9,1523,a,Dash-8,0.001,dash8_t0.5s,0.5,0.5,reported,z_over_Lc,2.0706605222734256,1,L_over_Lc,2.3887545344619103,1,5,0,99,0.02457757296466974,0.08706166868198308
9,9,1523,a,Dash-8,0.001,dash8_t0.5s,0.5,0.5,reported,z_over_Lc,2.0829493087557602,1,L_over_Lc,2.3833131801692864,1,5,0,100,0.02457757296466974,0.08706166868198308
9,9,1523,a,Dash-8,0.001,dash8_t0.5s,0.5,0.5,reported,z_over_Lc,2.0952380952380953,1,L_over_Lc,2.3778718258766625,1,5,0,101,0.02457757296466974,0.08706166868198308
9,9,1523,a,Dash-8,0.001,dash8_t0.5s,0.5,0.5,reported,z_over_Lc,2.10752688172043,1,L_over_Lc,2.3724304715840385,1,5,0,102,0.02457757296466974,0.08706166868198308
9,9,1523,a,Dash-8,0.001,dash8_t0.5s,0.5,0.5,reported,z_over_Lc,2.119815668202765,1,L_over_Lc,2.350665054413543,1,5,0,103,0.02457757296466974,0.08706166868198308
9,9,1523,a,Dash-8,0.001,dash8_t0.5s,0.5,0.5,reported,z_over_Lc,2.1321044546851,1,L_over_Lc,2.334340991535671,1,5,0,104,0.02457757296466974,0.08706166868198308
9,9,1523,a,Dash-8,0.001,dash8_t0.5s,0.5,0.5,reported,z_over_Lc,2.144393241167435,1,L_over_Lc,2.3125755743651752,1,5,0,105,0.02457757296466974,0.08706166868198308
9,9,1523,a,Dash-8,0.001,dash8_t0.5s,0.5,0.5,reported,z_over_Lc,2.1566820276497696,1,L_over_Lc,2.252720677146312,1,5,0,106,0.02457757296466974,0.08706166868198308
9,9,1523,a,Dash-8,0.001,dash8_t0.5s,0.5,0.5,reported,z_over_Lc,2.1566820276497696,1,L_over_Lc,2.3071342200725513,1,5,0,107,0.02457757296466974,0.08706166868198308
9,9,1523,a,Dash-8,0.001,dash8_t0.5s,0.5,0.5,reported,z_over_Lc,2.1689708141321042,1,L_over_Lc,2.2091898428053205,1,5,0,108,0.02457757296466974,0.08706166868198308
9,9,1523,a,Dash-8,0.001,dash8_t0.5s,0.5,0.5,reported,z_over_Lc,2.1689708141321042,1,L_over_Lc,2.2962515114873034,1,5,0,109,0.02457757296466974,0.08706166868198308
9,9,1523,a,Dash-8,0.001,dash8_t0.5s,0.5,0.5,reported,z_over_Lc,2.1812596006144394,1,L_over_Lc,2.1438935912938333,1,5,0,110,0.02457757296466974,0.08706166868198308
9,9,1523,a,Dash-8,0.001,dash8_t0.5s,0.5,0.5,reported,z_over_Lc,2.1812596006144394,1,L_over_Lc,2.2853688029020556,1,5,0,111,0.02457757296466974,0.08706166868198308
9,9,1523,a,Dash-8,0.001,dash8_t0.5s,0.5,0.5,reported,z_over_Lc,2.193548387096774,1,L_over_Lc,2.1112454655380897,1,5,0,112,0.02457757296466974,0.08706166868198308
9,9,1523,a,Dash-8,0.001,dash8_t0.5s,0.5,0.5,reported,z_over_Lc,2.193548387096774,1,L_over_Lc,2.2744860943168077,1,5,0,113,0.02457757296466974,0.08706166868198308
9,9,1523,a,Dash-8,0.001,dash8_t0.5s,0.5,0.5,reported,z_over_Lc,2.205837173579109,1,L_over_Lc,2.100362756952842,1,5,0,114,0.02457757296466974,0.08706166868198308
9,9,1523,a,Dash-8,0.001,dash8_t0.5s,0.5,0.5,reported,z_over_Lc,2.205837173579109,1,L_over_Lc,2.26360338573156,1,5,0,115,0.02457757296466974,0.08706166868198308
9,9,1523,a,Dash-8,0.001,dash8_t0.5s,0.5,0.5,reported,z_over_Lc,2.218125960061444,1,L_over_Lc,2.089480048367594,1,5,0,116,0.02457757296466974,0.08706166868198308
9,9,1523,a,Dash-8,0.001,dash8_t0.5s,0.5,0.5,reported,z_over_Lc,2.218125960061444,1,L_over_Lc,2.241837968561064,1,5,0,117,0.02457757296466974,0.08706166868198308
9,9,1523,a,Dash-8,0.001,dash8_t0.5s,0.5,0.5,reported,z_over_Lc,2.230414746543779,1,L_over_Lc,2.0785973397823456,1,5,0,118,0.02457757296466974,0.08706166868198308
9,9,1523,a,Dash-8,0.001,dash8_t0.5s,0.5,0.5,reported,z_over_Lc,2.230414746543779,1,L_over_Lc,2.2200725513905684,1,5,0,119,0.02457757296466974,0.08706166868198308
9,9,1523,a,Dash-8,0.001,dash8_t0.5s,0.5,0.5,reported,z_over_Lc,2.2427035330261136,1,L_over_Lc,2.0677146311970978,1,5,0,120,0.02457757296466974,0.08706166868198308
9,9,1523,a,Dash-8,0.001,dash8_t0.5s,0.5,0.5,reported,z_over_Lc,2.2427035330261136,1,L_over_Lc,2.1874244256348248,1,5,0,121,0.02457757296466974,0.08706166868198308
9,9,1523,a,Dash-8,0.001,dash8_t0.5s,0.5,0.5,reported,z_over_Lc,2.2549923195084487,1,L_over_Lc,2.0677146311970978,1,5,0,122,0.02457757296466974,0.08706166868198308
9,9,1523,a,Dash-8,0.001,dash8_t0.5s,0.5,0.5,reported,z_over_Lc,2.2549923195084487,1,L_over_Lc,2.154776299879081,1,5,0,123,0.02457757296466974,0.08706166868198308
9,9,1523,a,Dash-8,0.001,dash8_t0.5s,0.5,0.5,reported,z_over_Lc,2.2672811059907834,1,L_over_Lc,2.0840386940749696,1,5,0,124,0.02457757296466974,0.08706166868198308
9,9,1523,a,Dash-8,0.001,dash8_t0.5s,0.5,0.5,reported,z_over_Lc,2.2795698924731185,1,L_over_Lc,2.0731559854897217,1,5,0,125,0.02457757296466974,0.08706166868198308
9,9,1523,a,Dash-8,0.001,dash8_t0.5s,0.5,0.5,reported,z_over_Lc,2.291858678955453,1,L_over_Lc,2.062273276904474,1,5,0,126,0.02457757296466974,0.08706166868198308
9,9,1523,a,Dash-8,0.001,dash8_t0.5s,0.5,0.5,reported,z_over_Lc,2.304147465437788,1,L_over_Lc,2.0677146311970978,1,5,0,127,0.02457757296466974,0.08706166868198308
9,9,1523,a,Dash-8,0.001,dash8_t0.5s,0.5,0.5,reported,z_over_Lc,2.316436251920123,1,L_over_Lc,2.0677146311970978,1,5,0,128,0.02457757296466974,0.08706166868198308
9,9,1523,a,Dash-8,0.001,dash8_t0.5s,0.5,0.5,reported,z_over_Lc,2.3287250384024576,1,L_over_Lc,2.0731559854897217,1,5,0,129,0.02457757296466974,0.08706166868198308
9,9,1523,a,Dash-8,0.001,dash8_t0.5s,0.5,0.5,reported,z_over_Lc,2.3410138248847927,1,L_over_Lc,2.0731559854897217,1,5,0,130,0.02457757296466974,0.08706166868198308
9,9,1523,a,Dash-8,0.001,dash8_t0.5s,0.5,0.5,reported,z_over_Lc,2.3533026113671274,1,L_over_Lc,2.0731559854897217,1,5,0,131,0.02457757296466974,0.08706166868198308
9,9,1523,a,Dash-8,0.001,dash8_t0.5s,0.5,0.5,reported,z_over_Lc,2.3655913978494625,1,L_over_Lc,2.0677146311970978,1,5,0,132,0.02457757296466974,0.08706166868198308
9,9,1523,a,Dash-8,0.001,dash8_t0.5s,0.5,0.5,reported,z_over_Lc,2.377880184331797,1,L_over_Lc,2.05683192261185,1,5,0,133,0.02457757296466974,0.08706166868198308
9,9,1523,a,Dash-8,0.001,dash8_t0.5s,0.5,0.5,reported,z_over_Lc,2.3901689708141323,1,L_over_Lc,2.051390568319226,1,5,0,134,0.02457757296466974,0.08706166868198308
9,9,1523,a,Dash-8,0.001,dash8_t0.5s,0.5,0.5,reported,z_over_Lc,2.402457757296467,1,L_over_Lc,2.045949214026602,1,5,0,135,0.02457757296466974,0.08706166868198308
9,9,1523,a,Dash-8,0.001,dash8_t0.5s,0.5,0.5,reported,z_over_Lc,2.414746543778802,1,L_over_Lc,2.040507859733978,1,5,0,136,0.02457757296466974,0.08706166868198308
9,9,1523,a,Dash-8,0.001,dash8_t0.5s,0.5,0.5,reported,z_over_Lc,2.4270353302611367,1,L_over_Lc,2.02962515114873,1,5,0,137,0.02457757296466974,0.08706166868198308
9,9,1523,a,Dash-8,0.001,dash8_t0.5s,0.5,0.5,reported,z_over_Lc,2.4393241167434714,1,L_over_Lc,2.0187424425634823,1,5,0,138,0.02457757296466974,0.08706166868198308
9,9,1523,a,Dash-8,0.001,dash8_t0.5s,0.5,0.5,reported,z_over_Lc,2.4516129032258065,1,L_over_Lc,2.0133010882708584,1,5,0,139,0.02457757296466974,0.08706166868198308
9,9,1523,a,Dash-8,0.001,dash8_t0.5s,0.5,0.5,reported,z_over_Lc,2.463901689708141,1,L_over_Lc,1.9915356711003627,1,5,0,140,0.02457757296466974,0.08706166868198308
9,9,1523,a,Dash-8,0.001,dash8_t0.5s,0.5,0.5,reported,z_over_Lc,2.4761904761904763,1,L_over_Lc,1.9480048367593712,1,5,0,141,0.02457757296466974,0.08706166868198308
9,9,1523,a,Dash-8,0.001,dash8_t0.5s,0.5,0.5,reported,z_over_Lc,2.4761904761904763,1,L_over_Lc,1.9915356711003627,1,5,0,142,0.02457757296466974,0.08706166868198308
9,9,1523,a,Dash-8,0.001,dash8_t0.5s,0.5,0.5,reported,z_over_Lc,2.488479262672811,1,L_over_Lc,1.8718258766626361,1,5,0,143,0.02457757296466974,0.08706166868198308
9,9,1523,a,Dash-8,0.001,dash8_t0.5s,0.5,0.5,reported,z_over_Lc,2.488479262672811,1,L_over_Lc,1.9806529625151148,1,5,0,144,0.02457757296466974,0.08706166868198308
9,9,1523,a,Dash-8,0.001,dash8_t0.5s,0.5,0.5,reported,z_over_Lc,2.500768049155146,1,L_over_Lc,1.8065296251511487,1,5,0,145,0.02457757296466974,0.08706166868198308
9,9,1523,a,Dash-8,0.001,dash8_t0.5s,0.5,0.5,reported,z_over_Lc,2.500768049155146,1,L_over_Lc,1.969770253929867,1,5,0,146,0.02457757296466974,0.08706166868198308
9,9,1523,a,Dash-8,0.001,dash8_t0.5s,0.5,0.5,reported,z_over_Lc,2.5130568356374807,1,L_over_Lc,1.7412333736396615,1,5,0,147,0.02457757296466974,0.08706166868198308
9,9,1523,a,Dash-8,0.001,dash8_t0.5s,0.5,0.5,reported,z_over_Lc,2.5130568356374807,1,L_over_Lc,1.958887545344619,1,5,0,148,0.02457757296466974,0.08706166868198308
9,9,1523,a,Dash-8,0.001,dash8_t0.5s,0.5,0.5,reported,z_over_Lc,2.525345622119816,1,L_over_Lc,1.7194679564691657,1,5,0,149,0.02457757296466974,0.08706166868198308
9,9,1523,a,Dash-8,0.001,dash8_t0.5s,0.5,0.5,reported,z_over_Lc,2.525345622119816,1,L_over_Lc,1.9371221281741233,1,5,0,150,0.02457757296466974,0.08706166868198308
9,9,1523,a,Dash-8,0.001,dash8_t0.5s,0.5,0.5,reported,z_over_Lc,2.5376344086021505,1,L_over_Lc,1.6650544135429262,1,5,0,151,0.02457757296466974,0.08706166868198308
9,9,1523,a,Dash-8,0.001,dash8_t0.5s,0.5,0.5,reported,z_over_Lc,2.5376344086021505,1,L_over_Lc,1.9262394195888755,1,5,0,152,0.02457757296466974,0.08706166868198308
9,9,1523,a,Dash-8,0.001,dash8_t0.5s,0.5,0.5,reported,z_over_Lc,2.5499231950844856,1,L_over_Lc,1.6324062877871826,1,5,0,153,0.02457757296466974,0.08706166868198308
9,9,1523,a,Dash-8,0.001,dash8_t0.5s,0.5,0.5,reported,z_over_Lc,2.5499231950844856,1,L_over_Lc,1.8935912938331319,1,5,0,154,0.02457757296466974,0.08706166868198308
9,9,1523,a,Dash-8,0.001,dash8_t0.5s,0.5,0.5,reported,z_over_Lc,2.5622119815668203,1,L_over_Lc,1.6106408706166868,1,5,0,155,0.02457757296466974,0.08706166868198308
9,9,1523,a,Dash-8,0.001,dash8_t0.5s,0.5,0.5,reported,z_over_Lc,2.5622119815668203,1,L_over_Lc,1.882708585247884,1,5,0,156,0.02457757296466974,0.08706166868198308
9,9,1523,a,Dash-8,0.001,dash8_t0.5s,0.5,0.5,reported,z_over_Lc,2.574500768049155,1,L_over_Lc,1.588875453446191,1,5,0,157,0.02457757296466974,0.08706166868198308
9,9,1523,a,Dash-8,0.001,dash8_t0.5s,0.5,0.5,reported,z_over_Lc,2.574500768049155,1,L_over_Lc,1.8500604594921404,1,5,0,158,0.02457757296466974,0.08706166868198308
9,9,1523,a,Dash-8,0.001,dash8_t0.5s,0.5,0.5,reported,z_over_Lc,2.58678955453149,1,L_over_Lc,1.5453446191051996,1,5,0,159,0.02457757296466974,0.08706166868198308
9,9,1523,a,Dash-8,0.001,dash8_t0.5s,0.5,0.5,reported,z_over_Lc,2.58678955453149,1,L_over_Lc,1.7956469165659008,1,5,0,160,0.02457757296466974,0.08706166868198308
9,9,1523,a,Dash-8,0.001,dash8_t0.5s,0.5,0.5,reported,z_over_Lc,2.5990783410138247,1,L_over_Lc,1.5235792019347036,1,5,0,161,0.02457757296466974,0.08706166868198308
9,9,1523,a,Dash-8,0.001,dash8_t0.5s,0.5,0.5,reported,z_over_Lc,2.5990783410138247,1,L_over_Lc,1.7194679564691657,1,5,0,162,0.02457757296466974,0.08706166868198308
9,9,1523,a,Dash-8,0.001,dash8_t0.5s,0.5,0.5,reported,z_over_Lc,2.61136712749616,1,L_over_Lc,1.49093107617896,1,5,0,163,0.02457757296466974,0.08706166868198308
9,9,1523,a,Dash-8,0.001,dash8_t0.5s,0.5,0.5,reported,z_over_Lc,2.61136712749616,1,L_over_Lc,1.6650544135429262,1,5,0,164,0.02457757296466974,0.08706166868198308
9,9,1523,a,Dash-8,0.001,dash8_t0.5s,0.5,0.5,reported,z_over_Lc,2.6236559139784945,1,L_over_Lc,1.4256348246674728,1,5,0,165,0.02457757296466974,0.08706166868198308
9,9,1523,a,Dash-8,0.001,dash8_t0.5s,0.5,0.5,reported,z_over_Lc,2.6236559139784945,1,L_over_Lc,1.599758162031439,1,5,0,166,0.02457757296466974,0.08706166868198308
9,9,1523,a,Dash-8,0.001,dash8_t0.5s,0.5,0.5,reported,z_over_Lc,2.6359447004608296,1,L_over_Lc,1.3821039903264813,1,5,0,167,0.02457757296466974,0.08706166868198308
9,9,1523,a,Dash-8,0.001,dash8_t0.5s,0.5,0.5,reported,z_over_Lc,2.6359447004608296,1,L_over_Lc,1.5562273276904475,1,5,0,168,0.02457757296466974,0.08706166868198308
9,9,1523,a,Dash-8,0.001,dash8_t0.5s,0.5,0.5,reported,z_over_Lc,2.6482334869431643,1,L_over_Lc,1.1481257557436517,1,5,0,169,0.02457757296466974,0.08706166868198308
9,9,1523,a,Dash-8,0.001,dash8_t0.5s,0.5,0.5,reported,z_over_Lc,2.6482334869431643,1,L_over_Lc,1.2406287787182588,1,5,1,170,0.02457757296466974,0.08706166868198308
9,9,1523,a,Dash-8,0.001,dash8_t0.5s,0.5,0.5,reported,z_over_Lc,2.6482334869431643,1,L_over_Lc,1.5344619105199517,1,5,1,171,0.02457757296466974,0.08706166868198308
9,9,1523,a,Dash-8,0.001,dash8_t0.5s,0.5,0.5,reported,z_over_Lc,2.6605222734254994,1,L_over_Lc,0.837968561064087,1,5,0,172,0.02457757296466974,0.08706166868198308
9,9,1523,a,Dash-8,0.001,dash8_t0.5s,0.5,0.5,reported,z_over_Lc,2.6605222734254994,1,L_over_Lc,1.501813784764208,1,5,0,173,0.02457757296466974,0.08706166868198308
9,9,1523,a,Dash-8,0.001,dash8_t0.5s,0.5,0.5,reported,z_over_Lc,2.672811059907834,1,L_over_Lc,0.4135429262394196,1,5,0,174,0.02457757296466974,0.08706166868198308
9,9,1523,a,Dash-8,0.001,dash8_t0.5s,0.5,0.5,reported,z_over_Lc,2.672811059907834,1,L_over_Lc,1.4800483675937122,1,5,0,175,0.02457757296466974,0.08706166868198308
9,9,1523,a,Dash-8,0.001,dash8_t0.5s,0.5,0.5,reported,z_over_Lc,2.685099846390169,1,L_over_Lc,0.3373639661426844,1,5,0,176,0.02457757296466974,0.08706166868198308
9,9,1523,a,Dash-8,0.001,dash8_t0.5s,0.5,0.5,reported,z_over_Lc,2.685099846390169,1,L_over_Lc,1.4582829504232164,1,5,0,177,0.02457757296466974,0.08706166868198308
9,9,1523,a,Dash-8,0.001,dash8_t0.5s,0.5,0.5,reported,z_over_Lc,2.697388632872504,1,L_over_Lc,0.29383313180169285,1,5,0,178,0.02457757296466974,0.08706166868198308
9,9,1523,a,Dash-8,0.001,dash8_t0.5s,0.5,0.5,reported,z_over_Lc,2.697388632872504,1,L_over_Lc,1.414752116082225,1,5,0,179,0.02457757296466974,0.08706166868198308
9,9,1523,a,Dash-8,0.001,dash8_t0.5s,0.5,0.5,reported,z_over_Lc,2.7096774193548385,1,L_over_Lc,0.282950423216445,1,5,0,180,0.02457757296466974,0.08706166868198308
9,9,1523,a,Dash-8,0.001,dash8_t0.5s,0.5,0.5,reported,z_over_Lc,2.7096774193548385,1,L_over_Lc,1.3712212817412335,1,5,0,181,0.02457757296466974,0.08706166868198308
9,9,1523,a,Dash-8,0.001,dash8_t0.5s,0.5,0.5,reported,z_over_Lc,2.7219662058371736,1,L_over_Lc,0.26118500604594924,1,5,0,182,0.02457757296466974,0.08706166868198308
9,9,1523,a,Dash-8,0.001,dash8_t0.5s,0.5,0.5,reported,z_over_Lc,2.7219662058371736,1,L_over_Lc,1.3494558645707375,1,5,0,183,0.02457757296466974,0.08706166868198308
9,9,1523,a,Dash-8,0.001,dash8_t0.5s,0.5,0.5,reported,z_over_Lc,2.7342549923195083,1,L_over_Lc,0.23941958887545345,1,5,0,184,0.02457757296466974,0.08706166868198308
9,9,1523,a,Dash-8,0.001,dash8_t0.5s,0.5,0.5,reported,z_over_Lc,2.7342549923195083,1,L_over_Lc,1.2732769044740024,1,5,0,185,0.02457757296466974,0.08706166868198308
9,9,1523,a,Dash-8,0.001,dash8_t0.5s,0.5,0.5,reported,z_over_Lc,2.7465437788018434,1,L_over_Lc,0.22853688029020555,1,5,0,186,0.02457757296466974,0.08706166868198308
9,9,1523,a,Dash-8,0.001,dash8_t0.5s,0.5,0.5,reported,z_over_Lc,2.7465437788018434,1,L_over_Lc,1.2515114873035067,1,5,0,187,0.02457757296466974,0.08706166868198308
9,9,1523,a,Dash-8,0.001,dash8_t0.5s,0.5,0.5,reported,z_over_Lc,2.758832565284178,1,L_over_Lc,0.2067714631197098,1,5,0,188,0.02457757296466974,0.08706166868198308
9,9,1523,a,Dash-8,0.001,dash8_t0.5s,0.5,0.5,reported,z_over_Lc,2.758832565284178,1,L_over_Lc,0.9576783555018138,1,5,0,189,0.02457757296466974,0.08706166868198308
9,9,1523,a,Dash-8,0.001,dash8_t0.5s,0.5,0.5,reported,z_over_Lc,2.771121351766513,1,L_over_Lc,0.16324062877871826,1,5,0,190,0.02457757296466974,0.08706166868198308
9,9,1523,a,Dash-8,0.001,dash8_t0.5s,0.5,0.5,reported,z_over_Lc,2.771121351766513,1,L_over_Lc,0.6856106408706167,1,5,0,191,0.02457757296466974,0.08706166868198308
9,9,1523,a,Dash-8,0.001,dash8_t0.5s,0.5,0.5,reported,z_over_Lc,2.783410138248848,1,L_over_Lc,0.1414752116082225,1,5,0,192,0.02457757296466974,0.08706166868198308
9,9,1523,a,Dash-8,0.001,dash8_t0.5s,0.5,0.5,reported,z_over_Lc,2.783410138248848,1,L_over_Lc,0.2720677146311971,1,5,0,193,0.02457757296466974,0.08706166868198308
9,9,1523,a,Dash-8,0.001,dash8_t0.5s,0.5,0.5,reported,z_over_Lc,2.795698924731183,1,L_over_Lc,0.10882708585247884,1,5,0,194,0.02457757296466974,0.08706166868198308
9,9,1523,a,Dash-8,0.001,dash8_t0.5s,0.5,0.5,reported,z_over_Lc,2.795698924731183,1,L_over_Lc,0.21765417170495768,1,5,0,195,0.02457757296466974,0.08706166868198308
9,9,1523,a,Dash-8,0.001,dash8_t0.5s,0.5,0.5,reported,z_over_Lc,2.8079877112135176,1,L_over_Lc,0.0761789600967352,1,5,0,196,0.02457757296466974,0.08706166868198308
9,9,1523,a,Dash-8,0.001,dash8_t0.5s,0.5,0.5,reported,z_over_Lc,2.8079877112135176,1,L_over_Lc,0.17412333736396615,1,5,0,197,0.02457757296466974,0.08706166868198308
9,9,1523,a,Dash-8,0.001,dash8_t0.5s,0.5,0.5,reported,z_over_Lc,2.8202764976958523,1,L_over_Lc,0.06529625151148731,1,5,0,198,0.02457757296466974,0.08706166868198308
9,9,1523,a,Dash-8,0.001,dash8_t0.5s,0.5,0.5,reported,z_over_Lc,2.8202764976958523,1,L_over_Lc,0.16324062877871826,1,5,0,199,0.02457757296466974,0.08706166868198308
9,9,1523,a,Dash-8,0.001,dash8_t0.5s,0.5,0.5,reported,z_over_Lc,2.8325652841781874,1,L_over_Lc,0.06529625151148731,1,5,0,200,0.02457757296466974,0.08706166868198308
9,9,1523,a,Dash-8,0.001,dash8_t0.5s,0.5,0.5,reported,z_over_Lc,2.8325652841781874,1,L_over_Lc,0.1523579201934704,1,5,0,201,0.02457757296466974,0.08706166868198308
9,9,1523,a,Dash-8,0.001,dash8_t0.5s,0.5,0.5,reported,z_over_Lc,2.844854070660522,1,L_over_Lc,0.06529625151148731,1,5,0,202,0.02457757296466974,0.08706166868198308
9,9,1523,a,Dash-8,0.001,dash8_t0.5s,0.5,0.5,reported,z_over_Lc,2.844854070660522,1,L_over_Lc,0.13059250302297462,1,5,0,203,0.02457757296466974,0.08706166868198308
9,9,1523,a,Dash-8,0.001,dash8_t0.5s,0.5,0.5,reported,z_over_Lc,2.857142857142857,1,L_over_Lc,0.06529625151148731,1,5,0,204,0.02457757296466974,0.08706166868198308
9,9,1523,a,Dash-8,0.001,dash8_t0.5s,0.5,0.5,reported,z_over_Lc,2.857142857142857,1,L_over_Lc,0.10882708585247884,1,5,0,205,0.02457757296466974,0.08706166868198308
9,9,1523,a,Dash-8,0.001,dash8_t0.5s,0.5,0.5,reported,z_over_Lc,2.869431643625192,1,L_over_Lc,0.07073760580411124,1,5,0,206,0.02457757296466974,0.08706166868198308
9,9,1523,a,Dash-8,0.001,dash8_t0.5s,0.5,0.5,reported,z_over_Lc,2.881720430107527,1,L_over_Lc,0.05441354292623942,1,5,0,207,0.02457757296466974,0.08706166868198308
9,9,1523,a,Dash-8,0.001,dash8_t0.5s,0.5,0.5,reported,z_over_Lc,2.8940092165898617,1,L_over_Lc,0.04897218863361548,1,5,0,208,0.02457757296466974,0.08706166868198308
9,9,1523,a,Dash-8,0.001,dash8_t0.5s,0.5,0.5,reported,z_over_Lc,2.9062980030721968,1,L_over_Lc,0.032648125755743655,1,5,0,209,0.02457757296466974,0.08706166868198308
9,9,1523,a,Dash-8,0.001,dash8_t0.5s,0.5,0.5,reported,z_over_Lc,2.9185867895545314,1,L_over_Lc,0.032648125755743655,1,5,0,210,0.02457757296466974,0.08706166868198308
9,9,1523,a,Dash-8,0.001,dash8_t1.0s,1.0,1.0,reported,z_over_Lc,0.07987711213517665,1,L_over_Lc,0.06529625151148731,1,1,0,0,0.07,0.08
9,9,1523,a,Dash-8,0.001,dash8_t1.0s,1.0,1.0,reported,z_over_Lc,0.09216589861751152,1,L_over_Lc,0.04353083434099154,1,1,0,1,0.07,0.08
9,9,1523,a,Dash-8,0.001,dash8_t1.0s,1.0,1.0,reported,z_over_Lc,0.10445468509984639,1,L_over_Lc,0.0380894800483676,1,1,0,2,0.07,0.08
9,9,1523,a,Dash-8,0.001,dash8_t1.0s,1.0,1.0,reported,z_over_Lc,0.11674347158218126,1,L_over_Lc,0.0380894800483676,1,1,0,3,0.07,0.08
9,9,1523,a,Dash-8,0.001,dash8_t1.0s,1.0,1.0,reported,z_over_Lc,0.12903225806451613,1,L_over_Lc,0.032648125755743655,1,1,0,4,0.07,0.08
9,9,1523,a,Dash-8,0.001,dash8_t1.0s,1.0,1.0,reported,z_over_Lc,0.141321044546851,1,L_over_Lc,0.010882708585247884,1,1,0,5,0.07,0.08
9,9,1523,a,Dash-8,0.001,dash8_t1.0s,1.0,1.0,reported,z_over_Lc,0.15360983102918588,1,L_over_Lc,0.0,1,1,0,6,0.07,0.08
9,9,1523,a,Dash-8,0.001,dash8_t1.0s,1.0,1.0,reported,z_over_Lc,0.16589861751152074,1,L_over_Lc,0.21221281741233375,1,2,0,0,0.07,0.13059250302297462
9,9,1523,a,Dash-8,0.001,dash8_t1.0s,1.0,1.0,reported,z_over_Lc,0.1781874039938556,1,L_over_Lc,0.2883917775090689,1,2,0,1,0.07,0.13059250302297462
9,9,1523,a,Dash-8,0.001,dash8_t1.0s,1.0,1.0,reported,z_over_Lc,0.19047619047619047,1,L_over_Lc,0.282950423216445,1,2,0,2,0.07,0.13059250302297462
9,9,1523,a,Dash-8,0.001,dash8_t1.0s,1.0,1.0,reported,z_over_Lc,0.20276497695852536,1,L_over_Lc,0.282950423216445,1,2,0,3,0.07,0.13059250302297462
9,9,1523,a,Dash-8,0.001,dash8_t1.0s,1.0,1.0,reported,z_over_Lc,0.21505376344086022,1,L_over_Lc,0.282950423216445,1,2,0,4,0.07,0.13059250302297462
9,9,1523,a,Dash-8,0.001,dash8_t1.0s,1.0,1.0,reported,z_over_Lc,0.2519201228878648,1,L_over_Lc,0.02720677146311971,1,3,0,0,0.07,0.08706166868198308
9,9,1523,a,Dash-8,0.001,dash8_t1.0s,1.0,1.0,reported,z_over_Lc,0.2642089093701997,1,L_over_Lc,0.04897218863361548,1,3,0,1,0.07,0.08706166868198308
9,9,1523,a,Dash-8,0.001,dash8_t1.0s,1.0,1.0,reported,z_over_Lc,0.2764976958525346,1,L_over_Lc,0.05441354292623942,1,3,0,2,0.07,0.08706166868198308
9,9,1523,a,Dash-8,0.001,dash8_t1.0s,1.0,1.0,reported,z_over_Lc,0.2887864823348694,1,L_over_Lc,0.05985489721886336,1,3,0,3,0.07,0.08706166868198308
9,9,1523,a,Dash-8,0.001,dash8_t1.0s,1.0,1.0,reported,z_over_Lc,0.3010752688172043,1,L_over_Lc,0.06529625151148731,1,3,0,4,0.07,0.08706166868198308
9,9,1523,a,Dash-8,0.001,dash8_t1.0s,1.0,1.0,reported,z_over_Lc,0.31336405529953915,1,L_over_Lc,0.07073760580411124,1,3,0,5,0.07,0.08706166868198308
9,9,1523,a,Dash-8,0.001,dash8_t1.0s,1.0,1.0,reported,z_over_Lc,0.3379416282642089,1,L_over_Lc,0.9957678355501813,1,4,0,0,0.02457757296466974,0.0761789600967352
9,9,1523,a,Dash-8,0.001,dash8_t1.0s,1.0,1.0,reported,z_over_Lc,0.35023041474654376,1,L_over_Lc,0.9794437726723095,1,4,0,1,0.02457757296466974,0.0761789600967352
9,9,1523,a,Dash-8,0.001,dash8_t1.0s,1.0,1.0,reported,z_over_Lc,0.36251920122887865,1,L_over_Lc,1.0012091898428053,1,4,0,2,0.02457757296466974,0.0761789600967352
9,9,1523,a,Dash-8,0.001,dash8_t1.0s,1.0,1.0,reported,z_over_Lc,0.37480798771121354,1,L_over_Lc,1.017533252720677,1,4,0,3,0.02457757296466974,0.0761789600967352
9,9,1523,a,Dash-8,0.001,dash8_t1.0s,1.0,1.0,reported,z_over_Lc,0.3870967741935484,1,L_over_Lc,1.022974607013301,1,4,0,4,0.02457757296466974,0.0761789600967352
9,9,1523,a,Dash-8,0.001,dash8_t1.0s,1.0,1.0,reported,z_over_Lc,0.39938556067588327,1,L_over_Lc,1.017533252720677,1,4,0,5,0.02457757296466974,0.0761789600967352
9,9,1523,a,Dash-8,0.001,dash8_t1.0s,1.0,1.0,reported,z_over_Lc,0.4116743471582181,1,L_over_Lc,1.0120918984280531,1,4,0,6,0.02457757296466974,0.0761789600967352
9,9,1523,a,Dash-8,0.001,dash8_t1.0s,1.0,1.0,reported,z_over_Lc,0.4116743471582181,1,L_over_Lc,1.120918984280532,1,4,0,7,0.02457757296466974,0.0761789600967352
9,9,1523,a,Dash-8,0.001,dash8_t1.0s,1.0,1.0,reported,z_over_Lc,0.423963133640553,1,L_over_Lc,1.0120918984280531,1,4,0,8,0.02457757296466974,0.0761789600967352
9,9,1523,a,Dash-8,0.001,dash8_t1.0s,1.0,1.0,reported,z_over_Lc,0.423963133640553,1,L_over_Lc,1.218863361547763,1,4,0,9,0.02457757296466974,0.0761789600967352
9,9,1523,a,Dash-8,0.001,dash8_t1.0s,1.0,1.0,reported,z_over_Lc,0.4362519201228879,1,L_over_Lc,1.0120918984280531,1,4,0,10,0.02457757296466974,0.0761789600967352
9,9,1523,a,Dash-8,0.001,dash8_t1.0s,1.0,1.0,reported,z_over_Lc,0.4362519201228879,1,L_over_Lc,1.229746070133011,1,4,0,11,0.02457757296466974,0.0761789600967352
9,9,1523,a,Dash-8,0.001,dash8_t1.0s,1.0,1.0,reported,z_over_Lc,0.4485407066052227,1,L_over_Lc,1.0120918984280531,1,4,0,12,0.02457757296466974,0.0761789600967352
9,9,1523,a,Dash-8,0.001,dash8_t1.0s,1.0,1.0,reported,z_over_Lc,0.4485407066052227,1,L_over_Lc,1.2406287787182588,1,4,0,13,0.02457757296466974,0.0761789600967352
9,9,1523,a,Dash-8,0.001,dash8_t1.0s,1.0,1.0,reported,z_over_Lc,0.4608294930875576,1,L_over_Lc,0.9141475211608222,1,4,0,14,0.02457757296466974,0.0761789600967352
9,9,1523,a,Dash-8,0.001,dash8_t1.0s,1.0,1.0,reported,z_over_Lc,0.4608294930875576,1,L_over_Lc,1.2406287787182588,1,4,0,15,0.02457757296466974,0.0761789600967352
9,9,1523,a,Dash-8,0.001,dash8_t1.0s,1.0,1.0,reported,z_over_Lc,0.4731182795698925,1,L_over_Lc,0.3047158403869408,1,4,0,16,0.02457757296466974,0.0761789600967352
9,9,1523,a,Dash-8,0.001,dash8_t1.0s,1.0,1.0,reported,z_over_Lc,0.4731182795698925,1,L_over_Lc,0.5006045949214026,1,4,0,17,0.02457757296466974,0.0761789600967352
9,9,1523,a,Dash-8,0.001,dash8_t1.0s,1.0,1.0,reported,z_over_Lc,0.4731182795698925,1,L_over_Lc,0.848851269649335,1,4,1,18,0.02457757296466974,0.0761789600967352
9,9,1523,a,Dash-8,0.001,dash8_t1.0s,1.0,1.0,reported,z_over_Lc,0.4731182795698925,1,L_over_Lc,1.2406287787182588,1,4,1,19,0.02457757296466974,0.0761789600967352
9,9,1523,a,Dash-8,0.001,dash8_t1.0s,1.0,1.0,reported,z_over_Lc,0.48540706605222733,1,L_over_Lc,0.05441354292623942,1,4,0,20,0.02457757296466974,0.0761789600967352
9,9,1523,a,Dash-8,0.001,dash8_t1.0s,1.0,1.0,reported,z_over_Lc,0.48540706605222733,1,L_over_Lc,1.2406287787182588,1,4,0,21,0.02457757296466974,0.0761789600967352
9,9,1523,a,Dash-8,0.001,dash8_t1.0s,1.0,1.0,reported,z_over_Lc,0.4976958525345622,1,L_over_Lc,0.05441354292623942,1,4,0,22,0.02457757296466974,0.0761789600967352
9,9,1523,a,Dash-8,0.001,dash8_t1.0s,1.0,1.0,reported,z_over_Lc,0.4976958525345622,1,L_over_Lc,1.2406287787182588,1,4,0,23,0.02457757296466974,0.0761789600967352
9,9,1523,a,Dash-8,0.001,dash8_t1.0s,1.0,1.0,reported,z_over_Lc,0.5099846390168971,1,L_over_Lc,0.05441354292623942,1,4,0,24,0.02457757296466974,0.0761789600967352
9,9,1523,a,Dash-8,0.001,dash8_t1.0s,1.0,1.0,reported,z_over_Lc,0.5099846390168971,1,L_over_Lc,1.2406287787182588,1,4,0,25,0.02457757296466974,0.0761789600967352
9,9,1523,a,Dash-8,0.001,dash8_t1.0s,1.0,1.0,reported,z_over_Lc,0.522273425499232,1,L_over_Lc,0.05441354292623942,1,4,0,26,0.02457757296466974,0.0761789600967352
9,9,1523,a,Dash-8,0.001,dash8_t1.0s,1.0,1.0,reported,z_over_Lc,0.522273425499232,1,L_over_Lc,1.229746070133011,1,4,0,27,0.02457757296466974,0.0761789600967352
9,9,1523,a,Dash-8,0.001,dash8_t1.0s,1.0,1.0,reported,z_over_Lc,0.5345622119815668,1,L_over_Lc,0.05441354292623942,1,4,0,28,0.02457757296466974,0.0761789600967352
9,9,1523,a,Dash-8,0.001,dash8_t1.0s,1.0,1.0,reported,z_over_Lc,0.5345622119815668,1,L_over_Lc,1.1644498186215235,1,4,0,29,0.02457757296466974,0.0761789600967352
9,9,1523,a,Dash-8,0.001,dash8_t1.0s,1.0,1.0,reported,z_over_Lc,0.5468509984639017,1,L_over_Lc,0.05441354292623942,1,4,0,30,0.02457757296466974,0.0761789600967352
9,9,1523,a,Dash-8,0.001,dash8_t1.0s,1.0,1.0,reported,z_over_Lc,0.5468509984639017,1,L_over_Lc,1.120918984280532,1,4,0,31,0.02457757296466974,0.0761789600967352
9,9,1523,a,Dash-8,0.001,dash8_t1.0s,1.0,1.0,reported,z_over_Lc,0.5591397849462365,1,L_over_Lc,0.05441354292623942,1,4,0,32,0.02457757296466974,0.0761789600967352
9,9,1523,a,Dash-8,0.001,dash8_t1.0s,1.0,1.0,reported,z_over_Lc,0.5591397849462365,1,L_over_Lc,0.5985489721886336,1,4,0,33,0.02457757296466974,0.0761789600967352
9,9,1523,a,Dash-8,0.001,dash8_t1.0s,1.0,1.0,reported,z_over_Lc,0.5714285714285714,1,L_over_Lc,0.05441354292623942,1,4,0,34,0.02457757296466974,0.0761789600967352
9,9,1523,a,Dash-8,0.001,dash8_t1.0s,1.0,1.0,reported,z_over_Lc,0.5714285714285714,1,L_over_Lc,0.37001209189842804,1,4,0,35,0.02457757296466974,0.0761789600967352
9,9,1523,a,Dash-8,0.001,dash8_t1.0s,1.0,1.0,reported,z_over_Lc,0.5837173579109063,1,L_over_Lc,0.05441354292623942,1,4,0,36,0.02457757296466974,0.0761789600967352
9,9,1523,a,Dash-8,0.001,dash8_t1.0s,1.0,1.0,reported,z_over_Lc,0.5837173579109063,1,L_over_Lc,0.2720677146311971,1,4,0,37,0.02457757296466974,0.0761789600967352
9,9,1523,a,Dash-8,0.001,dash8_t1.0s,1.0,1.0,reported,z_over_Lc,0.5960061443932412,1,L_over_Lc,0.02720677146311971,1,4,0,38,0.02457757296466974,0.0761789600967352
9,9,1523,a,Dash-8,0.001,dash8_t1.0s,1.0,1.0,reported,z_over_Lc,0.6082949308755761,1,L_over_Lc,0.02720677146311971,1,4,0,39,0.02457757296466974,0.0761789600967352
9,9,1523,a,Dash-8,0.001,dash8_t1.0s,1.0,1.0,reported,z_over_Lc,0.620583717357911,1,L_over_Lc,0.02720677146311971,1,4,0,40,0.02457757296466974,0.0761789600967352
9,9,1523,a,Dash-8,0.001,dash8_t1.0s,1.0,1.0,reported,z_over_Lc,0.6328725038402457,1,L_over_Lc,0.032648125755743655,1,4,0,41,0.02457757296466974,0.0761789600967352
9,9,1523,a,Dash-8,0.001,dash8_t1.0s,1.0,1.0,reported,z_over_Lc,0.6451612903225806,1,L_over_Lc,0.032648125755743655,1,4,0,42,0.02457757296466974,0.0761789600967352
9,9,1523,a,Dash-8,0.001,dash8_t1.0s,1.0,1.0,reported,z_over_Lc,0.6574500768049155,1,L_over_Lc,0.0380894800483676,1,4,0,43,0.02457757296466974,0.0761789600967352
9,9,1523,a,Dash-8,0.001,dash8_t1.0s,1.0,1.0,reported,z_over_Lc,0.6697388632872504,1,L_over_Lc,0.0380894800483676,1,4,0,44,0.02457757296466974,0.0761789600967352
9,9,1523,a,Dash-8,0.001,dash8_t1.0s,1.0,1.0,reported,z_over_Lc,0.6820276497695853,1,L_over_Lc,0.05985489721886336,1,4,0,45,0.02457757296466974,0.0761789600967352
9,9,1523,a,Dash-8,0.001,dash8_t1.0s,1.0,1.0,reported,z_over_Lc,0.6943164362519201,1,L_over_Lc,0.07073760580411124,1,4,0,46,0.02457757296466974,0.0761789600967352
9,9,1523,a,Dash-8,0.001,dash8_t1.0s,1.0,1.0,reported,z_over_Lc,0.706605222734255,1,L_over_Lc,0.05441354292623942,1,4,0,47,0.02457757296466974,0.0761789600967352
9,9,1523,a,Dash-8,0.001,dash8_t1.0s,1.0,1.0,reported,z_over_Lc,0.706605222734255,1,L_over_Lc,0.11970979443772672,1,4,0,48,0.02457757296466974,0.0761789600967352
9,9,1523,a,Dash-8,0.001,dash8_t1.0s,1.0,1.0,reported,z_over_Lc,0.7188940092165899,1,L_over_Lc,0.05441354292623942,1,4,0,49,0.02457757296466974,0.0761789600967352
9,9,1523,a,Dash-8,0.001,dash8_t1.0s,1.0,1.0,reported,z_over_Lc,0.7188940092165899,1,L_over_Lc,0.1414752116082225,1,4,0,50,0.02457757296466974,0.0761789600967352
9,9,1523,a,Dash-8,0.001,dash8_t1.0s,1.0,1.0,reported,z_over_Lc,0.7311827956989247,1,L_over_Lc,0.06529625151148731,1,4,0,51,0.02457757296466974,0.0761789600967352
9,9,1523,a,Dash-8,0.001,dash8_t1.0s,1.0,1.0,reported,z_over_Lc,0.7311827956989247,1,L_over_Lc,0.2503022974607013,1,4,0,52,0.02457757296466974,0.0761789600967352
9,9,1523,a,Dash-8,0.001,dash8_t1.0s,1.0,1.0,reported,z_over_Lc,0.7434715821812596,1,L_over_Lc,0.06529625151148731,1,4,0,53,0.02457757296466974,0.0761789600967352
9,9,1523,a,Dash-8,0.001,dash8_t1.0s,1.0,1.0,reported,z_over_Lc,0.7434715821812596,1,L_over_Lc,0.3808948004836759,1,4,0,54,0.02457757296466974,0.0761789600967352
9,9,1523,a,Dash-8,0.001,dash8_t1.0s,1.0,1.0,reported,z_over_Lc,0.7557603686635944,1,L_over_Lc,0.06529625151148731,1,4,0,55,0.02457757296466974,0.0761789600967352
9,9,1523,a,Dash-8,0.001,dash8_t1.0s,1.0,1.0,reported,z_over_Lc,0.7557603686635944,1,L_over_Lc,0.6638452237001209,1,4,0,56,0.02457757296466974,0.0761789600967352
9,9,1523,a,Dash-8,0.001,dash8_t1.0s,1.0,1.0,reported,z_over_Lc,0.7680491551459293,1,L_over_Lc,0.09794437726723096,1,4,0,57,0.02457757296466974,0.0761789600967352
9,9,1523,a,Dash-8,0.001,dash8_t1.0s,1.0,1.0,reported,z_over_Lc,0.7680491551459293,1,L_over_Lc,0.8053204353083434,1,4,0,58,0.02457757296466974,0.0761789600967352
9,9,1523,a,Dash-8,0.001,dash8_t1.0s,1.0,1.0,reported,z_over_Lc,0.7803379416282642,1,L_over_Lc,0.13059250302297462,1,4,0,59,0.02457757296466974,0.0761789600967352
9,9,1523,a,Dash-8,0.001,dash8_t1.0s,1.0,1.0,reported,z_over_Lc,0.7803379416282642,1,L_over_Lc,0.8597339782345829,1,4,0,60,0.02457757296466974,0.0761789600967352
9,9,1523,a,Dash-8,0.001,dash8_t1.0s,1.0,1.0,reported,z_over_Lc,0.7926267281105991,1,L_over_Lc,0.1523579201934704,1,4,0,61,0.02457757296466974,0.0761789600967352
9,9,1523,a,Dash-8,0.001,dash8_t1.0s,1.0,1.0,reported,z_over_Lc,0.7926267281105991,1,L_over_Lc,0.8923821039903265,1,4,0,62,0.02457757296466974,0.0761789600967352
9,9,1523,a,Dash-8,0.001,dash8_t1.0s,1.0,1.0,reported,z_over_Lc,0.804915514592934,1,L_over_Lc,0.19588875453446192,1,4,0,63,0.02457757296466974,0.0761789600967352
9,9,1523,a,Dash-8,0.001,dash8_t1.0s,1.0,1.0,reported,z_over_Lc,0.804915514592934,1,L_over_Lc,0.9359129383313181,1,4,0,64,0.02457757296466974,0.0761789600967352
9,9,1523,a,Dash-8,0.001,dash8_t1.0s,1.0,1.0,reported,z_over_Lc,0.8172043010752689,1,L_over_Lc,0.21765417170495768,1,4,0,65,0.02457757296466974,0.0761789600967352
9,9,1523,a,Dash-8,0.001,dash8_t1.0s,1.0,1.0,reported,z_over_Lc,0.8172043010752689,1,L_over_Lc,0.9467956469165659,1,4,0,66,0.02457757296466974,0.0761789600967352
9,9,1523,a,Dash-8,0.001,dash8_t1.0s,1.0,1.0,reported,z_over_Lc,0.8294930875576036,1,L_over_Lc,0.23941958887545345,1,4,0,67,0.02457757296466974,0.0761789600967352
9,9,1523,a,Dash-8,0.001,dash8_t1.0s,1.0,1.0,reported,z_over_Lc,0.8294930875576036,1,L_over_Lc,0.9685610640870617,1,4,0,68,0.02457757296466974,0.0761789600967352
9,9,1523,a,Dash-8,0.001,dash8_t1.0s,1.0,1.0,reported,z_over_Lc,0.8417818740399385,1,L_over_Lc,0.3482466747279323,1,4,0,69,0.02457757296466974,0.0761789600967352
9,9,1523,a,Dash-8,0.001,dash8_t1.0s,1.0,1.0,reported,z_over_Lc,0.8417818740399385,1,L_over_Lc,1.0012091898428053,1,4,0,70,0.02457757296466974,0.0761789600967352
9,9,1523,a,Dash-8,0.001,dash8_t1.0s,1.0,1.0,reported,z_over_Lc,0.8540706605222734,1,L_over_Lc,0.5223700120918985,1,4,0,71,0.02457757296466974,0.0761789600967352
9,9,1523,a,Dash-8,0.001,dash8_t1.0s,1.0,1.0,reported,z_over_Lc,0.8540706605222734,1,L_over_Lc,1.0665054413542927,1,4,0,72,0.02457757296466974,0.0761789600967352
9,9,1523,a,Dash-8,0.001,dash8_t1.0s,1.0,1.0,reported,z_over_Lc,0.8663594470046083,1,L_over_Lc,0.750906892382104,1,4,0,73,0.02457757296466974,0.0761789600967352
9,9,1523,a,Dash-8,0.001,dash8_t1.0s,1.0,1.0,reported,z_over_Lc,0.8663594470046083,1,L_over_Lc,1.120918984280532,1,4,0,74,0.02457757296466974,0.0761789600967352
9,9,1523,a,Dash-8,0.001,dash8_t1.0s,1.0,1.0,reported,z_over_Lc,0.8786482334869432,1,L_over_Lc,0.9141475211608222,1,4,0,75,0.02457757296466974,0.0761789600967352
9,9,1523,a,Dash-8,0.001,dash8_t1.0s,1.0,1.0,reported,z_over_Lc,0.8786482334869432,1,L_over_Lc,1.1644498186215235,1,4,0,76,0.02457757296466974,0.0761789600967352
9,9,1523,a,Dash-8,0.001,dash8_t1.0s,1.0,1.0,reported,z_over_Lc,0.890937019969278,1,L_over_Lc,0.9467956469165659,1,4,0,77,0.02457757296466974,0.0761789600967352
9,9,1523,a,Dash-8,0.001,dash8_t1.0s,1.0,1.0,reported,z_over_Lc,0.890937019969278,1,L_over_Lc,1.2079806529625152,1,4,0,78,0.02457757296466974,0.0761789600967352
9,9,1523,a,Dash-8,0.001,dash8_t1.0s,1.0,1.0,reported,z_over_Lc,0.9032258064516129,1,L_over_Lc,0.9794437726723095,1,4,0,79,0.02457757296466974,0.0761789600967352
9,9,1523,a,Dash-8,0.001,dash8_t1.0s,1.0,1.0,reported,z_over_Lc,0.9032258064516129,1,L_over_Lc,1.2406287787182588,1,4,0,80,0.02457757296466974,0.0761789600967352
9,9,1523,a,Dash-8,0.001,dash8_t1.0s,1.0,1.0,reported,z_over_Lc,0.9155145929339478,1,L_over_Lc,1.022974607013301,1,4,0,81,0.02457757296466974,0.0761789600967352
9,9,1523,a,Dash-8,0.001,dash8_t1.0s,1.0,1.0,reported,z_over_Lc,0.9155145929339478,1,L_over_Lc,1.6541717049576783,1,4,0,82,0.02457757296466974,0.0761789600967352
9,9,1523,a,Dash-8,0.001,dash8_t1.0s,1.0,1.0,reported,z_over_Lc,0.9278033794162827,1,L_over_Lc,1.0338573155985489,1,4,0,83,0.02457757296466974,0.0761789600967352
9,9,1523,a,Dash-8,0.001,dash8_t1.0s,1.0,1.0,reported,z_over_Lc,0.9278033794162827,1,L_over_Lc,1.7629987908101572,1,4,0,84,0.02457757296466974,0.0761789600967352
9,9,1523,a,Dash-8,0.001,dash8_t1.0s,1.0,1.0,reported,z_over_Lc,0.9400921658986175,1,L_over_Lc,1.0556227327690448,1,4,0,85,0.02457757296466974,0.0761789600967352
9,9,1523,a,Dash-8,0.001,dash8_t1.0s,1.0,1.0,reported,z_over_Lc,0.9400921658986175,1,L_over_Lc,1.784764207980653,1,4,0,86,0.02457757296466974,0.0761789600967352
9,9,1523,a,Dash-8,0.001,dash8_t1.0s,1.0,1.0,reported,z_over_Lc,0.9400921658986175,1,L_over_Lc,1.969770253929867,1,4,1,87,0.02457757296466974,0.0761789600967352
9,9,1523,a,Dash-8,0.001,dash8_t1.0s,1.0,1.0,reported,z_over_Lc,0.9523809523809523,1,L_over_Lc,1.120918984280532,1,4,0,88,0.02457757296466974,0.0761789600967352
9,9,1523,a,Dash-8,0.001,dash8_t1.0s,1.0,1.0,reported,z_over_Lc,0.9523809523809523,1,L_over_Lc,1.969770253929867,1,4,0,89,0.02457757296466974,0.0761789600967352
9,9,1523,a,Dash-8,0.001,dash8_t1.0s,1.0,1.0,reported,z_over_Lc,0.9646697388632872,1,L_over_Lc,1.1753325272067714,1,4,0,90,0.02457757296466974,0.0761789600967352
9,9,1523,a,Dash-8,0.001,dash8_t1.0s,1.0,1.0,reported,z_over_Lc,0.9646697388632872,1,L_over_Lc,1.969770253929867,1,4,0,91,0.02457757296466974,0.0761789600967352
9,9,1523,a,Dash-8,0.001,dash8_t1.0s,1.0,1.0,reported,z_over_Lc,0.9769585253456221,1,L_over_Lc,1.218863361547763,1,4,0,92,0.02457757296466974,0.0761789600967352
9,9,1523,a,Dash-8,0.001,dash8_t1.0s,1.0,1.0,reported,z_over_Lc,0.9769585253456221,1,L_over_Lc,1.969770253929867,1,4,0,93,0.02457757296466974,0.0761789600967352
9,9,1523,a,Dash-8,0.001,dash8_t1.0s,1.0,1.0,reported,z_over_Lc,0.989247311827957,1,L_over_Lc,1.2623941958887546,1,4,0,94,0.02457757296466974,0.0761789600967352
9,9,1523,a,Dash-8,0.001,dash8_t1.0s,1.0,1.0,reported,z_over_Lc,0.989247311827957,1,L_over_Lc,1.969770253929867,1,4,0,95,0.02457757296466974,0.0761789600967352
9,9,1523,a,Dash-8,0.001,dash8_t1.0s,1.0,1.0,reported,z_over_Lc,1.001536098310292,1,L_over_Lc,1.305925030229746,1,4,0,96,0.02457757296466974,0.0761789600967352
9,9,1523,a,Dash-8,0.001,dash8_t1.0s,1.0,1.0,reported,z_over_Lc,1.001536098310292,1,L_over_Lc,1.969770253929867,1,4,0,97,0.02457757296466974,0.0761789600967352
9,9,1523,a,Dash-8,0.001,dash8_t1.0s,1.0,1.0,reported,z_over_Lc,1.0138248847926268,1,L_over_Lc,1.3385731559854896,1,4,0,98,0.02457757296466974,0.0761789600967352
9,9,1523,a,Dash-8,0.001,dash8_t1.0s,1.0,1.0,reported,z_over_Lc,1.0138248847926268,1,L_over_Lc,1.9806529625151148,1,4,0,99,0.02457757296466974,0.0761789600967352
9,9,1523,a,Dash-8,0.001,dash8_t1.0s,1.0,1.0,reported,z_over_Lc,1.0261136712749617,1,L_over_Lc,1.958887545344619,1,4,0,100,0.02457757296466974,0.0761789600967352
9,9,1523,a,Dash-8,0.001,dash8_t1.0s,1.0,1.0,reported,z_over_Lc,1.0384024577572966,1,L_over_Lc,1.9752116082224909,1,4,0,101,0.02457757296466974,0.0761789600967352
9,9,1523,a,Dash-8,0.001,dash8_t1.0s,1.0,1.0,reported,z_over_Lc,1.1121351766513057,1,L_over_Lc,2.334340991535671,1,5,0,0,0.02457757296466974,0.09794437726723096
9,9,1523,a,Dash-8,0.001,dash8_t1.0s,1.0,1.0,reported,z_over_Lc,1.1121351766513057,1,L_over_Lc,2.4214026602176544,1,5,1,1,0.02457757296466974,0.09794437726723096
9,9,1523,a,Dash-8,0.001,dash8_t1.0s,1.0,1.0,reported,z_over_Lc,1.1244239631336406,1,L_over_Lc,2.350665054413543,1,5,0,2,0.02457757296466974,0.09794437726723096
9,9,1523,a,Dash-8,0.001,dash8_t1.0s,1.0,1.0,reported,z_over_Lc,1.1244239631336406,1,L_over_Lc,2.5574365175332527,1,5,0,3,0.02457757296466974,0.09794437726723096
9,9,1523,a,Dash-8,0.001,dash8_t1.0s,1.0,1.0,reported,z_over_Lc,1.1367127496159755,1,L_over_Lc,2.405078597339782,1,5,0,4,0.02457757296466974,0.09794437726723096
9,9,1523,a,Dash-8,0.001,dash8_t1.0s,1.0,1.0,reported,z_over_Lc,1.1367127496159755,1,L_over_Lc,2.5792019347037485,1,5,0,5,0.02457757296466974,0.09794437726723096
9,9,1523,a,Dash-8,0.001,dash8_t1.0s,1.0,1.0,reported,z_over_Lc,1.1490015360983103,1,L_over_Lc,2.4159613059250304,1,5,0,6,0.02457757296466974,0.09794437726723096
9,9,1523,a,Dash-8,0.001,dash8_t1.0s,1.0,1.0,reported,z_over_Lc,1.1490015360983103,1,L_over_Lc,2.600967351874244,1,5,0,7,0.02457757296466974,0.09794437726723096
9,9,1523,a,Dash-8,0.001,dash8_t1.0s,1.0,1.0,reported,z_over_Lc,1.1612903225806452,1,L_over_Lc,2.4268440145102783,1,5,0,8,0.02457757296466974,0.09794437726723096
9,9,1523,a,Dash-8,0.001,dash8_t1.0s,1.0,1.0,reported,z_over_Lc,1.1612903225806452,1,L_over_Lc,2.600967351874244,1,5,0,9,0.02457757296466974,0.09794437726723096
9,9,1523,a,Dash-8,0.001,dash8_t1.0s,1.0,1.0,reported,z_over_Lc,1.1735791090629801,1,L_over_Lc,2.448609431680774,1,5,0,10,0.02457757296466974,0.09794437726723096
9,9,1523,a,Dash-8,0.001,dash8_t1.0s,1.0,1.0,reported,z_over_Lc,1.1735791090629801,1,L_over_Lc,2.6662636033857314,1,5,0,11,0.02457757296466974,0.09794437726723096
9,9,1523,a,Dash-8,0.001,dash8_t1.0s,1.0,1.0,reported,z_over_Lc,1.1858678955453148,1,L_over_Lc,2.47037484885127,1,5,0,12,0.02457757296466974,0.09794437726723096
9,9,1523,a,Dash-8,0.001,dash8_t1.0s,1.0,1.0,reported,z_over_Lc,1.1858678955453148,1,L_over_Lc,2.6771463119709793,1,5,0,13,0.02457757296466974,0.09794437726723096
9,9,1523,a,Dash-8,0.001,dash8_t1.0s,1.0,1.0,reported,z_over_Lc,1.1981566820276497,1,L_over_Lc,2.535671100362757,1,5,0,14,0.02457757296466974,0.09794437726723096
9,9,1523,a,Dash-8,0.001,dash8_t1.0s,1.0,1.0,reported,z_over_Lc,1.1981566820276497,1,L_over_Lc,2.688029020556227,1,5,0,15,0.02457757296466974,0.09794437726723096
9,9,1523,a,Dash-8,0.001,dash8_t1.0s,1.0,1.0,reported,z_over_Lc,1.2104454685099846,1,L_over_Lc,2.6553808948004836,1,5,0,16,0.02457757296466974,0.09794437726723096
9,9,1523,a,Dash-8,0.001,dash8_t1.0s,1.0,1.0,reported,z_over_Lc,1.2104454685099846,1,L_over_Lc,2.698911729141475,1,5,0,17,0.02457757296466974,0.09794437726723096
9,9,1523,a,Dash-8,0.001,dash8_t1.0s,1.0,1.0,reported,z_over_Lc,1.2227342549923195,1,L_over_Lc,2.6771463119709793,1,5,0,18,0.02457757296466974,0.09794437726723096
9,9,1523,a,Dash-8,0.001,dash8_t1.0s,1.0,1.0,reported,z_over_Lc,1.2227342549923195,1,L_over_Lc,2.698911729141475,1,5,0,19,0.02457757296466974,0.09794437726723096
9,9,1523,a,Dash-8,0.001,dash8_t1.0s,1.0,1.0,reported,z_over_Lc,1.2350230414746544,1,L_over_Lc,2.693470374848851,1,5,0,20,0.02457757296466974,0.09794437726723096
9,9,1523,a,Dash-8,0.001,dash8_t1.0s,1.0,1.0,reported,z_over_Lc,1.2473118279569892,1,L_over_Lc,2.698911729141475,1,5,0,21,0.02457757296466974,0.09794437726723096
9,9,1523,a,Dash-8,0.001,dash8_t1.0s,1.0,1.0,reported,z_over_Lc,1.2596006144393241,1,L_over_Lc,2.709794437726723,1,5,0,22,0.02457757296466974,0.09794437726723096
9,9,1523,a,Dash-8,0.001,dash8_t1.0s,1.0,1.0,reported,z_over_Lc,1.271889400921659,1,L_over_Lc,2.7261185006045947,1,5,0,23,0.02457757296466974,0.09794437726723096
9,9,1523,a,Dash-8,0.001,dash8_t1.0s,1.0,1.0,reported,z_over_Lc,1.284178187403994,1,L_over_Lc,2.7315598548972186,1,5,0,24,0.02457757296466974,0.09794437726723096
9,9,1523,a,Dash-8,0.001,dash8_t1.0s,1.0,1.0,reported,z_over_Lc,1.2964669738863288,1,L_over_Lc,2.737001209189843,1,5,0,25,0.02457757296466974,0.09794437726723096
9,9,1523,a,Dash-8,0.001,dash8_t1.0s,1.0,1.0,reported,z_over_Lc,1.3087557603686637,1,L_over_Lc,2.737001209189843,1,5,0,26,0.02457757296466974,0.09794437726723096
9,9,1523,a,Dash-8,0.001,dash8_t1.0s,1.0,1.0,reported,z_over_Lc,1.3210445468509984,1,L_over_Lc,2.753325272067715,1,5,0,27,0.02457757296466974,0.09794437726723096
9,9,1523,a,Dash-8,0.001,dash8_t1.0s,1.0,1.0,reported,z_over_Lc,1.3333333333333333,1,L_over_Lc,2.7642079806529627,1,5,0,28,0.02457757296466974,0.09794437726723096
9,9,1523,a,Dash-8,0.001,dash8_t1.0s,1.0,1.0,reported,z_over_Lc,1.3456221198156681,1,L_over_Lc,2.7696493349455866,1,5,0,29,0.02457757296466974,0.09794437726723096
9,9,1523,a,Dash-8,0.001,dash8_t1.0s,1.0,1.0,reported,z_over_Lc,1.357910906298003,1,L_over_Lc,2.7696493349455866,1,5,0,30,0.02457757296466974,0.09794437726723096
9,9,1523,a,Dash-8,0.001,dash8_t1.0s,1.0,1.0,reported,z_over_Lc,1.370199692780338,1,L_over_Lc,2.7805320435308345,1,5,0,31,0.02457757296466974,0.09794437726723096
9,9,1523,a,Dash-8,0.001,dash8_t1.0s,1.0,1.0,reported,z_over_Lc,1.3824884792626728,1,L_over_Lc,2.7859733978234584,1,5,0,32,0.02457757296466974,0.09794437726723096
9,9,1523,a,Dash-8,0.001,dash8_t1.0s,1.0,1.0,reported,z_over_Lc,1.3947772657450077,1,L_over_Lc,2.7914147521160824,1,5,0,33,0.02457757296466974,0.09794437726723096
9,9,1523,a,Dash-8,0.001,dash8_t1.0s,1.0,1.0,reported,z_over_Lc,1.4070660522273426,1,L_over_Lc,2.8022974607013302,1,5,0,34,0.02457757296466974,0.09794437726723096
9,9,1523,a,Dash-8,0.001,dash8_t1.0s,1.0,1.0,reported,z_over_Lc,1.4193548387096775,1,L_over_Lc,2.7968561064087063,1,5,0,35,0.02457757296466974,0.09794437726723096
9,9,1523,a,Dash-8,0.001,dash8_t1.0s,1.0,1.0,reported,z_over_Lc,1.4316436251920124,1,L_over_Lc,2.807738814993954,1,5,0,36,0.02457757296466974,0.09794437726723096
9,9,1523,a,Dash-8,0.001,dash8_t1.0s,1.0,1.0,reported,z_over_Lc,1.443932411674347,1,L_over_Lc,2.818621523579202,1,5,0,37,0.02457757296466974,0.09794437726723096
9,9,1523,a,Dash-8,0.001,dash8_t1.0s,1.0,1.0,reported,z_over_Lc,1.456221198156682,1,L_over_Lc,2.82950423216445,1,5,0,38,0.02457757296466974,0.09794437726723096
9,9,1523,a,Dash-8,0.001,dash8_t1.0s,1.0,1.0,reported,z_over_Lc,1.456221198156682,1,L_over_Lc,2.8839177750906893,1,5,0,39,0.02457757296466974,0.09794437726723096
9,9,1523,a,Dash-8,0.001,dash8_t1.0s,1.0,1.0,reported,z_over_Lc,1.4685099846390168,1,L_over_Lc,2.82950423216445,1,5,0,40,0.02457757296466974,0.09794437726723096
9,9,1523,a,Dash-8,0.001,dash8_t1.0s,1.0,1.0,reported,z_over_Lc,1.4685099846390168,1,L_over_Lc,2.8839177750906893,1,5,0,41,0.02457757296466974,0.09794437726723096
9,9,1523,a,Dash-8,0.001,dash8_t1.0s,1.0,1.0,reported,z_over_Lc,1.4807987711213517,1,L_over_Lc,2.82950423216445,1,5,0,42,0.02457757296466974,0.09794437726723096
9,9,1523,a,Dash-8,0.001,dash8_t1.0s,1.0,1.0,reported,z_over_Lc,1.4807987711213517,1,L_over_Lc,2.894800483675937,1,5,0,43,0.02457757296466974,0.09794437726723096
9,9,1523,a,Dash-8,0.001,dash8_t1.0s,1.0,1.0,reported,z_over_Lc,1.4930875576036866,1,L_over_Lc,2.82950423216445,1,5,0,44,0.02457757296466974,0.09794437726723096
9,9,1523,a,Dash-8,0.001,dash8_t1.0s,1.0,1.0,reported,z_over_Lc,1.4930875576036866,1,L_over_Lc,2.905683192261185,1,5,0,45,0.02457757296466974,0.09794437726723096
9,9,1523,a,Dash-8,0.001,dash8_t1.0s,1.0,1.0,reported,z_over_Lc,1.5053763440860215,1,L_over_Lc,2.8512696493349456,1,5,0,46,0.02457757296466974,0.09794437726723096
9,9,1523,a,Dash-8,0.001,dash8_t1.0s,1.0,1.0,reported,z_over_Lc,1.5053763440860215,1,L_over_Lc,2.905683192261185,1,5,0,47,0.02457757296466974,0.09794437726723096
9,9,1523,a,Dash-8,0.001,dash8_t1.0s,1.0,1.0,reported,z_over_Lc,1.5176651305683564,1,L_over_Lc,2.8839177750906893,1,5,0,48,0.02457757296466974,0.09794437726723096
9,9,1523,a,Dash-8,0.001,dash8_t1.0s,1.0,1.0,reported,z_over_Lc,1.5176651305683564,1,L_over_Lc,2.916565900846433,1,5,0,49,0.02457757296466974,0.09794437726723096
9,9,1523,a,Dash-8,0.001,dash8_t1.0s,1.0,1.0,reported,z_over_Lc,1.5299539170506913,1,L_over_Lc,2.911124546553809,1,5,0,50,0.02457757296466974,0.09794437726723096
9,9,1523,a,Dash-8,0.001,dash8_t1.0s,1.0,1.0,reported,z_over_Lc,1.5422427035330262,1,L_over_Lc,2.922007255139057,1,5,0,51,0.02457757296466974,0.09794437726723096
9,9,1523,a,Dash-8,0.001,dash8_t1.0s,1.0,1.0,reported,z_over_Lc,1.554531490015361,1,L_over_Lc,2.9437726723095525,1,5,0,52,0.02457757296466974,0.09794437726723096
9,9,1523,a,Dash-8,0.001,dash8_t1.0s,1.0,1.0,reported,z_over_Lc,1.566820276497696,1,L_over_Lc,2.9492140266021765,1,5,0,53,0.02457757296466974,0.09794437726723096
9,9,1523,a,Dash-8,0.001,dash8_t1.0s,1.0,1.0,reported,z_over_Lc,1.5791090629800306,1,L_over_Lc,2.9546553808948004,1,5,0,54,0.02457757296466974,0.09794437726723096
9,9,1523,a,Dash-8,0.001,dash8_t1.0s,1.0,1.0,reported,z_over_Lc,1.5913978494623655,1,L_over_Lc,2.9600967351874243,1,5,0,55,0.02457757296466974,0.09794437726723096
9,9,1523,a,Dash-8,0.001,dash8_t1.0s,1.0,1.0,reported,z_over_Lc,1.6036866359447004,1,L_over_Lc,2.9655380894800483,1,5,0,56,0.02457757296466974,0.09794437726723096
9,9,1523,a,Dash-8,0.001,dash8_t1.0s,1.0,1.0,reported,z_over_Lc,1.6159754224270353,1,L_over_Lc,2.970979443772672,1,5,0,57,0.02457757296466974,0.09794437726723096
9,9,1523,a,Dash-8,0.001,dash8_t1.0s,1.0,1.0,reported,z_over_Lc,1.6282642089093702,1,L_over_Lc,2.976420798065296,1,5,0,58,0.02457757296466974,0.09794437726723096
9,9,1523,a,Dash-8,0.001,dash8_t1.0s,1.0,1.0,reported,z_over_Lc,1.640552995391705,1,L_over_Lc,3.003627569528416,1,5,0,59,0.02457757296466974,0.09794437726723096
9,9,1523,a,Dash-8,0.001,dash8_t1.0s,1.0,1.0,reported,z_over_Lc,1.640552995391705,1,L_over_Lc,3.0798065296251513,1,5,0,60,0.02457757296466974,0.09794437726723096
9,9,1523,a,Dash-8,0.001,dash8_t1.0s,1.0,1.0,reported,z_over_Lc,1.65284178187404,1,L_over_Lc,3.0145102781136637,1,5,0,61,0.02457757296466974,0.09794437726723096
9,9,1523,a,Dash-8,0.001,dash8_t1.0s,1.0,1.0,reported,z_over_Lc,1.65284178187404,1,L_over_Lc,3.1668681983071343,1,5,0,62,0.02457757296466974,0.09794437726723096
9,9,1523,a,Dash-8,0.001,dash8_t1.0s,1.0,1.0,reported,z_over_Lc,1.6651305683563749,1,L_over_Lc,3.0145102781136637,1,5,0,63,0.02457757296466974,0.09794437726723096
9,9,1523,a,Dash-8,0.001,dash8_t1.0s,1.0,1.0,reported,z_over_Lc,1.6651305683563749,1,L_over_Lc,3.3192261185006044,1,5,0,64,0.02457757296466974,0.09794437726723096
9,9,1523,a,Dash-8,0.001,dash8_t1.0s,1.0,1.0,reported,z_over_Lc,1.6774193548387097,1,L_over_Lc,3.0145102781136637,1,5,0,65,0.02457757296466974,0.09794437726723096
9,9,1523,a,Dash-8,0.001,dash8_t1.0s,1.0,1.0,reported,z_over_Lc,1.6774193548387097,1,L_over_Lc,3.373639661426844,1,5,0,66,0.02457757296466974,0.09794437726723096
9,9,1523,a,Dash-8,0.001,dash8_t1.0s,1.0,1.0,reported,z_over_Lc,1.6897081413210446,1,L_over_Lc,3.0145102781136637,1,5,0,67,0.02457757296466974,0.09794437726723096
9,9,1523,a,Dash-8,0.001,dash8_t1.0s,1.0,1.0,reported,z_over_Lc,1.6897081413210446,1,L_over_Lc,3.39540507859734,1,5,0,68,0.02457757296466974,0.09794437726723096
9,9,1523,a,Dash-8,0.001,dash8_t1.0s,1.0,1.0,reported,z_over_Lc,1.7019969278033795,1,L_over_Lc,3.0253929866989115,1,5,0,69,0.02457757296466974,0.09794437726723096
9,9,1523,a,Dash-8,0.001,dash8_t1.0s,1.0,1.0,reported,z_over_Lc,1.7019969278033795,1,L_over_Lc,3.406287787182588,1,5,0,70,0.02457757296466974,0.09794437726723096
9,9,1523,a,Dash-8,0.001,dash8_t1.0s,1.0,1.0,reported,z_over_Lc,1.7142857142857142,1,L_over_Lc,3.0362756952841594,1,5,0,71,0.02457757296466974,0.09794437726723096
9,9,1523,a,Dash-8,0.001,dash8_t1.0s,1.0,1.0,reported,z_over_Lc,1.7142857142857142,1,L_over_Lc,3.4171704957678357,1,5,0,72,0.02457757296466974,0.09794437726723096
9,9,1523,a,Dash-8,0.001,dash8_t1.0s,1.0,1.0,reported,z_over_Lc,1.726574500768049,1,L_over_Lc,3.0471584038694073,1,5,0,73,0.02457757296466974,0.09794437726723096
9,9,1523,a,Dash-8,0.001,dash8_t1.0s,1.0,1.0,reported,z_over_Lc,1.726574500768049,1,L_over_Lc,3.4280532043530836,1,5,0,74,0.02457757296466974,0.09794437726723096
9,9,1523,a,Dash-8,0.001,dash8_t1.0s,1.0,1.0,reported,z_over_Lc,1.738863287250384,1,L_over_Lc,3.0471584038694073,1,5,0,75,0.02457757296466974,0.09794437726723096
9,9,1523,a,Dash-8,0.001,dash8_t1.0s,1.0,1.0,reported,z_over_Lc,1.738863287250384,1,L_over_Lc,3.4280532043530836,1,5,0,76,0.02457757296466974,0.09794437726723096
9,9,1523,a,Dash-8,0.001,dash8_t1.0s,1.0,1.0,reported,z_over_Lc,1.7511520737327189,1,L_over_Lc,3.1668681983071343,1,5,0,77,0.02457757296466974,0.09794437726723096
9,9,1523,a,Dash-8,0.001,dash8_t1.0s,1.0,1.0,reported,z_over_Lc,1.7511520737327189,1,L_over_Lc,3.4389359129383315,1,5,0,78,0.02457757296466974,0.09794437726723096
9,9,1523,a,Dash-8,0.001,dash8_t1.0s,1.0,1.0,reported,z_over_Lc,1.7634408602150538,1,L_over_Lc,3.177750906892382,1,5,0,79,0.02457757296466974,0.09794437726723096
9,9,1523,a,Dash-8,0.001,dash8_t1.0s,1.0,1.0,reported,z_over_Lc,1.7634408602150538,1,L_over_Lc,3.4389359129383315,1,5,0,80,0.02457757296466974,0.09794437726723096
9,9,1523,a,Dash-8,0.001,dash8_t1.0s,1.0,1.0,reported,z_over_Lc,1.7757296466973886,1,L_over_Lc,3.0798065296251513,1,5,0,81,0.02457757296466974,0.09794437726723096
9,9,1523,a,Dash-8,0.001,dash8_t1.0s,1.0,1.0,reported,z_over_Lc,1.7757296466973886,1,L_over_Lc,3.4389359129383315,1,5,0,82,0.02457757296466974,0.09794437726723096
9,9,1523,a,Dash-8,0.001,dash8_t1.0s,1.0,1.0,reported,z_over_Lc,1.7880184331797235,1,L_over_Lc,3.0471584038694073,1,5,0,83,0.02457757296466974,0.09794437726723096
9,9,1523,a,Dash-8,0.001,dash8_t1.0s,1.0,1.0,reported,z_over_Lc,1.7880184331797235,1,L_over_Lc,3.4280532043530836,1,5,0,84,0.02457757296466974,0.09794437726723096
9,9,1523,a,Dash-8,0.001,dash8_t1.0s,1.0,1.0,reported,z_over_Lc,1.8003072196620584,1,L_over_Lc,3.0471584038694073,1,5,0,85,0.02457757296466974,0.09794437726723096
9,9,1523,a,Dash-8,0.001,dash8_t1.0s,1.0,1.0,reported,z_over_Lc,1.8003072196620584,1,L_over_Lc,3.4280532043530836,1,5,0,86,0.02457757296466974,0.09794437726723096
9,9,1523,a,Dash-8,0.001,dash8_t1.0s,1.0,1.0,reported,z_over_Lc,1.8125960061443933,1,L_over_Lc,3.0471584038694073,1,5,0,87,0.02457757296466974,0.09794437726723096
9,9,1523,a,Dash-8,0.001,dash8_t1.0s,1.0,1.0,reported,z_over_Lc,1.8125960061443933,1,L_over_Lc,3.4171704957678357,1,5,0,88,0.02457757296466974,0.09794437726723096
9,9,1523,a,Dash-8,0.001,dash8_t1.0s,1.0,1.0,reported,z_over_Lc,1.8248847926267282,1,L_over_Lc,3.0471584038694073,1,5,0,89,0.02457757296466974,0.09794437726723096
9,9,1523,a,Dash-8,0.001,dash8_t1.0s,1.0,1.0,reported,z_over_Lc,1.8248847926267282,1,L_over_Lc,3.406287787182588,1,5,0,90,0.02457757296466974,0.09794437726723096
9,9,1523,a,Dash-8,0.001,dash8_t1.0s,1.0,1.0,reported,z_over_Lc,1.8371735791090629,1,L_over_Lc,3.0471584038694073,1,5,0,91,0.02457757296466974,0.09794437726723096
9,9,1523,a,Dash-8,0.001,dash8_t1.0s,1.0,1.0,reported,z_over_Lc,1.8371735791090629,1,L_over_Lc,3.39540507859734,1,5,0,92,0.02457757296466974,0.09794437726723096
9,9,1523,a,Dash-8,0.001,dash8_t1.0s,1.0,1.0,reported,z_over_Lc,1.8494623655913978,1,L_over_Lc,3.0471584038694073,1,5,0,93,0.02457757296466974,0.09794437726723096
9,9,1523,a,Dash-8,0.001,dash8_t1.0s,1.0,1.0,reported,z_over_Lc,1.8494623655913978,1,L_over_Lc,3.373639661426844,1,5,0,94,0.02457757296466974,0.09794437726723096
9,9,1523,a,Dash-8,0.001,dash8_t1.0s,1.0,1.0,reported,z_over_Lc,1.8617511520737327,1,L_over_Lc,3.0471584038694073,1,5,0,95,0.02457757296466974,0.09794437726723096
9,9,1523,a,Dash-8,0.001,dash8_t1.0s,1.0,1.0,reported,z_over_Lc,1.8617511520737327,1,L_over_Lc,3.2212817412333736,1,5,0,96,0.02457757296466974,0.09794437726723096
9,9,1523,a,Dash-8,0.001,dash8_t1.0s,1.0,1.0,reported,z_over_Lc,1.8740399385560675,1,L_over_Lc,3.0471584038694073,1,5,0,97,0.02457757296466974,0.09794437726723096
9,9,1523,a,Dash-8,0.001,dash8_t1.0s,1.0,1.0,reported,z_over_Lc,1.8740399385560675,1,L_over_Lc,3.1342200725513907,1,5,0,98,0.02457757296466974,0.09794437726723096
9,9,1523,a,Dash-8,0.001,dash8_t1.0s,1.0,1.0,reported,z_over_Lc,1.8863287250384024,1,L_over_Lc,3.0580411124546556,1,5,0,99,0.02457757296466974,0.09794437726723096
9,9,1523,a,Dash-8,0.001,dash8_t1.0s,1.0,1.0,reported,z_over_Lc,1.8863287250384024,1,L_over_Lc,3.1668681983071343,1,5,0,100,0.02457757296466974,0.09794437726723096
9,9,1523,a,Dash-8,0.001,dash8_t1.0s,1.0,1.0,reported,z_over_Lc,1.8986175115207373,1,L_over_Lc,3.112454655380895,1,5,0,101,0.02457757296466974,0.09794437726723096
9,9,1523,a,Dash-8,0.001,dash8_t1.0s,1.0,1.0,reported,z_over_Lc,1.8986175115207373,1,L_over_Lc,3.18863361547763,1,5,0,102,0.02457757296466974,0.09794437726723096
9,9,1523,a,Dash-8,0.001,dash8_t1.0s,1.0,1.0,reported,z_over_Lc,1.9109062980030722,1,L_over_Lc,3.1451027811366385,1,5,0,103,0.02457757296466974,0.09794437726723096
9,9,1523,a,Dash-8,0.001,dash8_t1.0s,1.0,1.0,reported,z_over_Lc,1.9109062980030722,1,L_over_Lc,3.199516324062878,1,5,0,104,0.02457757296466974,0.09794437726723096
9,9,1523,a,Dash-8,0.001,dash8_t1.0s,1.0,1.0,reported,z_over_Lc,1.923195084485407,1,L_over_Lc,3.1668681983071343,1,5,0,105,0.02457757296466974,0.09794437726723096
9,9,1523,a,Dash-8,0.001,dash8_t1.0s,1.0,1.0,reported,z_over_Lc,1.923195084485407,1,L_over_Lc,3.2103990326481258,1,5,0,106,0.02457757296466974,0.09794437726723096
9,9,1523,a,Dash-8,0.001,dash8_t1.0s,1.0,1.0,reported,z_over_Lc,1.935483870967742,1,L_over_Lc,3.204957678355502,1,5,0,107,0.02457757296466974,0.09794437726723096
9,9,1523,a,Dash-8,0.001,dash8_t1.0s,1.0,1.0,reported,z_over_Lc,1.9477726574500769,1,L_over_Lc,3.2212817412333736,1,5,0,108,0.02457757296466974,0.09794437726723096
9,9,1523,a,Dash-8,0.001,dash8_t1.0s,1.0,1.0,reported,z_over_Lc,1.9600614439324118,1,L_over_Lc,3.2321644498186215,1,5,0,109,0.02457757296466974,0.09794437726723096
9,9,1523,a,Dash-8,0.001,dash8_t1.0s,1.0,1.0,reported,z_over_Lc,1.9723502304147464,1,L_over_Lc,3.264812575574365,1,5,0,110,0.02457757296466974,0.09794437726723096
9,9,1523,a,Dash-8,0.001,dash8_t1.0s,1.0,1.0,reported,z_over_Lc,1.9723502304147464,1,L_over_Lc,3.3083434099153566,1,5,0,111,0.02457757296466974,0.09794437726723096
9,9,1523,a,Dash-8,0.001,dash8_t1.0s,1.0,1.0,reported,z_over_Lc,1.9846390168970813,1,L_over_Lc,3.286577992744861,1,5,0,112,0.02457757296466974,0.09794437726723096
9,9,1523,a,Dash-8,0.001,dash8_t1.0s,1.0,1.0,reported,z_over_Lc,1.9846390168970813,1,L_over_Lc,3.3192261185006044,1,5,0,113,0.02457757296466974,0.09794437726723096
9,9,1523,a,Dash-8,0.001,dash8_t1.0s,1.0,1.0,reported,z_over_Lc,1.9969278033794162,1,L_over_Lc,3.2974607013301087,1,5,0,114,0.02457757296466974,0.09794437726723096
9,9,1523,a,Dash-8,0.001,dash8_t1.0s,1.0,1.0,reported,z_over_Lc,1.9969278033794162,1,L_over_Lc,3.362756952841596,1,5,0,115,0.02457757296466974,0.09794437726723096
9,9,1523,a,Dash-8,0.001,dash8_t1.0s,1.0,1.0,reported,z_over_Lc,2.0092165898617513,1,L_over_Lc,3.2974607013301087,1,5,0,116,0.02457757296466974,0.09794437726723096
9,9,1523,a,Dash-8,0.001,dash8_t1.0s,1.0,1.0,reported,z_over_Lc,2.0092165898617513,1,L_over_Lc,3.384522370012092,1,5,0,117,0.02457757296466974,0.09794437726723096
9,9,1523,a,Dash-8,0.001,dash8_t1.0s,1.0,1.0,reported,z_over_Lc,2.021505376344086,1,L_over_Lc,3.2974607013301087,1,5,0,118,0.02457757296466974,0.09794437726723096
9,9,1523,a,Dash-8,0.001,dash8_t1.0s,1.0,1.0,reported,z_over_Lc,2.021505376344086,1,L_over_Lc,3.406287787182588,1,5,0,119,0.02457757296466974,0.09794437726723096
9,9,1523,a,Dash-8,0.001,dash8_t1.0s,1.0,1.0,reported,z_over_Lc,2.0337941628264207,1,L_over_Lc,3.3083434099153566,1,5,0,120,0.02457757296466974,0.09794437726723096
9,9,1523,a,Dash-8,0.001,dash8_t1.0s,1.0,1.0,reported,z_over_Lc,2.0337941628264207,1,L_over_Lc,3.4171704957678357,1,5,0,121,0.02457757296466974,0.09794437726723096
9,9,1523,a,Dash-8,0.001,dash8_t1.0s,1.0,1.0,reported,z_over_Lc,2.046082949308756,1,L_over_Lc,3.3192261185006044,1,5,0,122,0.02457757296466974,0.09794437726723096
9,9,1523,a,Dash-8,0.001,dash8_t1.0s,1.0,1.0,reported,z_over_Lc,2.046082949308756,1,L_over_Lc,3.4389359129383315,1,5,0,123,0.02457757296466974,0.09794437726723096
9,9,1523,a,Dash-8,0.001,dash8_t1.0s,1.0,1.0,reported,z_over_Lc,2.0583717357910905,1,L_over_Lc,3.362756952841596,1,5,0,124,0.02457757296466974,0.09794437726723096
9,9,1523,a,Dash-8,0.001,dash8_t1.0s,1.0,1.0,reported,z_over_Lc,2.0583717357910905,1,L_over_Lc,3.4498186215235793,1,5,0,125,0.02457757296466974,0.09794437726723096
9,9,1523,a,Dash-8,0.001,dash8_t1.0s,1.0,1.0,reported,z_over_Lc,2.0706605222734256,1,L_over_Lc,3.373639661426844,1,5,0,126,0.02457757296466974,0.09794437726723096
9,9,1523,a,Dash-8,0.001,dash8_t1.0s,1.0,1.0,reported,z_over_Lc,2.0706605222734256,1,L_over_Lc,3.471584038694075,1,5,0,127,0.02457757296466974,0.09794437726723096
9,9,1523,a,Dash-8,0.001,dash8_t1.0s,1.0,1.0,reported,z_over_Lc,2.0829493087557602,1,L_over_Lc,3.4498186215235793,1,5,0,128,0.02457757296466974,0.09794437726723096
9,9,1523,a,Dash-8,0.001,dash8_t1.0s,1.0,1.0,reported,z_over_Lc,2.0829493087557602,1,L_over_Lc,3.5042321644498187,1,5,0,129,0.02457757296466974,0.09794437726723096
9,9,1523,a,Dash-8,0.001,dash8_t1.0s,1.0,1.0,reported,z_over_Lc,2.0952380952380953,1,L_over_Lc,3.471584038694075,1,5,0,130,0.02457757296466974,0.09794437726723096
9,9,1523,a,Dash-8,0.001,dash8_t1.0s,1.0,1.0,reported,z_over_Lc,2.0952380952380953,1,L_over_Lc,3.5151148730350665,1,5,0,131,0.02457757296466974,0.09794437726723096
9,9,1523,a,Dash-8,0.001,dash8_t1.0s,1.0,1.0,reported,z_over_Lc,2.10752688172043,1,L_over_Lc,3.493349455864571,1,5,0,132,0.02457757296466974,0.09794437726723096
9,9,1523,a,Dash-8,0.001,dash8_t1.0s,1.0,1.0,reported,z_over_Lc,2.10752688172043,1,L_over_Lc,3.5259975816203144,1,5,0,133,0.02457757296466974,0.09794437726723096
9,9,1523,a,Dash-8,0.001,dash8_t1.0s,1.0,1.0,reported,z_over_Lc,2.119815668202765,1,L_over_Lc,3.5151148730350665,1,5,0,134,0.02457757296466974,0.09794437726723096
9,9,1523,a,Dash-8,0.001,dash8_t1.0s,1.0,1.0,reported,z_over_Lc,2.119815668202765,1,L_over_Lc,3.54776299879081,1,5,0,135,0.02457757296466974,0.09794437726723096
9,9,1523,a,Dash-8,0.001,dash8_t1.0s,1.0,1.0,reported,z_over_Lc,2.1321044546851,1,L_over_Lc,3.542321644498186,1,5,0,136,0.02457757296466974,0.09794437726723096
9,9,1523,a,Dash-8,0.001,dash8_t1.0s,1.0,1.0,reported,z_over_Lc,2.144393241167435,1,L_over_Lc,3.553204353083434,1,5,0,137,0.02457757296466974,0.09794437726723096
9,9,1523,a,Dash-8,0.001,dash8_t1.0s,1.0,1.0,reported,z_over_Lc,2.1566820276497696,1,L_over_Lc,3.569528415961306,1,5,0,138,0.02457757296466974,0.09794437726723096
9,9,1523,a,Dash-8,0.001,dash8_t1.0s,1.0,1.0,reported,z_over_Lc,2.1689708141321042,1,L_over_Lc,3.57496977025393,1,5,0,139,0.02457757296466974,0.09794437726723096
9,9,1523,a,Dash-8,0.001,dash8_t1.0s,1.0,1.0,reported,z_over_Lc,2.1812596006144394,1,L_over_Lc,3.5858524788391777,1,5,0,140,0.02457757296466974,0.09794437726723096
9,9,1523,a,Dash-8,0.001,dash8_t1.0s,1.0,1.0,reported,z_over_Lc,2.193548387096774,1,L_over_Lc,3.6076178960096734,1,5,0,141,0.02457757296466974,0.09794437726723096
9,9,1523,a,Dash-8,0.001,dash8_t1.0s,1.0,1.0,reported,z_over_Lc,2.205837173579109,1,L_over_Lc,3.6130592503022974,1,5,0,142,0.02457757296466974,0.09794437726723096
9,9,1523,a,Dash-8,0.001,dash8_t1.0s,1.0,1.0,reported,z_over_Lc,2.218125960061444,1,L_over_Lc,3.6185006045949213,1,5,0,143,0.02457757296466974,0.09794437726723096
9,9,1523,a,Dash-8,0.001,dash8_t1.0s,1.0,1.0,reported,z_over_Lc,2.230414746543779,1,L_over_Lc,3.6239419588875452,1,5,0,144,0.02457757296466974,0.09794437726723096
9,9,1523,a,Dash-8,0.001,dash8_t1.0s,1.0,1.0,reported,z_over_Lc,2.2427035330261136,1,L_over_Lc,3.6239419588875452,1,5,0,145,0.02457757296466974,0.09794437726723096
9,9,1523,a,Dash-8,0.001,dash8_t1.0s,1.0,1.0,reported,z_over_Lc,2.2549923195084487,1,L_over_Lc,3.645707376058041,1,5,0,146,0.02457757296466974,0.09794437726723096
9,9,1523,a,Dash-8,0.001,dash8_t1.0s,1.0,1.0,reported,z_over_Lc,2.2672811059907834,1,L_over_Lc,3.656590084643289,1,5,0,147,0.02457757296466974,0.09794437726723096
9,9,1523,a,Dash-8,0.001,dash8_t1.0s,1.0,1.0,reported,z_over_Lc,2.2795698924731185,1,L_over_Lc,3.6674727932285367,1,5,0,148,0.02457757296466974,0.09794437726723096
9,9,1523,a,Dash-8,0.001,dash8_t1.0s,1.0,1.0,reported,z_over_Lc,2.291858678955453,1,L_over_Lc,3.6783555018137846,1,5,0,149,0.02457757296466974,0.09794437726723096
9,9,1523,a,Dash-8,0.001,dash8_t1.0s,1.0,1.0,reported,z_over_Lc,2.304147465437788,1,L_over_Lc,3.6892382103990324,1,5,0,150,0.02457757296466974,0.09794437726723096
9,9,1523,a,Dash-8,0.001,dash8_t1.0s,1.0,1.0,reported,z_over_Lc,2.316436251920123,1,L_over_Lc,3.6946795646916564,1,5,0,151,0.02457757296466974,0.09794437726723096
9,9,1523,a,Dash-8,0.001,dash8_t1.0s,1.0,1.0,reported,z_over_Lc,2.3287250384024576,1,L_over_Lc,3.7001209189842807,1,5,0,152,0.02457757296466974,0.09794437726723096
9,9,1523,a,Dash-8,0.001,dash8_t1.0s,1.0,1.0,reported,z_over_Lc,2.3410138248847927,1,L_over_Lc,3.7164449818621526,1,5,0,153,0.02457757296466974,0.09794437726723096
9,9,1523,a,Dash-8,0.001,dash8_t1.0s,1.0,1.0,reported,z_over_Lc,2.3533026113671274,1,L_over_Lc,3.7218863361547765,1,5,0,154,0.02457757296466974,0.09794437726723096
9,9,1523,a,Dash-8,0.001,dash8_t1.0s,1.0,1.0,reported,z_over_Lc,2.3655913978494625,1,L_over_Lc,3.7273276904474004,1,5,0,155,0.02457757296466974,0.09794437726723096
9,9,1523,a,Dash-8,0.001,dash8_t1.0s,1.0,1.0,reported,z_over_Lc,2.377880184331797,1,L_over_Lc,3.7273276904474004,1,5,0,156,0.02457757296466974,0.09794437726723096
9,9,1523,a,Dash-8,0.001,dash8_t1.0s,1.0,1.0,reported,z_over_Lc,2.3901689708141323,1,L_over_Lc,3.7273276904474004,1,5,0,157,0.02457757296466974,0.09794437726723096
9,9,1523,a,Dash-8,0.001,dash8_t1.0s,1.0,1.0,reported,z_over_Lc,2.402457757296467,1,L_over_Lc,3.7273276904474004,1,5,0,158,0.02457757296466974,0.09794437726723096
9,9,1523,a,Dash-8,0.001,dash8_t1.0s,1.0,1.0,reported,z_over_Lc,2.414746543778802,1,L_over_Lc,3.75453446191052,1,5,0,159,0.02457757296466974,0.09794437726723096
9,9,1523,a,Dash-8,0.001,dash8_t1.0s,1.0,1.0,reported,z_over_Lc,2.414746543778802,1,L_over_Lc,3.830713422007255,1,5,0,160,0.02457757296466974,0.09794437726723096
9,9,1523,a,Dash-8,0.001,dash8_t1.0s,1.0,1.0,reported,z_over_Lc,2.4270353302611367,1,L_over_Lc,3.75453446191052,1,5,0,161,0.02457757296466974,0.09794437726723096
9,9,1523,a,Dash-8,0.001,dash8_t1.0s,1.0,1.0,reported,z_over_Lc,2.4270353302611367,1,L_over_Lc,3.928657799274486,1,5,0,162,0.02457757296466974,0.09794437726723096
9,9,1523,a,Dash-8,0.001,dash8_t1.0s,1.0,1.0,reported,z_over_Lc,2.4393241167434714,1,L_over_Lc,3.75453446191052,1,5,0,163,0.02457757296466974,0.09794437726723096
9,9,1523,a,Dash-8,0.001,dash8_t1.0s,1.0,1.0,reported,z_over_Lc,2.4393241167434714,1,L_over_Lc,4.05925030229746,1,5,0,164,0.02457757296466974,0.09794437726723096
9,9,1523,a,Dash-8,0.001,dash8_t1.0s,1.0,1.0,reported,z_over_Lc,2.4516129032258065,1,L_over_Lc,3.765417170495768,1,5,0,165,0.02457757296466974,0.09794437726723096
9,9,1523,a,Dash-8,0.001,dash8_t1.0s,1.0,1.0,reported,z_over_Lc,2.4516129032258065,1,L_over_Lc,4.070133010882708,1,5,0,166,0.02457757296466974,0.09794437726723096
9,9,1523,a,Dash-8,0.001,dash8_t1.0s,1.0,1.0,reported,z_over_Lc,2.463901689708141,1,L_over_Lc,3.765417170495768,1,5,0,167,0.02457757296466974,0.09794437726723096
9,9,1523,a,Dash-8,0.001,dash8_t1.0s,1.0,1.0,reported,z_over_Lc,2.463901689708141,1,L_over_Lc,4.091898428053204,1,5,0,168,0.02457757296466974,0.09794437726723096
9,9,1523,a,Dash-8,0.001,dash8_t1.0s,1.0,1.0,reported,z_over_Lc,2.4761904761904763,1,L_over_Lc,3.765417170495768,1,5,0,169,0.02457757296466974,0.09794437726723096
9,9,1523,a,Dash-8,0.001,dash8_t1.0s,1.0,1.0,reported,z_over_Lc,2.4761904761904763,1,L_over_Lc,4.102781136638452,1,5,0,170,0.02457757296466974,0.09794437726723096
9,9,1523,a,Dash-8,0.001,dash8_t1.0s,1.0,1.0,reported,z_over_Lc,2.488479262672811,1,L_over_Lc,3.776299879081016,1,5,0,171,0.02457757296466974,0.09794437726723096
9,9,1523,a,Dash-8,0.001,dash8_t1.0s,1.0,1.0,reported,z_over_Lc,2.488479262672811,1,L_over_Lc,4.1136638452237,1,5,0,172,0.02457757296466974,0.09794437726723096
9,9,1523,a,Dash-8,0.001,dash8_t1.0s,1.0,1.0,reported,z_over_Lc,2.500768049155146,1,L_over_Lc,3.7871825876662637,1,5,0,173,0.02457757296466974,0.09794437726723096
9,9,1523,a,Dash-8,0.001,dash8_t1.0s,1.0,1.0,reported,z_over_Lc,2.500768049155146,1,L_over_Lc,4.1136638452237,1,5,0,174,0.02457757296466974,0.09794437726723096
9,9,1523,a,Dash-8,0.001,dash8_t1.0s,1.0,1.0,reported,z_over_Lc,2.5130568356374807,1,L_over_Lc,3.8198307134220073,1,5,0,175,0.02457757296466974,0.09794437726723096
9,9,1523,a,Dash-8,0.001,dash8_t1.0s,1.0,1.0,reported,z_over_Lc,2.5130568356374807,1,L_over_Lc,4.1136638452237,1,5,0,176,0.02457757296466974,0.09794437726723096
9,9,1523,a,Dash-8,0.001,dash8_t1.0s,1.0,1.0,reported,z_over_Lc,2.525345622119816,1,L_over_Lc,3.993954050785973,1,5,0,177,0.02457757296466974,0.09794437726723096
9,9,1523,a,Dash-8,0.001,dash8_t1.0s,1.0,1.0,reported,z_over_Lc,2.525345622119816,1,L_over_Lc,4.124546553808948,1,5,0,178,0.02457757296466974,0.09794437726723096
9,9,1523,a,Dash-8,0.001,dash8_t1.0s,1.0,1.0,reported,z_over_Lc,2.5376344086021505,1,L_over_Lc,4.081015719467956,1,5,0,179,0.02457757296466974,0.09794437726723096
9,9,1523,a,Dash-8,0.001,dash8_t1.0s,1.0,1.0,reported,z_over_Lc,2.5376344086021505,1,L_over_Lc,4.124546553808948,1,5,0,180,0.02457757296466974,0.09794437726723096
9,9,1523,a,Dash-8,0.001,dash8_t1.0s,1.0,1.0,reported,z_over_Lc,2.5499231950844856,1,L_over_Lc,4.162636033857315,1,5,0,181,0.02457757296466974,0.09794437726723096
9,9,1523,a,Dash-8,0.001,dash8_t1.0s,1.0,1.0,reported,z_over_Lc,2.5622119815668203,1,L_over_Lc,4.168077388149939,1,5,0,182,0.02457757296466974,0.09794437726723096
9,9,1523,a,Dash-8,0.001,dash8_t1.0s,1.0,1.0,reported,z_over_Lc,2.574500768049155,1,L_over_Lc,4.173518742442563,1,5,0,183,0.02457757296466974,0.09794437726723096
9,9,1523,a,Dash-8,0.001,dash8_t1.0s,1.0,1.0,reported,z_over_Lc,2.58678955453149,1,L_over_Lc,4.173518742442563,1,5,0,184,0.02457757296466974,0.09794437726723096
9,9,1523,a,Dash-8,0.001,dash8_t1.0s,1.0,1.0,reported,z_over_Lc,2.5990783410138247,1,L_over_Lc,4.173518742442563,1,5,0,185,0.02457757296466974,0.09794437726723096
9,9,1523,a,Dash-8,0.001,dash8_t1.0s,1.0,1.0,reported,z_over_Lc,2.61136712749616,1,L_over_Lc,4.173518742442563,1,5,0,186,0.02457757296466974,0.09794437726723096
9,9,1523,a,Dash-8,0.001,dash8_t1.0s,1.0,1.0,reported,z_over_Lc,2.6236559139784945,1,L_over_Lc,4.168077388149939,1,5,0,187,0.02457757296466974,0.09794437726723096
9,9,1523,a,Dash-8,0.001,dash8_t1.0s,1.0,1.0,reported,z_over_Lc,2.6359447004608296,1,L_over_Lc,4.162636033857315,1,5,0,188,0.02457757296466974,0.09794437726723096
9,9,1523,a,Dash-8,0.001,dash8_t1.0s,1.0,1.0,reported,z_over_Lc,2.6482334869431643,1,L_over_Lc,4.162636033857315,1,5,0,189,0.02457757296466974,0.09794437726723096
9,9,1523,a,Dash-8,0.001,dash8_t1.0s,1.0,1.0,reported,z_over_Lc,2.6605222734254994,1,L_over_Lc,4.168077388149939,1,5,0,190,0.02457757296466974,0.09794437726723096
9,9,1523,a,Dash-8,0.001,dash8_t1.0s,1.0,1.0,reported,z_over_Lc,2.672811059907834,1,L_over_Lc,4.173518742442563,1,5,0,191,0.02457757296466974,0.09794437726723096
9,9,1523,a,Dash-8,0.001,dash8_t1.0s,1.0,1.0,reported,z_over_Lc,2.685099846390169,1,L_over_Lc,4.2061668681983075,1,5,0,192,0.02457757296466974,0.09794437726723096
9,9,1523,a,Dash-8,0.001,dash8_t1.0s,1.0,1.0,reported,z_over_Lc,2.697388632872504,1,L_over_Lc,4.200725513905684,1,5,0,193,0.02457757296466974,0.09794437726723096
9,9,1523,a,Dash-8,0.001,dash8_t1.0s,1.0,1.0,reported,z_over_Lc,2.697388632872504,1,L_over_Lc,4.440145102781137,1,5,0,194,0.02457757296466974,0.09794437726723096
9,9,1523,a,Dash-8,0.001,dash8_t1.0s,1.0,1.0,reported,z_over_Lc,2.7096774193548385,1,L_over_Lc,4.2116082224909315,1,5,0,195,0.02457757296466974,0.09794437726723096
9,9,1523,a,Dash-8,0.001,dash8_t1.0s,1.0,1.0,reported,z_over_Lc,2.7096774193548385,1,L_over_Lc,4.5380894800483675,1,5,0,196,0.02457757296466974,0.09794437726723096
9,9,1523,a,Dash-8,0.001,dash8_t1.0s,1.0,1.0,reported,z_over_Lc,2.7219662058371736,1,L_over_Lc,4.222490931076179,1,5,0,197,0.02457757296466974,0.09794437726723096
9,9,1523,a,Dash-8,0.001,dash8_t1.0s,1.0,1.0,reported,z_over_Lc,2.7219662058371736,1,L_over_Lc,4.668681983071342,1,5,0,198,0.02457757296466974,0.09794437726723096
9,9,1523,a,Dash-8,0.001,dash8_t1.0s,1.0,1.0,reported,z_over_Lc,2.7342549923195083,1,L_over_Lc,4.233373639661427,1,5,0,199,0.02457757296466974,0.09794437726723096
9,9,1523,a,Dash-8,0.001,dash8_t1.0s,1.0,1.0,reported,z_over_Lc,2.7342549923195083,1,L_over_Lc,4.733978234582829,1,5,0,200,0.02457757296466974,0.09794437726723096
9,9,1523,a,Dash-8,0.001,dash8_t1.0s,1.0,1.0,reported,z_over_Lc,2.7465437788018434,1,L_over_Lc,4.233373639661427,1,5,0,201,0.02457757296466974,0.09794437726723096
9,9,1523,a,Dash-8,0.001,dash8_t1.0s,1.0,1.0,reported,z_over_Lc,2.7465437788018434,1,L_over_Lc,4.821039903264812,1,5,0,202,0.02457757296466974,0.09794437726723096
9,9,1523,a,Dash-8,0.001,dash8_t1.0s,1.0,1.0,reported,z_over_Lc,2.758832565284178,1,L_over_Lc,4.244256348246675,1,5,0,203,0.02457757296466974,0.09794437726723096
9,9,1523,a,Dash-8,0.001,dash8_t1.0s,1.0,1.0,reported,z_over_Lc,2.758832565284178,1,L_over_Lc,4.842805320435309,1,5,0,204,0.02457757296466974,0.09794437726723096
9,9,1523,a,Dash-8,0.001,dash8_t1.0s,1.0,1.0,reported,z_over_Lc,2.771121351766513,1,L_over_Lc,4.255139056831923,1,5,0,205,0.02457757296466974,0.09794437726723096
9,9,1523,a,Dash-8,0.001,dash8_t1.0s,1.0,1.0,reported,z_over_Lc,2.771121351766513,1,L_over_Lc,4.875453446191052,1,5,0,206,0.02457757296466974,0.09794437726723096
9,9,1523,a,Dash-8,0.001,dash8_t1.0s,1.0,1.0,reported,z_over_Lc,2.783410138248848,1,L_over_Lc,4.266021765417171,1,5,0,207,0.02457757296466974,0.09794437726723096
9,9,1523,a,Dash-8,0.001,dash8_t1.0s,1.0,1.0,reported,z_over_Lc,2.783410138248848,1,L_over_Lc,4.875453446191052,1,5,0,208,0.02457757296466974,0.09794437726723096
9,9,1523,a,Dash-8,0.001,dash8_t1.0s,1.0,1.0,reported,z_over_Lc,2.795698924731183,1,L_over_Lc,4.331318016928658,1,5,0,209,0.02457757296466974,0.09794437726723096
9,9,1523,a,Dash-8,0.001,dash8_t1.0s,1.0,1.0,reported,z_over_Lc,2.795698924731183,1,L_over_Lc,4.908101571946796,1,5,0,210,0.02457757296466974,0.09794437726723096
9,9,1523,a,Dash-8,0.001,dash8_t1.0s,1.0,1.0,reported,z_over_Lc,2.8079877112135176,1,L_over_Lc,4.603385731559855,1,5,0,211,0.02457757296466974,0.09794437726723096
9,9,1523,a,Dash-8,0.001,dash8_t1.0s,1.0,1.0,reported,z_over_Lc,2.8079877112135176,1,L_over_Lc,4.94074969770254,1,5,0,212,0.02457757296466974,0.09794437726723096
9,9,1523,a,Dash-8,0.001,dash8_t1.0s,1.0,1.0,reported,z_over_Lc,2.8202764976958523,1,L_over_Lc,4.690447400241838,1,5,0,213,0.02457757296466974,0.09794437726723096
9,9,1523,a,Dash-8,0.001,dash8_t1.0s,1.0,1.0,reported,z_over_Lc,2.8202764976958523,1,L_over_Lc,4.9516324062877874,1,5,0,214,0.02457757296466974,0.09794437726723096
9,9,1523,a,Dash-8,0.001,dash8_t1.0s,1.0,1.0,reported,z_over_Lc,2.8325652841781874,1,L_over_Lc,4.821039903264812,1,5,0,215,0.02457757296466974,0.09794437726723096
9,9,1523,a,Dash-8,0.001,dash8_t1.0s,1.0,1.0,reported,z_over_Lc,2.8325652841781874,1,L_over_Lc,4.973397823458283,1,5,0,216,0.02457757296466974,0.09794437726723096
9,9,1523,a,Dash-8,0.001,dash8_t1.0s,1.0,1.0,reported,z_over_Lc,2.844854070660522,1,L_over_Lc,4.8863361547763,1,5,0,217,0.02457757296466974,0.09794437726723096
9,9,1523,a,Dash-8,0.001,dash8_t1.0s,1.0,1.0,reported,z_over_Lc,2.844854070660522,1,L_over_Lc,4.995163240628779,1,5,0,218,0.02457757296466974,0.09794437726723096
9,9,1523,a,Dash-8,0.001,dash8_t1.0s,1.0,1.0,reported,z_over_Lc,2.857142857142857,1,L_over_Lc,4.9516324062877874,1,5,0,219,0.02457757296466974,0.09794437726723096
9,9,1523,a,Dash-8,0.001,dash8_t1.0s,1.0,1.0,reported,z_over_Lc,2.857142857142857,1,L_over_Lc,5.006045949214027,1,5,0,220,0.02457757296466974,0.09794437726723096
9,9,1523,a,Dash-8,0.001,dash8_t1.0s,1.0,1.0,reported,z_over_Lc,2.869431643625192,1,L_over_Lc,4.973397823458283,1,5,0,221,0.02457757296466974,0.09794437726723096
9,9,1523,a,Dash-8,0.001,dash8_t1.0s,1.0,1.0,reported,z_over_Lc,2.869431643625192,1,L_over_Lc,5.006045949214027,1,5,0,222,0.02457757296466974,0.09794437726723096
9,9,1523,a,Dash-8,0.001,dash8_t1.0s,1.0,1.0,reported,z_over_Lc,2.881720430107527,1,L_over_Lc,5.011487303506651,1,5,0,223,0.02457757296466974,0.09794437726723096
9,9,1523,a,Dash-8,0.001,dash8_t1.0s,1.0,1.0,reported,z_over_Lc,2.8940092165898617,1,L_over_Lc,5.022370012091899,1,5,0,224,0.02457757296466974,0.09794437726723096
9,9,1523,a,Dash-8,0.001,dash8_t1.0s,1.0,1.0,reported,z_over_Lc,2.9062980030721968,1,L_over_Lc,5.055018137847642,1,5,0,225,0.02457757296466974,0.09794437726723096
9,9,1523,a,Dash-8,0.001,dash8_t1.0s,1.0,1.0,reported,z_over_Lc,2.9185867895545314,1,L_over_Lc,5.071342200725514,1,5,0,226,0.02457757296466974,0.09794437726723096
9,9,1523,a,Dash-8,0.001,dash8_t1.0s,1.0,1.0,reported,z_over_Lc,2.9308755760368665,1,L_over_Lc,5.082224909310762,1,5,0,227,0.02457757296466974,0.09794437726723096
9,9,1523,a,Dash-8,0.001,dash8_t1.0s,1.0,1.0,reported,z_over_Lc,2.9308755760368665,1,L_over_Lc,5.103990326481258,1,5,0,228,0.02457757296466974,0.09794437726723096
9,9,1523,a,Dash-8,0.001,dash8_t1.0s,1.0,1.0,reported,z_over_Lc,2.943164362519201,1,L_over_Lc,5.09310761789601,1,5,0,229,0.02457757296466974,0.09794437726723096
9,9,1523,a,Dash-8,0.001,dash8_t1.0s,1.0,1.0,reported,z_over_Lc,2.943164362519201,1,L_over_Lc,5.136638452237001,1,5,0,230,0.02457757296466974,0.09794437726723096
9,9,1523,a,Dash-8,0.001,dash8_t1.0s,1.0,1.0,reported,z_over_Lc,2.955453149001536,1,L_over_Lc,5.09310761789601,1,5,0,231,0.02457757296466974,0.09794437726723096
9,9,1523,a,Dash-8,0.001,dash8_t1.0s,1.0,1.0,reported,z_over_Lc,2.955453149001536,1,L_over_Lc,5.158403869407497,1,5,0,232,0.02457757296466974,0.09794437726723096
9,9,1523,a,Dash-8,0.001,dash8_t1.0s,1.0,1.0,reported,z_over_Lc,2.967741935483871,1,L_over_Lc,5.103990326481258,1,5,0,233,0.02457757296466974,0.09794437726723096
9,9,1523,a,Dash-8,0.001,dash8_t1.0s,1.0,1.0,reported,z_over_Lc,2.967741935483871,1,L_over_Lc,5.180169286577993,1,5,0,234,0.02457757296466974,0.09794437726723096
9,9,1523,a,Dash-8,0.001,dash8_t1.0s,1.0,1.0,reported,z_over_Lc,2.9800307219662057,1,L_over_Lc,5.1148730350665055,1,5,0,235,0.02457757296466974,0.09794437726723096
9,9,1523,a,Dash-8,0.001,dash8_t1.0s,1.0,1.0,reported,z_over_Lc,2.9800307219662057,1,L_over_Lc,5.234582829504232,1,5,0,236,0.02457757296466974,0.09794437726723096
9,9,1523,a,Dash-8,0.001,dash8_t1.0s,1.0,1.0,reported,z_over_Lc,2.9923195084485408,1,L_over_Lc,5.125755743651753,1,5,0,237,0.02457757296466974,0.09794437726723096
9,9,1523,a,Dash-8,0.001,dash8_t1.0s,1.0,1.0,reported,z_over_Lc,2.9923195084485408,1,L_over_Lc,5.256348246674728,1,5,0,238,0.02457757296466974,0.09794437726723096
9,9,1523,a,Dash-8,0.001,dash8_t1.0s,1.0,1.0,reported,z_over_Lc,3.0046082949308754,1,L_over_Lc,5.147521160822249,1,5,0,239,0.02457757296466974,0.09794437726723096
9,9,1523,a,Dash-8,0.001,dash8_t1.0s,1.0,1.0,reported,z_over_Lc,3.0046082949308754,1,L_over_Lc,5.2781136638452235,1,5,0,240,0.02457757296466974,0.09794437726723096
9,9,1523,a,Dash-8,0.001,dash8_t1.0s,1.0,1.0,reported,z_over_Lc,3.0168970814132106,1,L_over_Lc,5.191051995163241,1,5,0,241,0.02457757296466974,0.09794437726723096
9,9,1523,a,Dash-8,0.001,dash8_t1.0s,1.0,1.0,reported,z_over_Lc,3.0168970814132106,1,L_over_Lc,5.299879081015719,1,5,0,242,0.02457757296466974,0.09794437726723096
9,9,1523,a,Dash-8,0.001,dash8_t1.0s,1.0,1.0,reported,z_over_Lc,3.0291858678955452,1,L_over_Lc,5.212817412333736,1,5,0,243,0.02457757296466974,0.09794437726723096
9,9,1523,a,Dash-8,0.001,dash8_t1.0s,1.0,1.0,reported,z_over_Lc,3.0291858678955452,1,L_over_Lc,5.310761789600967,1,5,0,244,0.02457757296466974,0.09794437726723096
9,9,1523,a,Dash-8,0.001,dash8_t1.0s,1.0,1.0,reported,z_over_Lc,3.0414746543778803,1,L_over_Lc,5.24546553808948,1,5,0,245,0.02457757296466974,0.09794437726723096
9,9,1523,a,Dash-8,0.001,dash8_t1.0s,1.0,1.0,reported,z_over_Lc,3.0414746543778803,1,L_over_Lc,5.321644498186215,1,5,0,246,0.02457757296466974,0.09794437726723096
9,9,1523,a,Dash-8,0.001,dash8_t1.0s,1.0,1.0,reported,z_over_Lc,3.053763440860215,1,L_over_Lc,5.267230955259976,1,5,0,247,0.02457757296466974,0.09794437726723096
9,9,1523,a,Dash-8,0.001,dash8_t1.0s,1.0,1.0,reported,z_over_Lc,3.053763440860215,1,L_over_Lc,5.332527206771463,1,5,0,248,0.02457757296466974,0.09794437726723096
9,9,1523,a,Dash-8,0.001,dash8_t1.0s,1.0,1.0,reported,z_over_Lc,3.06605222734255,1,L_over_Lc,5.299879081015719,1,5,0,249,0.02457757296466974,0.09794437726723096
9,9,1523,a,Dash-8,0.001,dash8_t1.0s,1.0,1.0,reported,z_over_Lc,3.06605222734255,1,L_over_Lc,5.343409915356711,1,5,0,250,0.02457757296466974,0.09794437726723096
9,9,1523,a,Dash-8,0.001,dash8_t1.0s,1.0,1.0,reported,z_over_Lc,3.078341013824885,1,L_over_Lc,5.321644498186215,1,5,0,251,0.02457757296466974,0.09794437726723096
9,9,1523,a,Dash-8,0.001,dash8_t1.0s,1.0,1.0,reported,z_over_Lc,3.078341013824885,1,L_over_Lc,5.3651753325272065,1,5,0,252,0.02457757296466974,0.09794437726723096
9,9,1523,a,Dash-8,0.001,dash8_t1.0s,1.0,1.0,reported,z_over_Lc,3.0906298003072195,1,L_over_Lc,5.392382103990326,1,5,0,253,0.02457757296466974,0.09794437726723096
9,9,1523,a,Dash-8,0.001,dash8_t1.0s,1.0,1.0,reported,z_over_Lc,3.1029185867895546,1,L_over_Lc,5.403264812575574,1,5,0,254,0.02457757296466974,0.09794437726723096
9,9,1523,a,Dash-8,0.001,dash8_t1.0s,1.0,1.0,reported,z_over_Lc,3.1152073732718892,1,L_over_Lc,5.408706166868198,1,5,0,255,0.02457757296466974,0.09794437726723096
9,9,1523,a,Dash-8,0.001,dash8_t1.0s,1.0,1.0,reported,z_over_Lc,3.1152073732718892,1,L_over_Lc,5.4413542926239415,1,5,0,256,0.02457757296466974,0.09794437726723096
9,9,1523,a,Dash-8,0.001,dash8_t1.0s,1.0,1.0,reported,z_over_Lc,3.1274961597542243,1,L_over_Lc,5.419588875453446,1,5,0,257,0.02457757296466974,0.09794437726723096
9,9,1523,a,Dash-8,0.001,dash8_t1.0s,1.0,1.0,reported,z_over_Lc,3.1274961597542243,1,L_over_Lc,5.463119709794437,1,5,0,258,0.02457757296466974,0.09794437726723096
9,9,1523,a,Dash-8,0.001,dash8_t1.0s,1.0,1.0,reported,z_over_Lc,3.139784946236559,1,L_over_Lc,5.430471584038694,1,5,0,259,0.02457757296466974,0.09794437726723096
9,9,1523,a,Dash-8,0.001,dash8_t1.0s,1.0,1.0,reported,z_over_Lc,3.139784946236559,1,L_over_Lc,5.495767835550182,1,5,0,260,0.02457757296466974,0.09794437726723096
9,9,1523,a,Dash-8,0.001,dash8_t1.0s,1.0,1.0,reported,z_over_Lc,3.152073732718894,1,L_over_Lc,5.4413542926239415,1,5,0,261,0.02457757296466974,0.09794437726723096
9,9,1523,a,Dash-8,0.001,dash8_t1.0s,1.0,1.0,reported,z_over_Lc,3.152073732718894,1,L_over_Lc,5.5175332527206775,1,5,0,262,0.02457757296466974,0.09794437726723096
9,9,1523,a,Dash-8,0.001,dash8_t1.0s,1.0,1.0,reported,z_over_Lc,3.164362519201229,1,L_over_Lc,5.463119709794437,1,5,0,263,0.02457757296466974,0.09794437726723096
9,9,1523,a,Dash-8,0.001,dash8_t1.0s,1.0,1.0,reported,z_over_Lc,3.164362519201229,1,L_over_Lc,5.539298669891173,1,5,0,264,0.02457757296466974,0.09794437726723096
9,9,1523,a,Dash-8,0.001,dash8_t1.0s,1.0,1.0,reported,z_over_Lc,3.176651305683564,1,L_over_Lc,5.484885126964934,1,5,0,265,0.02457757296466974,0.09794437726723096
9,9,1523,a,Dash-8,0.001,dash8_t1.0s,1.0,1.0,reported,z_over_Lc,3.176651305683564,1,L_over_Lc,5.561064087061669,1,5,0,266,0.02457757296466974,0.09794437726723096
9,9,1523,a,Dash-8,0.001,dash8_t1.0s,1.0,1.0,reported,z_over_Lc,3.1889400921658986,1,L_over_Lc,5.50665054413543,1,5,0,267,0.02457757296466974,0.09794437726723096
9,9,1523,a,Dash-8,0.001,dash8_t1.0s,1.0,1.0,reported,z_over_Lc,3.1889400921658986,1,L_over_Lc,5.561064087061669,1,5,0,268,0.02457757296466974,0.09794437726723096
9,9,1523,a,Dash-8,0.001,dash8_t1.0s,1.0,1.0,reported,z_over_Lc,3.2012288786482337,1,L_over_Lc,5.528415961305925,1,5,0,269,0.02457757296466974,0.09794437726723096
9,9,1523,a,Dash-8,0.001,dash8_t1.0s,1.0,1.0,reported,z_over_Lc,3.2012288786482337,1,L_over_Lc,5.571946795646917,1,5,0,270,0.02457757296466974,0.09794437726723096
9,9,1523,a,Dash-8,0.001,dash8_t1.0s,1.0,1.0,reported,z_over_Lc,3.2135176651305684,1,L_over_Lc,5.550181378476421,1,5,0,271,0.02457757296466974,0.09794437726723096
9,9,1523,a,Dash-8,0.001,dash8_t1.0s,1.0,1.0,reported,z_over_Lc,3.2135176651305684,1,L_over_Lc,5.571946795646917,1,5,0,272,0.02457757296466974,0.09794437726723096
9,9,1523,a,Dash-8,0.001,dash8_t1.0s,1.0,1.0,reported,z_over_Lc,3.225806451612903,1,L_over_Lc,5.577388149939541,1,5,0,273,0.02457757296466974,0.09794437726723096
9,9,1523,a,Dash-8,0.001,dash8_t1.0s,1.0,1.0,reported,z_over_Lc,3.238095238095238,1,L_over_Lc,5.5991535671100365,1,5,0,274,0.02457757296466974,0.09794437726723096
9,9,1523,a,Dash-8,0.001,dash8_t1.0s,1.0,1.0,reported,z_over_Lc,3.250384024577573,1,L_over_Lc,5.615477629987908,1,5,0,275,0.02457757296466974,0.09794437726723096
9,9,1523,a,Dash-8,0.001,dash8_t1.0s,1.0,1.0,reported,z_over_Lc,3.262672811059908,1,L_over_Lc,5.626360338573156,1,5,0,276,0.02457757296466974,0.09794437726723096
9,9,1523,a,Dash-8,0.001,dash8_t1.0s,1.0,1.0,reported,z_over_Lc,3.2749615975422426,1,L_over_Lc,5.626360338573156,1,5,0,277,0.02457757296466974,0.09794437726723096
9,9,1523,a,Dash-8,0.001,dash8_t1.0s,1.0,1.0,reported,z_over_Lc,3.2872503840245777,1,L_over_Lc,5.63180169286578,1,5,0,278,0.02457757296466974,0.09794437726723096
9,9,1523,a,Dash-8,0.001,dash8_t1.0s,1.0,1.0,reported,z_over_Lc,3.2995391705069124,1,L_over_Lc,5.642684401451028,1,5,0,279,0.02457757296466974,0.09794437726723096
9,9,1523,a,Dash-8,0.001,dash8_t1.0s,1.0,1.0,reported,z_over_Lc,3.3118279569892475,1,L_over_Lc,5.6590084643289,1,5,0,280,0.02457757296466974,0.09794437726723096
9,9,1523,a,Dash-8,0.001,dash8_t1.0s,1.0,1.0,reported,z_over_Lc,3.324116743471582,1,L_over_Lc,5.669891172914148,1,5,0,281,0.02457757296466974,0.09794437726723096
9,9,1523,a,Dash-8,0.001,dash8_t1.0s,1.0,1.0,reported,z_over_Lc,3.3364055299539173,1,L_over_Lc,5.669891172914148,1,5,0,282,0.02457757296466974,0.09794437726723096
9,9,1523,a,Dash-8,0.001,dash8_t1.0s,1.0,1.0,reported,z_over_Lc,3.348694316436252,1,L_over_Lc,5.6807738814993956,1,5,0,283,0.02457757296466974,0.09794437726723096
9,9,1523,a,Dash-8,0.001,dash8_t1.0s,1.0,1.0,reported,z_over_Lc,3.3609831029185866,1,L_over_Lc,5.6862152357920195,1,5,0,284,0.02457757296466974,0.09794437726723096
9,9,1523,a,Dash-8,0.001,dash8_t1.0s,1.0,1.0,reported,z_over_Lc,3.3732718894009217,1,L_over_Lc,5.6862152357920195,1,5,0,285,0.02457757296466974,0.09794437726723096
9,9,1523,a,Dash-8,0.001,dash8_t1.0s,1.0,1.0,reported,z_over_Lc,3.3855606758832564,1,L_over_Lc,5.6807738814993956,1,5,0,286,0.02457757296466974,0.09794437726723096
9,9,1523,a,Dash-8,0.001,dash8_t1.0s,1.0,1.0,reported,z_over_Lc,3.3978494623655915,1,L_over_Lc,5.675332527206772,1,5,0,287,0.02457757296466974,0.09794437726723096
9,9,1523,a,Dash-8,0.001,dash8_t1.0s,1.0,1.0,reported,z_over_Lc,3.410138248847926,1,L_over_Lc,5.669891172914148,1,5,0,288,0.02457757296466974,0.09794437726723096
9,9,1523,a,Dash-8,0.001,dash8_t1.0s,1.0,1.0,reported,z_over_Lc,3.4224270353302613,1,L_over_Lc,5.6590084643289,1,5,0,289,0.02457757296466974,0.09794437726723096
9,9,1523,a,Dash-8,0.001,dash8_t1.0s,1.0,1.0,reported,z_over_Lc,3.434715821812596,1,L_over_Lc,5.648125755743652,1,5,0,290,0.02457757296466974,0.09794437726723096
9,9,1523,a,Dash-8,0.001,dash8_t1.0s,1.0,1.0,reported,z_over_Lc,3.447004608294931,1,L_over_Lc,5.642684401451028,1,5,0,291,0.02457757296466974,0.09794437726723096
9,9,1523,a,Dash-8,0.001,dash8_t1.0s,1.0,1.0,reported,z_over_Lc,3.4592933947772657,1,L_over_Lc,5.637243047158404,1,5,0,292,0.02457757296466974,0.09794437726723096
9,9,1523,a,Dash-8,0.001,dash8_t1.0s,1.0,1.0,reported,z_over_Lc,3.471582181259601,1,L_over_Lc,5.626360338573156,1,5,0,293,0.02457757296466974,0.09794437726723096
9,9,1523,a,Dash-8,0.001,dash8_t1.0s,1.0,1.0,reported,z_over_Lc,3.4838709677419355,1,L_over_Lc,5.620918984280532,1,5,0,294,0.02457757296466974,0.09794437726723096
9,9,1523,a,Dash-8,0.001,dash8_t1.0s,1.0,1.0,reported,z_over_Lc,3.49615975422427,1,L_over_Lc,5.615477629987908,1,5,0,295,0.02457757296466974,0.09794437726723096
9,9,1523,a,Dash-8,0.001,dash8_t1.0s,1.0,1.0,reported,z_over_Lc,3.5084485407066053,1,L_over_Lc,5.6045949214026605,1,5,0,296,0.02457757296466974,0.09794437726723096
9,9,1523,a,Dash-8,0.001,dash8_t1.0s,1.0,1.0,reported,z_over_Lc,3.52073732718894,1,L_over_Lc,5.5991535671100365,1,5,0,297,0.02457757296466974,0.09794437726723096
9,9,1523,a,Dash-8,0.001,dash8_t1.0s,1.0,1.0,reported,z_over_Lc,3.533026113671275,1,L_over_Lc,5.582829504232165,1,5,0,298,0.02457757296466974,0.09794437726723096
9,9,1523,a,Dash-8,0.001,dash8_t1.0s,1.0,1.0,reported,z_over_Lc,3.5453149001536097,1,L_over_Lc,5.582829504232165,1,5,0,299,0.02457757296466974,0.09794437726723096
9,9,1523,a,Dash-8,0.001,dash8_t1.0s,1.0,1.0,reported,z_over_Lc,3.557603686635945,1,L_over_Lc,5.582829504232165,1,5,0,300,0.02457757296466974,0.09794437726723096
9,9,1523,a,Dash-8,0.001,dash8_t1.0s,1.0,1.0,reported,z_over_Lc,3.5698924731182795,1,L_over_Lc,5.588270858524789,1,5,0,301,0.02457757296466974,0.09794437726723096
9,9,1523,a,Dash-8,0.001,dash8_t1.0s,1.0,1.0,reported,z_over_Lc,3.5821812596006146,1,L_over_Lc,5.5991535671100365,1,5,0,302,0.02457757296466974,0.09794437726723096
9,9,1523,a,Dash-8,0.001,dash8_t1.0s,1.0,1.0,reported,z_over_Lc,3.5944700460829493,1,L_over_Lc,5.6045949214026605,1,5,0,303,0.02457757296466974,0.09794437726723096
9,9,1523,a,Dash-8,0.001,dash8_t1.0s,1.0,1.0,reported,z_over_Lc,3.606758832565284,1,L_over_Lc,5.620918984280532,1,5,0,304,0.02457757296466974,0.09794437726723096
9,9,1523,a,Dash-8,0.001,dash8_t1.0s,1.0,1.0,reported,z_over_Lc,3.619047619047619,1,L_over_Lc,5.626360338573156,1,5,0,305,0.02457757296466974,0.09794437726723096
9,9,1523,a,Dash-8,0.001,dash8_t1.0s,1.0,1.0,reported,z_over_Lc,3.619047619047619,1,L_over_Lc,5.648125755743652,1,5,0,306,0.02457757296466974,0.09794437726723096
9,9,1523,a,Dash-8,0.001,dash8_t1.0s,1.0,1.0,reported,z_over_Lc,3.6313364055299537,1,L_over_Lc,5.653567110036276,1,5,0,307,0.02457757296466974,0.09794437726723096
9,9,1523,a,Dash-8,0.001,dash8_t1.0s,1.0,1.0,reported,z_over_Lc,3.643625192012289,1,L_over_Lc,5.6590084643289,1,5,0,308,0.02457757296466974,0.09794437726723096
9,9,1523,a,Dash-8,0.001,dash8_t1.0s,1.0,1.0,reported,z_over_Lc,3.643625192012289,1,L_over_Lc,5.6807738814993956,1,5,0,309,0.02457757296466974,0.09794437726723096
9,9,1523,a,Dash-8,0.001,dash8_t1.0s,1.0,1.0,reported,z_over_Lc,3.6559139784946235,1,L_over_Lc,5.669891172914148,1,5,0,310,0.02457757296466974,0.09794437726723096
9,9,1523,a,Dash-8,0.001,dash8_t1.0s,1.0,1.0,reported,z_over_Lc,3.6559139784946235,1,L_over_Lc,5.691656590084643,1,5,0,311,0.02457757296466974,0.09794437726723096
9,9,1523,a,Dash-8,0.001,dash8_t1.0s,1.0,1.0,reported,z_over_Lc,3.6682027649769586,1,L_over_Lc,5.6807738814993956,1,5,0,312,0.02457757296466974,0.09794437726723096
9,9,1523,a,Dash-8,0.001,dash8_t1.0s,1.0,1.0,reported,z_over_Lc,3.6682027649769586,1,L_over_Lc,5.702539298669891,1,5,0,313,0.02457757296466974,0.09794437726723096
9,9,1523,a,Dash-8,0.001,dash8_t1.0s,1.0,1.0,reported,z_over_Lc,3.6804915514592933,1,L_over_Lc,5.697097944377267,1,5,0,314,0.02457757296466974,0.09794437726723096
9,9,1523,a,Dash-8,0.001,dash8_t1.0s,1.0,1.0,reported,z_over_Lc,3.6927803379416284,1,L_over_Lc,5.707980652962515,1,5,0,315,0.02457757296466974,0.09794437726723096
9,9,1523,a,Dash-8,0.001,dash8_t1.0s,1.0,1.0,reported,z_over_Lc,3.705069124423963,1,L_over_Lc,5.718863361547763,1,5,0,316,0.02457757296466974,0.09794437726723096
9,9,1523,a,Dash-8,0.001,dash8_t1.0s,1.0,1.0,reported,z_over_Lc,3.717357910906298,1,L_over_Lc,5.735187424425635,1,5,0,317,0.02457757296466974,0.09794437726723096
9,9,1523,a,Dash-8,0.001,dash8_t1.0s,1.0,1.0,reported,z_over_Lc,3.729646697388633,1,L_over_Lc,5.740628778718259,1,5,0,318,0.02457757296466974,0.09794437726723096
9,9,1523,a,Dash-8,0.001,dash8_t1.0s,1.0,1.0,reported,z_over_Lc,3.7419354838709675,1,L_over_Lc,5.751511487303507,1,5,0,319,0.02457757296466974,0.09794437726723096
9,9,1523,a,Dash-8,0.001,dash8_t1.0s,1.0,1.0,reported,z_over_Lc,3.7542242703533026,1,L_over_Lc,5.756952841596131,1,5,0,320,0.02457757296466974,0.09794437726723096
9,9,1523,a,Dash-8,0.001,dash8_t1.0s,1.0,1.0,reported,z_over_Lc,3.7665130568356373,1,L_over_Lc,5.756952841596131,1,5,0,321,0.02457757296466974,0.09794437726723096
9,9,1523,a,Dash-8,0.001,dash8_t1.0s,1.0,1.0,reported,z_over_Lc,3.7788018433179724,1,L_over_Lc,5.762394195888755,1,5,0,322,0.02457757296466974,0.09794437726723096
9,9,1523,a,Dash-8,0.001,dash8_t1.0s,1.0,1.0,reported,z_over_Lc,3.791090629800307,1,L_over_Lc,5.7678355501813785,1,5,0,323,0.02457757296466974,0.09794437726723096
9,9,1523,a,Dash-8,0.001,dash8_t1.0s,1.0,1.0,reported,z_over_Lc,3.803379416282642,1,L_over_Lc,5.773276904474002,1,5,0,324,0.02457757296466974,0.09794437726723096
9,9,1523,a,Dash-8,0.001,dash8_t1.0s,1.0,1.0,reported,z_over_Lc,3.815668202764977,1,L_over_Lc,5.78415961305925,1,5,0,325,0.02457757296466974,0.09794437726723096
9,9,1523,a,Dash-8,0.001,dash8_t1.0s,1.0,1.0,reported,z_over_Lc,3.827956989247312,1,L_over_Lc,5.78415961305925,1,5,0,326,0.02457757296466974,0.09794437726723096
9,9,1523,a,Dash-8,0.001,dash8_t1.0s,1.0,1.0,reported,z_over_Lc,3.8402457757296466,1,L_over_Lc,5.78415961305925,1,5,0,327,0.02457757296466974,0.09794437726723096
9,9,1523,a,Dash-8,0.001,dash8_t1.0s,1.0,1.0,reported,z_over_Lc,3.8525345622119818,1,L_over_Lc,5.78415961305925,1,5,0,328,0.02457757296466974,0.09794437726723096
9,9,1523,a,Dash-8,0.001,dash8_t1.0s,1.0,1.0,reported,z_over_Lc,3.8648233486943164,1,L_over_Lc,5.78415961305925,1,5,0,329,0.02457757296466974,0.09794437726723096
9,9,1523,a,Dash-8,0.001,dash8_t1.0s,1.0,1.0,reported,z_over_Lc,3.877112135176651,1,L_over_Lc,5.789600967351874,1,5,0,330,0.02457757296466974,0.09794437726723096
9,9,1523,a,Dash-8,0.001,dash8_t1.0s,1.0,1.0,reported,z_over_Lc,3.889400921658986,1,L_over_Lc,5.800483675937122,1,5,0,331,0.02457757296466974,0.09794437726723096
9,9,1523,a,Dash-8,0.001,dash8_t1.0s,1.0,1.0,reported,z_over_Lc,3.901689708141321,1,L_over_Lc,5.800483675937122,1,5,0,332,0.02457757296466974,0.09794437726723096
9,9,1523,a,Dash-8,0.001,dash8_t1.0s,1.0,1.0,reported,z_over_Lc,3.913978494623656,1,L_over_Lc,5.800483675937122,1,5,0,333,0.02457757296466974,0.09794437726723096
9,9,1523,a,Dash-8,0.001,dash8_t1.0s,1.0,1.0,reported,z_over_Lc,3.9262672811059907,1,L_over_Lc,5.789600967351874,1,5,0,334,0.02457757296466974,0.09794437726723096
9,9,1523,a,Dash-8,0.001,dash8_t1.0s,1.0,1.0,reported,z_over_Lc,3.9385560675883258,1,L_over_Lc,5.773276904474002,1,5,0,335,0.02457757296466974,0.09794437726723096
9,9,1523,a,Dash-8,0.001,dash8_t1.0s,1.0,1.0,reported,z_over_Lc,3.9508448540706604,1,L_over_Lc,5.762394195888755,1,5,0,336,0.02457757296466974,0.09794437726723096
9,9,1523,a,Dash-8,0.001,dash8_t1.0s,1.0,1.0,reported,z_over_Lc,3.9631336405529956,1,L_over_Lc,5.746070133010883,1,5,0,337,0.02457757296466974,0.09794437726723096
9,9,1523,a,Dash-8,0.001,dash8_t1.0s,1.0,1.0,reported,z_over_Lc,3.9631336405529956,1,L_over_Lc,5.7678355501813785,1,5,0,338,0.02457757296466974,0.09794437726723096
9,9,1523,a,Dash-8,0.001,dash8_t1.0s,1.0,1.0,reported,z_over_Lc,3.97542242703533,1,L_over_Lc,5.740628778718259,1,5,0,339,0.02457757296466974,0.09794437726723096
9,9,1523,a,Dash-8,0.001,dash8_t1.0s,1.0,1.0,reported,z_over_Lc,3.9877112135176653,1,L_over_Lc,5.724304715840387,1,5,0,340,0.02457757296466974,0.09794437726723096
9,9,1523,a,Dash-8,0.001,dash8_t1.0s,1.0,1.0,reported,z_over_Lc,3.9877112135176653,1,L_over_Lc,5.746070133010883,1,5,0,341,0.02457757296466974,0.09794437726723096
9,9,1523,a,Dash-8,0.001,dash8_t1.0s,1.0,1.0,reported,z_over_Lc,4.0,1,L_over_Lc,5.724304715840387,1,5,0,342,0.02457757296466974,0.09794437726723096
9,9,1523,a,Dash-8,0.001,dash8_t1.0s,1.0,1.0,reported,z_over_Lc,4.012288786482335,1,L_over_Lc,5.718863361547763,1,5,0,343,0.02457757296466974,0.09794437726723096
9,9,1523,a,Dash-8,0.001,dash8_t1.0s,1.0,1.0,reported,z_over_Lc,4.024577572964669,1,L_over_Lc,5.702539298669891,1,5,0,344,0.02457757296466974,0.09794437726723096
9,9,1523,a,Dash-8,0.001,dash8_t1.0s,1.0,1.0,reported,z_over_Lc,4.0368663594470044,1,L_over_Lc,5.675332527206772,1,5,0,345,0.02457757296466974,0.09794437726723096
9,9,1523,a,Dash-8,0.001,dash8_t1.0s,1.0,1.0,reported,z_over_Lc,4.04915514592934,1,L_over_Lc,5.6590084643289,1,5,0,346,0.02457757296466974,0.09794437726723096
9,9,1523,a,Dash-8,0.001,dash8_t1.0s,1.0,1.0,reported,z_over_Lc,4.061443932411675,1,L_over_Lc,5.593712212817413,1,5,0,347,0.02457757296466974,0.09794437726723096
9,9,1523,a,Dash-8,0.001,dash8_t1.0s,1.0,1.0,reported,z_over_Lc,4.061443932411675,1,L_over_Lc,5.6590084643289,1,5,0,348,0.02457757296466974,0.09794437726723096
9,9,1523,a,Dash-8,0.001,dash8_t1.0s,1.0,1.0,reported,z_over_Lc,4.073732718894009,1,L_over_Lc,5.571946795646917,1,5,0,349,0.02457757296466974,0.09794437726723096
9,9,1523,a,Dash-8,0.001,dash8_t1.0s,1.0,1.0,reported,z_over_Lc,4.073732718894009,1,L_over_Lc,5.6590084643289,1,5,0,350,0.02457757296466974,0.09794437726723096
9,9,1523,a,Dash-8,0.001,dash8_t1.0s,1.0,1.0,reported,z_over_Lc,4.086021505376344,1,L_over_Lc,5.571946795646917,1,5,0,351,0.02457757296466974,0.09794437726723096
9,9,1523,a,Dash-8,0.001,dash8_t1.0s,1.0,1.0,reported,z_over_Lc,4.086021505376344,1,L_over_Lc,5.6590084643289,1,5,0,352,0.02457757296466974,0.09794437726723096
9,9,1523,a,Dash-8,0.001,dash8_t1.0s,1.0,1.0,reported,z_over_Lc,4.098310291858679,1,L_over_Lc,5.561064087061669,1,5,0,353,0.02457757296466974,0.09794437726723096
9,9,1523,a,Dash-8,0.001,dash8_t1.0s,1.0,1.0,reported,z_over_Lc,4.098310291858679,1,L_over_Lc,5.648125755743652,1,5,0,354,0.02457757296466974,0.09794437726723096
9,9,1523,a,Dash-8,0.001,dash8_t1.0s,1.0,1.0,reported,z_over_Lc,4.110599078341014,1,L_over_Lc,5.561064087061669,1,5,0,355,0.02457757296466974,0.09794437726723096
9,9,1523,a,Dash-8,0.001,dash8_t1.0s,1.0,1.0,reported,z_over_Lc,4.110599078341014,1,L_over_Lc,5.637243047158404,1,5,0,356,0.02457757296466974,0.09794437726723096
9,9,1523,a,Dash-8,0.001,dash8_t1.0s,1.0,1.0,reported,z_over_Lc,4.1228878648233485,1,L_over_Lc,5.561064087061669,1,5,0,357,0.02457757296466974,0.09794437726723096
9,9,1523,a,Dash-8,0.001,dash8_t1.0s,1.0,1.0,reported,z_over_Lc,4.1228878648233485,1,L_over_Lc,5.593712212817413,1,5,0,358,0.02457757296466974,0.09794437726723096
9,9,1523,a,Dash-8,0.001,dash8_t1.0s,1.0,1.0,reported,z_over_Lc,4.135176651305684,1,L_over_Lc,5.566505441354293,1,5,0,359,0.02457757296466974,0.09794437726723096
9,9,1523,a,Dash-8,0.001,dash8_t1.0s,1.0,1.0,reported,z_over_Lc,4.147465437788019,1,L_over_Lc,5.561064087061669,1,5,0,360,0.02457757296466974,0.09794437726723096
9,9,1523,a,Dash-8,0.001,dash8_t1.0s,1.0,1.0,reported,z_over_Lc,4.159754224270353,1,L_over_Lc,5.566505441354293,1,5,0,361,0.02457757296466974,0.09794437726723096
9,9,1523,a,Dash-8,0.001,dash8_t1.0s,1.0,1.0,reported,z_over_Lc,4.172043010752688,1,L_over_Lc,5.571946795646917,1,5,0,362,0.02457757296466974,0.09794437726723096
9,9,1523,a,Dash-8,0.001,dash8_t1.0s,1.0,1.0,reported,z_over_Lc,4.172043010752688,1,L_over_Lc,5.615477629987908,1,5,0,363,0.02457757296466974,0.09794437726723096
9,9,1523,a,Dash-8,0.001,dash8_t1.0s,1.0,1.0,reported,z_over_Lc,4.184331797235023,1,L_over_Lc,5.593712212817413,1,5,0,364,0.02457757296466974,0.09794437726723096
9,9,1523,a,Dash-8,0.001,dash8_t1.0s,1.0,1.0,reported,z_over_Lc,4.184331797235023,1,L_over_Lc,5.626360338573156,1,5,0,365,0.02457757296466974,0.09794437726723096
9,9,1523,a,Dash-8,0.001,dash8_t1.0s,1.0,1.0,reported,z_over_Lc,4.196620583717358,1,L_over_Lc,5.615477629987908,1,5,0,366,0.02457757296466974,0.09794437726723096
9,9,1523,a,Dash-8,0.001,dash8_t1.0s,1.0,1.0,reported,z_over_Lc,4.196620583717358,1,L_over_Lc,5.637243047158404,1,5,0,367,0.02457757296466974,0.09794437726723096
9,9,1523,a,Dash-8,0.001,dash8_t1.0s,1.0,1.0,reported,z_over_Lc,4.2089093701996925,1,L_over_Lc,5.626360338573156,1,5,0,368,0.02457757296466974,0.09794437726723096
9,9,1523,a,Dash-8,0.001,dash8_t1.0s,1.0,1.0,reported,z_over_Lc,4.2089093701996925,1,L_over_Lc,5.648125755743652,1,5,0,369,0.02457757296466974,0.09794437726723096
9,9,1523,a,Dash-8,0.001,dash8_t1.0s,1.0,1.0,reported,z_over_Lc,4.221198156682028,1,L_over_Lc,5.648125755743652,1,5,0,370,0.02457757296466974,0.09794437726723096
9,9,1523,a,Dash-8,0.001,dash8_t1.0s,1.0,1.0,reported,z_over_Lc,4.221198156682028,1,L_over_Lc,5.7678355501813785,1,5,0,371,0.02457757296466974,0.09794437726723096
9,9,1523,a,Dash-8,0.001,dash8_t1.0s,1.0,1.0,reported,z_over_Lc,4.233486943164363,1,L_over_Lc,5.6590084643289,1,5,0,372,0.02457757296466974,0.09794437726723096
9,9,1523,a,Dash-8,0.001,dash8_t1.0s,1.0,1.0,reported,z_over_Lc,4.233486943164363,1,L_over_Lc,5.81136638452237,1,5,0,373,0.02457757296466974,0.09794437726723096
9,9,1523,a,Dash-8,0.001,dash8_t1.0s,1.0,1.0,reported,z_over_Lc,4.245775729646698,1,L_over_Lc,5.669891172914148,1,5,0,374,0.02457757296466974,0.09794437726723096
9,9,1523,a,Dash-8,0.001,dash8_t1.0s,1.0,1.0,reported,z_over_Lc,4.245775729646698,1,L_over_Lc,5.920193470374849,1,5,0,375,0.02457757296466974,0.09794437726723096
9,9,1523,a,Dash-8,0.001,dash8_t1.0s,1.0,1.0,reported,z_over_Lc,4.258064516129032,1,L_over_Lc,5.702539298669891,1,5,0,376,0.02457757296466974,0.09794437726723096
9,9,1523,a,Dash-8,0.001,dash8_t1.0s,1.0,1.0,reported,z_over_Lc,4.258064516129032,1,L_over_Lc,5.941958887545344,1,5,0,377,0.02457757296466974,0.09794437726723096
9,9,1523,a,Dash-8,0.001,dash8_t1.0s,1.0,1.0,reported,z_over_Lc,4.270353302611367,1,L_over_Lc,5.724304715840387,1,5,0,378,0.02457757296466974,0.09794437726723096
9,9,1523,a,Dash-8,0.001,dash8_t1.0s,1.0,1.0,reported,z_over_Lc,4.270353302611367,1,L_over_Lc,5.941958887545344,1,5,0,379,0.02457757296466974,0.09794437726723096
9,9,1523,a,Dash-8,0.001,dash8_t1.0s,1.0,1.0,reported,z_over_Lc,4.282642089093702,1,L_over_Lc,5.735187424425635,1,5,0,380,0.02457757296466974,0.09794437726723096
9,9,1523,a,Dash-8,0.001,dash8_t1.0s,1.0,1.0,reported,z_over_Lc,4.282642089093702,1,L_over_Lc,5.952841596130592,1,5,0,381,0.02457757296466974,0.09794437726723096
9,9,1523,a,Dash-8,0.001,dash8_t1.0s,1.0,1.0,reported,z_over_Lc,4.2949308755760365,1,L_over_Lc,5.756952841596131,1,5,0,382,0.02457757296466974,0.09794437726723096
9,9,1523,a,Dash-8,0.001,dash8_t1.0s,1.0,1.0,reported,z_over_Lc,4.2949308755760365,1,L_over_Lc,6.0181378476420795,1,5,0,383,0.02457757296466974,0.09794437726723096
9,9,1523,a,Dash-8,0.001,dash8_t1.0s,1.0,1.0,reported,z_over_Lc,4.307219662058372,1,L_over_Lc,5.7678355501813785,1,5,0,384,0.02457757296466974,0.09794437726723096
9,9,1523,a,Dash-8,0.001,dash8_t1.0s,1.0,1.0,reported,z_over_Lc,4.307219662058372,1,L_over_Lc,6.039903264812575,1,5,0,385,0.02457757296466974,0.09794437726723096
9,9,1523,a,Dash-8,0.001,dash8_t1.0s,1.0,1.0,reported,z_over_Lc,4.319508448540707,1,L_over_Lc,5.789600967351874,1,5,0,386,0.02457757296466974,0.09794437726723096
9,9,1523,a,Dash-8,0.001,dash8_t1.0s,1.0,1.0,reported,z_over_Lc,4.319508448540707,1,L_over_Lc,6.094316807738815,1,5,0,387,0.02457757296466974,0.09794437726723096
9,9,1523,a,Dash-8,0.001,dash8_t1.0s,1.0,1.0,reported,z_over_Lc,4.331797235023042,1,L_over_Lc,5.920193470374849,1,5,0,388,0.02457757296466974,0.09794437726723096
9,9,1523,a,Dash-8,0.001,dash8_t1.0s,1.0,1.0,reported,z_over_Lc,4.331797235023042,1,L_over_Lc,6.105199516324062,1,5,0,389,0.02457757296466974,0.09794437726723096
9,9,1523,a,Dash-8,0.001,dash8_t1.0s,1.0,1.0,reported,z_over_Lc,4.344086021505376,1,L_over_Lc,5.974607013301088,1,5,0,390,0.02457757296466974,0.09794437726723096
9,9,1523,a,Dash-8,0.001,dash8_t1.0s,1.0,1.0,reported,z_over_Lc,4.344086021505376,1,L_over_Lc,6.116082224909311,1,5,0,391,0.02457757296466974,0.09794437726723096
9,9,1523,a,Dash-8,0.001,dash8_t1.0s,1.0,1.0,reported,z_over_Lc,4.356374807987711,1,L_over_Lc,6.039903264812575,1,5,0,392,0.02457757296466974,0.09794437726723096
9,9,1523,a,Dash-8,0.001,dash8_t1.0s,1.0,1.0,reported,z_over_Lc,4.356374807987711,1,L_over_Lc,6.126964933494559,1,5,0,393,0.02457757296466974,0.09794437726723096
9,9,1523,a,Dash-8,0.001,dash8_t1.0s,1.0,1.0,reported,z_over_Lc,4.368663594470046,1,L_over_Lc,6.039903264812575,1,5,0,394,0.02457757296466974,0.09794437726723096
9,9,1523,a,Dash-8,0.001,dash8_t1.0s,1.0,1.0,reported,z_over_Lc,4.368663594470046,1,L_over_Lc,6.126964933494559,1,5,0,395,0.02457757296466974,0.09794437726723096
9,9,1523,a,Dash-8,0.001,dash8_t1.0s,1.0,1.0,reported,z_over_Lc,4.380952380952381,1,L_over_Lc,6.050785973397823,1,5,0,396,0.02457757296466974,0.09794437726723096
9,9,1523,a,Dash-8,0.001,dash8_t1.0s,1.0,1.0,reported,z_over_Lc,4.380952380952381,1,L_over_Lc,6.137847642079807,1,5,0,397,0.02457757296466974,0.09794437726723096
9,9,1523,a,Dash-8,0.001,dash8_t1.0s,1.0,1.0,reported,z_over_Lc,4.393241167434716,1,L_over_Lc,6.083434099153567,1,5,0,398,0.02457757296466974,0.09794437726723096
9,9,1523,a,Dash-8,0.001,dash8_t1.0s,1.0,1.0,reported,z_over_Lc,4.393241167434716,1,L_over_Lc,6.137847642079807,1,5,0,399,0.02457757296466974,0.09794437726723096
9,9,1523,a,Dash-8,0.001,dash8_t1.0s,1.0,1.0,reported,z_over_Lc,4.405529953917051,1,L_over_Lc,6.137847642079807,1,5,0,400,0.02457757296466974,0.09794437726723096
9,9,1523,a,Dash-8,0.001,dash8_t1.0s,1.0,1.0,reported,z_over_Lc,4.417818740399386,1,L_over_Lc,6.159613059250303,1,5,0,401,0.02457757296466974,0.09794437726723096
9,9,1523,a,Dash-8,0.001,dash8_t1.0s,1.0,1.0,reported,z_over_Lc,4.43010752688172,1,L_over_Lc,6.165054413542927,1,5,0,402,0.02457757296466974,0.09794437726723096
9,9,1523,a,Dash-8,0.001,dash8_t1.0s,1.0,1.0,reported,z_over_Lc,4.442396313364055,1,L_over_Lc,6.154171704957679,1,5,0,403,0.02457757296466974,0.09794437726723096
9,9,1523,a,Dash-8,0.001,dash8_t1.0s,1.0,1.0,reported,z_over_Lc,4.45468509984639,1,L_over_Lc,6.154171704957679,1,5,0,404,0.02457757296466974,0.09794437726723096
9,9,1523,a,Dash-8,0.001,dash8_t1.0s,1.0,1.0,reported,z_over_Lc,4.466973886328725,1,L_over_Lc,6.148730350665055,1,5,0,405,0.02457757296466974,0.09794437726723096
9,9,1523,a,Dash-8,0.001,dash8_t1.0s,1.0,1.0,reported,z_over_Lc,4.47926267281106,1,L_over_Lc,6.148730350665055,1,5,0,406,0.02457757296466974,0.09794437726723096
9,9,1523,a,Dash-8,0.001,dash8_t1.0s,1.0,1.0,reported,z_over_Lc,4.491551459293395,1,L_over_Lc,6.148730350665055,1,5,0,407,0.02457757296466974,0.09794437726723096
9,9,1523,a,Dash-8,0.001,dash8_t1.0s,1.0,1.0,reported,z_over_Lc,4.50384024577573,1,L_over_Lc,6.154171704957679,1,5,0,408,0.02457757296466974,0.09794437726723096
9,9,1523,a,Dash-8,0.001,dash8_t1.0s,1.0,1.0,reported,z_over_Lc,4.516129032258065,1,L_over_Lc,6.159613059250303,1,5,0,409,0.02457757296466974,0.09794437726723096
9,9,1523,a,Dash-8,0.001,dash8_t1.0s,1.0,1.0,reported,z_over_Lc,4.528417818740399,1,L_over_Lc,6.159613059250303,1,5,0,410,0.02457757296466974,0.09794437726723096
9,9,1523,a,Dash-8,0.001,dash8_t1.0s,1.0,1.0,reported,z_over_Lc,4.540706605222734,1,L_over_Lc,6.143288996372431,1,5,0,411,0.02457757296466974,0.09794437726723096
9,9,1523,a,Dash-8,0.001,dash8_t1.0s,1.0,1.0,reported,z_over_Lc,4.552995391705069,1,L_over_Lc,6.132406287787183,1,5,0,412,0.02457757296466974,0.09794437726723096
9,9,1523,a,Dash-8,0.001,dash8_t1.0s,1.0,1.0,reported,z_over_Lc,4.565284178187404,1,L_over_Lc,6.126964933494559,1,5,0,413,0.02457757296466974,0.09794437726723096
9,9,1523,a,Dash-8,0.001,dash8_t1.0s,1.0,1.0,reported,z_over_Lc,4.577572964669739,1,L_over_Lc,6.110640870616687,1,5,0,414,0.02457757296466974,0.09794437726723096
9,9,1523,a,Dash-8,0.001,dash8_t1.0s,1.0,1.0,reported,z_over_Lc,4.589861751152074,1,L_over_Lc,6.105199516324062,1,5,0,415,0.02457757296466974,0.09794437726723096
9,9,1523,a,Dash-8,0.001,dash8_t1.0s,1.0,1.0,reported,z_over_Lc,4.602150537634409,1,L_over_Lc,6.105199516324062,1,5,0,416,0.02457757296466974,0.09794437726723096
9,9,1523,a,Dash-8,0.001,dash8_t1.0s,1.0,1.0,reported,z_over_Lc,4.614439324116743,1,L_over_Lc,6.088875453446191,1,5,0,417,0.02457757296466974,0.09794437726723096
9,9,1523,a,Dash-8,0.001,dash8_t1.0s,1.0,1.0,reported,z_over_Lc,4.626728110599078,1,L_over_Lc,6.083434099153567,1,5,0,418,0.02457757296466974,0.09794437726723096
9,9,1523,a,Dash-8,0.001,dash8_t1.0s,1.0,1.0,reported,z_over_Lc,4.639016897081413,1,L_over_Lc,6.072551390568319,1,5,0,419,0.02457757296466974,0.09794437726723096
9,9,1523,a,Dash-8,0.001,dash8_t1.0s,1.0,1.0,reported,z_over_Lc,4.6513056835637485,1,L_over_Lc,6.061668681983071,1,5,0,420,0.02457757296466974,0.09794437726723096
9,9,1523,a,Dash-8,0.001,dash8_t1.0s,1.0,1.0,reported,z_over_Lc,4.663594470046083,1,L_over_Lc,6.045344619105199,1,5,0,421,0.02457757296466974,0.09794437726723096
9,9,1523,a,Dash-8,0.001,dash8_t1.0s,1.0,1.0,reported,z_over_Lc,4.675883256528418,1,L_over_Lc,6.034461910519951,1,5,0,422,0.02457757296466974,0.09794437726723096
9,9,1523,a,Dash-8,0.001,dash8_t1.0s,1.0,1.0,reported,z_over_Lc,4.688172043010753,1,L_over_Lc,6.029020556227327,1,5,0,423,0.02457757296466974,0.09794437726723096
9,9,1523,a,Dash-8,0.001,dash8_t1.0s,1.0,1.0,reported,z_over_Lc,4.700460829493087,1,L_over_Lc,6.0181378476420795,1,5,0,424,0.02457757296466974,0.09794437726723096
9,9,1523,a,Dash-8,0.001,dash8_t1.0s,1.0,1.0,reported,z_over_Lc,4.712749615975422,1,L_over_Lc,6.0126964933494556,1,5,0,425,0.02457757296466974,0.09794437726723096
9,9,1523,a,Dash-8,0.001,dash8_t1.0s,1.0,1.0,reported,z_over_Lc,4.725038402457757,1,L_over_Lc,6.007255139056832,1,5,0,426,0.02457757296466974,0.09794437726723096
9,9,1523,a,Dash-8,0.001,dash8_t1.0s,1.0,1.0,reported,z_over_Lc,4.7373271889400925,1,L_over_Lc,5.99093107617896,1,5,0,427,0.02457757296466974,0.09794437726723096
9,9,1523,a,Dash-8,0.001,dash8_t1.0s,1.0,1.0,reported,z_over_Lc,4.749615975422427,1,L_over_Lc,5.969165659008464,1,5,0,428,0.02457757296466974,0.09794437726723096
9,9,1523,a,Dash-8,0.001,dash8_t1.0s,1.0,1.0,reported,z_over_Lc,4.761904761904762,1,L_over_Lc,5.9365175332527205,1,5,0,429,0.02457757296466974,0.09794437726723096
9,9,1523,a,Dash-8,0.001,dash8_t1.0s,1.0,1.0,reported,z_over_Lc,4.774193548387097,1,L_over_Lc,5.925634824667473,1,5,0,430,0.02457757296466974,0.09794437726723096
9,9,1523,a,Dash-8,0.001,dash8_t1.0s,1.0,1.0,reported,z_over_Lc,4.786482334869432,1,L_over_Lc,5.914752116082225,1,5,0,431,0.02457757296466974,0.09794437726723096
9,9,1523,a,Dash-8,0.001,dash8_t1.0s,1.0,1.0,reported,z_over_Lc,4.798771121351766,1,L_over_Lc,5.914752116082225,1,5,0,432,0.02457757296466974,0.09794437726723096
9,9,1523,a,Dash-8,0.001,dash8_t1.0s,1.0,1.0,reported,z_over_Lc,4.811059907834101,1,L_over_Lc,5.909310761789601,1,5,0,433,0.02457757296466974,0.09794437726723096
9,9,1523,a,Dash-8,0.001,dash8_t1.0s,1.0,1.0,reported,z_over_Lc,4.8233486943164365,1,L_over_Lc,5.903869407496977,1,5,0,434,0.02457757296466974,0.09794437726723096
9,9,1523,a,Dash-8,0.001,dash8_t1.0s,1.0,1.0,reported,z_over_Lc,4.835637480798771,1,L_over_Lc,5.887545344619105,1,5,0,435,0.02457757296466974,0.09794437726723096
9,9,1523,a,Dash-8,0.001,dash8_t1.0s,1.0,1.0,reported,z_over_Lc,4.847926267281106,1,L_over_Lc,5.865779927448609,1,5,0,436,0.02457757296466974,0.09794437726723096
9,9,1523,a,Dash-8,0.001,dash8_t1.0s,1.0,1.0,reported,z_over_Lc,4.860215053763441,1,L_over_Lc,5.822249093107618,1,5,0,437,0.02457757296466974,0.09794437726723096
9,9,1523,a,Dash-8,0.001,dash8_t1.0s,1.0,1.0,reported,z_over_Lc,4.860215053763441,1,L_over_Lc,5.844014510278114,1,5,0,438,0.02457757296466974,0.09794437726723096
9,9,1523,a,Dash-8,0.001,dash8_t1.0s,1.0,1.0,reported,z_over_Lc,4.872503840245776,1,L_over_Lc,5.778718258766626,1,5,0,439,0.02457757296466974,0.09794437726723096
9,9,1523,a,Dash-8,0.001,dash8_t1.0s,1.0,1.0,reported,z_over_Lc,4.872503840245776,1,L_over_Lc,5.833131801692866,1,5,0,440,0.02457757296466974,0.09794437726723096
9,9,1523,a,Dash-8,0.001,dash8_t1.0s,1.0,1.0,reported,z_over_Lc,4.88479262672811,1,L_over_Lc,5.7678355501813785,1,5,0,441,0.02457757296466974,0.09794437726723096
9,9,1523,a,Dash-8,0.001,dash8_t1.0s,1.0,1.0,reported,z_over_Lc,4.88479262672811,1,L_over_Lc,5.833131801692866,1,5,0,442,0.02457757296466974,0.09794437726723096
9,9,1523,a,Dash-8,0.001,dash8_t1.0s,1.0,1.0,reported,z_over_Lc,4.897081413210445,1,L_over_Lc,5.756952841596131,1,5,0,443,0.02457757296466974,0.09794437726723096
9,9,1523,a,Dash-8,0.001,dash8_t1.0s,1.0,1.0,reported,z_over_Lc,4.897081413210445,1,L_over_Lc,5.833131801692866,1,5,0,444,0.02457757296466974,0.09794437726723096
9,9,1523,a,Dash-8,0.001,dash8_t1.0s,1.0,1.0,reported,z_over_Lc,4.9093701996927805,1,L_over_Lc,5.735187424425635,1,5,0,445,0.02457757296466974,0.09794437726723096
9,9,1523,a,Dash-8,0.001,dash8_t1.0s,1.0,1.0,reported,z_over_Lc,4.9093701996927805,1,L_over_Lc,5.81136638452237,1,5,0,446,0.02457757296466974,0.09794437726723096
9,9,1523,a,Dash-8,0.001,dash8_t1.0s,1.0,1.0,reported,z_over_Lc,4.921658986175115,1,L_over_Lc,5.724304715840387,1,5,0,447,0.02457757296466974,0.09794437726723096
9,9,1523,a,Dash-8,0.001,dash8_t1.0s,1.0,1.0,reported,z_over_Lc,4.921658986175115,1,L_over_Lc,5.800483675937122,1,5,0,448,0.02457757296466974,0.09794437726723096
9,9,1523,a,Dash-8,0.001,dash8_t1.0s,1.0,1.0,reported,z_over_Lc,4.93394777265745,1,L_over_Lc,5.713422007255139,1,5,0,449,0.02457757296466974,0.09794437726723096
9,9,1523,a,Dash-8,0.001,dash8_t1.0s,1.0,1.0,reported,z_over_Lc,4.93394777265745,1,L_over_Lc,5.789600967351874,1,5,0,450,0.02457757296466974,0.09794437726723096
9,9,1523,a,Dash-8,0.001,dash8_t1.0s,1.0,1.0,reported,z_over_Lc,4.946236559139785,1,L_over_Lc,5.702539298669891,1,5,0,451,0.02457757296466974,0.09794437726723096
9,9,1523,a,Dash-8,0.001,dash8_t1.0s,1.0,1.0,reported,z_over_Lc,4.946236559139785,1,L_over_Lc,5.746070133010883,1,5,0,452,0.02457757296466974,0.09794437726723096
9,9,1523,a,Dash-8,0.001,dash8_t1.0s,1.0,1.0,reported,z_over_Lc,4.95852534562212,1,L_over_Lc,5.697097944377267,1,5,0,453,0.02457757296466974,0.09794437726723096
9,9,1523,a,Dash-8,0.001,dash8_t1.0s,1.0,1.0,reported,z_over_Lc,4.970814132104454,1,L_over_Lc,5.648125755743652,1,5,0,454,0.02457757296466974,0.09794437726723096
9,9,1523,a,Dash-8,0.001,dash8_t1.0s,1.0,1.0,reported,z_over_Lc,4.970814132104454,1,L_over_Lc,5.669891172914148,1,5,0,455,0.02457757296466974,0.09794437726723096
9,9,1523,a,Dash-8,0.001,dash8_t1.0s,1.0,1.0,reported,z_over_Lc,4.983102918586789,1,L_over_Lc,5.642684401451028,1,5,0,456,0.02457757296466974,0.09794437726723096
9,9,1523,a,Dash-8,0.001,dash8_t1.0s,1.0,1.0,reported,z_over_Lc,4.9953917050691246,1,L_over_Lc,5.615477629987908,1,5,0,457,0.02457757296466974,0.09794437726723096
9,9,1523,a,Dash-8,0.001,dash8_t1.0s,1.0,1.0,reported,z_over_Lc,4.9953917050691246,1,L_over_Lc,5.637243047158404,1,5,0,458,0.02457757296466974,0.09794437726723096
9,9,1523,a,Dash-8,0.001,dash8_t1.0s,1.0,1.0,reported,z_over_Lc,5.00768049155146,1,L_over_Lc,5.6045949214026605,1,5,0,459,0.02457757296466974,0.09794437726723096
9,9,1523,a,Dash-8,0.001,dash8_t1.0s,1.0,1.0,reported,z_over_Lc,5.00768049155146,1,L_over_Lc,5.626360338573156,1,5,0,460,0.02457757296466974,0.09794437726723096
9,9,1523,a,Dash-8,0.001,dash8_t1.0s,1.0,1.0,reported,z_over_Lc,5.019969278033794,1,L_over_Lc,5.5991535671100365,1,5,0,461,0.02457757296466974,0.09794437726723096
9,9,1523,a,Dash-8,0.001,dash8_t1.0s,1.0,1.0,reported,z_over_Lc,5.032258064516129,1,L_over_Lc,5.582829504232165,1,5,0,462,0.02457757296466974,0.09794437726723096
9,9,1523,a,Dash-8,0.001,dash8_t1.0s,1.0,1.0,reported,z_over_Lc,5.032258064516129,1,L_over_Lc,5.6045949214026605,1,5,0,463,0.02457757296466974,0.09794437726723096
9,9,1523,a,Dash-8,0.001,dash8_t1.0s,1.0,1.0,reported,z_over_Lc,5.044546850998464,1,L_over_Lc,5.571946795646917,1,5,0,464,0.02457757296466974,0.09794437726723096
9,9,1523,a,Dash-8,0.001,dash8_t1.0s,1.0,1.0,reported,z_over_Lc,5.044546850998464,1,L_over_Lc,5.593712212817413,1,5,0,465,0.02457757296466974,0.09794437726723096
9,9,1523,a,Dash-8,0.001,dash8_t1.0s,1.0,1.0,reported,z_over_Lc,5.056835637480798,1,L_over_Lc,5.528415961305925,1,5,0,466,0.02457757296466974,0.09794437726723096
9,9,1523,a,Dash-8,0.001,dash8_t1.0s,1.0,1.0,reported,z_over_Lc,5.056835637480798,1,L_over_Lc,5.561064087061669,1,5,0,467,0.02457757296466974,0.09794437726723096
9,9,1523,a,Dash-8,0.001,dash8_t1.0s,1.0,1.0,reported,z_over_Lc,5.0691244239631335,1,L_over_Lc,5.484885126964934,1,5,0,468,0.02457757296466974,0.09794437726723096
9,9,1523,a,Dash-8,0.001,dash8_t1.0s,1.0,1.0,reported,z_over_Lc,5.0691244239631335,1,L_over_Lc,5.528415961305925,1,5,0,469,0.02457757296466974,0.09794437726723096
9,9,1523,a,Dash-8,0.001,dash8_t1.0s,1.0,1.0,reported,z_over_Lc,5.081413210445469,1,L_over_Lc,5.4413542926239415,1,5,0,470,0.02457757296466974,0.09794437726723096
9,9,1523,a,Dash-8,0.001,dash8_t1.0s,1.0,1.0,reported,z_over_Lc,5.081413210445469,1,L_over_Lc,5.5175332527206775,1,5,0,471,0.02457757296466974,0.09794437726723096
9,9,1523,a,Dash-8,0.001,dash8_t1.0s,1.0,1.0,reported,z_over_Lc,5.093701996927804,1,L_over_Lc,5.419588875453446,1,5,0,472,0.02457757296466974,0.09794437726723096
9,9,1523,a,Dash-8,0.001,dash8_t1.0s,1.0,1.0,reported,z_over_Lc,5.093701996927804,1,L_over_Lc,5.50665054413543,1,5,0,473,0.02457757296466974,0.09794437726723096
9,9,1523,a,Dash-8,0.001,dash8_t1.0s,1.0,1.0,reported,z_over_Lc,5.105990783410138,1,L_over_Lc,5.408706166868198,1,5,0,474,0.02457757296466974,0.09794437726723096
9,9,1523,a,Dash-8,0.001,dash8_t1.0s,1.0,1.0,reported,z_over_Lc,5.105990783410138,1,L_over_Lc,5.495767835550182,1,5,0,475,0.02457757296466974,0.09794437726723096
9,9,1523,a,Dash-8,0.001,dash8_t1.0s,1.0,1.0,reported,z_over_Lc,5.118279569892473,1,L_over_Lc,5.386940749697702,1,5,0,476,0.02457757296466974,0.09794437726723096
9,9,1523,a,Dash-8,0.001,dash8_t1.0s,1.0,1.0,reported,z_over_Lc,5.118279569892473,1,L_over_Lc,5.484885126964934,1,5,0,477,0.02457757296466974,0.09794437726723096
9,9,1523,a,Dash-8,0.001,dash8_t1.0s,1.0,1.0,reported,z_over_Lc,5.130568356374808,1,L_over_Lc,5.3651753325272065,1,5,0,478,0.02457757296466974,0.09794437726723096
9,9,1523,a,Dash-8,0.001,dash8_t1.0s,1.0,1.0,reported,z_over_Lc,5.130568356374808,1,L_over_Lc,5.463119709794437,1,5,0,479,0.02457757296466974,0.09794437726723096
9,9,1523,a,Dash-8,0.001,dash8_t1.0s,1.0,1.0,reported,z_over_Lc,5.142857142857143,1,L_over_Lc,5.321644498186215,1,5,0,480,0.02457757296466974,0.09794437726723096
9,9,1523,a,Dash-8,0.001,dash8_t1.0s,1.0,1.0,reported,z_over_Lc,5.142857142857143,1,L_over_Lc,5.463119709794437,1,5,0,481,0.02457757296466974,0.09794437726723096
9,9,1523,a,Dash-8,0.001,dash8_t1.0s,1.0,1.0,reported,z_over_Lc,5.1551459293394775,1,L_over_Lc,5.2781136638452235,1,5,0,482,0.02457757296466974,0.09794437726723096
9,9,1523,a,Dash-8,0.001,dash8_t1.0s,1.0,1.0,reported,z_over_Lc,5.1551459293394775,1,L_over_Lc,5.430471584038694,1,5,0,483,0.02457757296466974,0.09794437726723096
9,9,1523,a,Dash-8,0.001,dash8_t1.0s,1.0,1.0,reported,z_over_Lc,5.167434715821813,1,L_over_Lc,5.256348246674728,1,5,0,484,0.02457757296466974,0.09794437726723096
9,9,1523,a,Dash-8,0.001,dash8_t1.0s,1.0,1.0,reported,z_over_Lc,5.167434715821813,1,L_over_Lc,5.386940749697702,1,5,0,485,0.02457757296466974,0.09794437726723096
9,9,1523,a,Dash-8,0.001,dash8_t1.0s,1.0,1.0,reported,z_over_Lc,5.179723502304148,1,L_over_Lc,5.212817412333736,1,5,0,486,0.02457757296466974,0.09794437726723096
9,9,1523,a,Dash-8,0.001,dash8_t1.0s,1.0,1.0,reported,z_over_Lc,5.179723502304148,1,L_over_Lc,5.332527206771463,1,5,0,487,0.02457757296466974,0.09794437726723096
9,9,1523,a,Dash-8,0.001,dash8_t1.0s,1.0,1.0,reported,z_over_Lc,5.192012288786482,1,L_over_Lc,5.147521160822249,1,5,0,488,0.02457757296466974,0.09794437726723096
9,9,1523,a,Dash-8,0.001,dash8_t1.0s,1.0,1.0,reported,z_over_Lc,5.192012288786482,1,L_over_Lc,5.299879081015719,1,5,0,489,0.02457757296466974,0.09794437726723096
9,9,1523,a,Dash-8,0.001,dash8_t1.0s,1.0,1.0,reported,z_over_Lc,5.204301075268817,1,L_over_Lc,5.049576783555018,1,5,0,490,0.02457757296466974,0.09794437726723096
9,9,1523,a,Dash-8,0.001,dash8_t1.0s,1.0,1.0,reported,z_over_Lc,5.204301075268817,1,L_over_Lc,5.288996372430471,1,5,0,491,0.02457757296466974,0.09794437726723096
9,9,1523,a,Dash-8,0.001,dash8_t1.0s,1.0,1.0,reported,z_over_Lc,5.216589861751152,1,L_over_Lc,4.995163240628779,1,5,0,492,0.02457757296466974,0.09794437726723096
9,9,1523,a,Dash-8,0.001,dash8_t1.0s,1.0,1.0,reported,z_over_Lc,5.216589861751152,1,L_over_Lc,5.2781136638452235,1,5,0,493,0.02457757296466974,0.09794437726723096
9,9,1523,a,Dash-8,0.001,dash8_t1.0s,1.0,1.0,reported,z_over_Lc,5.228878648233487,1,L_over_Lc,4.94074969770254,1,5,0,494,0.02457757296466974,0.09794437726723096
9,9,1523,a,Dash-8,0.001,dash8_t1.0s,1.0,1.0,reported,z_over_Lc,5.228878648233487,1,L_over_Lc,5.256348246674728,1,5,0,495,0.02457757296466974,0.09794437726723096
9,9,1523,a,Dash-8,0.001,dash8_t1.0s,1.0,1.0,reported,z_over_Lc,5.2411674347158215,1,L_over_Lc,4.929866989117292,1,5,0,496,0.02457757296466974,0.09794437726723096
9,9,1523,a,Dash-8,0.001,dash8_t1.0s,1.0,1.0,reported,z_over_Lc,5.2411674347158215,1,L_over_Lc,5.212817412333736,1,5,0,497,0.02457757296466974,0.09794437726723096
9,9,1523,a,Dash-8,0.001,dash8_t1.0s,1.0,1.0,reported,z_over_Lc,5.253456221198157,1,L_over_Lc,4.908101571946796,1,5,0,498,0.02457757296466974,0.09794437726723096
9,9,1523,a,Dash-8,0.001,dash8_t1.0s,1.0,1.0,reported,z_over_Lc,5.253456221198157,1,L_over_Lc,5.180169286577993,1,5,0,499,0.02457757296466974,0.09794437726723096
9,9,1523,a,Dash-8,0.001,dash8_t1.0s,1.0,1.0,reported,z_over_Lc,5.265745007680492,1,L_over_Lc,4.897218863361548,1,5,0,500,0.02457757296466974,0.09794437726723096
9,9,1523,a,Dash-8,0.001,dash8_t1.0s,1.0,1.0,reported,z_over_Lc,5.265745007680492,1,L_over_Lc,5.125755743651753,1,5,0,501,0.02457757296466974,0.09794437726723096
9,9,1523,a,Dash-8,0.001,dash8_t1.0s,1.0,1.0,reported,z_over_Lc,5.278033794162827,1,L_over_Lc,4.875453446191052,1,5,0,502,0.02457757296466974,0.09794437726723096
9,9,1523,a,Dash-8,0.001,dash8_t1.0s,1.0,1.0,reported,z_over_Lc,5.278033794162827,1,L_over_Lc,5.1148730350665055,1,5,0,503,0.02457757296466974,0.09794437726723096
9,9,1523,a,Dash-8,0.001,dash8_t1.0s,1.0,1.0,reported,z_over_Lc,5.290322580645161,1,L_over_Lc,4.853688029020557,1,5,0,504,0.02457757296466974,0.09794437726723096
9,9,1523,a,Dash-8,0.001,dash8_t1.0s,1.0,1.0,reported,z_over_Lc,5.290322580645161,1,L_over_Lc,5.071342200725514,1,5,0,505,0.02457757296466974,0.09794437726723096
9,9,1523,a,Dash-8,0.001,dash8_t1.0s,1.0,1.0,reported,z_over_Lc,5.302611367127496,1,L_over_Lc,4.810157194679564,1,5,0,506,0.02457757296466974,0.09794437726723096
9,9,1523,a,Dash-8,0.001,dash8_t1.0s,1.0,1.0,reported,z_over_Lc,5.302611367127496,1,L_over_Lc,5.016928657799275,1,5,0,507,0.02457757296466974,0.09794437726723096
9,9,1523,a,Dash-8,0.001,dash8_t1.0s,1.0,1.0,reported,z_over_Lc,5.314900153609831,1,L_over_Lc,4.777509068923821,1,5,0,508,0.02457757296466974,0.09794437726723096
9,9,1523,a,Dash-8,0.001,dash8_t1.0s,1.0,1.0,reported,z_over_Lc,5.314900153609831,1,L_over_Lc,4.897218863361548,1,5,0,509,0.02457757296466974,0.09794437726723096
9,9,1523,a,Dash-8,0.001,dash8_t1.0s,1.0,1.0,reported,z_over_Lc,5.3271889400921655,1,L_over_Lc,4.744860943168077,1,5,0,510,0.02457757296466974,0.09794437726723096
9,9,1523,a,Dash-8,0.001,dash8_t1.0s,1.0,1.0,reported,z_over_Lc,5.3271889400921655,1,L_over_Lc,4.8645707376058045,1,5,0,511,0.02457757296466974,0.09794437726723096
9,9,1523,a,Dash-8,0.001,dash8_t1.0s,1.0,1.0,reported,z_over_Lc,5.339477726574501,1,L_over_Lc,4.712212817412333,1,5,0,512,0.02457757296466974,0.09794437726723096
9,9,1523,a,Dash-8,0.001,dash8_t1.0s,1.0,1.0,reported,z_over_Lc,5.339477726574501,1,L_over_Lc,4.810157194679564,1,5,0,513,0.02457757296466974,0.09794437726723096
9,9,1523,a,Dash-8,0.001,dash8_t1.0s,1.0,1.0,reported,z_over_Lc,5.351766513056836,1,L_over_Lc,4.690447400241838,1,5,0,514,0.02457757296466974,0.09794437726723096
9,9,1523,a,Dash-8,0.001,dash8_t1.0s,1.0,1.0,reported,z_over_Lc,5.351766513056836,1,L_over_Lc,4.799274486094316,1,5,0,515,0.02457757296466974,0.09794437726723096
9,9,1523,a,Dash-8,0.001,dash8_t1.0s,1.0,1.0,reported,z_over_Lc,5.364055299539171,1,L_over_Lc,4.657799274486094,1,5,0,516,0.02457757296466974,0.09794437726723096
9,9,1523,a,Dash-8,0.001,dash8_t1.0s,1.0,1.0,reported,z_over_Lc,5.364055299539171,1,L_over_Lc,4.777509068923821,1,5,0,517,0.02457757296466974,0.09794437726723096
9,9,1523,a,Dash-8,0.001,dash8_t1.0s,1.0,1.0,reported,z_over_Lc,5.376344086021505,1,L_over_Lc,4.592503022974607,1,5,0,518,0.02457757296466974,0.09794437726723096
9,9,1523,a,Dash-8,0.001,dash8_t1.0s,1.0,1.0,reported,z_over_Lc,5.376344086021505,1,L_over_Lc,4.744860943168077,1,5,0,519,0.02457757296466974,0.09794437726723096
9,9,1523,a,Dash-8,0.001,dash8_t1.0s,1.0,1.0,reported,z_over_Lc,5.38863287250384,1,L_over_Lc,4.52720677146312,1,5,0,520,0.02457757296466974,0.09794437726723096
9,9,1523,a,Dash-8,0.001,dash8_t1.0s,1.0,1.0,reported,z_over_Lc,5.38863287250384,1,L_over_Lc,4.723095525997581,1,5,0,521,0.02457757296466974,0.09794437726723096
9,9,1523,a,Dash-8,0.001,dash8_t1.0s,1.0,1.0,reported,z_over_Lc,5.400921658986175,1,L_over_Lc,4.494558645707376,1,5,0,522,0.02457757296466974,0.09794437726723096
9,9,1523,a,Dash-8,0.001,dash8_t1.0s,1.0,1.0,reported,z_over_Lc,5.400921658986175,1,L_over_Lc,4.712212817412333,1,5,0,523,0.02457757296466974,0.09794437726723096
9,9,1523,a,Dash-8,0.001,dash8_t1.0s,1.0,1.0,reported,z_over_Lc,5.41321044546851,1,L_over_Lc,4.440145102781137,1,5,0,524,0.02457757296466974,0.09794437726723096
9,9,1523,a,Dash-8,0.001,dash8_t1.0s,1.0,1.0,reported,z_over_Lc,5.41321044546851,1,L_over_Lc,4.657799274486094,1,5,0,525,0.02457757296466974,0.09794437726723096
9,9,1523,a,Dash-8,0.001,dash8_t1.0s,1.0,1.0,reported,z_over_Lc,5.425499231950845,1,L_over_Lc,4.418379685610641,1,5,0,526,0.02457757296466974,0.09794437726723096
9,9,1523,a,Dash-8,0.001,dash8_t1.0s,1.0,1.0,reported,z_over_Lc,5.425499231950845,1,L_over_Lc,4.636033857315598,1,5,0,527,0.02457757296466974,0.09794437726723096
9,9,1523,a,Dash-8,0.001,dash8_t1.0s,1.0,1.0,reported,z_over_Lc,5.43778801843318,1,L_over_Lc,4.385731559854897,1,5,0,528,0.02457757296466974,0.09794437726723096
9,9,1523,a,Dash-8,0.001,dash8_t1.0s,1.0,1.0,reported,z_over_Lc,5.43778801843318,1,L_over_Lc,4.603385731559855,1,5,0,529,0.02457757296466974,0.09794437726723096
9,9,1523,a,Dash-8,0.001,dash8_t1.0s,1.0,1.0,reported,z_over_Lc,5.450076804915515,1,L_over_Lc,4.385731559854897,1,5,0,530,0.02457757296466974,0.09794437726723096
9,9,1523,a,Dash-8,0.001,dash8_t1.0s,1.0,1.0,reported,z_over_Lc,5.450076804915515,1,L_over_Lc,4.570737605804111,1,5,0,531,0.02457757296466974,0.09794437726723096
9,9,1523,a,Dash-8,0.001,dash8_t1.0s,1.0,1.0,reported,z_over_Lc,5.462365591397849,1,L_over_Lc,4.3748488512696495,1,5,0,532,0.02457757296466974,0.09794437726723096
9,9,1523,a,Dash-8,0.001,dash8_t1.0s,1.0,1.0,reported,z_over_Lc,5.462365591397849,1,L_over_Lc,4.548972188633615,1,5,0,533,0.02457757296466974,0.09794437726723096
9,9,1523,a,Dash-8,0.001,dash8_t1.0s,1.0,1.0,reported,z_over_Lc,5.474654377880184,1,L_over_Lc,4.363966142684402,1,5,0,534,0.02457757296466974,0.09794437726723096
9,9,1523,a,Dash-8,0.001,dash8_t1.0s,1.0,1.0,reported,z_over_Lc,5.474654377880184,1,L_over_Lc,4.494558645707376,1,5,0,535,0.02457757296466974,0.09794437726723096
9,9,1523,a,Dash-8,0.001,dash8_t1.0s,1.0,1.0,reported,z_over_Lc,5.486943164362519,1,L_over_Lc,4.298669891172914,1,5,0,536,0.02457757296466974,0.09794437726723096
9,9,1523,a,Dash-8,0.001,dash8_t1.0s,1.0,1.0,reported,z_over_Lc,5.486943164362519,1,L_over_Lc,4.451027811366385,1,5,0,537,0.02457757296466974,0.09794437726723096
9,9,1523,a,Dash-8,0.001,dash8_t1.0s,1.0,1.0,reported,z_over_Lc,5.499231950844854,1,L_over_Lc,4.276904474002419,1,5,0,538,0.02457757296466974,0.09794437726723096
9,9,1523,a,Dash-8,0.001,dash8_t1.0s,1.0,1.0,reported,z_over_Lc,5.499231950844854,1,L_over_Lc,4.3748488512696495,1,5,0,539,0.02457757296466974,0.09794437726723096
9,9,1523,a,Dash-8,0.001,dash8_t1.0s,1.0,1.0,reported,z_over_Lc,5.511520737327189,1,L_over_Lc,4.233373639661427,1,5,0,540,0.02457757296466974,0.09794437726723096
9,9,1523,a,Dash-8,0.001,dash8_t1.0s,1.0,1.0,reported,z_over_Lc,5.511520737327189,1,L_over_Lc,4.353083434099154,1,5,0,541,0.02457757296466974,0.09794437726723096
9,9,1523,a,Dash-8,0.001,dash8_t1.0s,1.0,1.0,reported,z_over_Lc,5.523809523809524,1,L_over_Lc,4.2116082224909315,1,5,0,542,0.02457757296466974,0.09794437726723096
9,9,1523,a,Dash-8,0.001,dash8_t1.0s,1.0,1.0,reported,z_over_Lc,5.523809523809524,1,L_over_Lc,4.298669891172914,1,5,0,543,0.02457757296466974,0.09794437726723096
9,9,1523,a,Dash-8,0.001,dash8_t1.0s,1.0,1.0,reported,z_over_Lc,5.536098310291859,1,L_over_Lc,4.189842805320436,1,5,0,544,0.02457757296466974,0.09794437726723096
9,9,1523,a,Dash-8,0.001,dash8_t1.0s,1.0,1.0,reported,z_over_Lc,5.536098310291859,1,L_over_Lc,4.287787182587667,1,5,0,545,0.02457757296466974,0.09794437726723096
9,9,1523,a,Dash-8,0.001,dash8_t1.0s,1.0,1.0,reported,z_over_Lc,5.548387096774194,1,L_over_Lc,4.168077388149939,1,5,0,546,0.02457757296466974,0.09794437726723096
9,9,1523,a,Dash-8,0.001,dash8_t1.0s,1.0,1.0,reported,z_over_Lc,5.548387096774194,1,L_over_Lc,4.276904474002419,1,5,0,547,0.02457757296466974,0.09794437726723096
9,9,1523,a,Dash-8,0.001,dash8_t1.0s,1.0,1.0,reported,z_over_Lc,5.560675883256528,1,L_over_Lc,4.157194679564691,1,5,0,548,0.02457757296466974,0.09794437726723096
9,9,1523,a,Dash-8,0.001,dash8_t1.0s,1.0,1.0,reported,z_over_Lc,5.560675883256528,1,L_over_Lc,4.266021765417171,1,5,0,549,0.02457757296466974,0.09794437726723096
9,9,1523,a,Dash-8,0.001,dash8_t1.0s,1.0,1.0,reported,z_over_Lc,5.572964669738863,1,L_over_Lc,4.146311970979443,1,5,0,550,0.02457757296466974,0.09794437726723096
9,9,1523,a,Dash-8,0.001,dash8_t1.0s,1.0,1.0,reported,z_over_Lc,5.572964669738863,1,L_over_Lc,4.244256348246675,1,5,0,551,0.02457757296466974,0.09794437726723096
9,9,1523,a,Dash-8,0.001,dash8_t1.0s,1.0,1.0,reported,z_over_Lc,5.585253456221198,1,L_over_Lc,4.1354292623941955,1,5,0,552,0.02457757296466974,0.09794437726723096
9,9,1523,a,Dash-8,0.001,dash8_t1.0s,1.0,1.0,reported,z_over_Lc,5.585253456221198,1,L_over_Lc,4.222490931076179,1,5,0,553,0.02457757296466974,0.09794437726723096
9,9,1523,a,Dash-8,0.001,dash8_t1.0s,1.0,1.0,reported,z_over_Lc,5.597542242703533,1,L_over_Lc,4.124546553808948,1,5,0,554,0.02457757296466974,0.09794437726723096
9,9,1523,a,Dash-8,0.001,dash8_t1.0s,1.0,1.0,reported,z_over_Lc,5.597542242703533,1,L_over_Lc,4.157194679564691,1,5,0,555,0.02457757296466974,0.09794437726723096
9,9,1523,a,Dash-8,0.001,dash8_t1.0s,1.0,1.0,reported,z_over_Lc,5.609831029185868,1,L_over_Lc,4.119105199516324,1,5,0,556,0.02457757296466974,0.09794437726723096
9,9,1523,a,Dash-8,0.001,dash8_t1.0s,1.0,1.0,reported,z_over_Lc,5.622119815668203,1,L_over_Lc,4.097339782345828,1,5,0,557,0.02457757296466974,0.09794437726723096
9,9,1523,a,Dash-8,0.001,dash8_t1.0s,1.0,1.0,reported,z_over_Lc,5.634408602150538,1,L_over_Lc,4.08645707376058,1,5,0,558,0.02457757296466974,0.09794437726723096
9,9,1523,a,Dash-8,0.001,dash8_t1.0s,1.0,1.0,reported,z_over_Lc,5.646697388632872,1,L_over_Lc,4.081015719467956,1,5,0,559,0.02457757296466974,0.09794437726723096
9,9,1523,a,Dash-8,0.001,dash8_t1.0s,1.0,1.0,reported,z_over_Lc,5.658986175115207,1,L_over_Lc,4.075574365175332,1,5,0,560,0.02457757296466974,0.09794437726723096
9,9,1523,a,Dash-8,0.001,dash8_t1.0s,1.0,1.0,reported,z_over_Lc,5.671274961597542,1,L_over_Lc,4.075574365175332,1,5,0,561,0.02457757296466974,0.09794437726723096
9,9,1523,a,Dash-8,0.001,dash8_t1.0s,1.0,1.0,reported,z_over_Lc,5.6835637480798775,1,L_over_Lc,4.075574365175332,1,5,0,562,0.02457757296466974,0.09794437726723096
9,9,1523,a,Dash-8,0.001,dash8_t1.0s,1.0,1.0,reported,z_over_Lc,5.695852534562212,1,L_over_Lc,4.070133010882708,1,5,0,563,0.02457757296466974,0.09794437726723096
9,9,1523,a,Dash-8,0.001,dash8_t1.0s,1.0,1.0,reported,z_over_Lc,5.708141321044547,1,L_over_Lc,4.075574365175332,1,5,0,564,0.02457757296466974,0.09794437726723096
9,9,1523,a,Dash-8,0.001,dash8_t1.0s,1.0,1.0,reported,z_over_Lc,5.720430107526882,1,L_over_Lc,4.075574365175332,1,5,0,565,0.02457757296466974,0.09794437726723096
9,9,1523,a,Dash-8,0.001,dash8_t1.0s,1.0,1.0,reported,z_over_Lc,5.732718894009216,1,L_over_Lc,4.064691656590084,1,5,0,566,0.02457757296466974,0.09794437726723096
9,9,1523,a,Dash-8,0.001,dash8_t1.0s,1.0,1.0,reported,z_over_Lc,5.745007680491551,1,L_over_Lc,3.75453446191052,1,5,0,567,0.02457757296466974,0.09794437726723096
9,9,1523,a,Dash-8,0.001,dash8_t1.0s,1.0,1.0,reported,z_over_Lc,5.745007680491551,1,L_over_Lc,4.0483675937122126,1,5,0,568,0.02457757296466974,0.09794437726723096
9,9,1523,a,Dash-8,0.001,dash8_t1.0s,1.0,1.0,reported,z_over_Lc,5.757296466973886,1,L_over_Lc,3.7436517533252722,1,5,0,569,0.02457757296466974,0.09794437726723096
9,9,1523,a,Dash-8,0.001,dash8_t1.0s,1.0,1.0,reported,z_over_Lc,5.757296466973886,1,L_over_Lc,4.037484885126965,1,5,0,570,0.02457757296466974,0.09794437726723096
9,9,1523,a,Dash-8,0.001,dash8_t1.0s,1.0,1.0,reported,z_over_Lc,5.7695852534562215,1,L_over_Lc,3.7327690447400244,1,5,0,571,0.02457757296466974,0.09794437726723096
9,9,1523,a,Dash-8,0.001,dash8_t1.0s,1.0,1.0,reported,z_over_Lc,5.7695852534562215,1,L_over_Lc,4.026602176541717,1,5,0,572,0.02457757296466974,0.09794437726723096
9,9,1523,a,Dash-8,0.001,dash8_t1.0s,1.0,1.0,reported,z_over_Lc,5.781874039938556,1,L_over_Lc,3.7327690447400244,1,5,0,573,0.02457757296466974,0.09794437726723096
9,9,1523,a,Dash-8,0.001,dash8_t1.0s,1.0,1.0,reported,z_over_Lc,5.781874039938556,1,L_over_Lc,4.004836759371221,1,5,0,574,0.02457757296466974,0.09794437726723096
9,9,1523,a,Dash-8,0.001,dash8_t1.0s,1.0,1.0,reported,z_over_Lc,5.794162826420891,1,L_over_Lc,3.7327690447400244,1,5,0,575,0.02457757296466974,0.09794437726723096
9,9,1523,a,Dash-8,0.001,dash8_t1.0s,1.0,1.0,reported,z_over_Lc,5.794162826420891,1,L_over_Lc,3.993954050785973,1,5,0,576,0.02457757296466974,0.09794437726723096
9,9,1523,a,Dash-8,0.001,dash8_t1.0s,1.0,1.0,reported,z_over_Lc,5.806451612903226,1,L_over_Lc,3.7218863361547765,1,5,0,577,0.02457757296466974,0.09794437726723096
9,9,1523,a,Dash-8,0.001,dash8_t1.0s,1.0,1.0,reported,z_over_Lc,5.806451612903226,1,L_over_Lc,3.939540507859734,1,5,0,578,0.02457757296466974,0.09794437726723096
9,9,1523,a,Dash-8,0.001,dash8_t1.0s,1.0,1.0,reported,z_over_Lc,5.818740399385561,1,L_over_Lc,3.7001209189842807,1,5,0,579,0.02457757296466974,0.09794437726723096
9,9,1523,a,Dash-8,0.001,dash8_t1.0s,1.0,1.0,reported,z_over_Lc,5.818740399385561,1,L_over_Lc,3.917775090689238,1,5,0,580,0.02457757296466974,0.09794437726723096
9,9,1523,a,Dash-8,0.001,dash8_t1.0s,1.0,1.0,reported,z_over_Lc,5.831029185867895,1,L_over_Lc,3.6892382103990324,1,5,0,581,0.02457757296466974,0.09794437726723096
9,9,1523,a,Dash-8,0.001,dash8_t1.0s,1.0,1.0,reported,z_over_Lc,5.831029185867895,1,L_over_Lc,3.776299879081016,1,5,0,582,0.02457757296466974,0.09794437726723096
9,9,1523,a,Dash-8,0.001,dash8_t1.0s,1.0,1.0,reported,z_over_Lc,5.84331797235023,1,L_over_Lc,3.6729141475211606,1,5,0,583,0.02457757296466974,0.09794437726723096
9,9,1523,a,Dash-8,0.001,dash8_t1.0s,1.0,1.0,reported,z_over_Lc,5.8556067588325655,1,L_over_Lc,3.656590084643289,1,5,0,584,0.02457757296466974,0.09794437726723096
9,9,1523,a,Dash-8,0.001,dash8_t1.0s,1.0,1.0,reported,z_over_Lc,5.8678955453149,1,L_over_Lc,3.651148730350665,1,5,0,585,0.02457757296466974,0.09794437726723096
9,9,1523,a,Dash-8,0.001,dash8_t1.0s,1.0,1.0,reported,z_over_Lc,5.880184331797235,1,L_over_Lc,3.640266021765417,1,5,0,586,0.02457757296466974,0.09794437726723096
9,9,1523,a,Dash-8,0.001,dash8_t1.0s,1.0,1.0,reported,z_over_Lc,5.89247311827957,1,L_over_Lc,3.629383313180169,1,5,0,587,0.02457757296466974,0.09794437726723096
9,9,1523,a,Dash-8,0.001,dash8_t1.0s,1.0,1.0,reported,z_over_Lc,5.904761904761905,1,L_over_Lc,3.5967351874244256,1,5,0,588,0.02457757296466974,0.09794437726723096
9,9,1523,a,Dash-8,0.001,dash8_t1.0s,1.0,1.0,reported,z_over_Lc,5.917050691244239,1,L_over_Lc,3.57496977025393,1,5,0,589,0.02457757296466974,0.09794437726723096
9,9,1523,a,Dash-8,0.001,dash8_t1.0s,1.0,1.0,reported,z_over_Lc,5.929339477726574,1,L_over_Lc,3.564087061668682,1,5,0,590,0.02457757296466974,0.09794437726723096
9,9,1523,a,Dash-8,0.001,dash8_t1.0s,1.0,1.0,reported,z_over_Lc,5.9416282642089095,1,L_over_Lc,3.553204353083434,1,5,0,591,0.02457757296466974,0.09794437726723096
9,9,1523,a,Dash-8,0.001,dash8_t1.0s,1.0,1.0,reported,z_over_Lc,5.953917050691245,1,L_over_Lc,3.542321644498186,1,5,0,592,0.02457757296466974,0.09794437726723096
9,9,1523,a,Dash-8,0.001,dash8_t1.0s,1.0,1.0,reported,z_over_Lc,5.966205837173579,1,L_over_Lc,3.5368802902055623,1,5,0,593,0.02457757296466974,0.09794437726723096
9,9,1523,a,Dash-8,0.001,dash8_t1.0s,1.0,1.0,reported,z_over_Lc,5.978494623655914,1,L_over_Lc,3.5314389359129383,1,5,0,594,0.02457757296466974,0.09794437726723096
9,9,1523,a,Dash-8,0.001,dash8_t1.0s,1.0,1.0,reported,z_over_Lc,5.990783410138249,1,L_over_Lc,3.5151148730350665,1,5,0,595,0.02457757296466974,0.09794437726723096
9,9,1523,a,Dash-8,0.001,dash8_t1.0s,1.0,1.0,reported,z_over_Lc,6.003072196620583,1,L_over_Lc,3.5096735187424426,1,5,0,596,0.02457757296466974,0.09794437726723096
9,9,1523,a,Dash-8,0.001,dash8_t1.0s,1.0,1.0,reported,z_over_Lc,6.0153609831029184,1,L_over_Lc,3.5042321644498187,1,5,0,597,0.02457757296466974,0.09794437726723096
9,9,1523,a,Dash-8,0.001,dash8_t1.0s,1.0,1.0,reported,z_over_Lc,6.027649769585254,1,L_over_Lc,3.5042321644498187,1,5,0,598,0.02457757296466974,0.09794437726723096
9,9,1523,a,Dash-8,0.001,dash8_t1.0s,1.0,1.0,reported,z_over_Lc,6.039938556067589,1,L_over_Lc,3.5042321644498187,1,5,0,599,0.02457757296466974,0.09794437726723096
9,9,1523,a,Dash-8,0.001,dash8_t1.0s,1.0,1.0,reported,z_over_Lc,6.052227342549923,1,L_over_Lc,3.4987908101571947,1,5,0,600,0.02457757296466974,0.09794437726723096
9,9,1523,a,Dash-8,0.001,dash8_t1.0s,1.0,1.0,reported,z_over_Lc,6.064516129032258,1,L_over_Lc,3.493349455864571,1,5,0,601,0.02457757296466974,0.09794437726723096
9,9,1523,a,Dash-8,0.001,dash8_t1.0s,1.0,1.0,reported,z_over_Lc,6.076804915514593,1,L_over_Lc,3.493349455864571,1,5,0,602,0.02457757296466974,0.09794437726723096
9,9,1523,a,Dash-8,0.001,dash8_t1.0s,1.0,1.0,reported,z_over_Lc,6.089093701996928,1,L_over_Lc,3.482466747279323,1,5,0,603,0.02457757296466974,0.09794437726723096
9,9,1523,a,Dash-8,0.001,dash8_t1.0s,1.0,1.0,reported,z_over_Lc,6.1013824884792625,1,L_over_Lc,3.477025392986699,1,5,0,604,0.02457757296466974,0.09794437726723096
9,9,1523,a,Dash-8,0.001,dash8_t1.0s,1.0,1.0,reported,z_over_Lc,6.113671274961598,1,L_over_Lc,3.471584038694075,1,5,0,605,0.02457757296466974,0.09794437726723096
9,9,1523,a,Dash-8,0.001,dash8_t1.0s,1.0,1.0,reported,z_over_Lc,6.125960061443933,1,L_over_Lc,3.471584038694075,1,5,0,606,0.02457757296466974,0.09794437726723096
9,9,1523,a,Dash-8,0.001,dash8_t1.0s,1.0,1.0,reported,z_over_Lc,6.138248847926267,1,L_over_Lc,3.471584038694075,1,5,0,607,0.02457757296466974,0.09794437726723096
9,9,1523,a,Dash-8,0.001,dash8_t1.0s,1.0,1.0,reported,z_over_Lc,6.150537634408602,1,L_over_Lc,3.477025392986699,1,5,0,608,0.02457757296466974,0.09794437726723096
9,9,1523,a,Dash-8,0.001,dash8_t1.0s,1.0,1.0,reported,z_over_Lc,6.162826420890937,1,L_over_Lc,3.477025392986699,1,5,0,609,0.02457757296466974,0.09794437726723096
9,9,1523,a,Dash-8,0.001,dash8_t1.0s,1.0,1.0,reported,z_over_Lc,6.175115207373272,1,L_over_Lc,3.477025392986699,1,5,0,610,0.02457757296466974,0.09794437726723096
9,9,1523,a,Dash-8,0.001,dash8_t1.0s,1.0,1.0,reported,z_over_Lc,6.1874039938556065,1,L_over_Lc,3.477025392986699,1,5,0,611,0.02457757296466974,0.09794437726723096
9,9,1523,a,Dash-8,0.001,dash8_t1.0s,1.0,1.0,reported,z_over_Lc,6.199692780337942,1,L_over_Lc,3.471584038694075,1,5,0,612,0.02457757296466974,0.09794437726723096
9,9,1523,a,Dash-8,0.001,dash8_t1.0s,1.0,1.0,reported,z_over_Lc,6.211981566820277,1,L_over_Lc,3.466142684401451,1,5,0,613,0.02457757296466974,0.09794437726723096
9,9,1523,a,Dash-8,0.001,dash8_t1.0s,1.0,1.0,reported,z_over_Lc,6.224270353302612,1,L_over_Lc,3.460701330108827,1,5,0,614,0.02457757296466974,0.09794437726723096
9,9,1523,a,Dash-8,0.001,dash8_t1.0s,1.0,1.0,reported,z_over_Lc,6.236559139784946,1,L_over_Lc,3.4552599758162033,1,5,0,615,0.02457757296466974,0.09794437726723096
9,9,1523,a,Dash-8,0.001,dash8_t1.0s,1.0,1.0,reported,z_over_Lc,6.248847926267281,1,L_over_Lc,3.4171704957678357,1,5,0,616,0.02457757296466974,0.09794437726723096
9,9,1523,a,Dash-8,0.001,dash8_t1.0s,1.0,1.0,reported,z_over_Lc,6.261136712749616,1,L_over_Lc,3.362756952841596,1,5,0,617,0.02457757296466974,0.09794437726723096
9,9,1523,a,Dash-8,0.001,dash8_t1.0s,1.0,1.0,reported,z_over_Lc,6.261136712749616,1,L_over_Lc,3.406287787182588,1,5,0,618,0.02457757296466974,0.09794437726723096
9,9,1523,a,Dash-8,0.001,dash8_t1.0s,1.0,1.0,reported,z_over_Lc,6.2734254992319505,1,L_over_Lc,3.351874244256348,1,5,0,619,0.02457757296466974,0.09794437726723096
9,9,1523,a,Dash-8,0.001,dash8_t1.0s,1.0,1.0,reported,z_over_Lc,6.2734254992319505,1,L_over_Lc,3.406287787182588,1,5,0,620,0.02457757296466974,0.09794437726723096
9,9,1523,a,Dash-8,0.001,dash8_t1.0s,1.0,1.0,reported,z_over_Lc,6.285714285714286,1,L_over_Lc,3.3192261185006044,1,5,0,621,0.02457757296466974,0.09794437726723096
9,9,1523,a,Dash-8,0.001,dash8_t1.0s,1.0,1.0,reported,z_over_Lc,6.285714285714286,1,L_over_Lc,3.39540507859734,1,5,0,622,0.02457757296466974,0.09794437726723096
9,9,1523,a,Dash-8,0.001,dash8_t1.0s,1.0,1.0,reported,z_over_Lc,6.298003072196621,1,L_over_Lc,3.2974607013301087,1,5,0,623,0.02457757296466974,0.09794437726723096
9,9,1523,a,Dash-8,0.001,dash8_t1.0s,1.0,1.0,reported,z_over_Lc,6.298003072196621,1,L_over_Lc,3.384522370012092,1,5,0,624,0.02457757296466974,0.09794437726723096
9,9,1523,a,Dash-8,0.001,dash8_t1.0s,1.0,1.0,reported,z_over_Lc,6.310291858678956,1,L_over_Lc,3.2539298669891172,1,5,0,625,0.02457757296466974,0.09794437726723096
9,9,1523,a,Dash-8,0.001,dash8_t1.0s,1.0,1.0,reported,z_over_Lc,6.310291858678956,1,L_over_Lc,3.384522370012092,1,5,0,626,0.02457757296466974,0.09794437726723096
9,9,1523,a,Dash-8,0.001,dash8_t1.0s,1.0,1.0,reported,z_over_Lc,6.32258064516129,1,L_over_Lc,3.2103990326481258,1,5,0,627,0.02457757296466974,0.09794437726723096
9,9,1523,a,Dash-8,0.001,dash8_t1.0s,1.0,1.0,reported,z_over_Lc,6.32258064516129,1,L_over_Lc,3.373639661426844,1,5,0,628,0.02457757296466974,0.09794437726723096
9,9,1523,a,Dash-8,0.001,dash8_t1.0s,1.0,1.0,reported,z_over_Lc,6.334869431643625,1,L_over_Lc,3.18863361547763,1,5,0,629,0.02457757296466974,0.09794437726723096
9,9,1523,a,Dash-8,0.001,dash8_t1.0s,1.0,1.0,reported,z_over_Lc,6.334869431643625,1,L_over_Lc,3.362756952841596,1,5,0,630,0.02457757296466974,0.09794437726723096
9,9,1523,a,Dash-8,0.001,dash8_t1.0s,1.0,1.0,reported,z_over_Lc,6.34715821812596,1,L_over_Lc,3.177750906892382,1,5,0,631,0.02457757296466974,0.09794437726723096
9,9,1523,a,Dash-8,0.001,dash8_t1.0s,1.0,1.0,reported,z_over_Lc,6.34715821812596,1,L_over_Lc,3.3083434099153566,1,5,0,632,0.02457757296466974,0.09794437726723096
9,9,1523,a,Dash-8,0.001,dash8_t1.0s,1.0,1.0,reported,z_over_Lc,6.359447004608295,1,L_over_Lc,3.1559854897218864,1,5,0,633,0.02457757296466974,0.09794437726723096
9,9,1523,a,Dash-8,0.001,dash8_t1.0s,1.0,1.0,reported,z_over_Lc,6.359447004608295,1,L_over_Lc,3.286577992744861,1,5,0,634,0.02457757296466974,0.09794437726723096
9,9,1523,a,Dash-8,0.001,dash8_t1.0s,1.0,1.0,reported,z_over_Lc,6.37173579109063,1,L_over_Lc,3.1342200725513907,1,5,0,635,0.02457757296466974,0.09794437726723096
9,9,1523,a,Dash-8,0.001,dash8_t1.0s,1.0,1.0,reported,z_over_Lc,6.37173579109063,1,L_over_Lc,3.2212817412333736,1,5,0,636,0.02457757296466974,0.09794437726723096
9,9,1523,a,Dash-8,0.001,dash8_t1.0s,1.0,1.0,reported,z_over_Lc,6.384024577572965,1,L_over_Lc,3.0253929866989115,1,5,0,637,0.02457757296466974,0.09794437726723096
9,9,1523,a,Dash-8,0.001,dash8_t1.0s,1.0,1.0,reported,z_over_Lc,6.384024577572965,1,L_over_Lc,3.199516324062878,1,5,0,638,0.02457757296466974,0.09794437726723096
9,9,1523,a,Dash-8,0.001,dash8_t1.0s,1.0,1.0,reported,z_over_Lc,6.3963133640553,1,L_over_Lc,2.8621523579201935,1,5,0,639,0.02457757296466974,0.09794437726723096
9,9,1523,a,Dash-8,0.001,dash8_t1.0s,1.0,1.0,reported,z_over_Lc,6.3963133640553,1,L_over_Lc,3.177750906892382,1,5,0,640,0.02457757296466974,0.09794437726723096
9,9,1523,a,Dash-8,0.001,dash8_t1.0s,1.0,1.0,reported,z_over_Lc,6.408602150537634,1,L_over_Lc,2.82950423216445,1,5,0,641,0.02457757296466974,0.09794437726723096
9,9,1523,a,Dash-8,0.001,dash8_t1.0s,1.0,1.0,reported,z_over_Lc,6.408602150537634,1,L_over_Lc,3.1451027811366385,1,5,0,642,0.02457757296466974,0.09794437726723096
9,9,1523,a,Dash-8,0.001,dash8_t1.0s,1.0,1.0,reported,z_over_Lc,6.420890937019969,1,L_over_Lc,2.807738814993954,1,5,0,643,0.02457757296466974,0.09794437726723096
9,9,1523,a,Dash-8,0.001,dash8_t1.0s,1.0,1.0,reported,z_over_Lc,6.420890937019969,1,L_over_Lc,3.112454655380895,1,5,0,644,0.02457757296466974,0.09794437726723096
9,9,1523,a,Dash-8,0.001,dash8_t1.0s,1.0,1.0,reported,z_over_Lc,6.433179723502304,1,L_over_Lc,2.7859733978234584,1,5,0,645,0.02457757296466974,0.09794437726723096
9,9,1523,a,Dash-8,0.001,dash8_t1.0s,1.0,1.0,reported,z_over_Lc,6.433179723502304,1,L_over_Lc,3.0798065296251513,1,5,0,646,0.02457757296466974,0.09794437726723096
9,9,1523,a,Dash-8,0.001,dash8_t1.0s,1.0,1.0,reported,z_over_Lc,6.445468509984639,1,L_over_Lc,2.7642079806529627,1,5,0,647,0.02457757296466974,0.09794437726723096
9,9,1523,a,Dash-8,0.001,dash8_t1.0s,1.0,1.0,reported,z_over_Lc,6.445468509984639,1,L_over_Lc,3.0580411124546556,1,5,0,648,0.02457757296466974,0.09794437726723096
9,9,1523,a,Dash-8,0.001,dash8_t1.0s,1.0,1.0,reported,z_over_Lc,6.457757296466974,1,L_over_Lc,2.753325272067715,1,5,0,649,0.02457757296466974,0.09794437726723096
9,9,1523,a,Dash-8,0.001,dash8_t1.0s,1.0,1.0,reported,z_over_Lc,6.457757296466974,1,L_over_Lc,3.0471584038694073,1,5,0,650,0.02457757296466974,0.09794437726723096
9,9,1523,a,Dash-8,0.001,dash8_t1.0s,1.0,1.0,reported,z_over_Lc,6.470046082949309,1,L_over_Lc,2.742442563482467,1,5,0,651,0.02457757296466974,0.09794437726723096
9,9,1523,a,Dash-8,0.001,dash8_t1.0s,1.0,1.0,reported,z_over_Lc,6.470046082949309,1,L_over_Lc,3.0253929866989115,1,5,0,652,0.02457757296466974,0.09794437726723096
9,9,1523,a,Dash-8,0.001,dash8_t1.0s,1.0,1.0,reported,z_over_Lc,6.482334869431644,1,L_over_Lc,2.742442563482467,1,5,0,653,0.02457757296466974,0.09794437726723096
9,9,1523,a,Dash-8,0.001,dash8_t1.0s,1.0,1.0,reported,z_over_Lc,6.482334869431644,1,L_over_Lc,2.9383313180169286,1,5,0,654,0.02457757296466974,0.09794437726723096
9,9,1523,a,Dash-8,0.001,dash8_t1.0s,1.0,1.0,reported,z_over_Lc,6.494623655913978,1,L_over_Lc,2.698911729141475,1,5,0,655,0.02457757296466974,0.09794437726723096
9,9,1523,a,Dash-8,0.001,dash8_t1.0s,1.0,1.0,reported,z_over_Lc,6.494623655913978,1,L_over_Lc,2.8839177750906893,1,5,0,656,0.02457757296466974,0.09794437726723096
9,9,1523,a,Dash-8,0.001,dash8_t1.0s,1.0,1.0,reported,z_over_Lc,6.506912442396313,1,L_over_Lc,2.6771463119709793,1,5,0,657,0.02457757296466974,0.09794437726723096
9,9,1523,a,Dash-8,0.001,dash8_t1.0s,1.0,1.0,reported,z_over_Lc,6.506912442396313,1,L_over_Lc,2.7206771463119708,1,5,0,658,0.02457757296466974,0.09794437726723096
9,9,1523,a,Dash-8,0.001,dash8_t1.0s,1.0,1.0,reported,z_over_Lc,6.519201228878648,1,L_over_Lc,2.6662636033857314,1,5,0,659,0.02457757296466974,0.09794437726723096
9,9,1523,a,Dash-8,0.001,dash8_t1.0s,1.0,1.0,reported,z_over_Lc,6.519201228878648,1,L_over_Lc,2.698911729141475,1,5,0,660,0.02457757296466974,0.09794437726723096
9,9,1523,a,Dash-8,0.001,dash8_t1.0s,1.0,1.0,reported,z_over_Lc,6.531490015360983,1,L_over_Lc,2.6608222490931075,1,5,0,661,0.02457757296466974,0.09794437726723096
9,9,1523,a,Dash-8,0.001,dash8_t1.0s,1.0,1.0,reported,z_over_Lc,6.543778801843318,1,L_over_Lc,2.6553808948004836,1,5,0,662,0.02457757296466974,0.09794437726723096
9,9,1523,a,Dash-8,0.001,dash8_t1.0s,1.0,1.0,reported,z_over_Lc,6.556067588325653,1,L_over_Lc,2.6499395405078596,1,5,0,663,0.02457757296466974,0.09794437726723096
9,9,1523,a,Dash-8,0.001,dash8_t1.0s,1.0,1.0,reported,z_over_Lc,6.568356374807988,1,L_over_Lc,2.6499395405078596,1,5,0,664,0.02457757296466974,0.09794437726723096
9,9,1523,a,Dash-8,0.001,dash8_t1.0s,1.0,1.0,reported,z_over_Lc,6.580645161290323,1,L_over_Lc,2.6390568319226118,1,5,0,665,0.02457757296466974,0.09794437726723096
9,9,1523,a,Dash-8,0.001,dash8_t1.0s,1.0,1.0,reported,z_over_Lc,6.592933947772657,1,L_over_Lc,2.628174123337364,1,5,0,666,0.02457757296466974,0.09794437726723096
9,9,1523,a,Dash-8,0.001,dash8_t1.0s,1.0,1.0,reported,z_over_Lc,6.605222734254992,1,L_over_Lc,2.611850060459492,1,5,0,667,0.02457757296466974,0.09794437726723096
9,9,1523,a,Dash-8,0.001,dash8_t1.0s,1.0,1.0,reported,z_over_Lc,6.617511520737327,1,L_over_Lc,2.600967351874244,1,5,0,668,0.02457757296466974,0.09794437726723096
9,9,1523,a,Dash-8,0.001,dash8_t1.0s,1.0,1.0,reported,z_over_Lc,6.629800307219662,1,L_over_Lc,2.5900846432889963,1,5,0,669,0.02457757296466974,0.09794437726723096
9,9,1523,a,Dash-8,0.001,dash8_t1.0s,1.0,1.0,reported,z_over_Lc,6.642089093701997,1,L_over_Lc,2.546553808948005,1,5,0,670,0.02457757296466974,0.09794437726723096
9,9,1523,a,Dash-8,0.001,dash8_t1.0s,1.0,1.0,reported,z_over_Lc,6.642089093701997,1,L_over_Lc,2.5792019347037485,1,5,0,671,0.02457757296466974,0.09794437726723096
9,9,1523,a,Dash-8,0.001,dash8_t1.0s,1.0,1.0,reported,z_over_Lc,6.654377880184332,1,L_over_Lc,2.4921402660217655,1,5,0,672,0.02457757296466974,0.09794437726723096
9,9,1523,a,Dash-8,0.001,dash8_t1.0s,1.0,1.0,reported,z_over_Lc,6.654377880184332,1,L_over_Lc,2.5683192261185006,1,5,0,673,0.02457757296466974,0.09794437726723096
9,9,1523,a,Dash-8,0.001,dash8_t1.0s,1.0,1.0,reported,z_over_Lc,6.666666666666667,1,L_over_Lc,2.3615477629987907,1,5,0,674,0.02457757296466974,0.09794437726723096
9,9,1523,a,Dash-8,0.001,dash8_t1.0s,1.0,1.0,reported,z_over_Lc,6.666666666666667,1,L_over_Lc,2.5574365175332527,1,5,0,675,0.02457757296466974,0.09794437726723096
9,9,1523,a,Dash-8,0.001,dash8_t1.0s,1.0,1.0,reported,z_over_Lc,6.678955453149001,1,L_over_Lc,2.1983071342200726,1,5,0,676,0.02457757296466974,0.09794437726723096
9,9,1523,a,Dash-8,0.001,dash8_t1.0s,1.0,1.0,reported,z_over_Lc,6.678955453149001,1,L_over_Lc,2.535671100362757,1,5,0,677,0.02457757296466974,0.09794437726723096
9,9,1523,a,Dash-8,0.001,dash8_t1.0s,1.0,1.0,reported,z_over_Lc,6.691244239631336,1,L_over_Lc,2.1874244256348248,1,5,0,678,0.02457757296466974,0.09794437726723096
9,9,1523,a,Dash-8,0.001,dash8_t1.0s,1.0,1.0,reported,z_over_Lc,6.691244239631336,1,L_over_Lc,2.535671100362757,1,5,0,679,0.02457757296466974,0.09794437726723096
9,9,1523,a,Dash-8,0.001,dash8_t1.0s,1.0,1.0,reported,z_over_Lc,6.703533026113671,1,L_over_Lc,2.176541717049577,1,5,0,680,0.02457757296466974,0.09794437726723096
9,9,1523,a,Dash-8,0.001,dash8_t1.0s,1.0,1.0,reported,z_over_Lc,6.703533026113671,1,L_over_Lc,2.524788391777509,1,5,0,681,0.02457757296466974,0.09794437726723096
9,9,1523,a,Dash-8,0.001,dash8_t1.0s,1.0,1.0,reported,z_over_Lc,6.7158218125960065,1,L_over_Lc,2.165659008464329,1,5,0,682,0.02457757296466974,0.09794437726723096
9,9,1523,a,Dash-8,0.001,dash8_t1.0s,1.0,1.0,reported,z_over_Lc,6.7158218125960065,1,L_over_Lc,2.5030229746070134,1,5,0,683,0.02457757296466974,0.09794437726723096
9,9,1523,a,Dash-8,0.001,dash8_t1.0s,1.0,1.0,reported,z_over_Lc,6.728110599078341,1,L_over_Lc,2.154776299879081,1,5,0,684,0.02457757296466974,0.09794437726723096
9,9,1523,a,Dash-8,0.001,dash8_t1.0s,1.0,1.0,reported,z_over_Lc,6.728110599078341,1,L_over_Lc,2.4812575574365177,1,5,0,685,0.02457757296466974,0.09794437726723096
9,9,1523,a,Dash-8,0.001,dash8_t1.0s,1.0,1.0,reported,z_over_Lc,6.740399385560676,1,L_over_Lc,2.1438935912938333,1,5,0,686,0.02457757296466974,0.09794437726723096
9,9,1523,a,Dash-8,0.001,dash8_t1.0s,1.0,1.0,reported,z_over_Lc,6.740399385560676,1,L_over_Lc,2.437726723095526,1,5,0,687,0.02457757296466974,0.09794437726723096
9,9,1523,a,Dash-8,0.001,dash8_t1.0s,1.0,1.0,reported,z_over_Lc,6.752688172043011,1,L_over_Lc,2.1112454655380897,1,5,0,688,0.02457757296466974,0.09794437726723096
9,9,1523,a,Dash-8,0.001,dash8_t1.0s,1.0,1.0,reported,z_over_Lc,6.752688172043011,1,L_over_Lc,2.405078597339782,1,5,0,689,0.02457757296466974,0.09794437726723096
9,9,1523,a,Dash-8,0.001,dash8_t1.0s,1.0,1.0,reported,z_over_Lc,6.764976958525345,1,L_over_Lc,2.089480048367594,1,5,0,690,0.02457757296466974,0.09794437726723096
9,9,1523,a,Dash-8,0.001,dash8_t1.0s,1.0,1.0,reported,z_over_Lc,6.764976958525345,1,L_over_Lc,2.2744860943168077,1,5,0,691,0.02457757296466974,0.09794437726723096
9,9,1523,a,Dash-8,0.001,dash8_t1.0s,1.0,1.0,reported,z_over_Lc,6.77726574500768,1,L_over_Lc,2.05683192261185,1,5,0,692,0.02457757296466974,0.09794437726723096
9,9,1523,a,Dash-8,0.001,dash8_t1.0s,1.0,1.0,reported,z_over_Lc,6.77726574500768,1,L_over_Lc,2.2200725513905684,1,5,0,693,0.02457757296466974,0.09794437726723096
9,9,1523,a,Dash-8,0.001,dash8_t1.0s,1.0,1.0,reported,z_over_Lc,6.789554531490015,1,L_over_Lc,2.035066505441354,1,5,0,694,0.02457757296466974,0.09794437726723096
9,9,1523,a,Dash-8,0.001,dash8_t1.0s,1.0,1.0,reported,z_over_Lc,6.789554531490015,1,L_over_Lc,2.0785973397823456,1,5,0,695,0.02457757296466974,0.09794437726723096
9,9,1523,a,Dash-8,0.001,dash8_t1.0s,1.0,1.0,reported,z_over_Lc,6.8018433179723505,1,L_over_Lc,2.0133010882708584,1,5,0,696,0.02457757296466974,0.09794437726723096
9,9,1523,a,Dash-8,0.001,dash8_t1.0s,1.0,1.0,reported,z_over_Lc,6.8018433179723505,1,L_over_Lc,2.0677146311970978,1,5,0,697,0.02457757296466974,0.09794437726723096
9,9,1523,a,Dash-8,0.001,dash8_t1.0s,1.0,1.0,reported,z_over_Lc,6.814132104454685,1,L_over_Lc,2.0024183796856105,1,5,0,698,0.02457757296466974,0.09794437726723096
9,9,1523,a,Dash-8,0.001,dash8_t1.0s,1.0,1.0,reported,z_over_Lc,6.814132104454685,1,L_over_Lc,2.05683192261185,1,5,0,699,0.02457757296466974,0.09794437726723096
9,9,1523,a,Dash-8,0.001,dash8_t1.0s,1.0,1.0,reported,z_over_Lc,6.82642089093702,1,L_over_Lc,1.9480048367593712,1,5,0,700,0.02457757296466974,0.09794437726723096
9,9,1523,a,Dash-8,0.001,dash8_t1.0s,1.0,1.0,reported,z_over_Lc,6.82642089093702,1,L_over_Lc,2.045949214026602,1,5,0,701,0.02457757296466974,0.09794437726723096
9,9,1523,a,Dash-8,0.001,dash8_t1.0s,1.0,1.0,reported,z_over_Lc,6.838709677419355,1,L_over_Lc,1.9044740024183797,1,5,0,702,0.02457757296466974,0.09794437726723096
9,9,1523,a,Dash-8,0.001,dash8_t1.0s,1.0,1.0,reported,z_over_Lc,6.838709677419355,1,L_over_Lc,2.0133010882708584,1,5,0,703,0.02457757296466974,0.09794437726723096
9,9,1523,a,Dash-8,0.001,dash8_t1.0s,1.0,1.0,reported,z_over_Lc,6.85099846390169,1,L_over_Lc,1.8282950423216444,1,5,0,704,0.02457757296466974,0.09794437726723096
9,9,1523,a,Dash-8,0.001,dash8_t1.0s,1.0,1.0,reported,z_over_Lc,6.85099846390169,1,L_over_Lc,2.0024183796856105,1,5,0,705,0.02457757296466974,0.09794437726723096
9,9,1523,a,Dash-8,0.001,dash8_t1.0s,1.0,1.0,reported,z_over_Lc,6.863287250384024,1,L_over_Lc,1.49093107617896,1,5,0,706,0.02457757296466974,0.09794437726723096
9,9,1523,a,Dash-8,0.001,dash8_t1.0s,1.0,1.0,reported,z_over_Lc,6.863287250384024,1,L_over_Lc,1.969770253929867,1,5,0,707,0.02457757296466974,0.09794437726723096
9,9,1523,a,Dash-8,0.001,dash8_t1.0s,1.0,1.0,reported,z_over_Lc,6.875576036866359,1,L_over_Lc,1.2623941958887546,1,5,0,708,0.02457757296466974,0.09794437726723096
9,9,1523,a,Dash-8,0.001,dash8_t1.0s,1.0,1.0,reported,z_over_Lc,6.875576036866359,1,L_over_Lc,1.958887545344619,1,5,0,709,0.02457757296466974,0.09794437726723096
9,9,1523,a,Dash-8,0.001,dash8_t1.0s,1.0,1.0,reported,z_over_Lc,6.8878648233486945,1,L_over_Lc,0.8597339782345829,1,5,0,710,0.02457757296466974,0.09794437726723096
9,9,1523,a,Dash-8,0.001,dash8_t1.0s,1.0,1.0,reported,z_over_Lc,6.8878648233486945,1,L_over_Lc,1.9153567110036276,1,5,0,711,0.02457757296466974,0.09794437726723096
9,9,1523,a,Dash-8,0.001,dash8_t1.0s,1.0,1.0,reported,z_over_Lc,6.900153609831029,1,L_over_Lc,0.8053204353083434,1,5,0,712,0.02457757296466974,0.09794437726723096
9,9,1523,a,Dash-8,0.001,dash8_t1.0s,1.0,1.0,reported,z_over_Lc,6.900153609831029,1,L_over_Lc,1.9044740024183797,1,5,0,713,0.02457757296466974,0.09794437726723096
9,9,1523,a,Dash-8,0.001,dash8_t1.0s,1.0,1.0,reported,z_over_Lc,6.912442396313364,1,L_over_Lc,0.7726723095525998,1,5,0,714,0.02457757296466974,0.09794437726723096
9,9,1523,a,Dash-8,0.001,dash8_t1.0s,1.0,1.0,reported,z_over_Lc,6.912442396313364,1,L_over_Lc,1.8718258766626361,1,5,0,715,0.02457757296466974,0.09794437726723096
9,9,1523,a,Dash-8,0.001,dash8_t1.0s,1.0,1.0,reported,z_over_Lc,6.924731182795699,1,L_over_Lc,0.7400241837968561,1,5,0,716,0.02457757296466974,0.09794437726723096
9,9,1523,a,Dash-8,0.001,dash8_t1.0s,1.0,1.0,reported,z_over_Lc,6.924731182795699,1,L_over_Lc,1.8500604594921404,1,5,0,717,0.02457757296466974,0.09794437726723096
9,9,1523,a,Dash-8,0.001,dash8_t1.0s,1.0,1.0,reported,z_over_Lc,6.937019969278034,1,L_over_Lc,0.7291414752116082,1,5,0,718,0.02457757296466974,0.09794437726723096
9,9,1523,a,Dash-8,0.001,dash8_t1.0s,1.0,1.0,reported,z_over_Lc,6.937019969278034,1,L_over_Lc,1.8065296251511487,1,5,0,719,0.02457757296466974,0.09794437726723096
9,9,1523,a,Dash-8,0.001,dash8_t1.0s,1.0,1.0,reported,z_over_Lc,6.949308755760368,1,L_over_Lc,0.7182587666263603,1,5,0,720,0.02457757296466974,0.09794437726723096
9,9,1523,a,Dash-8,0.001,dash8_t1.0s,1.0,1.0,reported,z_over_Lc,6.949308755760368,1,L_over_Lc,1.7194679564691657,1,5,0,721,0.02457757296466974,0.09794437726723096
9,9,1523,a,Dash-8,0.001,dash8_t1.0s,1.0,1.0,reported,z_over_Lc,6.961597542242703,1,L_over_Lc,0.7073760580411125,1,5,0,722,0.02457757296466974,0.09794437726723096
9,9,1523,a,Dash-8,0.001,dash8_t1.0s,1.0,1.0,reported,z_over_Lc,6.961597542242703,1,L_over_Lc,1.686819830713422,1,5,0,723,0.02457757296466974,0.09794437726723096
9,9,1523,a,Dash-8,0.001,dash8_t1.0s,1.0,1.0,reported,z_over_Lc,6.9738863287250386,1,L_over_Lc,0.6964933494558646,1,5,0,724,0.02457757296466974,0.09794437726723096
9,9,1523,a,Dash-8,0.001,dash8_t1.0s,1.0,1.0,reported,z_over_Lc,6.9738863287250386,1,L_over_Lc,1.3276904474002418,1,5,0,725,0.02457757296466974,0.09794437726723096
9,9,1523,a,Dash-8,0.001,dash8_t1.0s,1.0,1.0,reported,z_over_Lc,6.986175115207374,1,L_over_Lc,0.6747279322853688,1,5,0,726,0.02457757296466974,0.09794437726723096
9,9,1523,a,Dash-8,0.001,dash8_t1.0s,1.0,1.0,reported,z_over_Lc,6.986175115207374,1,L_over_Lc,1.1426844014510278,1,5,0,727,0.02457757296466974,0.09794437726723096
9,9,1523,a,Dash-8,0.001,dash8_t1.0s,1.0,1.0,reported,z_over_Lc,6.998463901689708,1,L_over_Lc,0.652962515114873,1,5,0,728,0.02457757296466974,0.09794437726723096
9,9,1523,a,Dash-8,0.001,dash8_t1.0s,1.0,1.0,reported,z_over_Lc,6.998463901689708,1,L_over_Lc,0.8597339782345829,1,5,0,729,0.02457757296466974,0.09794437726723096
9,9,1523,a,Dash-8,0.001,dash8_t1.0s,1.0,1.0,reported,z_over_Lc,7.010752688172043,1,L_over_Lc,0.6311970979443773,1,5,0,730,0.02457757296466974,0.09794437726723096
9,9,1523,a,Dash-8,0.001,dash8_t1.0s,1.0,1.0,reported,z_over_Lc,7.010752688172043,1,L_over_Lc,0.6638452237001209,1,5,0,731,0.02457757296466974,0.09794437726723096
9,9,1523,a,Dash-8,0.001,dash8_t1.0s,1.0,1.0,reported,z_over_Lc,7.023041474654378,1,L_over_Lc,0.6094316807738815,1,5,0,732,0.02457757296466974,0.09794437726723096
9,9,1523,a,Dash-8,0.001,dash8_t1.0s,1.0,1.0,reported,z_over_Lc,7.023041474654378,1,L_over_Lc,0.6311970979443773,1,5,0,733,0.02457757296466974,0.09794437726723096
9,9,1523,a,Dash-8,0.001,dash8_t1.0s,1.0,1.0,reported,z_over_Lc,7.035330261136712,1,L_over_Lc,0.5876662636033857,1,5,0,734,0.02457757296466974,0.09794437726723096
9,9,1523,a,Dash-8,0.001,dash8_t1.0s,1.0,1.0,reported,z_over_Lc,7.035330261136712,1,L_over_Lc,0.6203143893591294,1,5,0,735,0.02457757296466974,0.09794437726723096
9,9,1523,a,Dash-8,0.001,dash8_t1.0s,1.0,1.0,reported,z_over_Lc,7.0476190476190474,1,L_over_Lc,0.5767835550181378,1,5,0,736,0.02457757296466974,0.09794437726723096
9,9,1523,a,Dash-8,0.001,dash8_t1.0s,1.0,1.0,reported,z_over_Lc,7.0476190476190474,1,L_over_Lc,0.6094316807738815,1,5,0,737,0.02457757296466974,0.09794437726723096
9,9,1523,a,Dash-8,0.001,dash8_t1.0s,1.0,1.0,reported,z_over_Lc,7.059907834101383,1,L_over_Lc,0.56590084643289,1,5,0,738,0.02457757296466974,0.09794437726723096
9,9,1523,a,Dash-8,0.001,dash8_t1.0s,1.0,1.0,reported,z_over_Lc,7.059907834101383,1,L_over_Lc,0.5985489721886336,1,5,0,739,0.02457757296466974,0.09794437726723096
9,9,1523,a,Dash-8,0.001,dash8_t1.0s,1.0,1.0,reported,z_over_Lc,7.072196620583718,1,L_over_Lc,0.56590084643289,1,5,0,740,0.02457757296466974,0.09794437726723096
9,9,1523,a,Dash-8,0.001,dash8_t1.0s,1.0,1.0,reported,z_over_Lc,7.072196620583718,1,L_over_Lc,0.5876662636033857,1,5,0,741,0.02457757296466974,0.09794437726723096
9,9,1523,a,Dash-8,0.001,dash8_t1.0s,1.0,1.0,reported,z_over_Lc,7.084485407066052,1,L_over_Lc,0.5550181378476421,1,5,0,742,0.02457757296466974,0.09794437726723096
9,9,1523,a,Dash-8,0.001,dash8_t1.0s,1.0,1.0,reported,z_over_Lc,7.084485407066052,1,L_over_Lc,0.5767835550181378,1,5,0,743,0.02457757296466974,0.09794437726723096
9,9,1523,a,Dash-8,0.001,dash8_t1.0s,1.0,1.0,reported,z_over_Lc,7.096774193548387,1,L_over_Lc,0.5441354292623942,1,5,0,744,0.02457757296466974,0.09794437726723096
9,9,1523,a,Dash-8,0.001,dash8_t1.0s,1.0,1.0,reported,z_over_Lc,7.109062980030722,1,L_over_Lc,0.5386940749697703,1,5,0,745,0.02457757296466974,0.09794437726723096
9,9,1523,a,Dash-8,0.001,dash8_t1.0s,1.0,1.0,reported,z_over_Lc,7.121351766513057,1,L_over_Lc,0.5223700120918985,1,5,0,746,0.02457757296466974,0.09794437726723096
9,9,1523,a,Dash-8,0.001,dash8_t1.0s,1.0,1.0,reported,z_over_Lc,7.1336405529953915,1,L_over_Lc,0.5223700120918985,1,5,0,747,0.02457757296466974,0.09794437726723096
9,9,1523,a,Dash-8,0.001,dash8_t1.0s,1.0,1.0,reported,z_over_Lc,7.145929339477727,1,L_over_Lc,0.5223700120918985,1,5,0,748,0.02457757296466974,0.09794437726723096
9,9,1523,a,Dash-8,0.001,dash8_t1.0s,1.0,1.0,reported,z_over_Lc,7.158218125960062,1,L_over_Lc,0.5223700120918985,1,5,0,749,0.02457757296466974,0.09794437726723096
9,9,1523,a,Dash-8,0.001,dash8_t1.0s,1.0,1.0,reported,z_over_Lc,7.170506912442396,1,L_over_Lc,0.5169286577992744,1,5,0,750,0.02457757296466974,0.09794437726723096
9,9,1523,a,Dash-8,0.001,dash8_t1.0s,1.0,1.0,reported,z_over_Lc,7.182795698924731,1,L_over_Lc,0.5114873035066505,1,5,0,751,0.02457757296466974,0.09794437726723096
9,9,1523,a,Dash-8,0.001,dash8_t1.0s,1.0,1.0,reported,z_over_Lc,7.195084485407066,1,L_over_Lc,0.5006045949214026,1,5,0,752,0.02457757296466974,0.09794437726723096
9,9,1523,a,Dash-8,0.001,dash8_t1.0s,1.0,1.0,reported,z_over_Lc,7.207373271889401,1,L_over_Lc,0.48972188633615477,1,5,0,753,0.02457757296466974,0.09794437726723096
9,9,1523,a,Dash-8,0.001,dash8_t1.0s,1.0,1.0,reported,z_over_Lc,7.2196620583717355,1,L_over_Lc,0.47339782345828296,1,5,0,754,0.02457757296466974,0.09794437726723096
9,9,1523,a,Dash-8,0.001,dash8_t1.0s,1.0,1.0,reported,z_over_Lc,7.231950844854071,1,L_over_Lc,0.4625151148730351,1,5,0,755,0.02457757296466974,0.09794437726723096
9,9,1523,a,Dash-8,0.001,dash8_t1.0s,1.0,1.0,reported,z_over_Lc,7.244239631336406,1,L_over_Lc,0.43530834340991537,1,5,0,756,0.02457757296466974,0.09794437726723096
9,9,1523,a,Dash-8,0.001,dash8_t1.0s,1.0,1.0,reported,z_over_Lc,7.244239631336406,1,L_over_Lc,0.46795646916565903,1,5,0,757,0.02457757296466974,0.09794437726723096
9,9,1523,a,Dash-8,0.001,dash8_t1.0s,1.0,1.0,reported,z_over_Lc,7.256528417818741,1,L_over_Lc,0.4244256348246675,1,5,0,758,0.02457757296466974,0.09794437726723096
9,9,1523,a,Dash-8,0.001,dash8_t1.0s,1.0,1.0,reported,z_over_Lc,7.256528417818741,1,L_over_Lc,0.44619105199516323,1,5,0,759,0.02457757296466974,0.09794437726723096
9,9,1523,a,Dash-8,0.001,dash8_t1.0s,1.0,1.0,reported,z_over_Lc,7.268817204301075,1,L_over_Lc,0.39177750906892383,1,5,0,760,0.02457757296466974,0.09794437726723096
9,9,1523,a,Dash-8,0.001,dash8_t1.0s,1.0,1.0,reported,z_over_Lc,7.268817204301075,1,L_over_Lc,0.43530834340991537,1,5,0,761,0.02457757296466974,0.09794437726723096
9,9,1523,a,Dash-8,0.001,dash8_t1.0s,1.0,1.0,reported,z_over_Lc,7.28110599078341,1,L_over_Lc,0.3808948004836759,1,5,0,762,0.02457757296466974,0.09794437726723096
9,9,1523,a,Dash-8,0.001,dash8_t1.0s,1.0,1.0,reported,z_over_Lc,7.28110599078341,1,L_over_Lc,0.4135429262394196,1,5,0,763,0.02457757296466974,0.09794437726723096
9,9,1523,a,Dash-8,0.001,dash8_t1.0s,1.0,1.0,reported,z_over_Lc,7.293394777265745,1,L_over_Lc,0.37001209189842804,1,5,0,764,0.02457757296466974,0.09794437726723096
9,9,1523,a,Dash-8,0.001,dash8_t1.0s,1.0,1.0,reported,z_over_Lc,7.293394777265745,1,L_over_Lc,0.39177750906892383,1,5,0,765,0.02457757296466974,0.09794437726723096
9,9,1523,a,Dash-8,0.001,dash8_t1.0s,1.0,1.0,reported,z_over_Lc,7.3056835637480795,1,L_over_Lc,0.37001209189842804,1,5,0,766,0.02457757296466974,0.09794437726723096
9,9,1523,a,Dash-8,0.001,dash8_t1.0s,1.0,1.0,reported,z_over_Lc,7.317972350230415,1,L_over_Lc,0.3645707376058041,1,5,0,767,0.02457757296466974,0.09794437726723096
9,9,1523,a,Dash-8,0.001,dash8_t1.0s,1.0,1.0,reported,z_over_Lc,7.33026113671275,1,L_over_Lc,0.33192261185006044,1,5,0,768,0.02457757296466974,0.09794437726723096
9,9,1523,a,Dash-8,0.001,dash8_t1.0s,1.0,1.0,reported,z_over_Lc,7.342549923195085,1,L_over_Lc,0.29383313180169285,1,5,0,769,0.02457757296466974,0.09794437726723096
9,9,1523,a,Dash-8,0.001,dash8_t1.0s,1.0,1.0,reported,z_over_Lc,7.342549923195085,1,L_over_Lc,0.3264812575574365,1,5,0,770,0.02457757296466974,0.09794437726723096
9,9,1523,a,Dash-8,0.001,dash8_t1.0s,1.0,1.0,reported,z_over_Lc,7.354838709677419,1,L_over_Lc,0.2720677146311971,1,5,0,771,0.02457757296466974,0.09794437726723096
9,9,1523,a,Dash-8,0.001,dash8_t1.0s,1.0,1.0,reported,z_over_Lc,7.354838709677419,1,L_over_Lc,0.3047158403869408,1,5,0,772,0.02457757296466974,0.09794437726723096
9,9,1523,a,Dash-8,0.001,dash8_t1.0s,1.0,1.0,reported,z_over_Lc,7.367127496159754,1,L_over_Lc,0.2503022974607013,1,5,0,773,0.02457757296466974,0.09794437726723096
9,9,1523,a,Dash-8,0.001,dash8_t1.0s,1.0,1.0,reported,z_over_Lc,7.367127496159754,1,L_over_Lc,0.3047158403869408,1,5,0,774,0.02457757296466974,0.09794437726723096
9,9,1523,a,Dash-8,0.001,dash8_t1.0s,1.0,1.0,reported,z_over_Lc,7.379416282642089,1,L_over_Lc,0.23941958887545345,1,5,0,775,0.02457757296466974,0.09794437726723096
9,9,1523,a,Dash-8,0.001,dash8_t1.0s,1.0,1.0,reported,z_over_Lc,7.379416282642089,1,L_over_Lc,0.29383313180169285,1,5,0,776,0.02457757296466974,0.09794437726723096
9,9,1523,a,Dash-8,0.001,dash8_t1.0s,1.0,1.0,reported,z_over_Lc,7.391705069124424,1,L_over_Lc,0.18500604594921402,1,5,0,777,0.02457757296466974,0.09794437726723096
9,9,1523,a,Dash-8,0.001,dash8_t1.0s,1.0,1.0,reported,z_over_Lc,7.391705069124424,1,L_over_Lc,0.29383313180169285,1,5,0,778,0.02457757296466974,0.09794437726723096
9,9,1523,a,Dash-8,0.001,dash8_t1.0s,1.0,1.0,reported,z_over_Lc,7.403993855606759,1,L_over_Lc,0.08706166868198308,1,5,0,779,0.02457757296466974,0.09794437726723096
9,9,1523,a,Dash-8,0.001,dash8_t1.0s,1.0,1.0,reported,z_over_Lc,7.403993855606759,1,L_over_Lc,0.282950423216445,1,5,0,780,0.02457757296466974,0.09794437726723096
9,9,1523,a,Dash-8,0.001,dash8_t1.0s,1.0,1.0,reported,z_over_Lc,7.416282642089094,1,L_over_Lc,0.08706166868198308,1,5,0,781,0.02457757296466974,0.09794437726723096
9,9,1523,a,Dash-8,0.001,dash8_t1.0s,1.0,1.0,reported,z_over_Lc,7.416282642089094,1,L_over_Lc,0.2720677146311971,1,5,0,782,0.02457757296466974,0.09794437726723096
9,9,1523,a,Dash-8,0.001,dash8_t1.0s,1.0,1.0,reported,z_over_Lc,7.428571428571429,1,L_over_Lc,0.0761789600967352,1,5,0,783,0.02457757296466974,0.09794437726723096
9,9,1523,a,Dash-8,0.001,dash8_t1.0s,1.0,1.0,reported,z_over_Lc,7.428571428571429,1,L_over_Lc,0.2503022974607013,1,5,0,784,0.02457757296466974,0.09794437726723096
9,9,1523,a,Dash-8,0.001,dash8_t1.0s,1.0,1.0,reported,z_over_Lc,7.440860215053763,1,L_over_Lc,0.0761789600967352,1,5,0,785,0.02457757296466974,0.09794437726723096
9,9,1523,a,Dash-8,0.001,dash8_t1.0s,1.0,1.0,reported,z_over_Lc,7.440860215053763,1,L_over_Lc,0.17412333736396615,1,5,0,786,0.02457757296466974,0.09794437726723096
9,9,1523,a,Dash-8,0.001,dash8_t1.0s,1.0,1.0,reported,z_over_Lc,7.453149001536098,1,L_over_Lc,0.0761789600967352,1,5,0,787,0.02457757296466974,0.09794437726723096
9,9,1523,a,Dash-8,0.001,dash8_t1.0s,1.0,1.0,reported,z_over_Lc,7.453149001536098,1,L_over_Lc,0.1523579201934704,1,5,0,788,0.02457757296466974,0.09794437726723096
9,9,1523,a,Dash-8,0.001,dash8_t1.0s,1.0,1.0,reported,z_over_Lc,7.465437788018433,1,L_over_Lc,0.0761789600967352,1,5,0,789,0.02457757296466974,0.09794437726723096
9,9,1523,a,Dash-8,0.001,dash8_t1.0s,1.0,1.0,reported,z_over_Lc,7.465437788018433,1,L_over_Lc,0.1414752116082225,1,5,0,790,0.02457757296466974,0.09794437726723096
9,9,1523,a,Dash-8,0.001,dash8_t1.0s,1.0,1.0,reported,z_over_Lc,7.477726574500768,1,L_over_Lc,0.0761789600967352,1,5,0,791,0.02457757296466974,0.09794437726723096
9,9,1523,a,Dash-8,0.001,dash8_t1.0s,1.0,1.0,reported,z_over_Lc,7.477726574500768,1,L_over_Lc,0.13059250302297462,1,5,0,792,0.02457757296466974,0.09794437726723096
9,9,1523,a,Dash-8,0.001,dash8_t1.0s,1.0,1.0,reported,z_over_Lc,7.490015360983103,1,L_over_Lc,0.0761789600967352,1,5,0,793,0.02457757296466974,0.09794437726723096
9,9,1523,a,Dash-8,0.001,dash8_t1.0s,1.0,1.0,reported,z_over_Lc,7.490015360983103,1,L_over_Lc,0.09794437726723096,1,5,0,794,0.02457757296466974,0.09794437726723096
9,9,1523,a,Dash-8,0.001,dash8_t1.0s,1.0,1.0,reported,z_over_Lc,7.502304147465438,1,L_over_Lc,0.06529625151148731,1,5,0,795,0.02457757296466974,0.09794437726723096
9,9,1523,a,Dash-8,0.001,dash8_t1.0s,1.0,1.0,reported,z_over_Lc,7.514592933947773,1,L_over_Lc,0.02176541717049577,1,5,0,796,0.02457757296466974,0.09794437726723096
9,9,1523,a,Dash-8,0.001,dash8_t1.5s,1.5,1.5,reported,z_over_Lc,0.043010752688172046,1,L_over_Lc,0.0761789600967352,1,1,0,0,0.02457757296466974,0.08706166868198308
9,9,1523,a,Dash-8,0.001,dash8_t1.5s,1.5,1.5,reported,z_over_Lc,0.055299539170506916,1,L_over_Lc,0.1033857315598549,1,1,0,1,0.02457757296466974,0.08706166868198308
9,9,1523,a,Dash-8,0.001,dash8_t1.5s,1.5,1.5,reported,z_over_Lc,0.06758832565284179,1,L_over_Lc,0.11426844014510278,1,1,0,2,0.02457757296466974,0.08706166868198308
9,9,1523,a,Dash-8,0.001,dash8_t1.5s,1.5,1.5,reported,z_over_Lc,0.07987711213517665,1,L_over_Lc,0.13059250302297462,1,1,0,3,0.02457757296466974,0.08706166868198308
9,9,1523,a,Dash-8,0.001,dash8_t1.5s,1.5,1.5,reported,z_over_Lc,0.09216589861751152,1,L_over_Lc,0.13603385731559856,1,1,0,4,0.02457757296466974,0.08706166868198308
9,9,1523,a,Dash-8,0.001,dash8_t1.5s,1.5,1.5,reported,z_over_Lc,0.10445468509984639,1,L_over_Lc,0.13603385731559856,1,1,0,5,0.02457757296466974,0.08706166868198308
9,9,1523,a,Dash-8,0.001,dash8_t1.5s,1.5,1.5,reported,z_over_Lc,0.11674347158218126,1,L_over_Lc,0.1414752116082225,1,1,0,6,0.02457757296466974,0.08706166868198308
9,9,1523,a,Dash-8,0.001,dash8_t1.5s,1.5,1.5,reported,z_over_Lc,0.12903225806451613,1,L_over_Lc,0.1414752116082225,1,1,0,7,0.02457757296466974,0.08706166868198308
9,9,1523,a,Dash-8,0.001,dash8_t1.5s,1.5,1.5,reported,z_over_Lc,0.141321044546851,1,L_over_Lc,0.11970979443772672,1,1,0,8,0.02457757296466974,0.08706166868198308
9,9,1523,a,Dash-8,0.001,dash8_t1.5s,1.5,1.5,reported,z_over_Lc,0.15360983102918588,1,L_over_Lc,0.0761789600967352,1,1,0,9,0.02457757296466974,0.08706166868198308
9,9,1523,a,Dash-8,0.001,dash8_t1.5s,1.5,1.5,reported,z_over_Lc,0.15360983102918588,1,L_over_Lc,0.13059250302297462,1,1,0,10,0.02457757296466974,0.08706166868198308
9,9,1523,a,Dash-8,0.001,dash8_t1.5s,1.5,1.5,reported,z_over_Lc,0.16589861751152074,1,L_over_Lc,0.0761789600967352,1,1,0,11,0.02457757296466974,0.08706166868198308
9,9,1523,a,Dash-8,0.001,dash8_t1.5s,1.5,1.5,reported,z_over_Lc,0.16589861751152074,1,L_over_Lc,0.11970979443772672,1,1,0,12,0.02457757296466974,0.08706166868198308
9,9,1523,a,Dash-8,0.001,dash8_t1.5s,1.5,1.5,reported,z_over_Lc,0.1781874039938556,1,L_over_Lc,0.09250302297460701,1,1,0,13,0.02457757296466974,0.08706166868198308
9,9,1523,a,Dash-8,0.001,dash8_t1.5s,1.5,1.5,reported,z_over_Lc,0.19047619047619047,1,L_over_Lc,0.08706166868198308,1,1,0,14,0.02457757296466974,0.08706166868198308
9,9,1523,a,Dash-8,0.001,dash8_t1.5s,1.5,1.5,reported,z_over_Lc,0.20276497695852536,1,L_over_Lc,0.08706166868198308,1,1,0,15,0.02457757296466974,0.08706166868198308
9,9,1523,a,Dash-8,0.001,dash8_t1.5s,1.5,1.5,reported,z_over_Lc,0.21505376344086022,1,L_over_Lc,0.08706166868198308,1,1,0,16,0.02457757296466974,0.08706166868198308
9,9,1523,a,Dash-8,0.001,dash8_t1.5s,1.5,1.5,reported,z_over_Lc,0.21505376344086022,1,L_over_Lc,0.4244256348246675,1,1,1,17,0.02457757296466974,0.08706166868198308
9,9,1523,a,Dash-8,0.001,dash8_t1.5s,1.5,1.5,reported,z_over_Lc,0.22734254992319508,1,L_over_Lc,0.0761789600967352,1,1,0,18,0.02457757296466974,0.08706166868198308
9,9,1523,a,Dash-8,0.001,dash8_t1.5s,1.5,1.5,reported,z_over_Lc,0.22734254992319508,1,L_over_Lc,0.282950423216445,1,1,0,19,0.02457757296466974,0.08706166868198308
9,9,1523,a,Dash-8,0.001,dash8_t1.5s,1.5,1.5,reported,z_over_Lc,0.22734254992319508,1,L_over_Lc,0.43530834340991537,1,1,1,20,0.02457757296466974,0.08706166868198308
9,9,1523,a,Dash-8,0.001,dash8_t1.5s,1.5,1.5,reported,z_over_Lc,0.22734254992319508,1,L_over_Lc,0.6203143893591294,1,1,1,21,0.02457757296466974,0.08706166868198308
9,9,1523,a,Dash-8,0.001,dash8_t1.5s,1.5,1.5,reported,z_over_Lc,0.23963133640552994,1,L_over_Lc,0.10882708585247884,1,1,0,22,0.02457757296466974,0.08706166868198308
9,9,1523,a,Dash-8,0.001,dash8_t1.5s,1.5,1.5,reported,z_over_Lc,0.23963133640552994,1,L_over_Lc,0.8814993954050786,1,1,0,23,0.02457757296466974,0.08706166868198308
9,9,1523,a,Dash-8,0.001,dash8_t1.5s,1.5,1.5,reported,z_over_Lc,0.2519201228878648,1,L_over_Lc,0.1414752116082225,1,1,0,24,0.02457757296466974,0.08706166868198308
9,9,1523,a,Dash-8,0.001,dash8_t1.5s,1.5,1.5,reported,z_over_Lc,0.2519201228878648,1,L_over_Lc,0.8923821039903265,1,1,0,25,0.02457757296466974,0.08706166868198308
9,9,1523,a,Dash-8,0.001,dash8_t1.5s,1.5,1.5,reported,z_over_Lc,0.2642089093701997,1,L_over_Lc,0.18500604594921402,1,1,0,26,0.02457757296466974,0.08706166868198308
9,9,1523,a,Dash-8,0.001,dash8_t1.5s,1.5,1.5,reported,z_over_Lc,0.2642089093701997,1,L_over_Lc,0.9032648125755743,1,1,0,27,0.02457757296466974,0.08706166868198308
9,9,1523,a,Dash-8,0.001,dash8_t1.5s,1.5,1.5,reported,z_over_Lc,0.2764976958525346,1,L_over_Lc,0.19588875453446192,1,1,0,28,0.02457757296466974,0.08706166868198308
9,9,1523,a,Dash-8,0.001,dash8_t1.5s,1.5,1.5,reported,z_over_Lc,0.2764976958525346,1,L_over_Lc,0.9467956469165659,1,1,0,29,0.02457757296466974,0.08706166868198308
9,9,1523,a,Dash-8,0.001,dash8_t1.5s,1.5,1.5,reported,z_over_Lc,0.2887864823348694,1,L_over_Lc,0.2067714631197098,1,1,0,30,0.02457757296466974,0.08706166868198308
9,9,1523,a,Dash-8,0.001,dash8_t1.5s,1.5,1.5,reported,z_over_Lc,0.2887864823348694,1,L_over_Lc,1.0012091898428053,1,1,0,31,0.02457757296466974,0.08706166868198308
9,9,1523,a,Dash-8,0.001,dash8_t1.5s,1.5,1.5,reported,z_over_Lc,0.3010752688172043,1,L_over_Lc,0.21765417170495768,1,1,0,32,0.02457757296466974,0.08706166868198308
9,9,1523,a,Dash-8,0.001,dash8_t1.5s,1.5,1.5,reported,z_over_Lc,0.3010752688172043,1,L_over_Lc,1.0665054413542927,1,1,0,33,0.02457757296466974,0.08706166868198308
9,9,1523,a,Dash-8,0.001,dash8_t1.5s,1.5,1.5,reported,z_over_Lc,0.31336405529953915,1,L_over_Lc,0.21765417170495768,1,1,0,34,0.02457757296466974,0.08706166868198308
9,9,1523,a,Dash-8,0.001,dash8_t1.5s,1.5,1.5,reported,z_over_Lc,0.31336405529953915,1,L_over_Lc,1.1100362756952842,1,1,0,35,0.02457757296466974,0.08706166868198308
9,9,1523,a,Dash-8,0.001,dash8_t1.5s,1.5,1.5,reported,z_over_Lc,0.32565284178187404,1,L_over_Lc,0.6964933494558646,1,1,0,36,0.02457757296466974,0.08706166868198308
9,9,1523,a,Dash-8,0.001,dash8_t1.5s,1.5,1.5,reported,z_over_Lc,0.32565284178187404,1,L_over_Lc,1.3712212817412335,1,1,0,37,0.02457757296466974,0.08706166868198308
9,9,1523,a,Dash-8,0.001,dash8_t1.5s,1.5,1.5,reported,z_over_Lc,0.3379416282642089,1,L_over_Lc,0.9032648125755743,1,1,0,38,0.02457757296466974,0.08706166868198308
9,9,1523,a,Dash-8,0.001,dash8_t1.5s,1.5,1.5,reported,z_over_Lc,0.3379416282642089,1,L_over_Lc,1.0882708585247884,1,1,1,39,0.02457757296466974,0.08706166868198308
9,9,1523,a,Dash-8,0.001,dash8_t1.5s,1.5,1.5,reported,z_over_Lc,0.3379416282642089,1,L_over_Lc,1.3929866989117292,1,1,1,40,0.02457757296466974,0.08706166868198308
9,9,1523,a,Dash-8,0.001,dash8_t1.5s,1.5,1.5,reported,z_over_Lc,0.35023041474654376,1,L_over_Lc,1.1100362756952842,1,1,0,41,0.02457757296466974,0.08706166868198308
9,9,1523,a,Dash-8,0.001,dash8_t1.5s,1.5,1.5,reported,z_over_Lc,0.35023041474654376,1,L_over_Lc,1.3821039903264813,1,1,0,42,0.02457757296466974,0.08706166868198308
9,9,1523,a,Dash-8,0.001,dash8_t1.5s,1.5,1.5,reported,z_over_Lc,0.36251920122887865,1,L_over_Lc,1.120918984280532,1,1,0,43,0.02457757296466974,0.08706166868198308
9,9,1523,a,Dash-8,0.001,dash8_t1.5s,1.5,1.5,reported,z_over_Lc,0.36251920122887865,1,L_over_Lc,1.3712212817412335,1,1,0,44,0.02457757296466974,0.08706166868198308
9,9,1523,a,Dash-8,0.001,dash8_t1.5s,1.5,1.5,reported,z_over_Lc,0.37480798771121354,1,L_over_Lc,1.1426844014510278,1,1,0,45,0.02457757296466974,0.08706166868198308
9,9,1523,a,Dash-8,0.001,dash8_t1.5s,1.5,1.5,reported,z_over_Lc,0.37480798771121354,1,L_over_Lc,1.3712212817412335,1,1,0,46,0.02457757296466974,0.08706166868198308
9,9,1523,a,Dash-8,0.001,dash8_t1.5s,1.5,1.5,reported,z_over_Lc,0.3870967741935484,1,L_over_Lc,1.1535671100362757,1,1,0,47,0.02457757296466974,0.08706166868198308
9,9,1523,a,Dash-8,0.001,dash8_t1.5s,1.5,1.5,reported,z_over_Lc,0.3870967741935484,1,L_over_Lc,1.403869407496977,1,1,0,48,0.02457757296466974,0.08706166868198308
9,9,1523,a,Dash-8,0.001,dash8_t1.5s,1.5,1.5,reported,z_over_Lc,0.39938556067588327,1,L_over_Lc,1.1644498186215235,1,1,0,49,0.02457757296466974,0.08706166868198308
9,9,1523,a,Dash-8,0.001,dash8_t1.5s,1.5,1.5,reported,z_over_Lc,0.39938556067588327,1,L_over_Lc,1.4365175332527207,1,1,0,50,0.02457757296466974,0.08706166868198308
9,9,1523,a,Dash-8,0.001,dash8_t1.5s,1.5,1.5,reported,z_over_Lc,0.4116743471582181,1,L_over_Lc,1.2841596130592503,1,1,0,51,0.02457757296466974,0.08706166868198308
9,9,1523,a,Dash-8,0.001,dash8_t1.5s,1.5,1.5,reported,z_over_Lc,0.4116743471582181,1,L_over_Lc,1.5126964933494558,1,1,0,52,0.02457757296466974,0.08706166868198308
9,9,1523,a,Dash-8,0.001,dash8_t1.5s,1.5,1.5,reported,z_over_Lc,0.423963133640553,1,L_over_Lc,1.3603385731559854,1,1,0,53,0.02457757296466974,0.08706166868198308
9,9,1523,a,Dash-8,0.001,dash8_t1.5s,1.5,1.5,reported,z_over_Lc,0.423963133640553,1,L_over_Lc,1.5344619105199517,1,1,0,54,0.02457757296466974,0.08706166868198308
9,9,1523,a,Dash-8,0.001,dash8_t1.5s,1.5,1.5,reported,z_over_Lc,0.4362519201228879,1,L_over_Lc,1.501813784764208,1,1,0,55,0.02457757296466974,0.08706166868198308
9,9,1523,a,Dash-8,0.001,dash8_t1.5s,1.5,1.5,reported,z_over_Lc,0.3379416282642089,1,L_over_Lc,1.7521160822249093,1,2,0,0,0.02457757296466974,0.09794437726723096
9,9,1523,a,Dash-8,0.001,dash8_t1.5s,1.5,1.5,reported,z_over_Lc,0.3379416282642089,1,L_over_Lc,1.8282950423216444,1,2,0,1,0.02457757296466974,0.09794437726723096
9,9,1523,a,Dash-8,0.001,dash8_t1.5s,1.5,1.5,reported,z_over_Lc,0.35023041474654376,1,L_over_Lc,1.7412333736396615,1,2,0,2,0.02457757296466974,0.09794437726723096
9,9,1523,a,Dash-8,0.001,dash8_t1.5s,1.5,1.5,reported,z_over_Lc,0.35023041474654376,1,L_over_Lc,1.9480048367593712,1,2,0,3,0.02457757296466974,0.09794437726723096
9,9,1523,a,Dash-8,0.001,dash8_t1.5s,1.5,1.5,reported,z_over_Lc,0.36251920122887865,1,L_over_Lc,1.784764207980653,1,2,0,4,0.02457757296466974,0.09794437726723096
9,9,1523,a,Dash-8,0.001,dash8_t1.5s,1.5,1.5,reported,z_over_Lc,0.36251920122887865,1,L_over_Lc,1.9915356711003627,1,2,0,5,0.02457757296466974,0.09794437726723096
9,9,1523,a,Dash-8,0.001,dash8_t1.5s,1.5,1.5,reported,z_over_Lc,0.37480798771121354,1,L_over_Lc,1.8065296251511487,1,2,0,6,0.02457757296466974,0.09794437726723096
9,9,1523,a,Dash-8,0.001,dash8_t1.5s,1.5,1.5,reported,z_over_Lc,0.37480798771121354,1,L_over_Lc,2.045949214026602,1,2,0,7,0.02457757296466974,0.09794437726723096
9,9,1523,a,Dash-8,0.001,dash8_t1.5s,1.5,1.5,reported,z_over_Lc,0.3870967741935484,1,L_over_Lc,1.8065296251511487,1,2,0,8,0.02457757296466974,0.09794437726723096
9,9,1523,a,Dash-8,0.001,dash8_t1.5s,1.5,1.5,reported,z_over_Lc,0.3870967741935484,1,L_over_Lc,2.05683192261185,1,2,0,9,0.02457757296466974,0.09794437726723096
9,9,1523,a,Dash-8,0.001,dash8_t1.5s,1.5,1.5,reported,z_over_Lc,0.39938556067588327,1,L_over_Lc,1.8065296251511487,1,2,0,10,0.02457757296466974,0.09794437726723096
9,9,1523,a,Dash-8,0.001,dash8_t1.5s,1.5,1.5,reported,z_over_Lc,0.39938556067588327,1,L_over_Lc,2.0677146311970978,1,2,0,11,0.02457757296466974,0.09794437726723096
9,9,1523,a,Dash-8,0.001,dash8_t1.5s,1.5,1.5,reported,z_over_Lc,0.4116743471582181,1,L_over_Lc,1.8065296251511487,1,2,0,12,0.02457757296466974,0.09794437726723096
9,9,1523,a,Dash-8,0.001,dash8_t1.5s,1.5,1.5,reported,z_over_Lc,0.4116743471582181,1,L_over_Lc,2.089480048367594,1,2,0,13,0.02457757296466974,0.09794437726723096
9,9,1523,a,Dash-8,0.001,dash8_t1.5s,1.5,1.5,reported,z_over_Lc,0.423963133640553,1,L_over_Lc,1.7956469165659008,1,2,0,14,0.02457757296466974,0.09794437726723096
9,9,1523,a,Dash-8,0.001,dash8_t1.5s,1.5,1.5,reported,z_over_Lc,0.423963133640553,1,L_over_Lc,1.8609431680773882,1,2,0,15,0.02457757296466974,0.09794437726723096
9,9,1523,a,Dash-8,0.001,dash8_t1.5s,1.5,1.5,reported,z_over_Lc,0.423963133640553,1,L_over_Lc,2.035066505441354,1,2,1,16,0.02457757296466974,0.09794437726723096
9,9,1523,a,Dash-8,0.001,dash8_t1.5s,1.5,1.5,reported,z_over_Lc,0.423963133640553,1,L_over_Lc,2.100362756952842,1,2,1,17,0.02457757296466974,0.09794437726723096
9,9,1523,a,Dash-8,0.001,dash8_t1.5s,1.5,1.5,reported,z_over_Lc,0.4362519201228879,1,L_over_Lc,1.7956469165659008,1,2,0,18,0.02457757296466974,0.09794437726723096
9,9,1523,a,Dash-8,0.001,dash8_t1.5s,1.5,1.5,reported,z_over_Lc,0.4362519201228879,1,L_over_Lc,1.8500604594921404,1,2,0,19,0.02457757296466974,0.09794437726723096
9,9,1523,a,Dash-8,0.001,dash8_t1.5s,1.5,1.5,reported,z_over_Lc,0.4362519201228879,1,L_over_Lc,2.094921402660218,1,2,1,20,0.02457757296466974,0.09794437726723096
9,9,1523,a,Dash-8,0.001,dash8_t1.5s,1.5,1.5,reported,z_over_Lc,0.4485407066052227,1,L_over_Lc,1.8555018137847643,1,2,0,21,0.02457757296466974,0.09794437726723096
9,9,1523,a,Dash-8,0.001,dash8_t1.5s,1.5,1.5,reported,z_over_Lc,0.4485407066052227,1,L_over_Lc,2.1275695284159615,1,2,1,22,0.02457757296466974,0.09794437726723096
9,9,1523,a,Dash-8,0.001,dash8_t1.5s,1.5,1.5,reported,z_over_Lc,0.4608294930875576,1,L_over_Lc,2.165659008464329,1,2,0,23,0.02457757296466974,0.09794437726723096
9,9,1523,a,Dash-8,0.001,dash8_t1.5s,1.5,1.5,reported,z_over_Lc,0.4731182795698925,1,L_over_Lc,2.2200725513905684,1,2,0,24,0.02457757296466974,0.09794437726723096
9,9,1523,a,Dash-8,0.001,dash8_t1.5s,1.5,1.5,reported,z_over_Lc,0.4731182795698925,1,L_over_Lc,2.241837968561064,1,2,0,25,0.02457757296466974,0.09794437726723096
9,9,1523,a,Dash-8,0.001,dash8_t1.5s,1.5,1.5,reported,z_over_Lc,0.48540706605222733,1,L_over_Lc,2.2853688029020556,1,2,0,26,0.02457757296466974,0.09794437726723096
9,9,1523,a,Dash-8,0.001,dash8_t1.5s,1.5,1.5,reported,z_over_Lc,0.48540706605222733,1,L_over_Lc,2.339782345828295,1,2,0,27,0.02457757296466974,0.09794437726723096
9,9,1523,a,Dash-8,0.001,dash8_t1.5s,1.5,1.5,reported,z_over_Lc,0.4976958525345622,1,L_over_Lc,2.2853688029020556,1,2,0,28,0.02457757296466974,0.09794437726723096
9,9,1523,a,Dash-8,0.001,dash8_t1.5s,1.5,1.5,reported,z_over_Lc,0.4976958525345622,1,L_over_Lc,2.3615477629987907,1,2,0,29,0.02457757296466974,0.09794437726723096
9,9,1523,a,Dash-8,0.001,dash8_t1.5s,1.5,1.5,reported,z_over_Lc,0.5099846390168971,1,L_over_Lc,2.2744860943168077,1,2,0,30,0.02457757296466974,0.09794437726723096
9,9,1523,a,Dash-8,0.001,dash8_t1.5s,1.5,1.5,reported,z_over_Lc,0.5099846390168971,1,L_over_Lc,2.3941958887545343,1,2,0,31,0.02457757296466974,0.09794437726723096
9,9,1523,a,Dash-8,0.001,dash8_t1.5s,1.5,1.5,reported,z_over_Lc,0.522273425499232,1,L_over_Lc,2.2744860943168077,1,2,0,32,0.02457757296466974,0.09794437726723096
9,9,1523,a,Dash-8,0.001,dash8_t1.5s,1.5,1.5,reported,z_over_Lc,0.522273425499232,1,L_over_Lc,2.437726723095526,1,2,0,33,0.02457757296466974,0.09794437726723096
9,9,1523,a,Dash-8,0.001,dash8_t1.5s,1.5,1.5,reported,z_over_Lc,0.5345622119815668,1,L_over_Lc,2.2744860943168077,1,2,0,34,0.02457757296466974,0.09794437726723096
9,9,1523,a,Dash-8,0.001,dash8_t1.5s,1.5,1.5,reported,z_over_Lc,0.5345622119815668,1,L_over_Lc,2.448609431680774,1,2,0,35,0.02457757296466974,0.09794437726723096
9,9,1523,a,Dash-8,0.001,dash8_t1.5s,1.5,1.5,reported,z_over_Lc,0.5468509984639017,1,L_over_Lc,2.2744860943168077,1,2,0,36,0.02457757296466974,0.09794437726723096
9,9,1523,a,Dash-8,0.001,dash8_t1.5s,1.5,1.5,reported,z_over_Lc,0.5468509984639017,1,L_over_Lc,2.4921402660217655,1,2,0,37,0.02457757296466974,0.09794437726723096
9,9,1523,a,Dash-8,0.001,dash8_t1.5s,1.5,1.5,reported,z_over_Lc,0.5591397849462365,1,L_over_Lc,2.2744860943168077,1,2,0,38,0.02457757296466974,0.09794437726723096
9,9,1523,a,Dash-8,0.001,dash8_t1.5s,1.5,1.5,reported,z_over_Lc,0.5591397849462365,1,L_over_Lc,2.339782345828295,1,2,0,39,0.02457757296466974,0.09794437726723096
9,9,1523,a,Dash-8,0.001,dash8_t1.5s,1.5,1.5,reported,z_over_Lc,0.5591397849462365,1,L_over_Lc,2.541112454655381,1,2,1,40,0.02457757296466974,0.09794437726723096
9,9,1523,a,Dash-8,0.001,dash8_t1.5s,1.5,1.5,reported,z_over_Lc,0.5714285714285714,1,L_over_Lc,2.2962515114873034,1,2,0,41,0.02457757296466974,0.09794437726723096
9,9,1523,a,Dash-8,0.001,dash8_t1.5s,1.5,1.5,reported,z_over_Lc,0.5714285714285714,1,L_over_Lc,2.339782345828295,1,2,0,42,0.02457757296466974,0.09794437726723096
9,9,1523,a,Dash-8,0.001,dash8_t1.5s,1.5,1.5,reported,z_over_Lc,0.5714285714285714,1,L_over_Lc,2.5683192261185006,1,2,1,43,0.02457757296466974,0.09794437726723096
9,9,1523,a,Dash-8,0.001,dash8_t1.5s,1.5,1.5,reported,z_over_Lc,0.5837173579109063,1,L_over_Lc,2.3669891172914146,1,2,0,44,0.02457757296466974,0.09794437726723096
9,9,1523,a,Dash-8,0.001,dash8_t1.5s,1.5,1.5,reported,z_over_Lc,0.6697388632872504,1,L_over_Lc,2.5792019347037485,1,3,0,0,0.02457757296466974,0.0761789600967352
9,9,1523,a,Dash-8,0.001,dash8_t1.5s,1.5,1.5,reported,z_over_Lc,0.6820276497695853,1,L_over_Lc,2.600967351874244,1,3,0,1,0.02457757296466974,0.0761789600967352
9,9,1523,a,Dash-8,0.001,dash8_t1.5s,1.5,1.5,reported,z_over_Lc,0.6820276497695853,1,L_over_Lc,2.698911729141475,1,3,1,2,0.02457757296466974,0.0761789600967352
9,9,1523,a,Dash-8,0.001,dash8_t1.5s,1.5,1.5,reported,z_over_Lc,0.6943164362519201,1,L_over_Lc,2.611850060459492,1,3,0,3,0.02457757296466974,0.0761789600967352
9,9,1523,a,Dash-8,0.001,dash8_t1.5s,1.5,1.5,reported,z_over_Lc,0.6943164362519201,1,L_over_Lc,2.7206771463119708,1,3,0,4,0.02457757296466974,0.0761789600967352
9,9,1523,a,Dash-8,0.001,dash8_t1.5s,1.5,1.5,reported,z_over_Lc,0.706605222734255,1,L_over_Lc,2.611850060459492,1,3,0,5,0.02457757296466974,0.0761789600967352
9,9,1523,a,Dash-8,0.001,dash8_t1.5s,1.5,1.5,reported,z_over_Lc,0.706605222734255,1,L_over_Lc,2.742442563482467,1,3,0,6,0.02457757296466974,0.0761789600967352
9,9,1523,a,Dash-8,0.001,dash8_t1.5s,1.5,1.5,reported,z_over_Lc,0.7188940092165899,1,L_over_Lc,2.611850060459492,1,3,0,7,0.02457757296466974,0.0761789600967352
9,9,1523,a,Dash-8,0.001,dash8_t1.5s,1.5,1.5,reported,z_over_Lc,0.7188940092165899,1,L_over_Lc,2.753325272067715,1,3,0,8,0.02457757296466974,0.0761789600967352
9,9,1523,a,Dash-8,0.001,dash8_t1.5s,1.5,1.5,reported,z_over_Lc,0.7311827956989247,1,L_over_Lc,2.611850060459492,1,3,0,9,0.02457757296466974,0.0761789600967352
9,9,1523,a,Dash-8,0.001,dash8_t1.5s,1.5,1.5,reported,z_over_Lc,0.7311827956989247,1,L_over_Lc,2.7750906892382106,1,3,0,10,0.02457757296466974,0.0761789600967352
9,9,1523,a,Dash-8,0.001,dash8_t1.5s,1.5,1.5,reported,z_over_Lc,0.7434715821812596,1,L_over_Lc,2.62273276904474,1,3,0,11,0.02457757296466974,0.0761789600967352
9,9,1523,a,Dash-8,0.001,dash8_t1.5s,1.5,1.5,reported,z_over_Lc,0.7434715821812596,1,L_over_Lc,2.7859733978234584,1,3,0,12,0.02457757296466974,0.0761789600967352
9,9,1523,a,Dash-8,0.001,dash8_t1.5s,1.5,1.5,reported,z_over_Lc,0.7557603686635944,1,L_over_Lc,2.633615477629988,1,3,0,13,0.02457757296466974,0.0761789600967352
9,9,1523,a,Dash-8,0.001,dash8_t1.5s,1.5,1.5,reported,z_over_Lc,0.7557603686635944,1,L_over_Lc,2.7859733978234584,1,3,0,14,0.02457757296466974,0.0761789600967352
9,9,1523,a,Dash-8,0.001,dash8_t1.5s,1.5,1.5,reported,z_over_Lc,0.7680491551459293,1,L_over_Lc,2.6553808948004836,1,3,0,15,0.02457757296466974,0.0761789600967352
9,9,1523,a,Dash-8,0.001,dash8_t1.5s,1.5,1.5,reported,z_over_Lc,0.7680491551459293,1,L_over_Lc,2.7968561064087063,1,3,0,16,0.02457757296466974,0.0761789600967352
9,9,1523,a,Dash-8,0.001,dash8_t1.5s,1.5,1.5,reported,z_over_Lc,0.7803379416282642,1,L_over_Lc,2.709794437726723,1,3,0,17,0.02457757296466974,0.0761789600967352
9,9,1523,a,Dash-8,0.001,dash8_t1.5s,1.5,1.5,reported,z_over_Lc,0.7803379416282642,1,L_over_Lc,2.7968561064087063,1,3,0,18,0.02457757296466974,0.0761789600967352
9,9,1523,a,Dash-8,0.001,dash8_t1.5s,1.5,1.5,reported,z_over_Lc,0.7926267281105991,1,L_over_Lc,2.7805320435308345,1,3,0,19,0.02457757296466974,0.0761789600967352
9,9,1523,a,Dash-8,0.001,dash8_t1.5s,1.5,1.5,reported,z_over_Lc,0.804915514592934,1,L_over_Lc,2.8022974607013302,1,3,0,20,0.02457757296466974,0.0761789600967352
9,9,1523,a,Dash-8,0.001,dash8_t1.5s,1.5,1.5,reported,z_over_Lc,0.8172043010752689,1,L_over_Lc,2.8022974607013302,1,3,0,21,0.02457757296466974,0.0761789600967352
9,9,1523,a,Dash-8,0.001,dash8_t1.5s,1.5,1.5,reported,z_over_Lc,0.8294930875576036,1,L_over_Lc,2.8022974607013302,1,3,0,22,0.02457757296466974,0.0761789600967352
9,9,1523,a,Dash-8,0.001,dash8_t1.5s,1.5,1.5,reported,z_over_Lc,0.8417818740399385,1,L_over_Lc,2.8022974607013302,1,3,0,23,0.02457757296466974,0.0761789600967352
9,9,1523,a,Dash-8,0.001,dash8_t1.5s,1.5,1.5,reported,z_over_Lc,0.8540706605222734,1,L_over_Lc,2.8022974607013302,1,3,0,24,0.02457757296466974,0.0761789600967352
9,9,1523,a,Dash-8,0.001,dash8_t1.5s,1.5,1.5,reported,z_over_Lc,0.8663594470046083,1,L_over_Lc,2.8022974607013302,1,3,0,25,0.02457757296466974,0.0761789600967352
9,9,1523,a,Dash-8,0.001,dash8_t1.5s,1.5,1.5,reported,z_over_Lc,0.8786482334869432,1,L_over_Lc,2.5846432889963724,1,3,0,26,0.02457757296466974,0.0761789600967352
9,9,1523,a,Dash-8,0.001,dash8_t1.5s,1.5,1.5,reported,z_over_Lc,0.8786482334869432,1,L_over_Lc,2.6771463119709793,1,3,1,27,0.02457757296466974,0.0761789600967352
9,9,1523,a,Dash-8,0.001,dash8_t1.5s,1.5,1.5,reported,z_over_Lc,0.8786482334869432,1,L_over_Lc,2.8403869407496978,1,3,1,28,0.02457757296466974,0.0761789600967352
9,9,1523,a,Dash-8,0.001,dash8_t1.5s,1.5,1.5,reported,z_over_Lc,0.890937019969278,1,L_over_Lc,2.350665054413543,1,3,0,29,0.02457757296466974,0.0761789600967352
9,9,1523,a,Dash-8,0.001,dash8_t1.5s,1.5,1.5,reported,z_over_Lc,0.890937019969278,1,L_over_Lc,2.8403869407496978,1,3,0,30,0.02457757296466974,0.0761789600967352
9,9,1523,a,Dash-8,0.001,dash8_t1.5s,1.5,1.5,reported,z_over_Lc,0.9032258064516129,1,L_over_Lc,2.1330108827085854,1,3,0,31,0.02457757296466974,0.0761789600967352
9,9,1523,a,Dash-8,0.001,dash8_t1.5s,1.5,1.5,reported,z_over_Lc,0.9032258064516129,1,L_over_Lc,2.8403869407496978,1,3,0,32,0.02457757296466974,0.0761789600967352
9,9,1523,a,Dash-8,0.001,dash8_t1.5s,1.5,1.5,reported,z_over_Lc,0.9155145929339478,1,L_over_Lc,2.089480048367594,1,3,0,33,0.02457757296466974,0.0761789600967352
9,9,1523,a,Dash-8,0.001,dash8_t1.5s,1.5,1.5,reported,z_over_Lc,0.9155145929339478,1,L_over_Lc,2.8403869407496978,1,3,0,34,0.02457757296466974,0.0761789600967352
9,9,1523,a,Dash-8,0.001,dash8_t1.5s,1.5,1.5,reported,z_over_Lc,0.9278033794162827,1,L_over_Lc,2.089480048367594,1,3,0,35,0.02457757296466974,0.0761789600967352
9,9,1523,a,Dash-8,0.001,dash8_t1.5s,1.5,1.5,reported,z_over_Lc,0.9278033794162827,1,L_over_Lc,2.82950423216445,1,3,0,36,0.02457757296466974,0.0761789600967352
9,9,1523,a,Dash-8,0.001,dash8_t1.5s,1.5,1.5,reported,z_over_Lc,0.9400921658986175,1,L_over_Lc,2.089480048367594,1,3,0,37,0.02457757296466974,0.0761789600967352
9,9,1523,a,Dash-8,0.001,dash8_t1.5s,1.5,1.5,reported,z_over_Lc,0.9400921658986175,1,L_over_Lc,2.82950423216445,1,3,0,38,0.02457757296466974,0.0761789600967352
9,9,1523,a,Dash-8,0.001,dash8_t1.5s,1.5,1.5,reported,z_over_Lc,0.9523809523809523,1,L_over_Lc,2.089480048367594,1,3,0,39,0.02457757296466974,0.0761789600967352
9,9,1523,a,Dash-8,0.001,dash8_t1.5s,1.5,1.5,reported,z_over_Lc,0.9523809523809523,1,L_over_Lc,2.82950423216445,1,3,0,40,0.02457757296466974,0.0761789600967352
9,9,1523,a,Dash-8,0.001,dash8_t1.5s,1.5,1.5,reported,z_over_Lc,0.9646697388632872,1,L_over_Lc,2.089480048367594,1,3,0,41,0.02457757296466974,0.0761789600967352
9,9,1523,a,Dash-8,0.001,dash8_t1.5s,1.5,1.5,reported,z_over_Lc,0.9646697388632872,1,L_over_Lc,2.82950423216445,1,3,0,42,0.02457757296466974,0.0761789600967352
9,9,1523,a,Dash-8,0.001,dash8_t1.5s,1.5,1.5,reported,z_over_Lc,0.9769585253456221,1,L_over_Lc,2.089480048367594,1,3,0,43,0.02457757296466974,0.0761789600967352
9,9,1523,a,Dash-8,0.001,dash8_t1.5s,1.5,1.5,reported,z_over_Lc,0.9769585253456221,1,L_over_Lc,2.807738814993954,1,3,0,44,0.02457757296466974,0.0761789600967352
9,9,1523,a,Dash-8,0.001,dash8_t1.5s,1.5,1.5,reported,z_over_Lc,0.989247311827957,1,L_over_Lc,2.089480048367594,1,3,0,45,0.02457757296466974,0.0761789600967352
9,9,1523,a,Dash-8,0.001,dash8_t1.5s,1.5,1.5,reported,z_over_Lc,0.989247311827957,1,L_over_Lc,2.165659008464329,1,3,0,46,0.02457757296466974,0.0761789600967352
9,9,1523,a,Dash-8,0.001,dash8_t1.5s,1.5,1.5,reported,z_over_Lc,0.989247311827957,1,L_over_Lc,2.328899637243047,1,3,1,47,0.02457757296466974,0.0761789600967352
9,9,1523,a,Dash-8,0.001,dash8_t1.5s,1.5,1.5,reported,z_over_Lc,0.989247311827957,1,L_over_Lc,2.5683192261185006,1,3,1,48,0.02457757296466974,0.0761789600967352
9,9,1523,a,Dash-8,0.001,dash8_t1.5s,1.5,1.5,reported,z_over_Lc,1.001536098310292,1,L_over_Lc,2.1221281741233375,1,3,0,49,0.02457757296466974,0.0761789600967352
9,9,1523,a,Dash-8,0.001,dash8_t1.5s,1.5,1.5,reported,z_over_Lc,1.0138248847926268,1,L_over_Lc,2.1221281741233375,1,3,0,50,0.02457757296466974,0.0761789600967352
9,9,1523,a,Dash-8,0.001,dash8_t1.5s,1.5,1.5,reported,z_over_Lc,1.0138248847926268,1,L_over_Lc,2.350665054413543,1,3,1,51,0.02457757296466974,0.0761789600967352
9,9,1523,a,Dash-8,0.001,dash8_t1.5s,1.5,1.5,reported,z_over_Lc,1.0138248847926268,1,L_over_Lc,2.437726723095526,1,3,1,52,0.02457757296466974,0.0761789600967352
9,9,1523,a,Dash-8,0.001,dash8_t1.5s,1.5,1.5,reported,z_over_Lc,1.0138248847926268,1,L_over_Lc,2.5737605804111245,1,3,2,53,0.02457757296466974,0.0761789600967352
9,9,1523,a,Dash-8,0.001,dash8_t1.5s,1.5,1.5,reported,z_over_Lc,1.0261136712749617,1,L_over_Lc,2.1112454655380897,1,3,0,54,0.02457757296466974,0.0761789600967352
9,9,1523,a,Dash-8,0.001,dash8_t1.5s,1.5,1.5,reported,z_over_Lc,1.0261136712749617,1,L_over_Lc,3.0580411124546556,1,3,0,55,0.02457757296466974,0.0761789600967352
9,9,1523,a,Dash-8,0.001,dash8_t1.5s,1.5,1.5,reported,z_over_Lc,1.0384024577572966,1,L_over_Lc,2.1221281741233375,1,3,0,56,0.02457757296466974,0.0761789600967352
9,9,1523,a,Dash-8,0.001,dash8_t1.5s,1.5,1.5,reported,z_over_Lc,1.0384024577572966,1,L_over_Lc,3.776299879081016,1,3,0,57,0.02457757296466974,0.0761789600967352
9,9,1523,a,Dash-8,0.001,dash8_t1.5s,1.5,1.5,reported,z_over_Lc,1.0506912442396312,1,L_over_Lc,2.1438935912938333,1,3,0,58,0.02457757296466974,0.0761789600967352
9,9,1523,a,Dash-8,0.001,dash8_t1.5s,1.5,1.5,reported,z_over_Lc,1.0506912442396312,1,L_over_Lc,3.776299879081016,1,3,0,59,0.02457757296466974,0.0761789600967352
9,9,1523,a,Dash-8,0.001,dash8_t1.5s,1.5,1.5,reported,z_over_Lc,1.0629800307219661,1,L_over_Lc,2.165659008464329,1,3,0,60,0.02457757296466974,0.0761789600967352
9,9,1523,a,Dash-8,0.001,dash8_t1.5s,1.5,1.5,reported,z_over_Lc,1.0629800307219661,1,L_over_Lc,3.776299879081016,1,3,0,61,0.02457757296466974,0.0761789600967352
9,9,1523,a,Dash-8,0.001,dash8_t1.5s,1.5,1.5,reported,z_over_Lc,1.075268817204301,1,L_over_Lc,2.1874244256348248,1,3,0,62,0.02457757296466974,0.0761789600967352
9,9,1523,a,Dash-8,0.001,dash8_t1.5s,1.5,1.5,reported,z_over_Lc,1.075268817204301,1,L_over_Lc,3.776299879081016,1,3,0,63,0.02457757296466974,0.0761789600967352
9,9,1523,a,Dash-8,0.001,dash8_t1.5s,1.5,1.5,reported,z_over_Lc,1.087557603686636,1,L_over_Lc,2.1983071342200726,1,3,0,64,0.02457757296466974,0.0761789600967352
9,9,1523,a,Dash-8,0.001,dash8_t1.5s,1.5,1.5,reported,z_over_Lc,1.087557603686636,1,L_over_Lc,3.7871825876662637,1,3,0,65,0.02457757296466974,0.0761789600967352
9,9,1523,a,Dash-8,0.001,dash8_t1.5s,1.5,1.5,reported,z_over_Lc,1.0998463901689708,1,L_over_Lc,2.2200725513905684,1,3,0,66,0.02457757296466974,0.0761789600967352
9,9,1523,a,Dash-8,0.001,dash8_t1.5s,1.5,1.5,reported,z_over_Lc,1.0998463901689708,1,L_over_Lc,3.7980652962515116,1,3,0,67,0.02457757296466974,0.0761789600967352
9,9,1523,a,Dash-8,0.001,dash8_t1.5s,1.5,1.5,reported,z_over_Lc,1.1121351766513057,1,L_over_Lc,2.2255139056831923,1,3,0,68,0.02457757296466974,0.0761789600967352
9,9,1523,a,Dash-8,0.001,dash8_t1.5s,1.5,1.5,reported,z_over_Lc,1.1121351766513057,1,L_over_Lc,2.6662636033857314,1,3,1,69,0.02457757296466974,0.0761789600967352
9,9,1523,a,Dash-8,0.001,dash8_t1.5s,1.5,1.5,reported,z_over_Lc,1.1121351766513057,1,L_over_Lc,3.8198307134220073,1,3,1,70,0.02457757296466974,0.0761789600967352
9,9,1523,a,Dash-8,0.001,dash8_t1.5s,1.5,1.5,reported,z_over_Lc,1.1244239631336406,1,L_over_Lc,2.709794437726723,1,3,0,71,0.02457757296466974,0.0761789600967352
9,9,1523,a,Dash-8,0.001,dash8_t1.5s,1.5,1.5,reported,z_over_Lc,1.1244239631336406,1,L_over_Lc,3.830713422007255,1,3,0,72,0.02457757296466974,0.0761789600967352
9,9,1523,a,Dash-8,0.001,dash8_t1.5s,1.5,1.5,reported,z_over_Lc,1.1367127496159755,1,L_over_Lc,3.4498186215235793,1,3,0,73,0.02457757296466974,0.0761789600967352
9,9,1523,a,Dash-8,0.001,dash8_t1.5s,1.5,1.5,reported,z_over_Lc,1.1367127496159755,1,L_over_Lc,3.852478839177751,1,3,0,74,0.02457757296466974,0.0761789600967352
9,9,1523,a,Dash-8,0.001,dash8_t1.5s,1.5,1.5,reported,z_over_Lc,1.0506912442396312,1,L_over_Lc,3.993954050785973,1,4,0,0,0.02457757296466974,0.09794437726723096
9,9,1523,a,Dash-8,0.001,dash8_t1.5s,1.5,1.5,reported,z_over_Lc,1.0629800307219661,1,L_over_Lc,4.004836759371221,1,4,0,1,0.02457757296466974,0.09794437726723096
9,9,1523,a,Dash-8,0.001,dash8_t1.5s,1.5,1.5,reported,z_over_Lc,1.075268817204301,1,L_over_Lc,4.021160822249093,1,4,0,2,0.02457757296466974,0.09794437726723096
9,9,1523,a,Dash-8,0.001,dash8_t1.5s,1.5,1.5,reported,z_over_Lc,1.087557603686636,1,L_over_Lc,4.0483675937122126,1,4,0,3,0.02457757296466974,0.09794437726723096
9,9,1523,a,Dash-8,0.001,dash8_t1.5s,1.5,1.5,reported,z_over_Lc,1.0998463901689708,1,L_over_Lc,4.091898428053204,1,4,0,4,0.02457757296466974,0.09794437726723096
9,9,1523,a,Dash-8,0.001,dash8_t1.5s,1.5,1.5,reported,z_over_Lc,1.1121351766513057,1,L_over_Lc,4.119105199516324,1,4,0,5,0.02457757296466974,0.09794437726723096
9,9,1523,a,Dash-8,0.001,dash8_t1.5s,1.5,1.5,reported,z_over_Lc,1.1244239631336406,1,L_over_Lc,4.124546553808948,1,4,0,6,0.02457757296466974,0.09794437726723096
9,9,1523,a,Dash-8,0.001,dash8_t1.5s,1.5,1.5,reported,z_over_Lc,1.1244239631336406,1,L_over_Lc,4.276904474002419,1,4,0,7,0.02457757296466974,0.09794437726723096
9,9,1523,a,Dash-8,0.001,dash8_t1.5s,1.5,1.5,reported,z_over_Lc,1.1367127496159755,1,L_over_Lc,4.157194679564691,1,4,0,8,0.02457757296466974,0.09794437726723096
9,9,1523,a,Dash-8,0.001,dash8_t1.5s,1.5,1.5,reported,z_over_Lc,1.1367127496159755,1,L_over_Lc,4.440145102781137,1,4,0,9,0.02457757296466974,0.09794437726723096
9,9,1523,a,Dash-8,0.001,dash8_t1.5s,1.5,1.5,reported,z_over_Lc,1.1490015360983103,1,L_over_Lc,4.178960096735188,1,4,0,10,0.02457757296466974,0.09794437726723096
9,9,1523,a,Dash-8,0.001,dash8_t1.5s,1.5,1.5,reported,z_over_Lc,1.1490015360983103,1,L_over_Lc,4.559854897218863,1,4,0,11,0.02457757296466974,0.09794437726723096
9,9,1523,a,Dash-8,0.001,dash8_t1.5s,1.5,1.5,reported,z_over_Lc,1.1612903225806452,1,L_over_Lc,4.178960096735188,1,4,0,12,0.02457757296466974,0.09794437726723096
9,9,1523,a,Dash-8,0.001,dash8_t1.5s,1.5,1.5,reported,z_over_Lc,1.1612903225806452,1,L_over_Lc,4.592503022974607,1,4,0,13,0.02457757296466974,0.09794437726723096
9,9,1523,a,Dash-8,0.001,dash8_t1.5s,1.5,1.5,reported,z_over_Lc,1.1735791090629801,1,L_over_Lc,4.178960096735188,1,4,0,14,0.02457757296466974,0.09794437726723096
9,9,1523,a,Dash-8,0.001,dash8_t1.5s,1.5,1.5,reported,z_over_Lc,1.1735791090629801,1,L_over_Lc,4.668681983071342,1,4,0,15,0.02457757296466974,0.09794437726723096
9,9,1523,a,Dash-8,0.001,dash8_t1.5s,1.5,1.5,reported,z_over_Lc,1.1858678955453148,1,L_over_Lc,4.168077388149939,1,4,0,16,0.02457757296466974,0.09794437726723096
9,9,1523,a,Dash-8,0.001,dash8_t1.5s,1.5,1.5,reported,z_over_Lc,1.1858678955453148,1,L_over_Lc,4.701330108827086,1,4,0,17,0.02457757296466974,0.09794437726723096
9,9,1523,a,Dash-8,0.001,dash8_t1.5s,1.5,1.5,reported,z_over_Lc,1.1981566820276497,1,L_over_Lc,4.178960096735188,1,4,0,18,0.02457757296466974,0.09794437726723096
9,9,1523,a,Dash-8,0.001,dash8_t1.5s,1.5,1.5,reported,z_over_Lc,1.1981566820276497,1,L_over_Lc,4.7883917775090685,1,4,0,19,0.02457757296466974,0.09794437726723096
9,9,1523,a,Dash-8,0.001,dash8_t1.5s,1.5,1.5,reported,z_over_Lc,1.2104454685099846,1,L_over_Lc,4.233373639661427,1,4,0,20,0.02457757296466974,0.09794437726723096
9,9,1523,a,Dash-8,0.001,dash8_t1.5s,1.5,1.5,reported,z_over_Lc,1.2104454685099846,1,L_over_Lc,4.842805320435309,1,4,0,21,0.02457757296466974,0.09794437726723096
9,9,1523,a,Dash-8,0.001,dash8_t1.5s,1.5,1.5,reported,z_over_Lc,1.2227342549923195,1,L_over_Lc,4.287787182587667,1,4,0,22,0.02457757296466974,0.09794437726723096
9,9,1523,a,Dash-8,0.001,dash8_t1.5s,1.5,1.5,reported,z_over_Lc,1.2227342549923195,1,L_over_Lc,4.908101571946796,1,4,0,23,0.02457757296466974,0.09794437726723096
9,9,1523,a,Dash-8,0.001,dash8_t1.5s,1.5,1.5,reported,z_over_Lc,1.2350230414746544,1,L_over_Lc,4.451027811366385,1,4,0,24,0.02457757296466974,0.09794437726723096
9,9,1523,a,Dash-8,0.001,dash8_t1.5s,1.5,1.5,reported,z_over_Lc,1.2350230414746544,1,L_over_Lc,4.918984280532044,1,4,0,25,0.02457757296466974,0.09794437726723096
9,9,1523,a,Dash-8,0.001,dash8_t1.5s,1.5,1.5,reported,z_over_Lc,1.2473118279569892,1,L_over_Lc,4.581620314389359,1,4,0,26,0.02457757296466974,0.09794437726723096
9,9,1523,a,Dash-8,0.001,dash8_t1.5s,1.5,1.5,reported,z_over_Lc,1.2473118279569892,1,L_over_Lc,4.9516324062877874,1,4,0,27,0.02457757296466974,0.09794437726723096
9,9,1523,a,Dash-8,0.001,dash8_t1.5s,1.5,1.5,reported,z_over_Lc,1.2596006144393241,1,L_over_Lc,4.712212817412333,1,4,0,28,0.02457757296466974,0.09794437726723096
9,9,1523,a,Dash-8,0.001,dash8_t1.5s,1.5,1.5,reported,z_over_Lc,1.2596006144393241,1,L_over_Lc,4.962515114873035,1,4,0,29,0.02457757296466974,0.09794437726723096
9,9,1523,a,Dash-8,0.001,dash8_t1.5s,1.5,1.5,reported,z_over_Lc,1.271889400921659,1,L_over_Lc,4.733978234582829,1,4,0,30,0.02457757296466974,0.09794437726723096
9,9,1523,a,Dash-8,0.001,dash8_t1.5s,1.5,1.5,reported,z_over_Lc,1.271889400921659,1,L_over_Lc,4.973397823458283,1,4,0,31,0.02457757296466974,0.09794437726723096
9,9,1523,a,Dash-8,0.001,dash8_t1.5s,1.5,1.5,reported,z_over_Lc,1.284178187403994,1,L_over_Lc,4.799274486094316,1,4,0,32,0.02457757296466974,0.09794437726723096
9,9,1523,a,Dash-8,0.001,dash8_t1.5s,1.5,1.5,reported,z_over_Lc,1.284178187403994,1,L_over_Lc,4.984280532043531,1,4,0,33,0.02457757296466974,0.09794437726723096
9,9,1523,a,Dash-8,0.001,dash8_t1.5s,1.5,1.5,reported,z_over_Lc,1.2964669738863288,1,L_over_Lc,4.853688029020557,1,4,0,34,0.02457757296466974,0.09794437726723096
9,9,1523,a,Dash-8,0.001,dash8_t1.5s,1.5,1.5,reported,z_over_Lc,1.2964669738863288,1,L_over_Lc,4.984280532043531,1,4,0,35,0.02457757296466974,0.09794437726723096
9,9,1523,a,Dash-8,0.001,dash8_t1.5s,1.5,1.5,reported,z_over_Lc,1.3087557603686637,1,L_over_Lc,4.94074969770254,1,4,0,36,0.02457757296466974,0.09794437726723096
9,9,1523,a,Dash-8,0.001,dash8_t1.5s,1.5,1.5,reported,z_over_Lc,1.3087557603686637,1,L_over_Lc,4.995163240628779,1,4,0,37,0.02457757296466974,0.09794437726723096
9,9,1523,a,Dash-8,0.001,dash8_t1.5s,1.5,1.5,reported,z_over_Lc,1.3210445468509984,1,L_over_Lc,5.006045949214027,1,4,0,38,0.02457757296466974,0.09794437726723096
9,9,1523,a,Dash-8,0.001,dash8_t1.5s,1.5,1.5,reported,z_over_Lc,1.3210445468509984,1,L_over_Lc,5.0278113663845225,1,4,0,39,0.02457757296466974,0.09794437726723096
9,9,1523,a,Dash-8,0.001,dash8_t1.5s,1.5,1.5,reported,z_over_Lc,1.3333333333333333,1,L_over_Lc,5.049576783555018,1,4,0,40,0.02457757296466974,0.09794437726723096
9,9,1523,a,Dash-8,0.001,dash8_t1.5s,1.5,1.5,reported,z_over_Lc,1.3456221198156681,1,L_over_Lc,5.049576783555018,1,4,0,41,0.02457757296466974,0.09794437726723096
9,9,1523,a,Dash-8,0.001,dash8_t1.5s,1.5,1.5,reported,z_over_Lc,1.3456221198156681,1,L_over_Lc,5.071342200725514,1,4,0,42,0.02457757296466974,0.09794437726723096
9,9,1523,a,Dash-8,0.001,dash8_t1.5s,1.5,1.5,reported,z_over_Lc,1.357910906298003,1,L_over_Lc,5.071342200725514,1,4,0,43,0.02457757296466974,0.09794437726723096
9,9,1523,a,Dash-8,0.001,dash8_t1.5s,1.5,1.5,reported,z_over_Lc,1.357910906298003,1,L_over_Lc,5.103990326481258,1,4,0,44,0.02457757296466974,0.09794437726723096
9,9,1523,a,Dash-8,0.001,dash8_t1.5s,1.5,1.5,reported,z_over_Lc,1.370199692780338,1,L_over_Lc,5.071342200725514,1,4,0,45,0.02457757296466974,0.09794437726723096
9,9,1523,a,Dash-8,0.001,dash8_t1.5s,1.5,1.5,reported,z_over_Lc,1.370199692780338,1,L_over_Lc,5.103990326481258,1,4,0,46,0.02457757296466974,0.09794437726723096
9,9,1523,a,Dash-8,0.001,dash8_t1.5s,1.5,1.5,reported,z_over_Lc,1.3824884792626728,1,L_over_Lc,5.071342200725514,1,4,0,47,0.02457757296466974,0.09794437726723096
9,9,1523,a,Dash-8,0.001,dash8_t1.5s,1.5,1.5,reported,z_over_Lc,1.3824884792626728,1,L_over_Lc,5.103990326481258,1,4,0,48,0.02457757296466974,0.09794437726723096
9,9,1523,a,Dash-8,0.001,dash8_t1.5s,1.5,1.5,reported,z_over_Lc,1.3947772657450077,1,L_over_Lc,5.098548972188634,1,4,0,49,0.02457757296466974,0.09794437726723096
9,9,1523,a,Dash-8,0.001,dash8_t1.5s,1.5,1.5,reported,z_over_Lc,1.4070660522273426,1,L_over_Lc,5.1148730350665055,1,4,0,50,0.02457757296466974,0.09794437726723096
9,9,1523,a,Dash-8,0.001,dash8_t1.5s,1.5,1.5,reported,z_over_Lc,1.4193548387096775,1,L_over_Lc,5.136638452237001,1,4,0,51,0.02457757296466974,0.09794437726723096
9,9,1523,a,Dash-8,0.001,dash8_t1.5s,1.5,1.5,reported,z_over_Lc,1.4316436251920124,1,L_over_Lc,5.163845223700121,1,4,0,52,0.02457757296466974,0.09794437726723096
9,9,1523,a,Dash-8,0.001,dash8_t1.5s,1.5,1.5,reported,z_over_Lc,1.443932411674347,1,L_over_Lc,5.169286577992745,1,4,0,53,0.02457757296466974,0.09794437726723096
9,9,1523,a,Dash-8,0.001,dash8_t1.5s,1.5,1.5,reported,z_over_Lc,1.456221198156682,1,L_over_Lc,5.185610640870617,1,4,0,54,0.02457757296466974,0.09794437726723096
9,9,1523,a,Dash-8,0.001,dash8_t1.5s,1.5,1.5,reported,z_over_Lc,1.4685099846390168,1,L_over_Lc,5.185610640870617,1,4,0,55,0.02457757296466974,0.09794437726723096
9,9,1523,a,Dash-8,0.001,dash8_t1.5s,1.5,1.5,reported,z_over_Lc,1.4807987711213517,1,L_over_Lc,5.191051995163241,1,4,0,56,0.02457757296466974,0.09794437726723096
9,9,1523,a,Dash-8,0.001,dash8_t1.5s,1.5,1.5,reported,z_over_Lc,1.4930875576036866,1,L_over_Lc,5.1964933494558645,1,4,0,57,0.02457757296466974,0.09794437726723096
9,9,1523,a,Dash-8,0.001,dash8_t1.5s,1.5,1.5,reported,z_over_Lc,1.5053763440860215,1,L_over_Lc,5.201934703748488,1,4,0,58,0.02457757296466974,0.09794437726723096
9,9,1523,a,Dash-8,0.001,dash8_t1.5s,1.5,1.5,reported,z_over_Lc,1.5176651305683564,1,L_over_Lc,5.21825876662636,1,4,0,59,0.02457757296466974,0.09794437726723096
9,9,1523,a,Dash-8,0.001,dash8_t1.5s,1.5,1.5,reported,z_over_Lc,1.5299539170506913,1,L_over_Lc,5.229141475211608,1,4,0,60,0.02457757296466974,0.09794437726723096
9,9,1523,a,Dash-8,0.001,dash8_t1.5s,1.5,1.5,reported,z_over_Lc,1.5422427035330262,1,L_over_Lc,5.234582829504232,1,4,0,61,0.02457757296466974,0.09794437726723096
9,9,1523,a,Dash-8,0.001,dash8_t1.5s,1.5,1.5,reported,z_over_Lc,1.554531490015361,1,L_over_Lc,5.234582829504232,1,4,0,62,0.02457757296466974,0.09794437726723096
9,9,1523,a,Dash-8,0.001,dash8_t1.5s,1.5,1.5,reported,z_over_Lc,1.566820276497696,1,L_over_Lc,5.229141475211608,1,4,0,63,0.02457757296466974,0.09794437726723096
9,9,1523,a,Dash-8,0.001,dash8_t1.5s,1.5,1.5,reported,z_over_Lc,1.5791090629800306,1,L_over_Lc,5.229141475211608,1,4,0,64,0.02457757296466974,0.09794437726723096
9,9,1523,a,Dash-8,0.001,dash8_t1.5s,1.5,1.5,reported,z_over_Lc,1.5913978494623655,1,L_over_Lc,5.229141475211608,1,4,0,65,0.02457757296466974,0.09794437726723096
9,9,1523,a,Dash-8,0.001,dash8_t1.5s,1.5,1.5,reported,z_over_Lc,1.6036866359447004,1,L_over_Lc,5.234582829504232,1,4,0,66,0.02457757296466974,0.09794437726723096
9,9,1523,a,Dash-8,0.001,dash8_t1.5s,1.5,1.5,reported,z_over_Lc,1.6159754224270353,1,L_over_Lc,5.24546553808948,1,4,0,67,0.02457757296466974,0.09794437726723096
9,9,1523,a,Dash-8,0.001,dash8_t1.5s,1.5,1.5,reported,z_over_Lc,1.6282642089093702,1,L_over_Lc,5.250906892382104,1,4,0,68,0.02457757296466974,0.09794437726723096
9,9,1523,a,Dash-8,0.001,dash8_t1.5s,1.5,1.5,reported,z_over_Lc,1.640552995391705,1,L_over_Lc,5.256348246674728,1,4,0,69,0.02457757296466974,0.09794437726723096
9,9,1523,a,Dash-8,0.001,dash8_t1.5s,1.5,1.5,reported,z_over_Lc,1.65284178187404,1,L_over_Lc,5.267230955259976,1,4,0,70,0.02457757296466974,0.09794437726723096
9,9,1523,a,Dash-8,0.001,dash8_t1.5s,1.5,1.5,reported,z_over_Lc,1.6651305683563749,1,L_over_Lc,5.2781136638452235,1,4,0,71,0.02457757296466974,0.09794437726723096
9,9,1523,a,Dash-8,0.001,dash8_t1.5s,1.5,1.5,reported,z_over_Lc,1.6774193548387097,1,L_over_Lc,5.288996372430471,1,4,0,72,0.02457757296466974,0.09794437726723096
9,9,1523,a,Dash-8,0.001,dash8_t1.5s,1.5,1.5,reported,z_over_Lc,1.6897081413210446,1,L_over_Lc,5.294437726723095,1,4,0,73,0.02457757296466974,0.09794437726723096
9,9,1523,a,Dash-8,0.001,dash8_t1.5s,1.5,1.5,reported,z_over_Lc,1.7019969278033795,1,L_over_Lc,5.310761789600967,1,4,0,74,0.02457757296466974,0.09794437726723096
9,9,1523,a,Dash-8,0.001,dash8_t1.5s,1.5,1.5,reported,z_over_Lc,1.7142857142857142,1,L_over_Lc,5.321644498186215,1,4,0,75,0.02457757296466974,0.09794437726723096
9,9,1523,a,Dash-8,0.001,dash8_t1.5s,1.5,1.5,reported,z_over_Lc,1.726574500768049,1,L_over_Lc,5.332527206771463,1,4,0,76,0.02457757296466974,0.09794437726723096
9,9,1523,a,Dash-8,0.001,dash8_t1.5s,1.5,1.5,reported,z_over_Lc,1.738863287250384,1,L_over_Lc,5.348851269649335,1,4,0,77,0.02457757296466974,0.09794437726723096
9,9,1523,a,Dash-8,0.001,dash8_t1.5s,1.5,1.5,reported,z_over_Lc,1.7511520737327189,1,L_over_Lc,5.354292623941959,1,4,0,78,0.02457757296466974,0.09794437726723096
9,9,1523,a,Dash-8,0.001,dash8_t1.5s,1.5,1.5,reported,z_over_Lc,1.7634408602150538,1,L_over_Lc,5.354292623941959,1,4,0,79,0.02457757296466974,0.09794437726723096
9,9,1523,a,Dash-8,0.001,dash8_t1.5s,1.5,1.5,reported,z_over_Lc,1.7757296466973886,1,L_over_Lc,5.354292623941959,1,4,0,80,0.02457757296466974,0.09794437726723096
9,9,1523,a,Dash-8,0.001,dash8_t1.5s,1.5,1.5,reported,z_over_Lc,1.7880184331797235,1,L_over_Lc,5.343409915356711,1,4,0,81,0.02457757296466974,0.09794437726723096
9,9,1523,a,Dash-8,0.001,dash8_t1.5s,1.5,1.5,reported,z_over_Lc,1.8003072196620584,1,L_over_Lc,5.337968561064087,1,4,0,82,0.02457757296466974,0.09794437726723096
9,9,1523,a,Dash-8,0.001,dash8_t1.5s,1.5,1.5,reported,z_over_Lc,1.8125960061443933,1,L_over_Lc,5.337968561064087,1,4,0,83,0.02457757296466974,0.09794437726723096
9,9,1523,a,Dash-8,0.001,dash8_t1.5s,1.5,1.5,reported,z_over_Lc,1.8248847926267282,1,L_over_Lc,5.327085852478839,1,4,0,84,0.02457757296466974,0.09794437726723096
9,9,1523,a,Dash-8,0.001,dash8_t1.5s,1.5,1.5,reported,z_over_Lc,1.8371735791090629,1,L_over_Lc,5.321644498186215,1,4,0,85,0.02457757296466974,0.09794437726723096
9,9,1523,a,Dash-8,0.001,dash8_t1.5s,1.5,1.5,reported,z_over_Lc,1.8494623655913978,1,L_over_Lc,5.316203143893591,1,4,0,86,0.02457757296466974,0.09794437726723096
9,9,1523,a,Dash-8,0.001,dash8_t1.5s,1.5,1.5,reported,z_over_Lc,1.8617511520737327,1,L_over_Lc,5.310761789600967,1,4,0,87,0.02457757296466974,0.09794437726723096
9,9,1523,a,Dash-8,0.001,dash8_t1.5s,1.5,1.5,reported,z_over_Lc,1.8740399385560675,1,L_over_Lc,5.310761789600967,1,4,0,88,0.02457757296466974,0.09794437726723096
9,9,1523,a,Dash-8,0.001,dash8_t1.5s,1.5,1.5,reported,z_over_Lc,1.8863287250384024,1,L_over_Lc,5.316203143893591,1,4,0,89,0.02457757296466974,0.09794437726723096
9,9,1523,a,Dash-8,0.001,dash8_t1.5s,1.5,1.5,reported,z_over_Lc,1.8986175115207373,1,L_over_Lc,5.316203143893591,1,4,0,90,0.02457757296466974,0.09794437726723096
9,9,1523,a,Dash-8,0.001,dash8_t1.5s,1.5,1.5,reported,z_over_Lc,1.9109062980030722,1,L_over_Lc,5.327085852478839,1,4,0,91,0.02457757296466974,0.09794437726723096
9,9,1523,a,Dash-8,0.001,dash8_t1.5s,1.5,1.5,reported,z_over_Lc,1.923195084485407,1,L_over_Lc,5.327085852478839,1,4,0,92,0.02457757296466974,0.09794437726723096
9,9,1523,a,Dash-8,0.001,dash8_t1.5s,1.5,1.5,reported,z_over_Lc,1.935483870967742,1,L_over_Lc,5.332527206771463,1,4,0,93,0.02457757296466974,0.09794437726723096
9,9,1523,a,Dash-8,0.001,dash8_t1.5s,1.5,1.5,reported,z_over_Lc,1.9477726574500769,1,L_over_Lc,5.337968561064087,1,4,0,94,0.02457757296466974,0.09794437726723096
9,9,1523,a,Dash-8,0.001,dash8_t1.5s,1.5,1.5,reported,z_over_Lc,1.9723502304147464,1,L_over_Lc,5.223700120918984,1,5,0,0,0.02457757296466974,0.09794437726723096
9,9,1523,a,Dash-8,0.001,dash8_t1.5s,1.5,1.5,reported,z_over_Lc,1.9846390168970813,1,L_over_Lc,5.229141475211608,1,5,0,1,0.02457757296466974,0.09794437726723096
9,9,1523,a,Dash-8,0.001,dash8_t1.5s,1.5,1.5,reported,z_over_Lc,1.9969278033794162,1,L_over_Lc,5.229141475211608,1,5,0,2,0.02457757296466974,0.09794437726723096
9,9,1523,a,Dash-8,0.001,dash8_t1.5s,1.5,1.5,reported,z_over_Lc,2.0092165898617513,1,L_over_Lc,5.240024183796856,1,5,0,3,0.02457757296466974,0.09794437726723096
9,9,1523,a,Dash-8,0.001,dash8_t1.5s,1.5,1.5,reported,z_over_Lc,2.021505376344086,1,L_over_Lc,5.24546553808948,1,5,0,4,0.02457757296466974,0.09794437726723096
9,9,1523,a,Dash-8,0.001,dash8_t1.5s,1.5,1.5,reported,z_over_Lc,2.0337941628264207,1,L_over_Lc,5.250906892382104,1,5,0,5,0.02457757296466974,0.09794437726723096
9,9,1523,a,Dash-8,0.001,dash8_t1.5s,1.5,1.5,reported,z_over_Lc,2.046082949308756,1,L_over_Lc,5.261789600967352,1,5,0,6,0.02457757296466974,0.09794437726723096
9,9,1523,a,Dash-8,0.001,dash8_t1.5s,1.5,1.5,reported,z_over_Lc,2.0583717357910905,1,L_over_Lc,5.2726723095526,1,5,0,7,0.02457757296466974,0.09794437726723096
9,9,1523,a,Dash-8,0.001,dash8_t1.5s,1.5,1.5,reported,z_over_Lc,2.0706605222734256,1,L_over_Lc,5.2781136638452235,1,5,0,8,0.02457757296466974,0.09794437726723096
9,9,1523,a,Dash-8,0.001,dash8_t1.5s,1.5,1.5,reported,z_over_Lc,2.0829493087557602,1,L_over_Lc,5.2781136638452235,1,5,0,9,0.02457757296466974,0.09794437726723096
9,9,1523,a,Dash-8,0.001,dash8_t1.5s,1.5,1.5,reported,z_over_Lc,2.0952380952380953,1,L_over_Lc,5.288996372430471,1,5,0,10,0.02457757296466974,0.09794437726723096
9,9,1523,a,Dash-8,0.001,dash8_t1.5s,1.5,1.5,reported,z_over_Lc,2.10752688172043,1,L_over_Lc,5.294437726723095,1,5,0,11,0.02457757296466974,0.09794437726723096
9,9,1523,a,Dash-8,0.001,dash8_t1.5s,1.5,1.5,reported,z_over_Lc,2.119815668202765,1,L_over_Lc,5.305320435308343,1,5,0,12,0.02457757296466974,0.09794437726723096
9,9,1523,a,Dash-8,0.001,dash8_t1.5s,1.5,1.5,reported,z_over_Lc,2.1321044546851,1,L_over_Lc,5.310761789600967,1,5,0,13,0.02457757296466974,0.09794437726723096
9,9,1523,a,Dash-8,0.001,dash8_t1.5s,1.5,1.5,reported,z_over_Lc,2.144393241167435,1,L_over_Lc,5.305320435308343,1,5,0,14,0.02457757296466974,0.09794437726723096
9,9,1523,a,Dash-8,0.001,dash8_t1.5s,1.5,1.5,reported,z_over_Lc,2.1566820276497696,1,L_over_Lc,5.305320435308343,1,5,0,15,0.02457757296466974,0.09794437726723096
9,9,1523,a,Dash-8,0.001,dash8_t1.5s,1.5,1.5,reported,z_over_Lc,2.1689708141321042,1,L_over_Lc,5.299879081015719,1,5,0,16,0.02457757296466974,0.09794437726723096
9,9,1523,a,Dash-8,0.001,dash8_t1.5s,1.5,1.5,reported,z_over_Lc,2.1812596006144394,1,L_over_Lc,5.299879081015719,1,5,0,17,0.02457757296466974,0.09794437726723096
9,9,1523,a,Dash-8,0.001,dash8_t1.5s,1.5,1.5,reported,z_over_Lc,2.193548387096774,1,L_over_Lc,5.294437726723095,1,5,0,18,0.02457757296466974,0.09794437726723096
9,9,1523,a,Dash-8,0.001,dash8_t1.5s,1.5,1.5,reported,z_over_Lc,2.205837173579109,1,L_over_Lc,5.288996372430471,1,5,0,19,0.02457757296466974,0.09794437726723096
9,9,1523,a,Dash-8,0.001,dash8_t1.5s,1.5,1.5,reported,z_over_Lc,2.218125960061444,1,L_over_Lc,5.2835550181378474,1,5,0,20,0.02457757296466974,0.09794437726723096
9,9,1523,a,Dash-8,0.001,dash8_t1.5s,1.5,1.5,reported,z_over_Lc,2.230414746543779,1,L_over_Lc,5.2781136638452235,1,5,0,21,0.02457757296466974,0.09794437726723096
9,9,1523,a,Dash-8,0.001,dash8_t1.5s,1.5,1.5,reported,z_over_Lc,2.2427035330261136,1,L_over_Lc,5.2781136638452235,1,5,0,22,0.02457757296466974,0.09794437726723096
9,9,1523,a,Dash-8,0.001,dash8_t1.5s,1.5,1.5,reported,z_over_Lc,2.2549923195084487,1,L_over_Lc,5.2726723095526,1,5,0,23,0.02457757296466974,0.09794437726723096
9,9,1523,a,Dash-8,0.001,dash8_t1.5s,1.5,1.5,reported,z_over_Lc,2.2672811059907834,1,L_over_Lc,5.267230955259976,1,5,0,24,0.02457757296466974,0.09794437726723096
9,9,1523,a,Dash-8,0.001,dash8_t1.5s,1.5,1.5,reported,z_over_Lc,2.2795698924731185,1,L_over_Lc,5.267230955259976,1,5,0,25,0.02457757296466974,0.09794437726723096
9,9,1523,a,Dash-8,0.001,dash8_t1.5s,1.5,1.5,reported,z_over_Lc,2.291858678955453,1,L_over_Lc,5.2781136638452235,1,5,0,26,0.02457757296466974,0.09794437726723096
9,9,1523,a,Dash-8,0.001,dash8_t1.5s,1.5,1.5,reported,z_over_Lc,2.304147465437788,1,L_over_Lc,5.299879081015719,1,5,0,27,0.02457757296466974,0.09794437726723096
9,9,1523,a,Dash-8,0.001,dash8_t1.5s,1.5,1.5,reported,z_over_Lc,2.316436251920123,1,L_over_Lc,5.299879081015719,1,5,0,28,0.02457757296466974,0.09794437726723096
9,9,1523,a,Dash-8,0.001,dash8_t1.5s,1.5,1.5,reported,z_over_Lc,2.316436251920123,1,L_over_Lc,5.343409915356711,1,5,0,29,0.02457757296466974,0.09794437726723096
9,9,1523,a,Dash-8,0.001,dash8_t1.5s,1.5,1.5,reported,z_over_Lc,2.3287250384024576,1,L_over_Lc,5.299879081015719,1,5,0,30,0.02457757296466974,0.09794437726723096
9,9,1523,a,Dash-8,0.001,dash8_t1.5s,1.5,1.5,reported,z_over_Lc,2.3287250384024576,1,L_over_Lc,5.430471584038694,1,5,0,31,0.02457757296466974,0.09794437726723096
9,9,1523,a,Dash-8,0.001,dash8_t1.5s,1.5,1.5,reported,z_over_Lc,2.3410138248847927,1,L_over_Lc,5.310761789600967,1,5,0,32,0.02457757296466974,0.09794437726723096
9,9,1523,a,Dash-8,0.001,dash8_t1.5s,1.5,1.5,reported,z_over_Lc,2.3410138248847927,1,L_over_Lc,5.4413542926239415,1,5,0,33,0.02457757296466974,0.09794437726723096
9,9,1523,a,Dash-8,0.001,dash8_t1.5s,1.5,1.5,reported,z_over_Lc,2.3533026113671274,1,L_over_Lc,5.321644498186215,1,5,0,34,0.02457757296466974,0.09794437726723096
9,9,1523,a,Dash-8,0.001,dash8_t1.5s,1.5,1.5,reported,z_over_Lc,2.3533026113671274,1,L_over_Lc,5.463119709794437,1,5,0,35,0.02457757296466974,0.09794437726723096
9,9,1523,a,Dash-8,0.001,dash8_t1.5s,1.5,1.5,reported,z_over_Lc,2.3655913978494625,1,L_over_Lc,5.332527206771463,1,5,0,36,0.02457757296466974,0.09794437726723096
9,9,1523,a,Dash-8,0.001,dash8_t1.5s,1.5,1.5,reported,z_over_Lc,2.3655913978494625,1,L_over_Lc,5.484885126964934,1,5,0,37,0.02457757296466974,0.09794437726723096
9,9,1523,a,Dash-8,0.001,dash8_t1.5s,1.5,1.5,reported,z_over_Lc,2.377880184331797,1,L_over_Lc,5.354292623941959,1,5,0,38,0.02457757296466974,0.09794437726723096
9,9,1523,a,Dash-8,0.001,dash8_t1.5s,1.5,1.5,reported,z_over_Lc,2.377880184331797,1,L_over_Lc,5.495767835550182,1,5,0,39,0.02457757296466974,0.09794437726723096
9,9,1523,a,Dash-8,0.001,dash8_t1.5s,1.5,1.5,reported,z_over_Lc,2.3901689708141323,1,L_over_Lc,5.376058041112454,1,5,0,40,0.02457757296466974,0.09794437726723096
9,9,1523,a,Dash-8,0.001,dash8_t1.5s,1.5,1.5,reported,z_over_Lc,2.3901689708141323,1,L_over_Lc,5.495767835550182,1,5,0,41,0.02457757296466974,0.09794437726723096
9,9,1523,a,Dash-8,0.001,dash8_t1.5s,1.5,1.5,reported,z_over_Lc,2.402457757296467,1,L_over_Lc,5.39782345828295,1,5,0,42,0.02457757296466974,0.09794437726723096
9,9,1523,a,Dash-8,0.001,dash8_t1.5s,1.5,1.5,reported,z_over_Lc,2.402457757296467,1,L_over_Lc,5.495767835550182,1,5,0,43,0.02457757296466974,0.09794437726723096
9,9,1523,a,Dash-8,0.001,dash8_t1.5s,1.5,1.5,reported,z_over_Lc,2.414746543778802,1,L_over_Lc,5.452237001209189,1,5,0,44,0.02457757296466974,0.09794437726723096
9,9,1523,a,Dash-8,0.001,dash8_t1.5s,1.5,1.5,reported,z_over_Lc,2.414746543778802,1,L_over_Lc,5.50665054413543,1,5,0,45,0.02457757296466974,0.09794437726723096
9,9,1523,a,Dash-8,0.001,dash8_t1.5s,1.5,1.5,reported,z_over_Lc,2.4270353302611367,1,L_over_Lc,5.50665054413543,1,5,0,46,0.02457757296466974,0.09794437726723096
9,9,1523,a,Dash-8,0.001,dash8_t1.5s,1.5,1.5,reported,z_over_Lc,2.4393241167434714,1,L_over_Lc,5.544740024183797,1,5,0,47,0.02457757296466974,0.09794437726723096
9,9,1523,a,Dash-8,0.001,dash8_t1.5s,1.5,1.5,reported,z_over_Lc,2.4516129032258065,1,L_over_Lc,5.555622732769045,1,5,0,48,0.02457757296466974,0.09794437726723096
9,9,1523,a,Dash-8,0.001,dash8_t1.5s,1.5,1.5,reported,z_over_Lc,2.463901689708141,1,L_over_Lc,5.571946795646917,1,5,0,49,0.02457757296466974,0.09794437726723096
9,9,1523,a,Dash-8,0.001,dash8_t1.5s,1.5,1.5,reported,z_over_Lc,2.4761904761904763,1,L_over_Lc,5.582829504232165,1,5,0,50,0.02457757296466974,0.09794437726723096
9,9,1523,a,Dash-8,0.001,dash8_t1.5s,1.5,1.5,reported,z_over_Lc,2.488479262672811,1,L_over_Lc,5.593712212817413,1,5,0,51,0.02457757296466974,0.09794437726723096
9,9,1523,a,Dash-8,0.001,dash8_t1.5s,1.5,1.5,reported,z_over_Lc,2.500768049155146,1,L_over_Lc,5.5991535671100365,1,5,0,52,0.02457757296466974,0.09794437726723096
9,9,1523,a,Dash-8,0.001,dash8_t1.5s,1.5,1.5,reported,z_over_Lc,2.5130568356374807,1,L_over_Lc,5.6045949214026605,1,5,0,53,0.02457757296466974,0.09794437726723096
9,9,1523,a,Dash-8,0.001,dash8_t1.5s,1.5,1.5,reported,z_over_Lc,2.525345622119816,1,L_over_Lc,5.615477629987908,1,5,0,54,0.02457757296466974,0.09794437726723096
9,9,1523,a,Dash-8,0.001,dash8_t1.5s,1.5,1.5,reported,z_over_Lc,2.5376344086021505,1,L_over_Lc,5.620918984280532,1,5,0,55,0.02457757296466974,0.09794437726723096
9,9,1523,a,Dash-8,0.001,dash8_t1.5s,1.5,1.5,reported,z_over_Lc,2.5499231950844856,1,L_over_Lc,5.63180169286578,1,5,0,56,0.02457757296466974,0.09794437726723096
9,9,1523,a,Dash-8,0.001,dash8_t1.5s,1.5,1.5,reported,z_over_Lc,2.5622119815668203,1,L_over_Lc,5.642684401451028,1,5,0,57,0.02457757296466974,0.09794437726723096
9,9,1523,a,Dash-8,0.001,dash8_t1.5s,1.5,1.5,reported,z_over_Lc,2.574500768049155,1,L_over_Lc,5.648125755743652,1,5,0,58,0.02457757296466974,0.09794437726723096
9,9,1523,a,Dash-8,0.001,dash8_t1.5s,1.5,1.5,reported,z_over_Lc,2.58678955453149,1,L_over_Lc,5.653567110036276,1,5,0,59,0.02457757296466974,0.09794437726723096
9,9,1523,a,Dash-8,0.001,dash8_t1.5s,1.5,1.5,reported,z_over_Lc,2.5990783410138247,1,L_over_Lc,5.6590084643289,1,5,0,60,0.02457757296466974,0.09794437726723096
9,9,1523,a,Dash-8,0.001,dash8_t1.5s,1.5,1.5,reported,z_over_Lc,2.61136712749616,1,L_over_Lc,5.664449818621524,1,5,0,61,0.02457757296466974,0.09794437726723096
9,9,1523,a,Dash-8,0.001,dash8_t1.5s,1.5,1.5,reported,z_over_Lc,2.6236559139784945,1,L_over_Lc,5.664449818621524,1,5,0,62,0.02457757296466974,0.09794437726723096
9,9,1523,a,Dash-8,0.001,dash8_t1.5s,1.5,1.5,reported,z_over_Lc,2.6359447004608296,1,L_over_Lc,5.669891172914148,1,5,0,63,0.02457757296466974,0.09794437726723096
9,9,1523,a,Dash-8,0.001,dash8_t1.5s,1.5,1.5,reported,z_over_Lc,2.6482334869431643,1,L_over_Lc,5.675332527206772,1,5,0,64,0.02457757296466974,0.09794437726723096
9,9,1523,a,Dash-8,0.001,dash8_t1.5s,1.5,1.5,reported,z_over_Lc,2.6605222734254994,1,L_over_Lc,5.691656590084643,1,5,0,65,0.02457757296466974,0.09794437726723096
9,9,1523,a,Dash-8,0.001,dash8_t1.5s,1.5,1.5,reported,z_over_Lc,2.672811059907834,1,L_over_Lc,5.697097944377267,1,5,0,66,0.02457757296466974,0.09794437726723096
9,9,1523,a,Dash-8,0.001,dash8_t1.5s,1.5,1.5,reported,z_over_Lc,2.685099846390169,1,L_over_Lc,5.697097944377267,1,5,0,67,0.02457757296466974,0.09794437726723096
9,9,1523,a,Dash-8,0.001,dash8_t1.5s,1.5,1.5,reported,z_over_Lc,2.697388632872504,1,L_over_Lc,5.702539298669891,1,5,0,68,0.02457757296466974,0.09794437726723096
9,9,1523,a,Dash-8,0.001,dash8_t1.5s,1.5,1.5,reported,z_over_Lc,2.7096774193548385,1,L_over_Lc,5.713422007255139,1,5,0,69,0.02457757296466974,0.09794437726723096
9,9,1523,a,Dash-8,0.001,dash8_t1.5s,1.5,1.5,reported,z_over_Lc,2.7219662058371736,1,L_over_Lc,5.724304715840387,1,5,0,70,0.02457757296466974,0.09794437726723096
9,9,1523,a,Dash-8,0.001,dash8_t1.5s,1.5,1.5,reported,z_over_Lc,2.7342549923195083,1,L_over_Lc,5.729746070133011,1,5,0,71,0.02457757296466974,0.09794437726723096
9,9,1523,a,Dash-8,0.001,dash8_t1.5s,1.5,1.5,reported,z_over_Lc,2.7465437788018434,1,L_over_Lc,5.740628778718259,1,5,0,72,0.02457757296466974,0.09794437726723096
9,9,1523,a,Dash-8,0.001,dash8_t1.5s,1.5,1.5,reported,z_over_Lc,2.758832565284178,1,L_over_Lc,5.740628778718259,1,5,0,73,0.02457757296466974,0.09794437726723096
9,9,1523,a,Dash-8,0.001,dash8_t1.5s,1.5,1.5,reported,z_over_Lc,2.771121351766513,1,L_over_Lc,5.746070133010883,1,5,0,74,0.02457757296466974,0.09794437726723096
9,9,1523,a,Dash-8,0.001,dash8_t1.5s,1.5,1.5,reported,z_over_Lc,2.783410138248848,1,L_over_Lc,5.756952841596131,1,5,0,75,0.02457757296466974,0.09794437726723096
9,9,1523,a,Dash-8,0.001,dash8_t1.5s,1.5,1.5,reported,z_over_Lc,2.795698924731183,1,L_over_Lc,5.7678355501813785,1,5,0,76,0.02457757296466974,0.09794437726723096
9,9,1523,a,Dash-8,0.001,dash8_t1.5s,1.5,1.5,reported,z_over_Lc,2.8079877112135176,1,L_over_Lc,5.78415961305925,1,5,0,77,0.02457757296466974,0.09794437726723096
9,9,1523,a,Dash-8,0.001,dash8_t1.5s,1.5,1.5,reported,z_over_Lc,2.8202764976958523,1,L_over_Lc,5.778718258766626,1,5,0,78,0.02457757296466974,0.09794437726723096
9,9,1523,a,Dash-8,0.001,dash8_t1.5s,1.5,1.5,reported,z_over_Lc,2.8325652841781874,1,L_over_Lc,5.778718258766626,1,5,0,79,0.02457757296466974,0.09794437726723096
9,9,1523,a,Dash-8,0.001,dash8_t1.5s,1.5,1.5,reported,z_over_Lc,2.844854070660522,1,L_over_Lc,5.78415961305925,1,5,0,80,0.02457757296466974,0.09794437726723096
9,9,1523,a,Dash-8,0.001,dash8_t1.5s,1.5,1.5,reported,z_over_Lc,2.857142857142857,1,L_over_Lc,5.795042321644498,1,5,0,81,0.02457757296466974,0.09794437726723096
9,9,1523,a,Dash-8,0.001,dash8_t1.5s,1.5,1.5,reported,z_over_Lc,2.869431643625192,1,L_over_Lc,5.805925030229746,1,5,0,82,0.02457757296466974,0.09794437726723096
9,9,1523,a,Dash-8,0.001,dash8_t1.5s,1.5,1.5,reported,z_over_Lc,2.881720430107527,1,L_over_Lc,5.816807738814994,1,5,0,83,0.02457757296466974,0.09794437726723096
9,9,1523,a,Dash-8,0.001,dash8_t1.5s,1.5,1.5,reported,z_over_Lc,2.8940092165898617,1,L_over_Lc,5.822249093107618,1,5,0,84,0.02457757296466974,0.09794437726723096
9,9,1523,a,Dash-8,0.001,dash8_t1.5s,1.5,1.5,reported,z_over_Lc,2.8940092165898617,1,L_over_Lc,5.865779927448609,1,5,0,85,0.02457757296466974,0.09794437726723096
9,9,1523,a,Dash-8,0.001,dash8_t1.5s,1.5,1.5,reported,z_over_Lc,2.9062980030721968,1,L_over_Lc,5.833131801692866,1,5,0,86,0.02457757296466974,0.09794437726723096
9,9,1523,a,Dash-8,0.001,dash8_t1.5s,1.5,1.5,reported,z_over_Lc,2.9062980030721968,1,L_over_Lc,5.887545344619105,1,5,0,87,0.02457757296466974,0.09794437726723096
9,9,1523,a,Dash-8,0.001,dash8_t1.5s,1.5,1.5,reported,z_over_Lc,2.9185867895545314,1,L_over_Lc,5.844014510278114,1,5,0,88,0.02457757296466974,0.09794437726723096
9,9,1523,a,Dash-8,0.001,dash8_t1.5s,1.5,1.5,reported,z_over_Lc,2.9185867895545314,1,L_over_Lc,5.909310761789601,1,5,0,89,0.02457757296466974,0.09794437726723096
9,9,1523,a,Dash-8,0.001,dash8_t1.5s,1.5,1.5,reported,z_over_Lc,2.9308755760368665,1,L_over_Lc,5.844014510278114,1,5,0,90,0.02457757296466974,0.09794437726723096
9,9,1523,a,Dash-8,0.001,dash8_t1.5s,1.5,1.5,reported,z_over_Lc,2.9308755760368665,1,L_over_Lc,5.9310761789600965,1,5,0,91,0.02457757296466974,0.09794437726723096
9,9,1523,a,Dash-8,0.001,dash8_t1.5s,1.5,1.5,reported,z_over_Lc,2.943164362519201,1,L_over_Lc,5.865779927448609,1,5,0,92,0.02457757296466974,0.09794437726723096
9,9,1523,a,Dash-8,0.001,dash8_t1.5s,1.5,1.5,reported,z_over_Lc,2.943164362519201,1,L_over_Lc,5.941958887545344,1,5,0,93,0.02457757296466974,0.09794437726723096
9,9,1523,a,Dash-8,0.001,dash8_t1.5s,1.5,1.5,reported,z_over_Lc,2.955453149001536,1,L_over_Lc,5.876662636033857,1,5,0,94,0.02457757296466974,0.09794437726723096
9,9,1523,a,Dash-8,0.001,dash8_t1.5s,1.5,1.5,reported,z_over_Lc,2.955453149001536,1,L_over_Lc,5.952841596130592,1,5,0,95,0.02457757296466974,0.09794437726723096
9,9,1523,a,Dash-8,0.001,dash8_t1.5s,1.5,1.5,reported,z_over_Lc,2.967741935483871,1,L_over_Lc,5.898428053204353,1,5,0,96,0.02457757296466974,0.09794437726723096
9,9,1523,a,Dash-8,0.001,dash8_t1.5s,1.5,1.5,reported,z_over_Lc,2.967741935483871,1,L_over_Lc,5.96372430471584,1,5,0,97,0.02457757296466974,0.09794437726723096
9,9,1523,a,Dash-8,0.001,dash8_t1.5s,1.5,1.5,reported,z_over_Lc,2.9800307219662057,1,L_over_Lc,5.941958887545344,1,5,0,98,0.02457757296466974,0.09794437726723096
9,9,1523,a,Dash-8,0.001,dash8_t1.5s,1.5,1.5,reported,z_over_Lc,2.9800307219662057,1,L_over_Lc,6.050785973397823,1,5,0,99,0.02457757296466974,0.09794437726723096
9,9,1523,a,Dash-8,0.001,dash8_t1.5s,1.5,1.5,reported,z_over_Lc,2.9923195084485408,1,L_over_Lc,5.985489721886336,1,5,0,100,0.02457757296466974,0.09794437726723096
9,9,1523,a,Dash-8,0.001,dash8_t1.5s,1.5,1.5,reported,z_over_Lc,2.9923195084485408,1,L_over_Lc,6.083434099153567,1,5,0,101,0.02457757296466974,0.09794437726723096
9,9,1523,a,Dash-8,0.001,dash8_t1.5s,1.5,1.5,reported,z_over_Lc,3.0046082949308754,1,L_over_Lc,6.007255139056832,1,5,0,102,0.02457757296466974,0.09794437726723096
9,9,1523,a,Dash-8,0.001,dash8_t1.5s,1.5,1.5,reported,z_over_Lc,3.0046082949308754,1,L_over_Lc,6.116082224909311,1,5,0,103,0.02457757296466974,0.09794437726723096
9,9,1523,a,Dash-8,0.001,dash8_t1.5s,1.5,1.5,reported,z_over_Lc,3.0168970814132106,1,L_over_Lc,6.029020556227327,1,5,0,104,0.02457757296466974,0.09794437726723096
9,9,1523,a,Dash-8,0.001,dash8_t1.5s,1.5,1.5,reported,z_over_Lc,3.0168970814132106,1,L_over_Lc,6.126964933494559,1,5,0,105,0.02457757296466974,0.09794437726723096
9,9,1523,a,Dash-8,0.001,dash8_t1.5s,1.5,1.5,reported,z_over_Lc,3.0291858678955452,1,L_over_Lc,6.029020556227327,1,5,0,106,0.02457757296466974,0.09794437726723096
9,9,1523,a,Dash-8,0.001,dash8_t1.5s,1.5,1.5,reported,z_over_Lc,3.0291858678955452,1,L_over_Lc,6.148730350665055,1,5,0,107,0.02457757296466974,0.09794437726723096
9,9,1523,a,Dash-8,0.001,dash8_t1.5s,1.5,1.5,reported,z_over_Lc,3.0414746543778803,1,L_over_Lc,6.039903264812575,1,5,0,108,0.02457757296466974,0.09794437726723096
9,9,1523,a,Dash-8,0.001,dash8_t1.5s,1.5,1.5,reported,z_over_Lc,3.0414746543778803,1,L_over_Lc,6.181378476420798,1,5,0,109,0.02457757296466974,0.09794437726723096
9,9,1523,a,Dash-8,0.001,dash8_t1.5s,1.5,1.5,reported,z_over_Lc,3.053763440860215,1,L_over_Lc,6.050785973397823,1,5,0,110,0.02457757296466974,0.09794437726723096
9,9,1523,a,Dash-8,0.001,dash8_t1.5s,1.5,1.5,reported,z_over_Lc,3.053763440860215,1,L_over_Lc,6.246674727932286,1,5,0,111,0.02457757296466974,0.09794437726723096
9,9,1523,a,Dash-8,0.001,dash8_t1.5s,1.5,1.5,reported,z_over_Lc,3.06605222734255,1,L_over_Lc,6.072551390568319,1,5,0,112,0.02457757296466974,0.09794437726723096
9,9,1523,a,Dash-8,0.001,dash8_t1.5s,1.5,1.5,reported,z_over_Lc,3.06605222734255,1,L_over_Lc,6.268440145102781,1,5,0,113,0.02457757296466974,0.09794437726723096
9,9,1523,a,Dash-8,0.001,dash8_t1.5s,1.5,1.5,reported,z_over_Lc,3.078341013824885,1,L_over_Lc,6.105199516324062,1,5,0,114,0.02457757296466974,0.09794437726723096
9,9,1523,a,Dash-8,0.001,dash8_t1.5s,1.5,1.5,reported,z_over_Lc,3.078341013824885,1,L_over_Lc,6.290205562273277,1,5,0,115,0.02457757296466974,0.09794437726723096
9,9,1523,a,Dash-8,0.001,dash8_t1.5s,1.5,1.5,reported,z_over_Lc,3.0906298003072195,1,L_over_Lc,6.192261185006046,1,5,0,116,0.02457757296466974,0.09794437726723096
9,9,1523,a,Dash-8,0.001,dash8_t1.5s,1.5,1.5,reported,z_over_Lc,3.0906298003072195,1,L_over_Lc,6.311970979443773,1,5,0,117,0.02457757296466974,0.09794437726723096
9,9,1523,a,Dash-8,0.001,dash8_t1.5s,1.5,1.5,reported,z_over_Lc,3.1029185867895546,1,L_over_Lc,6.22490931076179,1,5,0,118,0.02457757296466974,0.09794437726723096
9,9,1523,a,Dash-8,0.001,dash8_t1.5s,1.5,1.5,reported,z_over_Lc,3.1029185867895546,1,L_over_Lc,6.322853688029021,1,5,0,119,0.02457757296466974,0.09794437726723096
9,9,1523,a,Dash-8,0.001,dash8_t1.5s,1.5,1.5,reported,z_over_Lc,3.1152073732718892,1,L_over_Lc,6.235792019347038,1,5,0,120,0.02457757296466974,0.09794437726723096
9,9,1523,a,Dash-8,0.001,dash8_t1.5s,1.5,1.5,reported,z_over_Lc,3.1152073732718892,1,L_over_Lc,6.333736396614269,1,5,0,121,0.02457757296466974,0.09794437726723096
9,9,1523,a,Dash-8,0.001,dash8_t1.5s,1.5,1.5,reported,z_over_Lc,3.1274961597542243,1,L_over_Lc,6.2575574365175335,1,5,0,122,0.02457757296466974,0.09794437726723096
9,9,1523,a,Dash-8,0.001,dash8_t1.5s,1.5,1.5,reported,z_over_Lc,3.1274961597542243,1,L_over_Lc,6.344619105199516,1,5,0,123,0.02457757296466974,0.09794437726723096
9,9,1523,a,Dash-8,0.001,dash8_t1.5s,1.5,1.5,reported,z_over_Lc,3.139784946236559,1,L_over_Lc,6.279322853688029,1,5,0,124,0.02457757296466974,0.09794437726723096
9,9,1523,a,Dash-8,0.001,dash8_t1.5s,1.5,1.5,reported,z_over_Lc,3.139784946236559,1,L_over_Lc,6.366384522370012,1,5,0,125,0.02457757296466974,0.09794437726723096
9,9,1523,a,Dash-8,0.001,dash8_t1.5s,1.5,1.5,reported,z_over_Lc,3.152073732718894,1,L_over_Lc,6.333736396614269,1,5,0,126,0.02457757296466974,0.09794437726723096
9,9,1523,a,Dash-8,0.001,dash8_t1.5s,1.5,1.5,reported,z_over_Lc,3.152073732718894,1,L_over_Lc,6.37726723095526,1,5,0,127,0.02457757296466974,0.09794437726723096
9,9,1523,a,Dash-8,0.001,dash8_t1.5s,1.5,1.5,reported,z_over_Lc,3.164362519201229,1,L_over_Lc,6.388149939540508,1,5,0,128,0.02457757296466974,0.09794437726723096
9,9,1523,a,Dash-8,0.001,dash8_t1.5s,1.5,1.5,reported,z_over_Lc,3.164362519201229,1,L_over_Lc,6.409915356711004,1,5,0,129,0.02457757296466974,0.09794437726723096
9,9,1523,a,Dash-8,0.001,dash8_t1.5s,1.5,1.5,reported,z_over_Lc,3.176651305683564,1,L_over_Lc,6.399032648125756,1,5,0,130,0.02457757296466974,0.09794437726723096
9,9,1523,a,Dash-8,0.001,dash8_t1.5s,1.5,1.5,reported,z_over_Lc,3.176651305683564,1,L_over_Lc,6.4207980652962515,1,5,0,131,0.02457757296466974,0.09794437726723096
9,9,1523,a,Dash-8,0.001,dash8_t1.5s,1.5,1.5,reported,z_over_Lc,3.1889400921658986,1,L_over_Lc,6.4262394195888755,1,5,0,132,0.02457757296466974,0.09794437726723096
9,9,1523,a,Dash-8,0.001,dash8_t1.5s,1.5,1.5,reported,z_over_Lc,3.2012288786482337,1,L_over_Lc,6.431680773881499,1,5,0,133,0.02457757296466974,0.09794437726723096
9,9,1523,a,Dash-8,0.001,dash8_t1.5s,1.5,1.5,reported,z_over_Lc,3.2135176651305684,1,L_over_Lc,6.442563482466747,1,5,0,134,0.02457757296466974,0.09794437726723096
9,9,1523,a,Dash-8,0.001,dash8_t1.5s,1.5,1.5,reported,z_over_Lc,3.225806451612903,1,L_over_Lc,6.448004836759371,1,5,0,135,0.02457757296466974,0.09794437726723096
9,9,1523,a,Dash-8,0.001,dash8_t1.5s,1.5,1.5,reported,z_over_Lc,3.238095238095238,1,L_over_Lc,6.453446191051995,1,5,0,136,0.02457757296466974,0.09794437726723096
9,9,1523,a,Dash-8,0.001,dash8_t1.5s,1.5,1.5,reported,z_over_Lc,3.250384024577573,1,L_over_Lc,6.464328899637243,1,5,0,137,0.02457757296466974,0.09794437726723096
9,9,1523,a,Dash-8,0.001,dash8_t1.5s,1.5,1.5,reported,z_over_Lc,3.262672811059908,1,L_over_Lc,6.469770253929867,1,5,0,138,0.02457757296466974,0.09794437726723096
9,9,1523,a,Dash-8,0.001,dash8_t1.5s,1.5,1.5,reported,z_over_Lc,3.2749615975422426,1,L_over_Lc,6.475211608222491,1,5,0,139,0.02457757296466974,0.09794437726723096
9,9,1523,a,Dash-8,0.001,dash8_t1.5s,1.5,1.5,reported,z_over_Lc,3.2872503840245777,1,L_over_Lc,6.475211608222491,1,5,0,140,0.02457757296466974,0.09794437726723096
9,9,1523,a,Dash-8,0.001,dash8_t1.5s,1.5,1.5,reported,z_over_Lc,3.2995391705069124,1,L_over_Lc,6.475211608222491,1,5,0,141,0.02457757296466974,0.09794437726723096
9,9,1523,a,Dash-8,0.001,dash8_t1.5s,1.5,1.5,reported,z_over_Lc,3.3118279569892475,1,L_over_Lc,6.475211608222491,1,5,0,142,0.02457757296466974,0.09794437726723096
9,9,1523,a,Dash-8,0.001,dash8_t1.5s,1.5,1.5,reported,z_over_Lc,3.324116743471582,1,L_over_Lc,6.475211608222491,1,5,0,143,0.02457757296466974,0.09794437726723096
9,9,1523,a,Dash-8,0.001,dash8_t1.5s,1.5,1.5,reported,z_over_Lc,3.3364055299539173,1,L_over_Lc,6.475211608222491,1,5,0,144,0.02457757296466974,0.09794437726723096
9,9,1523,a,Dash-8,0.001,dash8_t1.5s,1.5,1.5,reported,z_over_Lc,3.348694316436252,1,L_over_Lc,6.475211608222491,1,5,0,145,0.02457757296466974,0.09794437726723096
9,9,1523,a,Dash-8,0.001,dash8_t1.5s,1.5,1.5,reported,z_over_Lc,3.3609831029185866,1,L_over_Lc,6.475211608222491,1,5,0,146,0.02457757296466974,0.09794437726723096
9,9,1523,a,Dash-8,0.001,dash8_t1.5s,1.5,1.5,reported,z_over_Lc,3.3732718894009217,1,L_over_Lc,6.480652962515115,1,5,0,147,0.02457757296466974,0.09794437726723096
9,9,1523,a,Dash-8,0.001,dash8_t1.5s,1.5,1.5,reported,z_over_Lc,3.3855606758832564,1,L_over_Lc,6.496977025392987,1,5,0,148,0.02457757296466974,0.09794437726723096
9,9,1523,a,Dash-8,0.001,dash8_t1.5s,1.5,1.5,reported,z_over_Lc,3.3978494623655915,1,L_over_Lc,6.518742442563482,1,5,0,149,0.02457757296466974,0.09794437726723096
9,9,1523,a,Dash-8,0.001,dash8_t1.5s,1.5,1.5,reported,z_over_Lc,3.410138248847926,1,L_over_Lc,6.518742442563482,1,5,0,150,0.02457757296466974,0.09794437726723096
9,9,1523,a,Dash-8,0.001,dash8_t1.5s,1.5,1.5,reported,z_over_Lc,3.410138248847926,1,L_over_Lc,6.540507859733978,1,5,0,151,0.02457757296466974,0.09794437726723096
9,9,1523,a,Dash-8,0.001,dash8_t1.5s,1.5,1.5,reported,z_over_Lc,3.4224270353302613,1,L_over_Lc,6.518742442563482,1,5,0,152,0.02457757296466974,0.09794437726723096
9,9,1523,a,Dash-8,0.001,dash8_t1.5s,1.5,1.5,reported,z_over_Lc,3.4224270353302613,1,L_over_Lc,6.562273276904474,1,5,0,153,0.02457757296466974,0.09794437726723096
9,9,1523,a,Dash-8,0.001,dash8_t1.5s,1.5,1.5,reported,z_over_Lc,3.434715821812596,1,L_over_Lc,6.52962515114873,1,5,0,154,0.02457757296466974,0.09794437726723096
9,9,1523,a,Dash-8,0.001,dash8_t1.5s,1.5,1.5,reported,z_over_Lc,3.434715821812596,1,L_over_Lc,6.562273276904474,1,5,0,155,0.02457757296466974,0.09794437726723096
9,9,1523,a,Dash-8,0.001,dash8_t1.5s,1.5,1.5,reported,z_over_Lc,3.447004608294931,1,L_over_Lc,6.540507859733978,1,5,0,156,0.02457757296466974,0.09794437726723096
9,9,1523,a,Dash-8,0.001,dash8_t1.5s,1.5,1.5,reported,z_over_Lc,3.447004608294931,1,L_over_Lc,6.573155985489722,1,5,0,157,0.02457757296466974,0.09794437726723096
9,9,1523,a,Dash-8,0.001,dash8_t1.5s,1.5,1.5,reported,z_over_Lc,3.4592933947772657,1,L_over_Lc,6.562273276904474,1,5,0,158,0.02457757296466974,0.09794437726723096
9,9,1523,a,Dash-8,0.001,dash8_t1.5s,1.5,1.5,reported,z_over_Lc,3.4592933947772657,1,L_over_Lc,6.594921402660217,1,5,0,159,0.02457757296466974,0.09794437726723096
9,9,1523,a,Dash-8,0.001,dash8_t1.5s,1.5,1.5,reported,z_over_Lc,3.471582181259601,1,L_over_Lc,6.562273276904474,1,5,0,160,0.02457757296466974,0.09794437726723096
9,9,1523,a,Dash-8,0.001,dash8_t1.5s,1.5,1.5,reported,z_over_Lc,3.471582181259601,1,L_over_Lc,6.660217654171705,1,5,0,161,0.02457757296466974,0.09794437726723096
9,9,1523,a,Dash-8,0.001,dash8_t1.5s,1.5,1.5,reported,z_over_Lc,3.4838709677419355,1,L_over_Lc,6.5840386940749696,1,5,0,162,0.02457757296466974,0.09794437726723096
9,9,1523,a,Dash-8,0.001,dash8_t1.5s,1.5,1.5,reported,z_over_Lc,3.4838709677419355,1,L_over_Lc,6.692865779927448,1,5,0,163,0.02457757296466974,0.09794437726723096
9,9,1523,a,Dash-8,0.001,dash8_t1.5s,1.5,1.5,reported,z_over_Lc,3.49615975422427,1,L_over_Lc,6.627569528415961,1,5,0,164,0.02457757296466974,0.09794437726723096
9,9,1523,a,Dash-8,0.001,dash8_t1.5s,1.5,1.5,reported,z_over_Lc,3.49615975422427,1,L_over_Lc,6.725513905683192,1,5,0,165,0.02457757296466974,0.09794437726723096
9,9,1523,a,Dash-8,0.001,dash8_t1.5s,1.5,1.5,reported,z_over_Lc,3.5084485407066053,1,L_over_Lc,6.649334945586457,1,5,0,166,0.02457757296466974,0.09794437726723096
9,9,1523,a,Dash-8,0.001,dash8_t1.5s,1.5,1.5,reported,z_over_Lc,3.5084485407066053,1,L_over_Lc,6.747279322853688,1,5,0,167,0.02457757296466974,0.09794437726723096
9,9,1523,a,Dash-8,0.001,dash8_t1.5s,1.5,1.5,reported,z_over_Lc,3.52073732718894,1,L_over_Lc,6.660217654171705,1,5,0,168,0.02457757296466974,0.09794437726723096
9,9,1523,a,Dash-8,0.001,dash8_t1.5s,1.5,1.5,reported,z_over_Lc,3.52073732718894,1,L_over_Lc,6.779927448609432,1,5,0,169,0.02457757296466974,0.09794437726723096
9,9,1523,a,Dash-8,0.001,dash8_t1.5s,1.5,1.5,reported,z_over_Lc,3.533026113671275,1,L_over_Lc,6.6711003627569525,1,5,0,170,0.02457757296466974,0.09794437726723096
9,9,1523,a,Dash-8,0.001,dash8_t1.5s,1.5,1.5,reported,z_over_Lc,3.533026113671275,1,L_over_Lc,6.801692865779928,1,5,0,171,0.02457757296466974,0.09794437726723096
9,9,1523,a,Dash-8,0.001,dash8_t1.5s,1.5,1.5,reported,z_over_Lc,3.5453149001536097,1,L_over_Lc,6.6819830713422,1,5,0,172,0.02457757296466974,0.09794437726723096
9,9,1523,a,Dash-8,0.001,dash8_t1.5s,1.5,1.5,reported,z_over_Lc,3.5453149001536097,1,L_over_Lc,6.856106408706167,1,5,0,173,0.02457757296466974,0.09794437726723096
9,9,1523,a,Dash-8,0.001,dash8_t1.5s,1.5,1.5,reported,z_over_Lc,3.557603686635945,1,L_over_Lc,6.703748488512696,1,5,0,174,0.02457757296466974,0.09794437726723096
9,9,1523,a,Dash-8,0.001,dash8_t1.5s,1.5,1.5,reported,z_over_Lc,3.557603686635945,1,L_over_Lc,6.866989117291415,1,5,0,175,0.02457757296466974,0.09794437726723096
9,9,1523,a,Dash-8,0.001,dash8_t1.5s,1.5,1.5,reported,z_over_Lc,3.5698924731182795,1,L_over_Lc,6.747279322853688,1,5,0,176,0.02457757296466974,0.09794437726723096
9,9,1523,a,Dash-8,0.001,dash8_t1.5s,1.5,1.5,reported,z_over_Lc,3.5698924731182795,1,L_over_Lc,6.932285368802902,1,5,0,177,0.02457757296466974,0.09794437726723096
9,9,1523,a,Dash-8,0.001,dash8_t1.5s,1.5,1.5,reported,z_over_Lc,3.5821812596006146,1,L_over_Lc,6.812575574365176,1,5,0,178,0.02457757296466974,0.09794437726723096
9,9,1523,a,Dash-8,0.001,dash8_t1.5s,1.5,1.5,reported,z_over_Lc,3.5821812596006146,1,L_over_Lc,6.954050785973398,1,5,0,179,0.02457757296466974,0.09794437726723096
9,9,1523,a,Dash-8,0.001,dash8_t1.5s,1.5,1.5,reported,z_over_Lc,3.5944700460829493,1,L_over_Lc,6.834340991535671,1,5,0,180,0.02457757296466974,0.09794437726723096
9,9,1523,a,Dash-8,0.001,dash8_t1.5s,1.5,1.5,reported,z_over_Lc,3.5944700460829493,1,L_over_Lc,6.964933494558646,1,5,0,181,0.02457757296466974,0.09794437726723096
9,9,1523,a,Dash-8,0.001,dash8_t1.5s,1.5,1.5,reported,z_over_Lc,3.606758832565284,1,L_over_Lc,6.856106408706167,1,5,0,182,0.02457757296466974,0.09794437726723096
9,9,1523,a,Dash-8,0.001,dash8_t1.5s,1.5,1.5,reported,z_over_Lc,3.606758832565284,1,L_over_Lc,6.986698911729142,1,5,0,183,0.02457757296466974,0.09794437726723096
9,9,1523,a,Dash-8,0.001,dash8_t1.5s,1.5,1.5,reported,z_over_Lc,3.619047619047619,1,L_over_Lc,6.866989117291415,1,5,0,184,0.02457757296466974,0.09794437726723096
9,9,1523,a,Dash-8,0.001,dash8_t1.5s,1.5,1.5,reported,z_over_Lc,3.619047619047619,1,L_over_Lc,6.986698911729142,1,5,0,185,0.02457757296466974,0.09794437726723096
9,9,1523,a,Dash-8,0.001,dash8_t1.5s,1.5,1.5,reported,z_over_Lc,3.6313364055299537,1,L_over_Lc,6.921402660217654,1,5,0,186,0.02457757296466974,0.09794437726723096
9,9,1523,a,Dash-8,0.001,dash8_t1.5s,1.5,1.5,reported,z_over_Lc,3.6313364055299537,1,L_over_Lc,6.9975816203143895,1,5,0,187,0.02457757296466974,0.09794437726723096
9,9,1523,a,Dash-8,0.001,dash8_t1.5s,1.5,1.5,reported,z_over_Lc,3.643625192012289,1,L_over_Lc,6.94316807738815,1,5,0,188,0.02457757296466974,0.09794437726723096
9,9,1523,a,Dash-8,0.001,dash8_t1.5s,1.5,1.5,reported,z_over_Lc,3.643625192012289,1,L_over_Lc,6.9975816203143895,1,5,0,189,0.02457757296466974,0.09794437726723096
9,9,1523,a,Dash-8,0.001,dash8_t1.5s,1.5,1.5,reported,z_over_Lc,3.6559139784946235,1,L_over_Lc,6.9921402660217655,1,5,0,190,0.02457757296466974,0.09794437726723096
9,9,1523,a,Dash-8,0.001,dash8_t1.5s,1.5,1.5,reported,z_over_Lc,3.6682027649769586,1,L_over_Lc,7.013905683192261,1,5,0,191,0.02457757296466974,0.09794437726723096
9,9,1523,a,Dash-8,0.001,dash8_t1.5s,1.5,1.5,reported,z_over_Lc,3.6804915514592933,1,L_over_Lc,7.046553808948005,1,5,0,192,0.02457757296466974,0.09794437726723096
9,9,1523,a,Dash-8,0.001,dash8_t1.5s,1.5,1.5,reported,z_over_Lc,3.6927803379416284,1,L_over_Lc,7.051995163240629,1,5,0,193,0.02457757296466974,0.09794437726723096
9,9,1523,a,Dash-8,0.001,dash8_t1.5s,1.5,1.5,reported,z_over_Lc,3.6927803379416284,1,L_over_Lc,7.117291414752116,1,5,0,194,0.02457757296466974,0.09794437726723096
9,9,1523,a,Dash-8,0.001,dash8_t1.5s,1.5,1.5,reported,z_over_Lc,3.705069124423963,1,L_over_Lc,7.062877871825877,1,5,0,195,0.02457757296466974,0.09794437726723096
9,9,1523,a,Dash-8,0.001,dash8_t1.5s,1.5,1.5,reported,z_over_Lc,3.705069124423963,1,L_over_Lc,7.128174123337364,1,5,0,196,0.02457757296466974,0.09794437726723096
9,9,1523,a,Dash-8,0.001,dash8_t1.5s,1.5,1.5,reported,z_over_Lc,3.717357910906298,1,L_over_Lc,7.062877871825877,1,5,0,197,0.02457757296466974,0.09794437726723096
9,9,1523,a,Dash-8,0.001,dash8_t1.5s,1.5,1.5,reported,z_over_Lc,3.717357910906298,1,L_over_Lc,7.139056831922612,1,5,0,198,0.02457757296466974,0.09794437726723096
9,9,1523,a,Dash-8,0.001,dash8_t1.5s,1.5,1.5,reported,z_over_Lc,3.729646697388633,1,L_over_Lc,7.0737605804111245,1,5,0,199,0.02457757296466974,0.09794437726723096
9,9,1523,a,Dash-8,0.001,dash8_t1.5s,1.5,1.5,reported,z_over_Lc,3.729646697388633,1,L_over_Lc,7.14993954050786,1,5,0,200,0.02457757296466974,0.09794437726723096
9,9,1523,a,Dash-8,0.001,dash8_t1.5s,1.5,1.5,reported,z_over_Lc,3.7419354838709675,1,L_over_Lc,7.084643288996372,1,5,0,201,0.02457757296466974,0.09794437726723096
9,9,1523,a,Dash-8,0.001,dash8_t1.5s,1.5,1.5,reported,z_over_Lc,3.7419354838709675,1,L_over_Lc,7.1608222490931075,1,5,0,202,0.02457757296466974,0.09794437726723096
9,9,1523,a,Dash-8,0.001,dash8_t1.5s,1.5,1.5,reported,z_over_Lc,3.7542242703533026,1,L_over_Lc,7.084643288996372,1,5,0,203,0.02457757296466974,0.09794437726723096
9,9,1523,a,Dash-8,0.001,dash8_t1.5s,1.5,1.5,reported,z_over_Lc,3.7542242703533026,1,L_over_Lc,7.171704957678355,1,5,0,204,0.02457757296466974,0.09794437726723096
9,9,1523,a,Dash-8,0.001,dash8_t1.5s,1.5,1.5,reported,z_over_Lc,3.7665130568356373,1,L_over_Lc,7.106408706166868,1,5,0,205,0.02457757296466974,0.09794437726723096
9,9,1523,a,Dash-8,0.001,dash8_t1.5s,1.5,1.5,reported,z_over_Lc,3.7665130568356373,1,L_over_Lc,7.182587666263603,1,5,0,206,0.02457757296466974,0.09794437726723096
9,9,1523,a,Dash-8,0.001,dash8_t1.5s,1.5,1.5,reported,z_over_Lc,3.7788018433179724,1,L_over_Lc,7.139056831922612,1,5,0,207,0.02457757296466974,0.09794437726723096
9,9,1523,a,Dash-8,0.001,dash8_t1.5s,1.5,1.5,reported,z_over_Lc,3.7788018433179724,1,L_over_Lc,7.193470374848851,1,5,0,208,0.02457757296466974,0.09794437726723096
9,9,1523,a,Dash-8,0.001,dash8_t1.5s,1.5,1.5,reported,z_over_Lc,3.791090629800307,1,L_over_Lc,7.198911729141475,1,5,0,209,0.02457757296466974,0.09794437726723096
9,9,1523,a,Dash-8,0.001,dash8_t1.5s,1.5,1.5,reported,z_over_Lc,3.803379416282642,1,L_over_Lc,7.144498186215236,1,5,0,210,0.02457757296466974,0.09794437726723096
9,9,1523,a,Dash-8,0.001,dash8_t1.5s,1.5,1.5,reported,z_over_Lc,3.803379416282642,1,L_over_Lc,7.220677146311971,1,5,1,211,0.02457757296466974,0.09794437726723096
9,9,1523,a,Dash-8,0.001,dash8_t1.5s,1.5,1.5,reported,z_over_Lc,3.705069124423963,1,L_over_Lc,7.422007255139057,1,6,0,0,0.02457757296466974,0.09794437726723096
9,9,1523,a,Dash-8,0.001,dash8_t1.5s,1.5,1.5,reported,z_over_Lc,3.705069124423963,1,L_over_Lc,7.443772672309553,1,6,0,1,0.02457757296466974,0.09794437726723096
9,9,1523,a,Dash-8,0.001,dash8_t1.5s,1.5,1.5,reported,z_over_Lc,3.717357910906298,1,L_over_Lc,7.411124546553809,1,6,0,2,0.02457757296466974,0.09794437726723096
9,9,1523,a,Dash-8,0.001,dash8_t1.5s,1.5,1.5,reported,z_over_Lc,3.717357910906298,1,L_over_Lc,7.552599758162032,1,6,0,3,0.02457757296466974,0.09794437726723096
9,9,1523,a,Dash-8,0.001,dash8_t1.5s,1.5,1.5,reported,z_over_Lc,3.729646697388633,1,L_over_Lc,7.422007255139057,1,6,0,4,0.02457757296466974,0.09794437726723096
9,9,1523,a,Dash-8,0.001,dash8_t1.5s,1.5,1.5,reported,z_over_Lc,3.729646697388633,1,L_over_Lc,7.694074969770254,1,6,0,5,0.02457757296466974,0.09794437726723096
9,9,1523,a,Dash-8,0.001,dash8_t1.5s,1.5,1.5,reported,z_over_Lc,3.7419354838709675,1,L_over_Lc,7.432889963724305,1,6,0,6,0.02457757296466974,0.09794437726723096
9,9,1523,a,Dash-8,0.001,dash8_t1.5s,1.5,1.5,reported,z_over_Lc,3.7419354838709675,1,L_over_Lc,7.694074969770254,1,6,0,7,0.02457757296466974,0.09794437726723096
9,9,1523,a,Dash-8,0.001,dash8_t1.5s,1.5,1.5,reported,z_over_Lc,3.7542242703533026,1,L_over_Lc,7.422007255139057,1,6,0,8,0.02457757296466974,0.09794437726723096
9,9,1523,a,Dash-8,0.001,dash8_t1.5s,1.5,1.5,reported,z_over_Lc,3.7542242703533026,1,L_over_Lc,7.704957678355502,1,6,0,9,0.02457757296466974,0.09794437726723096
9,9,1523,a,Dash-8,0.001,dash8_t1.5s,1.5,1.5,reported,z_over_Lc,3.7665130568356373,1,L_over_Lc,7.411124546553809,1,6,0,10,0.02457757296466974,0.09794437726723096
9,9,1523,a,Dash-8,0.001,dash8_t1.5s,1.5,1.5,reported,z_over_Lc,3.7665130568356373,1,L_over_Lc,7.71584038694075,1,6,0,11,0.02457757296466974,0.09794437726723096
9,9,1523,a,Dash-8,0.001,dash8_t1.5s,1.5,1.5,reported,z_over_Lc,3.7788018433179724,1,L_over_Lc,7.4002418379685615,1,6,0,12,0.02457757296466974,0.09794437726723096
9,9,1523,a,Dash-8,0.001,dash8_t1.5s,1.5,1.5,reported,z_over_Lc,3.7788018433179724,1,L_over_Lc,7.726723095525998,1,6,0,13,0.02457757296466974,0.09794437726723096
9,9,1523,a,Dash-8,0.001,dash8_t1.5s,1.5,1.5,reported,z_over_Lc,3.791090629800307,1,L_over_Lc,7.389359129383313,1,6,0,14,0.02457757296466974,0.09794437726723096
9,9,1523,a,Dash-8,0.001,dash8_t1.5s,1.5,1.5,reported,z_over_Lc,3.791090629800307,1,L_over_Lc,7.726723095525998,1,6,0,15,0.02457757296466974,0.09794437726723096
9,9,1523,a,Dash-8,0.001,dash8_t1.5s,1.5,1.5,reported,z_over_Lc,3.803379416282642,1,L_over_Lc,7.4002418379685615,1,6,0,16,0.02457757296466974,0.09794437726723096
9,9,1523,a,Dash-8,0.001,dash8_t1.5s,1.5,1.5,reported,z_over_Lc,3.803379416282642,1,L_over_Lc,7.726723095525998,1,6,0,17,0.02457757296466974,0.09794437726723096
9,9,1523,a,Dash-8,0.001,dash8_t1.5s,1.5,1.5,reported,z_over_Lc,3.815668202764977,1,L_over_Lc,7.552599758162032,1,6,0,18,0.02457757296466974,0.09794437726723096
9,9,1523,a,Dash-8,0.001,dash8_t1.5s,1.5,1.5,reported,z_over_Lc,3.815668202764977,1,L_over_Lc,7.726723095525998,1,6,0,19,0.02457757296466974,0.09794437726723096
9,9,1523,a,Dash-8,0.001,dash8_t1.5s,1.5,1.5,reported,z_over_Lc,3.827956989247312,1,L_over_Lc,7.704957678355502,1,6,0,20,0.02457757296466974,0.09794437726723096
9,9,1523,a,Dash-8,0.001,dash8_t1.5s,1.5,1.5,reported,z_over_Lc,3.827956989247312,1,L_over_Lc,7.726723095525998,1,6,0,21,0.02457757296466974,0.09794437726723096
9,9,1523,a,Dash-8,0.001,dash8_t1.5s,1.5,1.5,reported,z_over_Lc,3.8402457757296466,1,L_over_Lc,7.759371221281741,1,6,0,22,0.02457757296466974,0.09794437726723096
9,9,1523,a,Dash-8,0.001,dash8_t1.5s,1.5,1.5,reported,z_over_Lc,3.8525345622119818,1,L_over_Lc,7.797460701330109,1,6,0,23,0.02457757296466974,0.09794437726723096
9,9,1523,a,Dash-8,0.001,dash8_t1.5s,1.5,1.5,reported,z_over_Lc,3.8648233486943164,1,L_over_Lc,7.792019347037485,1,6,0,24,0.02457757296466974,0.09794437726723096
9,9,1523,a,Dash-8,0.001,dash8_t1.5s,1.5,1.5,reported,z_over_Lc,3.8648233486943164,1,L_over_Lc,7.835550181378476,1,6,0,25,0.02457757296466974,0.09794437726723096
9,9,1523,a,Dash-8,0.001,dash8_t1.5s,1.5,1.5,reported,z_over_Lc,3.877112135176651,1,L_over_Lc,7.802902055622733,1,6,0,26,0.02457757296466974,0.09794437726723096
9,9,1523,a,Dash-8,0.001,dash8_t1.5s,1.5,1.5,reported,z_over_Lc,3.877112135176651,1,L_over_Lc,7.846432889963724,1,6,0,27,0.02457757296466974,0.09794437726723096
9,9,1523,a,Dash-8,0.001,dash8_t1.5s,1.5,1.5,reported,z_over_Lc,3.889400921658986,1,L_over_Lc,7.802902055622733,1,6,0,28,0.02457757296466974,0.09794437726723096
9,9,1523,a,Dash-8,0.001,dash8_t1.5s,1.5,1.5,reported,z_over_Lc,3.889400921658986,1,L_over_Lc,7.86819830713422,1,6,0,29,0.02457757296466974,0.09794437726723096
9,9,1523,a,Dash-8,0.001,dash8_t1.5s,1.5,1.5,reported,z_over_Lc,3.901689708141321,1,L_over_Lc,7.8137847642079805,1,6,0,30,0.02457757296466974,0.09794437726723096
9,9,1523,a,Dash-8,0.001,dash8_t1.5s,1.5,1.5,reported,z_over_Lc,3.901689708141321,1,L_over_Lc,7.879081015719468,1,6,0,31,0.02457757296466974,0.09794437726723096
9,9,1523,a,Dash-8,0.001,dash8_t1.5s,1.5,1.5,reported,z_over_Lc,3.913978494623656,1,L_over_Lc,7.824667472793228,1,6,0,32,0.02457757296466974,0.09794437726723096
9,9,1523,a,Dash-8,0.001,dash8_t1.5s,1.5,1.5,reported,z_over_Lc,3.913978494623656,1,L_over_Lc,7.879081015719468,1,6,0,33,0.02457757296466974,0.09794437726723096
9,9,1523,a,Dash-8,0.001,dash8_t1.5s,1.5,1.5,reported,z_over_Lc,3.9262672811059907,1,L_over_Lc,7.846432889963724,1,6,0,34,0.02457757296466974,0.09794437726723096
9,9,1523,a,Dash-8,0.001,dash8_t1.5s,1.5,1.5,reported,z_over_Lc,3.9262672811059907,1,L_over_Lc,7.879081015719468,1,6,0,35,0.02457757296466974,0.09794437726723096
9,9,1523,a,Dash-8,0.001,dash8_t1.5s,1.5,1.5,reported,z_over_Lc,3.9385560675883258,1,L_over_Lc,7.873639661426844,1,6,0,36,0.02457757296466974,0.09794437726723096
9,9,1523,a,Dash-8,0.001,dash8_t1.5s,1.5,1.5,reported,z_over_Lc,3.9508448540706604,1,L_over_Lc,7.889963724304716,1,6,0,37,0.02457757296466974,0.09794437726723096
9,9,1523,a,Dash-8,0.001,dash8_t1.5s,1.5,1.5,reported,z_over_Lc,3.9631336405529956,1,L_over_Lc,7.906287787182587,1,6,0,38,0.02457757296466974,0.09794437726723096
9,9,1523,a,Dash-8,0.001,dash8_t1.5s,1.5,1.5,reported,z_over_Lc,3.97542242703533,1,L_over_Lc,7.906287787182587,1,6,0,39,0.02457757296466974,0.09794437726723096
9,9,1523,a,Dash-8,0.001,dash8_t1.5s,1.5,1.5,reported,z_over_Lc,3.9877112135176653,1,L_over_Lc,7.906287787182587,1,6,0,40,0.02457757296466974,0.09794437726723096
9,9,1523,a,Dash-8,0.001,dash8_t1.5s,1.5,1.5,reported,z_over_Lc,4.0,1,L_over_Lc,7.906287787182587,1,6,0,41,0.02457757296466974,0.09794437726723096
9,9,1523,a,Dash-8,0.001,dash8_t1.5s,1.5,1.5,reported,z_over_Lc,4.012288786482335,1,L_over_Lc,7.906287787182587,1,6,0,42,0.02457757296466974,0.09794437726723096
9,9,1523,a,Dash-8,0.001,dash8_t1.5s,1.5,1.5,reported,z_over_Lc,4.024577572964669,1,L_over_Lc,7.906287787182587,1,6,0,43,0.02457757296466974,0.09794437726723096
9,9,1523,a,Dash-8,0.001,dash8_t1.5s,1.5,1.5,reported,z_over_Lc,4.0368663594470044,1,L_over_Lc,7.906287787182587,1,6,0,44,0.02457757296466974,0.09794437726723096
9,9,1523,a,Dash-8,0.001,dash8_t1.5s,1.5,1.5,reported,z_over_Lc,4.04915514592934,1,L_over_Lc,7.9008464328899635,1,6,0,45,0.02457757296466974,0.09794437726723096
9,9,1523,a,Dash-8,0.001,dash8_t1.5s,1.5,1.5,reported,z_over_Lc,4.061443932411675,1,L_over_Lc,7.884522370012092,1,6,0,46,0.02457757296466974,0.09794437726723096
9,9,1523,a,Dash-8,0.001,dash8_t1.5s,1.5,1.5,reported,z_over_Lc,4.073732718894009,1,L_over_Lc,7.86819830713422,1,6,0,47,0.02457757296466974,0.09794437726723096
9,9,1523,a,Dash-8,0.001,dash8_t1.5s,1.5,1.5,reported,z_over_Lc,4.086021505376344,1,L_over_Lc,7.846432889963724,1,6,0,48,0.02457757296466974,0.09794437726723096
9,9,1523,a,Dash-8,0.001,dash8_t1.5s,1.5,1.5,reported,z_over_Lc,4.086021505376344,1,L_over_Lc,7.86819830713422,1,6,0,49,0.02457757296466974,0.09794437726723096
9,9,1523,a,Dash-8,0.001,dash8_t1.5s,1.5,1.5,reported,z_over_Lc,4.098310291858679,1,L_over_Lc,7.851874244256348,1,6,0,50,0.02457757296466974,0.09794437726723096
9,9,1523,a,Dash-8,0.001,dash8_t1.5s,1.5,1.5,reported,z_over_Lc,4.110599078341014,1,L_over_Lc,7.846432889963724,1,6,0,51,0.02457757296466974,0.09794437726723096
9,9,1523,a,Dash-8,0.001,dash8_t1.5s,1.5,1.5,reported,z_over_Lc,4.1228878648233485,1,L_over_Lc,7.8409915356711,1,6,0,52,0.02457757296466974,0.09794437726723096
9,9,1523,a,Dash-8,0.001,dash8_t1.5s,1.5,1.5,reported,z_over_Lc,4.135176651305684,1,L_over_Lc,7.835550181378476,1,6,0,53,0.02457757296466974,0.09794437726723096
9,9,1523,a,Dash-8,0.001,dash8_t1.5s,1.5,1.5,reported,z_over_Lc,4.147465437788019,1,L_over_Lc,7.8137847642079805,1,6,0,54,0.02457757296466974,0.09794437726723096
9,9,1523,a,Dash-8,0.001,dash8_t1.5s,1.5,1.5,reported,z_over_Lc,4.159754224270353,1,L_over_Lc,7.797460701330109,1,6,0,55,0.02457757296466974,0.09794437726723096
9,9,1523,a,Dash-8,0.001,dash8_t1.5s,1.5,1.5,reported,z_over_Lc,4.172043010752688,1,L_over_Lc,7.781136638452237,1,6,0,56,0.02457757296466974,0.09794437726723096
9,9,1523,a,Dash-8,0.001,dash8_t1.5s,1.5,1.5,reported,z_over_Lc,4.184331797235023,1,L_over_Lc,7.775695284159613,1,6,0,57,0.02457757296466974,0.09794437726723096
9,9,1523,a,Dash-8,0.001,dash8_t1.5s,1.5,1.5,reported,z_over_Lc,4.196620583717358,1,L_over_Lc,7.770253929866989,1,6,0,58,0.02457757296466974,0.09794437726723096
9,9,1523,a,Dash-8,0.001,dash8_t1.5s,1.5,1.5,reported,z_over_Lc,4.2089093701996925,1,L_over_Lc,7.764812575574365,1,6,0,59,0.02457757296466974,0.09794437726723096
9,9,1523,a,Dash-8,0.001,dash8_t1.5s,1.5,1.5,reported,z_over_Lc,4.221198156682028,1,L_over_Lc,7.775695284159613,1,6,0,60,0.02457757296466974,0.09794437726723096
9,9,1523,a,Dash-8,0.001,dash8_t1.5s,1.5,1.5,reported,z_over_Lc,4.233486943164363,1,L_over_Lc,7.770253929866989,1,6,0,61,0.02457757296466974,0.09794437726723096
9,9,1523,a,Dash-8,0.001,dash8_t1.5s,1.5,1.5,reported,z_over_Lc,4.233486943164363,1,L_over_Lc,7.802902055622733,1,6,0,62,0.02457757296466974,0.09794437726723096
9,9,1523,a,Dash-8,0.001,dash8_t1.5s,1.5,1.5,reported,z_over_Lc,4.245775729646698,1,L_over_Lc,7.781136638452237,1,6,0,63,0.02457757296466974,0.09794437726723096
9,9,1523,a,Dash-8,0.001,dash8_t1.5s,1.5,1.5,reported,z_over_Lc,4.245775729646698,1,L_over_Lc,7.824667472793228,1,6,0,64,0.02457757296466974,0.09794437726723096
9,9,1523,a,Dash-8,0.001,dash8_t1.5s,1.5,1.5,reported,z_over_Lc,4.258064516129032,1,L_over_Lc,7.781136638452237,1,6,0,65,0.02457757296466974,0.09794437726723096
9,9,1523,a,Dash-8,0.001,dash8_t1.5s,1.5,1.5,reported,z_over_Lc,4.258064516129032,1,L_over_Lc,7.846432889963724,1,6,0,66,0.02457757296466974,0.09794437726723096
9,9,1523,a,Dash-8,0.001,dash8_t1.5s,1.5,1.5,reported,z_over_Lc,4.270353302611367,1,L_over_Lc,7.781136638452237,1,6,0,67,0.02457757296466974,0.09794437726723096
9,9,1523,a,Dash-8,0.001,dash8_t1.5s,1.5,1.5,reported,z_over_Lc,4.270353302611367,1,L_over_Lc,7.846432889963724,1,6,0,68,0.02457757296466974,0.09794437726723096
9,9,1523,a,Dash-8,0.001,dash8_t1.5s,1.5,1.5,reported,z_over_Lc,4.282642089093702,1,L_over_Lc,7.792019347037485,1,6,0,69,0.02457757296466974,0.09794437726723096
9,9,1523,a,Dash-8,0.001,dash8_t1.5s,1.5,1.5,reported,z_over_Lc,4.282642089093702,1,L_over_Lc,7.857315598548972,1,6,0,70,0.02457757296466974,0.09794437726723096
9,9,1523,a,Dash-8,0.001,dash8_t1.5s,1.5,1.5,reported,z_over_Lc,4.2949308755760365,1,L_over_Lc,7.824667472793228,1,6,0,71,0.02457757296466974,0.09794437726723096
9,9,1523,a,Dash-8,0.001,dash8_t1.5s,1.5,1.5,reported,z_over_Lc,4.2949308755760365,1,L_over_Lc,7.86819830713422,1,6,0,72,0.02457757296466974,0.09794437726723096
9,9,1523,a,Dash-8,0.001,dash8_t1.5s,1.5,1.5,reported,z_over_Lc,4.307219662058372,1,L_over_Lc,7.830108827085852,1,6,0,73,0.02457757296466974,0.09794437726723096
9,9,1523,a,Dash-8,0.001,dash8_t1.5s,1.5,1.5,reported,z_over_Lc,4.307219662058372,1,L_over_Lc,7.928053204353083,1,6,1,74,0.02457757296466974,0.09794437726723096
9,9,1523,a,Dash-8,0.001,dash8_t1.5s,1.5,1.5,reported,z_over_Lc,4.319508448540707,1,L_over_Lc,7.835550181378476,1,6,0,75,0.02457757296466974,0.09794437726723096
9,9,1523,a,Dash-8,0.001,dash8_t1.5s,1.5,1.5,reported,z_over_Lc,4.319508448540707,1,L_over_Lc,7.938935912938331,1,6,1,76,0.02457757296466974,0.09794437726723096
9,9,1523,a,Dash-8,0.001,dash8_t1.5s,1.5,1.5,reported,z_over_Lc,4.331797235023042,1,L_over_Lc,7.955259975816203,1,6,0,77,0.02457757296466974,0.09794437726723096
9,9,1523,a,Dash-8,0.001,dash8_t1.5s,1.5,1.5,reported,z_over_Lc,4.344086021505376,1,L_over_Lc,7.966142684401451,1,6,0,78,0.02457757296466974,0.09794437726723096
9,9,1523,a,Dash-8,0.001,dash8_t1.5s,1.5,1.5,reported,z_over_Lc,4.356374807987711,1,L_over_Lc,7.9770253929866985,1,6,0,79,0.02457757296466974,0.09794437726723096
9,9,1523,a,Dash-8,0.001,dash8_t1.5s,1.5,1.5,reported,z_over_Lc,4.368663594470046,1,L_over_Lc,7.987908101571946,1,6,0,80,0.02457757296466974,0.09794437726723096
9,9,1523,a,Dash-8,0.001,dash8_t1.5s,1.5,1.5,reported,z_over_Lc,4.380952380952381,1,L_over_Lc,7.998790810157194,1,6,0,81,0.02457757296466974,0.09794437726723096
9,9,1523,a,Dash-8,0.001,dash8_t1.5s,1.5,1.5,reported,z_over_Lc,4.393241167434716,1,L_over_Lc,8.009673518742442,1,6,0,82,0.02457757296466974,0.09794437726723096
9,9,1523,a,Dash-8,0.001,dash8_t1.5s,1.5,1.5,reported,z_over_Lc,4.405529953917051,1,L_over_Lc,8.02055622732769,1,6,0,83,0.02457757296466974,0.09794437726723096
9,9,1523,a,Dash-8,0.001,dash8_t1.5s,1.5,1.5,reported,z_over_Lc,4.417818740399386,1,L_over_Lc,8.025997581620315,1,6,0,84,0.02457757296466974,0.09794437726723096
9,9,1523,a,Dash-8,0.001,dash8_t1.5s,1.5,1.5,reported,z_over_Lc,4.43010752688172,1,L_over_Lc,8.036880290205563,1,6,0,85,0.02457757296466974,0.09794437726723096
9,9,1523,a,Dash-8,0.001,dash8_t1.5s,1.5,1.5,reported,z_over_Lc,4.442396313364055,1,L_over_Lc,8.04776299879081,1,6,0,86,0.02457757296466974,0.09794437726723096
9,9,1523,a,Dash-8,0.001,dash8_t1.5s,1.5,1.5,reported,z_over_Lc,4.45468509984639,1,L_over_Lc,8.053204353083434,1,6,0,87,0.02457757296466974,0.09794437726723096
9,9,1523,a,Dash-8,0.001,dash8_t1.5s,1.5,1.5,reported,z_over_Lc,4.466973886328725,1,L_over_Lc,8.064087061668681,1,6,0,88,0.02457757296466974,0.09794437726723096
9,9,1523,a,Dash-8,0.001,dash8_t1.5s,1.5,1.5,reported,z_over_Lc,4.47926267281106,1,L_over_Lc,8.069528415961306,1,6,0,89,0.02457757296466974,0.09794437726723096
9,9,1523,a,Dash-8,0.001,dash8_t1.5s,1.5,1.5,reported,z_over_Lc,4.491551459293395,1,L_over_Lc,8.07496977025393,1,6,0,90,0.02457757296466974,0.09794437726723096
9,9,1523,a,Dash-8,0.001,dash8_t1.5s,1.5,1.5,reported,z_over_Lc,4.50384024577573,1,L_over_Lc,8.080411124546554,1,6,0,91,0.02457757296466974,0.09794437726723096
9,9,1523,a,Dash-8,0.001,dash8_t1.5s,1.5,1.5,reported,z_over_Lc,4.516129032258065,1,L_over_Lc,8.085852478839177,1,6,0,92,0.02457757296466974,0.09794437726723096
9,9,1523,a,Dash-8,0.001,dash8_t1.5s,1.5,1.5,reported,z_over_Lc,4.528417818740399,1,L_over_Lc,8.080411124546554,1,6,0,93,0.02457757296466974,0.09794437726723096
9,9,1523,a,Dash-8,0.001,dash8_t1.5s,1.5,1.5,reported,z_over_Lc,4.540706605222734,1,L_over_Lc,8.07496977025393,1,6,0,94,0.02457757296466974,0.09794437726723096
9,9,1523,a,Dash-8,0.001,dash8_t1.5s,1.5,1.5,reported,z_over_Lc,4.552995391705069,1,L_over_Lc,8.07496977025393,1,6,0,95,0.02457757296466974,0.09794437726723096
9,9,1523,a,Dash-8,0.001,dash8_t1.5s,1.5,1.5,reported,z_over_Lc,4.565284178187404,1,L_over_Lc,8.064087061668681,1,6,0,96,0.02457757296466974,0.09794437726723096
9,9,1523,a,Dash-8,0.001,dash8_t1.5s,1.5,1.5,reported,z_over_Lc,4.577572964669739,1,L_over_Lc,8.031438935912938,1,6,0,97,0.02457757296466974,0.09794437726723096
9,9,1523,a,Dash-8,0.001,dash8_t1.5s,1.5,1.5,reported,z_over_Lc,4.589861751152074,1,L_over_Lc,8.02055622732769,1,6,0,98,0.02457757296466974,0.09794437726723096
9,9,1523,a,Dash-8,0.001,dash8_t1.5s,1.5,1.5,reported,z_over_Lc,4.602150537634409,1,L_over_Lc,8.009673518742442,1,6,0,99,0.02457757296466974,0.09794437726723096
9,9,1523,a,Dash-8,0.001,dash8_t1.5s,1.5,1.5,reported,z_over_Lc,4.614439324116743,1,L_over_Lc,7.998790810157194,1,6,0,100,0.02457757296466974,0.09794437726723096
9,9,1523,a,Dash-8,0.001,dash8_t1.5s,1.5,1.5,reported,z_over_Lc,4.626728110599078,1,L_over_Lc,7.998790810157194,1,6,0,101,0.02457757296466974,0.09794437726723096
9,9,1523,a,Dash-8,0.001,dash8_t1.5s,1.5,1.5,reported,z_over_Lc,4.639016897081413,1,L_over_Lc,7.987908101571946,1,6,0,102,0.02457757296466974,0.09794437726723096
9,9,1523,a,Dash-8,0.001,dash8_t1.5s,1.5,1.5,reported,z_over_Lc,4.6513056835637485,1,L_over_Lc,7.9770253929866985,1,6,0,103,0.02457757296466974,0.09794437726723096
9,9,1523,a,Dash-8,0.001,dash8_t1.5s,1.5,1.5,reported,z_over_Lc,4.663594470046083,1,L_over_Lc,7.971584038694075,1,6,0,104,0.02457757296466974,0.09794437726723096
9,9,1523,a,Dash-8,0.001,dash8_t1.5s,1.5,1.5,reported,z_over_Lc,4.675883256528418,1,L_over_Lc,7.960701330108827,1,6,0,105,0.02457757296466974,0.09794437726723096
9,9,1523,a,Dash-8,0.001,dash8_t1.5s,1.5,1.5,reported,z_over_Lc,4.688172043010753,1,L_over_Lc,7.938935912938331,1,6,0,106,0.02457757296466974,0.09794437726723096
9,9,1523,a,Dash-8,0.001,dash8_t1.5s,1.5,1.5,reported,z_over_Lc,4.700460829493087,1,L_over_Lc,7.928053204353083,1,6,0,107,0.02457757296466974,0.09794437726723096
9,9,1523,a,Dash-8,0.001,dash8_t1.5s,1.5,1.5,reported,z_over_Lc,4.712749615975422,1,L_over_Lc,7.922611850060459,1,6,0,108,0.02457757296466974,0.09794437726723096
9,9,1523,a,Dash-8,0.001,dash8_t1.5s,1.5,1.5,reported,z_over_Lc,4.725038402457757,1,L_over_Lc,7.911729141475211,1,6,0,109,0.02457757296466974,0.09794437726723096
9,9,1523,a,Dash-8,0.001,dash8_t1.5s,1.5,1.5,reported,z_over_Lc,4.7373271889400925,1,L_over_Lc,7.9008464328899635,1,6,0,110,0.02457757296466974,0.09794437726723096
9,9,1523,a,Dash-8,0.001,dash8_t1.5s,1.5,1.5,reported,z_over_Lc,4.749615975422427,1,L_over_Lc,7.879081015719468,1,6,0,111,0.02457757296466974,0.09794437726723096
9,9,1523,a,Dash-8,0.001,dash8_t1.5s,1.5,1.5,reported,z_over_Lc,4.761904761904762,1,L_over_Lc,7.846432889963724,1,6,0,112,0.02457757296466974,0.09794437726723096
9,9,1523,a,Dash-8,0.001,dash8_t1.5s,1.5,1.5,reported,z_over_Lc,4.761904761904762,1,L_over_Lc,7.879081015719468,1,6,0,113,0.02457757296466974,0.09794437726723096
9,9,1523,a,Dash-8,0.001,dash8_t1.5s,1.5,1.5,reported,z_over_Lc,4.774193548387097,1,L_over_Lc,7.824667472793228,1,6,0,114,0.02457757296466974,0.09794437726723096
9,9,1523,a,Dash-8,0.001,dash8_t1.5s,1.5,1.5,reported,z_over_Lc,4.774193548387097,1,L_over_Lc,7.86819830713422,1,6,0,115,0.02457757296466974,0.09794437726723096
9,9,1523,a,Dash-8,0.001,dash8_t1.5s,1.5,1.5,reported,z_over_Lc,4.786482334869432,1,L_over_Lc,7.8137847642079805,1,6,0,116,0.02457757296466974,0.09794437726723096
9,9,1523,a,Dash-8,0.001,dash8_t1.5s,1.5,1.5,reported,z_over_Lc,4.786482334869432,1,L_over_Lc,7.857315598548972,1,6,0,117,0.02457757296466974,0.09794437726723096
9,9,1523,a,Dash-8,0.001,dash8_t1.5s,1.5,1.5,reported,z_over_Lc,4.798771121351766,1,L_over_Lc,7.8137847642079805,1,6,0,118,0.02457757296466974,0.09794437726723096
9,9,1523,a,Dash-8,0.001,dash8_t1.5s,1.5,1.5,reported,z_over_Lc,4.798771121351766,1,L_over_Lc,7.835550181378476,1,6,0,119,0.02457757296466974,0.09794437726723096
9,9,1523,a,Dash-8,0.001,dash8_t1.5s,1.5,1.5,reported,z_over_Lc,4.811059907834101,1,L_over_Lc,7.802902055622733,1,6,0,120,0.02457757296466974,0.09794437726723096
9,9,1523,a,Dash-8,0.001,dash8_t1.5s,1.5,1.5,reported,z_over_Lc,4.811059907834101,1,L_over_Lc,7.824667472793228,1,6,0,121,0.02457757296466974,0.09794437726723096
9,9,1523,a,Dash-8,0.001,dash8_t1.5s,1.5,1.5,reported,z_over_Lc,4.8233486943164365,1,L_over_Lc,7.808343409915357,1,6,0,122,0.02457757296466974,0.09794437726723096
9,9,1523,a,Dash-8,0.001,dash8_t1.5s,1.5,1.5,reported,z_over_Lc,4.835637480798771,1,L_over_Lc,7.797460701330109,1,6,0,123,0.02457757296466974,0.09794437726723096
9,9,1523,a,Dash-8,0.001,dash8_t1.5s,1.5,1.5,reported,z_over_Lc,4.847926267281106,1,L_over_Lc,7.775695284159613,1,6,0,124,0.02457757296466974,0.09794437726723096
9,9,1523,a,Dash-8,0.001,dash8_t1.5s,1.5,1.5,reported,z_over_Lc,4.860215053763441,1,L_over_Lc,7.753929866989117,1,6,0,125,0.02457757296466974,0.09794437726723096
9,9,1523,a,Dash-8,0.001,dash8_t1.5s,1.5,1.5,reported,z_over_Lc,4.872503840245776,1,L_over_Lc,7.683192261185006,1,6,0,126,0.02457757296466974,0.09794437726723096
9,9,1523,a,Dash-8,0.001,dash8_t1.5s,1.5,1.5,reported,z_over_Lc,4.872503840245776,1,L_over_Lc,7.737605804111245,1,6,0,127,0.02457757296466974,0.09794437726723096
9,9,1523,a,Dash-8,0.001,dash8_t1.5s,1.5,1.5,reported,z_over_Lc,4.88479262672811,1,L_over_Lc,7.574365175332527,1,6,0,128,0.02457757296466974,0.09794437726723096
9,9,1523,a,Dash-8,0.001,dash8_t1.5s,1.5,1.5,reported,z_over_Lc,4.88479262672811,1,L_over_Lc,7.737605804111245,1,6,0,129,0.02457757296466974,0.09794437726723096
9,9,1523,a,Dash-8,0.001,dash8_t1.5s,1.5,1.5,reported,z_over_Lc,4.897081413210445,1,L_over_Lc,7.367593712212817,1,6,0,130,0.02457757296466974,0.09794437726723096
9,9,1523,a,Dash-8,0.001,dash8_t1.5s,1.5,1.5,reported,z_over_Lc,4.897081413210445,1,L_over_Lc,7.737605804111245,1,6,0,131,0.02457757296466974,0.09794437726723096
9,9,1523,a,Dash-8,0.001,dash8_t1.5s,1.5,1.5,reported,z_over_Lc,4.9093701996927805,1,L_over_Lc,7.204353083434099,1,6,0,132,0.02457757296466974,0.09794437726723096
9,9,1523,a,Dash-8,0.001,dash8_t1.5s,1.5,1.5,reported,z_over_Lc,4.9093701996927805,1,L_over_Lc,7.71584038694075,1,6,0,133,0.02457757296466974,0.09794437726723096
9,9,1523,a,Dash-8,0.001,dash8_t1.5s,1.5,1.5,reported,z_over_Lc,4.921658986175115,1,L_over_Lc,7.019347037484885,1,6,0,134,0.02457757296466974,0.09794437726723096
9,9,1523,a,Dash-8,0.001,dash8_t1.5s,1.5,1.5,reported,z_over_Lc,4.921658986175115,1,L_over_Lc,7.704957678355502,1,6,0,135,0.02457757296466974,0.09794437726723096
9,9,1523,a,Dash-8,0.001,dash8_t1.5s,1.5,1.5,reported,z_over_Lc,4.93394777265745,1,L_over_Lc,6.932285368802902,1,6,0,136,0.02457757296466974,0.09794437726723096
9,9,1523,a,Dash-8,0.001,dash8_t1.5s,1.5,1.5,reported,z_over_Lc,4.93394777265745,1,L_over_Lc,7.683192261185006,1,6,0,137,0.02457757296466974,0.09794437726723096
9,9,1523,a,Dash-8,0.001,dash8_t1.5s,1.5,1.5,reported,z_over_Lc,4.946236559139785,1,L_over_Lc,6.823458282950424,1,6,0,138,0.02457757296466974,0.09794437726723096
9,9,1523,a,Dash-8,0.001,dash8_t1.5s,1.5,1.5,reported,z_over_Lc,4.946236559139785,1,L_over_Lc,7.66142684401451,1,6,0,139,0.02457757296466974,0.09794437726723096
9,9,1523,a,Dash-8,0.001,dash8_t1.5s,1.5,1.5,reported,z_over_Lc,4.95852534562212,1,L_over_Lc,6.812575574365176,1,6,0,140,0.02457757296466974,0.09794437726723096
9,9,1523,a,Dash-8,0.001,dash8_t1.5s,1.5,1.5,reported,z_over_Lc,4.95852534562212,1,L_over_Lc,7.6505441354292625,1,6,0,141,0.02457757296466974,0.09794437726723096
9,9,1523,a,Dash-8,0.001,dash8_t1.5s,1.5,1.5,reported,z_over_Lc,4.970814132104454,1,L_over_Lc,6.801692865779928,1,6,0,142,0.02457757296466974,0.09794437726723096
9,9,1523,a,Dash-8,0.001,dash8_t1.5s,1.5,1.5,reported,z_over_Lc,4.970814132104454,1,L_over_Lc,7.639661426844015,1,6,0,143,0.02457757296466974,0.09794437726723096
9,9,1523,a,Dash-8,0.001,dash8_t1.5s,1.5,1.5,reported,z_over_Lc,4.983102918586789,1,L_over_Lc,6.79081015719468,1,6,0,144,0.02457757296466974,0.09794437726723096
9,9,1523,a,Dash-8,0.001,dash8_t1.5s,1.5,1.5,reported,z_over_Lc,4.983102918586789,1,L_over_Lc,7.519951632406288,1,6,0,145,0.02457757296466974,0.09794437726723096
9,9,1523,a,Dash-8,0.001,dash8_t1.5s,1.5,1.5,reported,z_over_Lc,4.9953917050691246,1,L_over_Lc,6.79081015719468,1,6,0,146,0.02457757296466974,0.09794437726723096
9,9,1523,a,Dash-8,0.001,dash8_t1.5s,1.5,1.5,reported,z_over_Lc,4.9953917050691246,1,L_over_Lc,7.422007255139057,1,6,0,147,0.02457757296466974,0.09794437726723096
9,9,1523,a,Dash-8,0.001,dash8_t1.5s,1.5,1.5,reported,z_over_Lc,5.00768049155146,1,L_over_Lc,6.779927448609432,1,6,0,148,0.02457757296466974,0.09794437726723096
9,9,1523,a,Dash-8,0.001,dash8_t1.5s,1.5,1.5,reported,z_over_Lc,5.00768049155146,1,L_over_Lc,7.171704957678355,1,6,0,149,0.02457757296466974,0.09794437726723096
9,9,1523,a,Dash-8,0.001,dash8_t1.5s,1.5,1.5,reported,z_over_Lc,5.019969278033794,1,L_over_Lc,6.758162031438936,1,6,0,150,0.02457757296466974,0.09794437726723096
9,9,1523,a,Dash-8,0.001,dash8_t1.5s,1.5,1.5,reported,z_over_Lc,5.019969278033794,1,L_over_Lc,7.084643288996372,1,6,0,151,0.02457757296466974,0.09794437726723096
9,9,1523,a,Dash-8,0.001,dash8_t1.5s,1.5,1.5,reported,z_over_Lc,5.032258064516129,1,L_over_Lc,6.747279322853688,1,6,0,152,0.02457757296466974,0.09794437726723096
9,9,1523,a,Dash-8,0.001,dash8_t1.5s,1.5,1.5,reported,z_over_Lc,5.032258064516129,1,L_over_Lc,6.877871825876663,1,6,0,153,0.02457757296466974,0.09794437726723096
9,9,1523,a,Dash-8,0.001,dash8_t1.5s,1.5,1.5,reported,z_over_Lc,5.044546850998464,1,L_over_Lc,6.725513905683192,1,6,0,154,0.02457757296466974,0.09794437726723096
9,9,1523,a,Dash-8,0.001,dash8_t1.5s,1.5,1.5,reported,z_over_Lc,5.044546850998464,1,L_over_Lc,6.779927448609432,1,6,0,155,0.02457757296466974,0.09794437726723096
9,9,1523,a,Dash-8,0.001,dash8_t1.5s,1.5,1.5,reported,z_over_Lc,5.056835637480798,1,L_over_Lc,6.703748488512696,1,6,0,156,0.02457757296466974,0.09794437726723096
9,9,1523,a,Dash-8,0.001,dash8_t1.5s,1.5,1.5,reported,z_over_Lc,5.0691244239631335,1,L_over_Lc,6.6819830713422,1,6,0,157,0.02457757296466974,0.09794437726723096
9,9,1523,a,Dash-8,0.001,dash8_t1.5s,1.5,1.5,reported,z_over_Lc,5.0691244239631335,1,L_over_Lc,6.703748488512696,1,6,0,158,0.02457757296466974,0.09794437726723096
9,9,1523,a,Dash-8,0.001,dash8_t1.5s,1.5,1.5,reported,z_over_Lc,5.081413210445469,1,L_over_Lc,6.6711003627569525,1,6,0,159,0.02457757296466974,0.09794437726723096
9,9,1523,a,Dash-8,0.001,dash8_t1.5s,1.5,1.5,reported,z_over_Lc,5.081413210445469,1,L_over_Lc,6.692865779927448,1,6,0,160,0.02457757296466974,0.09794437726723096
9,9,1523,a,Dash-8,0.001,dash8_t1.5s,1.5,1.5,reported,z_over_Lc,5.093701996927804,1,L_over_Lc,6.676541717049576,1,6,0,161,0.02457757296466974,0.09794437726723096
9,9,1523,a,Dash-8,0.001,dash8_t1.5s,1.5,1.5,reported,z_over_Lc,5.105990783410138,1,L_over_Lc,6.665659008464329,1,6,0,162,0.02457757296466974,0.09794437726723096
9,9,1523,a,Dash-8,0.001,dash8_t1.5s,1.5,1.5,reported,z_over_Lc,5.118279569892473,1,L_over_Lc,6.654776299879081,1,6,0,163,0.02457757296466974,0.09794437726723096
9,9,1523,a,Dash-8,0.001,dash8_t1.5s,1.5,1.5,reported,z_over_Lc,5.130568356374808,1,L_over_Lc,6.643893591293833,1,6,0,164,0.02457757296466974,0.09794437726723096
9,9,1523,a,Dash-8,0.001,dash8_t1.5s,1.5,1.5,reported,z_over_Lc,5.142857142857143,1,L_over_Lc,6.638452237001209,1,6,0,165,0.02457757296466974,0.09794437726723096
9,9,1523,a,Dash-8,0.001,dash8_t1.5s,1.5,1.5,reported,z_over_Lc,5.1551459293394775,1,L_over_Lc,6.616686819830713,1,6,0,166,0.02457757296466974,0.09794437726723096
9,9,1523,a,Dash-8,0.001,dash8_t1.5s,1.5,1.5,reported,z_over_Lc,5.167434715821813,1,L_over_Lc,6.5894800483675935,1,6,0,167,0.02457757296466974,0.09794437726723096
9,9,1523,a,Dash-8,0.001,dash8_t1.5s,1.5,1.5,reported,z_over_Lc,5.179723502304148,1,L_over_Lc,6.496977025392987,1,6,0,168,0.02457757296466974,0.09794437726723096
9,9,1523,a,Dash-8,0.001,dash8_t1.5s,1.5,1.5,reported,z_over_Lc,5.179723502304148,1,L_over_Lc,6.605804111245465,1,6,0,169,0.02457757296466974,0.09794437726723096
9,9,1523,a,Dash-8,0.001,dash8_t1.5s,1.5,1.5,reported,z_over_Lc,5.192012288786482,1,L_over_Lc,6.399032648125756,1,6,0,170,0.02457757296466974,0.09794437726723096
9,9,1523,a,Dash-8,0.001,dash8_t1.5s,1.5,1.5,reported,z_over_Lc,5.192012288786482,1,L_over_Lc,6.594921402660217,1,6,0,171,0.02457757296466974,0.09794437726723096
9,9,1523,a,Dash-8,0.001,dash8_t1.5s,1.5,1.5,reported,z_over_Lc,5.204301075268817,1,L_over_Lc,6.235792019347038,1,6,0,172,0.02457757296466974,0.09794437726723096
9,9,1523,a,Dash-8,0.001,dash8_t1.5s,1.5,1.5,reported,z_over_Lc,5.204301075268817,1,L_over_Lc,6.594921402660217,1,6,0,173,0.02457757296466974,0.09794437726723096
9,9,1523,a,Dash-8,0.001,dash8_t1.5s,1.5,1.5,reported,z_over_Lc,5.216589861751152,1,L_over_Lc,6.1704957678355505,1,6,0,174,0.02457757296466974,0.09794437726723096
9,9,1523,a,Dash-8,0.001,dash8_t1.5s,1.5,1.5,reported,z_over_Lc,5.216589861751152,1,L_over_Lc,6.5840386940749696,1,6,0,175,0.02457757296466974,0.09794437726723096
9,9,1523,a,Dash-8,0.001,dash8_t1.5s,1.5,1.5,reported,z_over_Lc,5.228878648233487,1,L_over_Lc,6.094316807738815,1,6,0,176,0.02457757296466974,0.09794437726723096
9,9,1523,a,Dash-8,0.001,dash8_t1.5s,1.5,1.5,reported,z_over_Lc,5.228878648233487,1,L_over_Lc,6.573155985489722,1,6,0,177,0.02457757296466974,0.09794437726723096
9,9,1523,a,Dash-8,0.001,dash8_t1.5s,1.5,1.5,reported,z_over_Lc,5.2411674347158215,1,L_over_Lc,6.083434099153567,1,6,0,178,0.02457757296466974,0.09794437726723096
9,9,1523,a,Dash-8,0.001,dash8_t1.5s,1.5,1.5,reported,z_over_Lc,5.2411674347158215,1,L_over_Lc,6.540507859733978,1,6,0,179,0.02457757296466974,0.09794437726723096
9,9,1523,a,Dash-8,0.001,dash8_t1.5s,1.5,1.5,reported,z_over_Lc,5.253456221198157,1,L_over_Lc,6.083434099153567,1,6,0,180,0.02457757296466974,0.09794437726723096
9,9,1523,a,Dash-8,0.001,dash8_t1.5s,1.5,1.5,reported,z_over_Lc,5.253456221198157,1,L_over_Lc,6.52962515114873,1,6,0,181,0.02457757296466974,0.09794437726723096
9,9,1523,a,Dash-8,0.001,dash8_t1.5s,1.5,1.5,reported,z_over_Lc,5.265745007680492,1,L_over_Lc,6.083434099153567,1,6,0,182,0.02457757296466974,0.09794437726723096
9,9,1523,a,Dash-8,0.001,dash8_t1.5s,1.5,1.5,reported,z_over_Lc,5.265745007680492,1,L_over_Lc,6.464328899637243,1,6,0,183,0.02457757296466974,0.09794437726723096
9,9,1523,a,Dash-8,0.001,dash8_t1.5s,1.5,1.5,reported,z_over_Lc,5.278033794162827,1,L_over_Lc,6.072551390568319,1,6,0,184,0.02457757296466974,0.09794437726723096
9,9,1523,a,Dash-8,0.001,dash8_t1.5s,1.5,1.5,reported,z_over_Lc,5.278033794162827,1,L_over_Lc,6.431680773881499,1,6,0,185,0.02457757296466974,0.09794437726723096
9,9,1523,a,Dash-8,0.001,dash8_t1.5s,1.5,1.5,reported,z_over_Lc,5.290322580645161,1,L_over_Lc,6.072551390568319,1,6,0,186,0.02457757296466974,0.09794437726723096
9,9,1523,a,Dash-8,0.001,dash8_t1.5s,1.5,1.5,reported,z_over_Lc,5.290322580645161,1,L_over_Lc,6.355501813784764,1,6,0,187,0.02457757296466974,0.09794437726723096
9,9,1523,a,Dash-8,0.001,dash8_t1.5s,1.5,1.5,reported,z_over_Lc,5.302611367127496,1,L_over_Lc,6.050785973397823,1,6,0,188,0.02457757296466974,0.09794437726723096
9,9,1523,a,Dash-8,0.001,dash8_t1.5s,1.5,1.5,reported,z_over_Lc,5.302611367127496,1,L_over_Lc,6.279322853688029,1,6,0,189,0.02457757296466974,0.09794437726723096
9,9,1523,a,Dash-8,0.001,dash8_t1.5s,1.5,1.5,reported,z_over_Lc,5.314900153609831,1,L_over_Lc,6.039903264812575,1,6,0,190,0.02457757296466974,0.09794437726723096
9,9,1523,a,Dash-8,0.001,dash8_t1.5s,1.5,1.5,reported,z_over_Lc,5.314900153609831,1,L_over_Lc,6.116082224909311,1,6,0,191,0.02457757296466974,0.09794437726723096
9,9,1523,a,Dash-8,0.001,dash8_t1.5s,1.5,1.5,reported,z_over_Lc,5.3271889400921655,1,L_over_Lc,6.034461910519951,1,6,0,192,0.02457757296466974,0.09794437726723096
9,9,1523,a,Dash-8,0.001,dash8_t1.5s,1.5,1.5,reported,z_over_Lc,5.339477726574501,1,L_over_Lc,6.023579201934703,1,6,0,193,0.02457757296466974,0.09794437726723096
9,9,1523,a,Dash-8,0.001,dash8_t1.5s,1.5,1.5,reported,z_over_Lc,5.351766513056836,1,L_over_Lc,6.023579201934703,1,6,0,194,0.02457757296466974,0.09794437726723096
9,9,1523,a,Dash-8,0.001,dash8_t1.5s,1.5,1.5,reported,z_over_Lc,5.364055299539171,1,L_over_Lc,6.023579201934703,1,6,0,195,0.02457757296466974,0.09794437726723096
9,9,1523,a,Dash-8,0.001,dash8_t1.5s,1.5,1.5,reported,z_over_Lc,5.376344086021505,1,L_over_Lc,6.029020556227327,1,6,0,196,0.02457757296466974,0.09794437726723096
9,9,1523,a,Dash-8,0.001,dash8_t1.5s,1.5,1.5,reported,z_over_Lc,5.38863287250384,1,L_over_Lc,6.029020556227327,1,6,0,197,0.02457757296466974,0.09794437726723096
9,9,1523,a,Dash-8,0.001,dash8_t1.5s,1.5,1.5,reported,z_over_Lc,5.400921658986175,1,L_over_Lc,6.034461910519951,1,6,0,198,0.02457757296466974,0.09794437726723096
9,9,1523,a,Dash-8,0.001,dash8_t1.5s,1.5,1.5,reported,z_over_Lc,5.41321044546851,1,L_over_Lc,6.067110036275695,1,6,0,199,0.02457757296466974,0.09794437726723096
9,9,1523,a,Dash-8,0.001,dash8_t1.5s,1.5,1.5,reported,z_over_Lc,5.425499231950845,1,L_over_Lc,6.083434099153567,1,6,0,200,0.02457757296466974,0.09794437726723096
9,9,1523,a,Dash-8,0.001,dash8_t1.5s,1.5,1.5,reported,z_over_Lc,5.43778801843318,1,L_over_Lc,6.0997581620314385,1,6,0,201,0.02457757296466974,0.09794437726723096
9,9,1523,a,Dash-8,0.001,dash8_t1.5s,1.5,1.5,reported,z_over_Lc,5.450076804915515,1,L_over_Lc,6.110640870616687,1,6,0,202,0.02457757296466974,0.09794437726723096
9,9,1523,a,Dash-8,0.001,dash8_t1.5s,1.5,1.5,reported,z_over_Lc,5.462365591397849,1,L_over_Lc,6.105199516324062,1,6,0,203,0.02457757296466974,0.09794437726723096
9,9,1523,a,Dash-8,0.001,dash8_t1.5s,1.5,1.5,reported,z_over_Lc,5.462365591397849,1,L_over_Lc,6.126964933494559,1,6,0,204,0.02457757296466974,0.09794437726723096
9,9,1523,a,Dash-8,0.001,dash8_t1.5s,1.5,1.5,reported,z_over_Lc,5.474654377880184,1,L_over_Lc,6.105199516324062,1,6,0,205,0.02457757296466974,0.09794437726723096
9,9,1523,a,Dash-8,0.001,dash8_t1.5s,1.5,1.5,reported,z_over_Lc,5.474654377880184,1,L_over_Lc,6.126964933494559,1,6,0,206,0.02457757296466974,0.09794437726723096
9,9,1523,a,Dash-8,0.001,dash8_t1.5s,1.5,1.5,reported,z_over_Lc,5.486943164362519,1,L_over_Lc,6.121523579201935,1,6,0,207,0.02457757296466974,0.09794437726723096
9,9,1523,a,Dash-8,0.001,dash8_t1.5s,1.5,1.5,reported,z_over_Lc,5.499231950844854,1,L_over_Lc,6.132406287787183,1,6,0,208,0.02457757296466974,0.09794437726723096
9,9,1523,a,Dash-8,0.001,dash8_t1.5s,1.5,1.5,reported,z_over_Lc,5.511520737327189,1,L_over_Lc,6.137847642079807,1,6,0,209,0.02457757296466974,0.09794437726723096
9,9,1523,a,Dash-8,0.001,dash8_t1.5s,1.5,1.5,reported,z_over_Lc,5.523809523809524,1,L_over_Lc,6.148730350665055,1,6,0,210,0.02457757296466974,0.09794437726723096
9,9,1523,a,Dash-8,0.001,dash8_t1.5s,1.5,1.5,reported,z_over_Lc,5.536098310291859,1,L_over_Lc,6.143288996372431,1,6,0,211,0.02457757296466974,0.09794437726723096
9,9,1523,a,Dash-8,0.001,dash8_t1.5s,1.5,1.5,reported,z_over_Lc,5.548387096774194,1,L_over_Lc,6.094316807738815,1,6,0,212,0.02457757296466974,0.09794437726723096
9,9,1523,a,Dash-8,0.001,dash8_t1.5s,1.5,1.5,reported,z_over_Lc,5.548387096774194,1,L_over_Lc,6.126964933494559,1,6,0,213,0.02457757296466974,0.09794437726723096
9,9,1523,a,Dash-8,0.001,dash8_t1.5s,1.5,1.5,reported,z_over_Lc,5.560675883256528,1,L_over_Lc,5.996372430471584,1,6,0,214,0.02457757296466974,0.09794437726723096
9,9,1523,a,Dash-8,0.001,dash8_t1.5s,1.5,1.5,reported,z_over_Lc,5.560675883256528,1,L_over_Lc,6.116082224909311,1,6,0,215,0.02457757296466974,0.09794437726723096
9,9,1523,a,Dash-8,0.001,dash8_t1.5s,1.5,1.5,reported,z_over_Lc,5.572964669738863,1,L_over_Lc,5.952841596130592,1,6,0,216,0.02457757296466974,0.09794437726723096
9,9,1523,a,Dash-8,0.001,dash8_t1.5s,1.5,1.5,reported,z_over_Lc,5.572964669738863,1,L_over_Lc,6.105199516324062,1,6,0,217,0.02457757296466974,0.09794437726723096
9,9,1523,a,Dash-8,0.001,dash8_t1.5s,1.5,1.5,reported,z_over_Lc,5.585253456221198,1,L_over_Lc,5.941958887545344,1,6,0,218,0.02457757296466974,0.09794437726723096
9,9,1523,a,Dash-8,0.001,dash8_t1.5s,1.5,1.5,reported,z_over_Lc,5.585253456221198,1,L_over_Lc,6.105199516324062,1,6,0,219,0.02457757296466974,0.09794437726723096
9,9,1523,a,Dash-8,0.001,dash8_t1.5s,1.5,1.5,reported,z_over_Lc,5.597542242703533,1,L_over_Lc,5.920193470374849,1,6,0,220,0.02457757296466974,0.09794437726723096
9,9,1523,a,Dash-8,0.001,dash8_t1.5s,1.5,1.5,reported,z_over_Lc,5.597542242703533,1,L_over_Lc,6.094316807738815,1,6,0,221,0.02457757296466974,0.09794437726723096
9,9,1523,a,Dash-8,0.001,dash8_t1.5s,1.5,1.5,reported,z_over_Lc,5.609831029185868,1,L_over_Lc,5.909310761789601,1,6,0,222,0.02457757296466974,0.09794437726723096
9,9,1523,a,Dash-8,0.001,dash8_t1.5s,1.5,1.5,reported,z_over_Lc,5.609831029185868,1,L_over_Lc,6.083434099153567,1,6,0,223,0.02457757296466974,0.09794437726723096
9,9,1523,a,Dash-8,0.001,dash8_t1.5s,1.5,1.5,reported,z_over_Lc,5.622119815668203,1,L_over_Lc,5.909310761789601,1,6,0,224,0.02457757296466974,0.09794437726723096
9,9,1523,a,Dash-8,0.001,dash8_t1.5s,1.5,1.5,reported,z_over_Lc,5.622119815668203,1,L_over_Lc,6.083434099153567,1,6,0,225,0.02457757296466974,0.09794437726723096
9,9,1523,a,Dash-8,0.001,dash8_t1.5s,1.5,1.5,reported,z_over_Lc,5.634408602150538,1,L_over_Lc,5.898428053204353,1,6,0,226,0.02457757296466974,0.09794437726723096
9,9,1523,a,Dash-8,0.001,dash8_t1.5s,1.5,1.5,reported,z_over_Lc,5.634408602150538,1,L_over_Lc,6.072551390568319,1,6,0,227,0.02457757296466974,0.09794437726723096
9,9,1523,a,Dash-8,0.001,dash8_t1.5s,1.5,1.5,reported,z_over_Lc,5.646697388632872,1,L_over_Lc,5.887545344619105,1,6,0,228,0.02457757296466974,0.09794437726723096
9,9,1523,a,Dash-8,0.001,dash8_t1.5s,1.5,1.5,reported,z_over_Lc,5.646697388632872,1,L_over_Lc,6.039903264812575,1,6,0,229,0.02457757296466974,0.09794437726723096
9,9,1523,a,Dash-8,0.001,dash8_t1.5s,1.5,1.5,reported,z_over_Lc,5.658986175115207,1,L_over_Lc,5.887545344619105,1,6,0,230,0.02457757296466974,0.09794437726723096
9,9,1523,a,Dash-8,0.001,dash8_t1.5s,1.5,1.5,reported,z_over_Lc,5.658986175115207,1,L_over_Lc,5.96372430471584,1,6,0,231,0.02457757296466974,0.09794437726723096
9,9,1523,a,Dash-8,0.001,dash8_t1.5s,1.5,1.5,reported,z_over_Lc,5.671274961597542,1,L_over_Lc,5.871221281741233,1,6,0,232,0.02457757296466974,0.09794437726723096
9,9,1523,a,Dash-8,0.001,dash8_t1.5s,1.5,1.5,reported,z_over_Lc,5.6835637480798775,1,L_over_Lc,5.860338573155985,1,6,0,233,0.02457757296466974,0.09794437726723096
9,9,1523,a,Dash-8,0.001,dash8_t1.5s,1.5,1.5,reported,z_over_Lc,5.695852534562212,1,L_over_Lc,5.8548972188633615,1,6,0,234,0.02457757296466974,0.09794437726723096
9,9,1523,a,Dash-8,0.001,dash8_t1.5s,1.5,1.5,reported,z_over_Lc,5.708141321044547,1,L_over_Lc,5.8548972188633615,1,6,0,235,0.02457757296466974,0.09794437726723096
9,9,1523,a,Dash-8,0.001,dash8_t1.5s,1.5,1.5,reported,z_over_Lc,5.720430107526882,1,L_over_Lc,5.8548972188633615,1,6,0,236,0.02457757296466974,0.09794437726723096
9,9,1523,a,Dash-8,0.001,dash8_t1.5s,1.5,1.5,reported,z_over_Lc,5.732718894009216,1,L_over_Lc,5.8548972188633615,1,6,0,237,0.02457757296466974,0.09794437726723096
9,9,1523,a,Dash-8,0.001,dash8_t1.5s,1.5,1.5,reported,z_over_Lc,5.745007680491551,1,L_over_Lc,5.8548972188633615,1,6,0,238,0.02457757296466974,0.09794437726723096
9,9,1523,a,Dash-8,0.001,dash8_t1.5s,1.5,1.5,reported,z_over_Lc,5.757296466973886,1,L_over_Lc,5.876662636033857,1,6,0,239,0.02457757296466974,0.09794437726723096
9,9,1523,a,Dash-8,0.001,dash8_t1.5s,1.5,1.5,reported,z_over_Lc,5.7695852534562215,1,L_over_Lc,5.876662636033857,1,6,0,240,0.02457757296466974,0.09794437726723096
9,9,1523,a,Dash-8,0.001,dash8_t1.5s,1.5,1.5,reported,z_over_Lc,5.7695852534562215,1,L_over_Lc,5.996372430471584,1,6,0,241,0.02457757296466974,0.09794437726723096
9,9,1523,a,Dash-8,0.001,dash8_t1.5s,1.5,1.5,reported,z_over_Lc,5.781874039938556,1,L_over_Lc,5.876662636033857,1,6,0,242,0.02457757296466974,0.09794437726723096
9,9,1523,a,Dash-8,0.001,dash8_t1.5s,1.5,1.5,reported,z_over_Lc,5.781874039938556,1,L_over_Lc,6.039903264812575,1,6,0,243,0.02457757296466974,0.09794437726723096
9,9,1523,a,Dash-8,0.001,dash8_t1.5s,1.5,1.5,reported,z_over_Lc,5.794162826420891,1,L_over_Lc,5.876662636033857,1,6,0,244,0.02457757296466974,0.09794437726723096
9,9,1523,a,Dash-8,0.001,dash8_t1.5s,1.5,1.5,reported,z_over_Lc,5.794162826420891,1,L_over_Lc,6.050785973397823,1,6,0,245,0.02457757296466974,0.09794437726723096
9,9,1523,a,Dash-8,0.001,dash8_t1.5s,1.5,1.5,reported,z_over_Lc,5.806451612903226,1,L_over_Lc,5.876662636033857,1,6,0,246,0.02457757296466974,0.09794437726723096
9,9,1523,a,Dash-8,0.001,dash8_t1.5s,1.5,1.5,reported,z_over_Lc,5.806451612903226,1,L_over_Lc,6.061668681983071,1,6,0,247,0.02457757296466974,0.09794437726723096
9,9,1523,a,Dash-8,0.001,dash8_t1.5s,1.5,1.5,reported,z_over_Lc,5.818740399385561,1,L_over_Lc,5.876662636033857,1,6,0,248,0.02457757296466974,0.09794437726723096
9,9,1523,a,Dash-8,0.001,dash8_t1.5s,1.5,1.5,reported,z_over_Lc,5.818740399385561,1,L_over_Lc,6.072551390568319,1,6,0,249,0.02457757296466974,0.09794437726723096
9,9,1523,a,Dash-8,0.001,dash8_t1.5s,1.5,1.5,reported,z_over_Lc,5.831029185867895,1,L_over_Lc,5.876662636033857,1,6,0,250,0.02457757296466974,0.09794437726723096
9,9,1523,a,Dash-8,0.001,dash8_t1.5s,1.5,1.5,reported,z_over_Lc,5.831029185867895,1,L_over_Lc,6.083434099153567,1,6,0,251,0.02457757296466974,0.09794437726723096
9,9,1523,a,Dash-8,0.001,dash8_t1.5s,1.5,1.5,reported,z_over_Lc,5.84331797235023,1,L_over_Lc,5.887545344619105,1,6,0,252,0.02457757296466974,0.09794437726723096
9,9,1523,a,Dash-8,0.001,dash8_t1.5s,1.5,1.5,reported,z_over_Lc,5.84331797235023,1,L_over_Lc,6.105199516324062,1,6,0,253,0.02457757296466974,0.09794437726723096
9,9,1523,a,Dash-8,0.001,dash8_t1.5s,1.5,1.5,reported,z_over_Lc,5.8556067588325655,1,L_over_Lc,5.920193470374849,1,6,0,254,0.02457757296466974,0.09794437726723096
9,9,1523,a,Dash-8,0.001,dash8_t1.5s,1.5,1.5,reported,z_over_Lc,5.8556067588325655,1,L_over_Lc,6.105199516324062,1,6,0,255,0.02457757296466974,0.09794437726723096
9,9,1523,a,Dash-8,0.001,dash8_t1.5s,1.5,1.5,reported,z_over_Lc,5.8678955453149,1,L_over_Lc,5.974607013301088,1,6,0,256,0.02457757296466974,0.09794437726723096
9,9,1523,a,Dash-8,0.001,dash8_t1.5s,1.5,1.5,reported,z_over_Lc,5.8678955453149,1,L_over_Lc,6.116082224909311,1,6,0,257,0.02457757296466974,0.09794437726723096
9,9,1523,a,Dash-8,0.001,dash8_t1.5s,1.5,1.5,reported,z_over_Lc,5.880184331797235,1,L_over_Lc,6.116082224909311,1,6,0,258,0.02457757296466974,0.09794437726723096
9,9,1523,a,Dash-8,0.001,dash8_t1.5s,1.5,1.5,reported,z_over_Lc,5.89247311827957,1,L_over_Lc,6.148730350665055,1,6,0,259,0.02457757296466974,0.09794437726723096
9,9,1523,a,Dash-8,0.001,dash8_t1.5s,1.5,1.5,reported,z_over_Lc,5.904761904761905,1,L_over_Lc,6.148730350665055,1,6,0,260,0.02457757296466974,0.09794437726723096
9,9,1523,a,Dash-8,0.001,dash8_t1.5s,1.5,1.5,reported,z_over_Lc,5.917050691244239,1,L_over_Lc,6.148730350665055,1,6,0,261,0.02457757296466974,0.09794437726723096
9,9,1523,a,Dash-8,0.001,dash8_t1.5s,1.5,1.5,reported,z_over_Lc,5.929339477726574,1,L_over_Lc,6.143288996372431,1,6,0,262,0.02457757296466974,0.09794437726723096
9,9,1523,a,Dash-8,0.001,dash8_t1.5s,1.5,1.5,reported,z_over_Lc,5.9416282642089095,1,L_over_Lc,6.143288996372431,1,6,0,263,0.02457757296466974,0.09794437726723096
9,9,1523,a,Dash-8,0.001,dash8_t1.5s,1.5,1.5,reported,z_over_Lc,5.953917050691245,1,L_over_Lc,6.137847642079807,1,6,0,264,0.02457757296466974,0.09794437726723096
9,9,1523,a,Dash-8,0.001,dash8_t1.5s,1.5,1.5,reported,z_over_Lc,5.966205837173579,1,L_over_Lc,6.137847642079807,1,6,0,265,0.02457757296466974,0.09794437726723096
9,9,1523,a,Dash-8,0.001,dash8_t1.5s,1.5,1.5,reported,z_over_Lc,5.978494623655914,1,L_over_Lc,6.137847642079807,1,6,0,266,0.02457757296466974,0.09794437726723096
9,9,1523,a,Dash-8,0.001,dash8_t1.5s,1.5,1.5,reported,z_over_Lc,5.990783410138249,1,L_over_Lc,6.137847642079807,1,6,0,267,0.02457757296466974,0.09794437726723096
9,9,1523,a,Dash-8,0.001,dash8_t1.5s,1.5,1.5,reported,z_over_Lc,6.003072196620583,1,L_over_Lc,6.143288996372431,1,6,0,268,0.02457757296466974,0.09794437726723096
9,9,1523,a,Dash-8,0.001,dash8_t1.5s,1.5,1.5,reported,z_over_Lc,6.0153609831029184,1,L_over_Lc,6.148730350665055,1,6,0,269,0.02457757296466974,0.09794437726723096
9,9,1523,a,Dash-8,0.001,dash8_t1.5s,1.5,1.5,reported,z_over_Lc,6.027649769585254,1,L_over_Lc,6.159613059250303,1,6,0,270,0.02457757296466974,0.09794437726723096
9,9,1523,a,Dash-8,0.001,dash8_t1.5s,1.5,1.5,reported,z_over_Lc,6.039938556067589,1,L_over_Lc,6.165054413542927,1,6,0,271,0.02457757296466974,0.09794437726723096
9,9,1523,a,Dash-8,0.001,dash8_t1.5s,1.5,1.5,reported,z_over_Lc,6.052227342549923,1,L_over_Lc,6.1759371221281745,1,6,0,272,0.02457757296466974,0.09794437726723096
9,9,1523,a,Dash-8,0.001,dash8_t1.5s,1.5,1.5,reported,z_over_Lc,6.064516129032258,1,L_over_Lc,6.19770253929867,1,6,0,273,0.02457757296466974,0.09794437726723096
9,9,1523,a,Dash-8,0.001,dash8_t1.5s,1.5,1.5,reported,z_over_Lc,6.076804915514593,1,L_over_Lc,6.203143893591294,1,6,0,274,0.02457757296466974,0.09794437726723096
9,9,1523,a,Dash-8,0.001,dash8_t1.5s,1.5,1.5,reported,z_over_Lc,6.089093701996928,1,L_over_Lc,6.22490931076179,1,6,0,275,0.02457757296466974,0.09794437726723096
9,9,1523,a,Dash-8,0.001,dash8_t1.5s,1.5,1.5,reported,z_over_Lc,6.1013824884792625,1,L_over_Lc,6.235792019347038,1,6,0,276,0.02457757296466974,0.09794437726723096
9,9,1523,a,Dash-8,0.001,dash8_t1.5s,1.5,1.5,reported,z_over_Lc,6.1013824884792625,1,L_over_Lc,6.2575574365175335,1,6,0,277,0.02457757296466974,0.09794437726723096
9,9,1523,a,Dash-8,0.001,dash8_t1.5s,1.5,1.5,reported,z_over_Lc,6.113671274961598,1,L_over_Lc,6.246674727932286,1,6,0,278,0.02457757296466974,0.09794437726723096
9,9,1523,a,Dash-8,0.001,dash8_t1.5s,1.5,1.5,reported,z_over_Lc,6.113671274961598,1,L_over_Lc,6.268440145102781,1,6,0,279,0.02457757296466974,0.09794437726723096
9,9,1523,a,Dash-8,0.001,dash8_t1.5s,1.5,1.5,reported,z_over_Lc,6.125960061443933,1,L_over_Lc,6.2575574365175335,1,6,0,280,0.02457757296466974,0.09794437726723096
9,9,1523,a,Dash-8,0.001,dash8_t1.5s,1.5,1.5,reported,z_over_Lc,6.125960061443933,1,L_over_Lc,6.279322853688029,1,6,0,281,0.02457757296466974,0.09794437726723096
9,9,1523,a,Dash-8,0.001,dash8_t1.5s,1.5,1.5,reported,z_over_Lc,6.138248847926267,1,L_over_Lc,6.268440145102781,1,6,0,282,0.02457757296466974,0.09794437726723096
9,9,1523,a,Dash-8,0.001,dash8_t1.5s,1.5,1.5,reported,z_over_Lc,6.138248847926267,1,L_over_Lc,6.333736396614269,1,6,0,283,0.02457757296466974,0.09794437726723096
9,9,1523,a,Dash-8,0.001,dash8_t1.5s,1.5,1.5,reported,z_over_Lc,6.150537634408602,1,L_over_Lc,6.279322853688029,1,6,0,284,0.02457757296466974,0.09794437726723096
9,9,1523,a,Dash-8,0.001,dash8_t1.5s,1.5,1.5,reported,z_over_Lc,6.150537634408602,1,L_over_Lc,6.37726723095526,1,6,0,285,0.02457757296466974,0.09794437726723096
9,9,1523,a,Dash-8,0.001,dash8_t1.5s,1.5,1.5,reported,z_over_Lc,6.162826420890937,1,L_over_Lc,6.290205562273277,1,6,0,286,0.02457757296466974,0.09794437726723096
9,9,1523,a,Dash-8,0.001,dash8_t1.5s,1.5,1.5,reported,z_over_Lc,6.162826420890937,1,L_over_Lc,6.409915356711004,1,6,0,287,0.02457757296466974,0.09794437726723096
9,9,1523,a,Dash-8,0.001,dash8_t1.5s,1.5,1.5,reported,z_over_Lc,6.175115207373272,1,L_over_Lc,6.322853688029021,1,6,0,288,0.02457757296466974,0.09794437726723096
9,9,1523,a,Dash-8,0.001,dash8_t1.5s,1.5,1.5,reported,z_over_Lc,6.175115207373272,1,L_over_Lc,6.442563482466747,1,6,0,289,0.02457757296466974,0.09794437726723096
9,9,1523,a,Dash-8,0.001,dash8_t1.5s,1.5,1.5,reported,z_over_Lc,6.1874039938556065,1,L_over_Lc,6.344619105199516,1,6,0,290,0.02457757296466974,0.09794437726723096
9,9,1523,a,Dash-8,0.001,dash8_t1.5s,1.5,1.5,reported,z_over_Lc,6.1874039938556065,1,L_over_Lc,6.496977025392987,1,6,0,291,0.02457757296466974,0.09794437726723096
9,9,1523,a,Dash-8,0.001,dash8_t1.5s,1.5,1.5,reported,z_over_Lc,6.199692780337942,1,L_over_Lc,6.366384522370012,1,6,0,292,0.02457757296466974,0.09794437726723096
9,9,1523,a,Dash-8,0.001,dash8_t1.5s,1.5,1.5,reported,z_over_Lc,6.199692780337942,1,L_over_Lc,6.5078597339782345,1,6,0,293,0.02457757296466974,0.09794437726723096
9,9,1523,a,Dash-8,0.001,dash8_t1.5s,1.5,1.5,reported,z_over_Lc,6.211981566820277,1,L_over_Lc,6.37726723095526,1,6,0,294,0.02457757296466974,0.09794437726723096
9,9,1523,a,Dash-8,0.001,dash8_t1.5s,1.5,1.5,reported,z_over_Lc,6.211981566820277,1,L_over_Lc,6.540507859733978,1,6,0,295,0.02457757296466974,0.09794437726723096
9,9,1523,a,Dash-8,0.001,dash8_t1.5s,1.5,1.5,reported,z_over_Lc,6.224270353302612,1,L_over_Lc,6.388149939540508,1,6,0,296,0.02457757296466974,0.09794437726723096
9,9,1523,a,Dash-8,0.001,dash8_t1.5s,1.5,1.5,reported,z_over_Lc,6.224270353302612,1,L_over_Lc,6.551390568319226,1,6,0,297,0.02457757296466974,0.09794437726723096
9,9,1523,a,Dash-8,0.001,dash8_t1.5s,1.5,1.5,reported,z_over_Lc,6.236559139784946,1,L_over_Lc,6.409915356711004,1,6,0,298,0.02457757296466974,0.09794437726723096
9,9,1523,a,Dash-8,0.001,dash8_t1.5s,1.5,1.5,reported,z_over_Lc,6.236559139784946,1,L_over_Lc,6.562273276904474,1,6,0,299,0.02457757296466974,0.09794437726723096
9,9,1523,a,Dash-8,0.001,dash8_t1.5s,1.5,1.5,reported,z_over_Lc,6.248847926267281,1,L_over_Lc,6.464328899637243,1,6,0,300,0.02457757296466974,0.09794437726723096
9,9,1523,a,Dash-8,0.001,dash8_t1.5s,1.5,1.5,reported,z_over_Lc,6.248847926267281,1,L_over_Lc,6.5840386940749696,1,6,0,301,0.02457757296466974,0.09794437726723096
9,9,1523,a,Dash-8,0.001,dash8_t1.5s,1.5,1.5,reported,z_over_Lc,6.261136712749616,1,L_over_Lc,6.518742442563482,1,6,0,302,0.02457757296466974,0.09794437726723096
9,9,1523,a,Dash-8,0.001,dash8_t1.5s,1.5,1.5,reported,z_over_Lc,6.261136712749616,1,L_over_Lc,6.616686819830713,1,6,0,303,0.02457757296466974,0.09794437726723096
9,9,1523,a,Dash-8,0.001,dash8_t1.5s,1.5,1.5,reported,z_over_Lc,6.2734254992319505,1,L_over_Lc,6.540507859733978,1,6,0,304,0.02457757296466974,0.09794437726723096
9,9,1523,a,Dash-8,0.001,dash8_t1.5s,1.5,1.5,reported,z_over_Lc,6.2734254992319505,1,L_over_Lc,6.627569528415961,1,6,0,305,0.02457757296466974,0.09794437726723096
9,9,1523,a,Dash-8,0.001,dash8_t1.5s,1.5,1.5,reported,z_over_Lc,6.285714285714286,1,L_over_Lc,6.605804111245465,1,6,0,306,0.02457757296466974,0.09794437726723096
9,9,1523,a,Dash-8,0.001,dash8_t1.5s,1.5,1.5,reported,z_over_Lc,6.285714285714286,1,L_over_Lc,6.692865779927448,1,6,0,307,0.02457757296466974,0.09794437726723096
9,9,1523,a,Dash-8,0.001,dash8_t1.5s,1.5,1.5,reported,z_over_Lc,6.298003072196621,1,L_over_Lc,6.638452237001209,1,6,0,308,0.02457757296466974,0.09794437726723096
9,9,1523,a,Dash-8,0.001,dash8_t1.5s,1.5,1.5,reported,z_over_Lc,6.298003072196621,1,L_over_Lc,6.703748488512696,1,6,0,309,0.02457757296466974,0.09794437726723096
9,9,1523,a,Dash-8,0.001,dash8_t1.5s,1.5,1.5,reported,z_over_Lc,6.310291858678956,1,L_over_Lc,6.649334945586457,1,6,0,310,0.02457757296466974,0.09794437726723096
9,9,1523,a,Dash-8,0.001,dash8_t1.5s,1.5,1.5,reported,z_over_Lc,6.310291858678956,1,L_over_Lc,6.73639661426844,1,6,0,311,0.02457757296466974,0.09794437726723096
9,9,1523,a,Dash-8,0.001,dash8_t1.5s,1.5,1.5,reported,z_over_Lc,6.32258064516129,1,L_over_Lc,6.660217654171705,1,6,0,312,0.02457757296466974,0.09794437726723096
9,9,1523,a,Dash-8,0.001,dash8_t1.5s,1.5,1.5,reported,z_over_Lc,6.32258064516129,1,L_over_Lc,6.758162031438936,1,6,0,313,0.02457757296466974,0.09794437726723096
9,9,1523,a,Dash-8,0.001,dash8_t1.5s,1.5,1.5,reported,z_over_Lc,6.334869431643625,1,L_over_Lc,6.6819830713422,1,6,0,314,0.02457757296466974,0.09794437726723096
9,9,1523,a,Dash-8,0.001,dash8_t1.5s,1.5,1.5,reported,z_over_Lc,6.334869431643625,1,L_over_Lc,6.758162031438936,1,6,0,315,0.02457757296466974,0.09794437726723096
9,9,1523,a,Dash-8,0.001,dash8_t1.5s,1.5,1.5,reported,z_over_Lc,6.34715821812596,1,L_over_Lc,6.703748488512696,1,6,0,316,0.02457757296466974,0.09794437726723096
9,9,1523,a,Dash-8,0.001,dash8_t1.5s,1.5,1.5,reported,z_over_Lc,6.34715821812596,1,L_over_Lc,6.769044740024184,1,6,0,317,0.02457757296466974,0.09794437726723096
9,9,1523,a,Dash-8,0.001,dash8_t1.5s,1.5,1.5,reported,z_over_Lc,6.359447004608295,1,L_over_Lc,6.725513905683192,1,6,0,318,0.02457757296466974,0.09794437726723096
9,9,1523,a,Dash-8,0.001,dash8_t1.5s,1.5,1.5,reported,z_over_Lc,6.359447004608295,1,L_over_Lc,6.779927448609432,1,6,0,319,0.02457757296466974,0.09794437726723096
9,9,1523,a,Dash-8,0.001,dash8_t1.5s,1.5,1.5,reported,z_over_Lc,6.37173579109063,1,L_over_Lc,6.758162031438936,1,6,0,320,0.02457757296466974,0.09794437726723096
9,9,1523,a,Dash-8,0.001,dash8_t1.5s,1.5,1.5,reported,z_over_Lc,6.37173579109063,1,L_over_Lc,6.779927448609432,1,6,0,321,0.02457757296466974,0.09794437726723096
9,9,1523,a,Dash-8,0.001,dash8_t1.5s,1.5,1.5,reported,z_over_Lc,6.384024577572965,1,L_over_Lc,6.779927448609432,1,6,0,322,0.02457757296466974,0.09794437726723096
9,9,1523,a,Dash-8,0.001,dash8_t1.5s,1.5,1.5,reported,z_over_Lc,6.3963133640553,1,L_over_Lc,6.8180169286578,1,6,0,323,0.02457757296466974,0.09794437726723096
9,9,1523,a,Dash-8,0.001,dash8_t1.5s,1.5,1.5,reported,z_over_Lc,6.408602150537634,1,L_over_Lc,6.8288996372430475,1,6,0,324,0.02457757296466974,0.09794437726723096
9,9,1523,a,Dash-8,0.001,dash8_t1.5s,1.5,1.5,reported,z_over_Lc,6.420890937019969,1,L_over_Lc,6.834340991535671,1,6,0,325,0.02457757296466974,0.09794437726723096
9,9,1523,a,Dash-8,0.001,dash8_t1.5s,1.5,1.5,reported,z_over_Lc,6.433179723502304,1,L_over_Lc,6.845223700120919,1,6,0,326,0.02457757296466974,0.09794437726723096
9,9,1523,a,Dash-8,0.001,dash8_t1.5s,1.5,1.5,reported,z_over_Lc,6.445468509984639,1,L_over_Lc,6.850665054413543,1,6,0,327,0.02457757296466974,0.09794437726723096
9,9,1523,a,Dash-8,0.001,dash8_t1.5s,1.5,1.5,reported,z_over_Lc,6.457757296466974,1,L_over_Lc,6.850665054413543,1,6,0,328,0.02457757296466974,0.09794437726723096
9,9,1523,a,Dash-8,0.001,dash8_t1.5s,1.5,1.5,reported,z_over_Lc,6.470046082949309,1,L_over_Lc,6.861547762998791,1,6,0,329,0.02457757296466974,0.09794437726723096
9,9,1523,a,Dash-8,0.001,dash8_t1.5s,1.5,1.5,reported,z_over_Lc,6.482334869431644,1,L_over_Lc,6.872430471584039,1,6,0,330,0.02457757296466974,0.09794437726723096
9,9,1523,a,Dash-8,0.001,dash8_t1.5s,1.5,1.5,reported,z_over_Lc,6.494623655913978,1,L_over_Lc,6.888754534461911,1,6,0,331,0.02457757296466974,0.09794437726723096
9,9,1523,a,Dash-8,0.001,dash8_t1.5s,1.5,1.5,reported,z_over_Lc,6.506912442396313,1,L_over_Lc,6.894195888754535,1,6,0,332,0.02457757296466974,0.09794437726723096
9,9,1523,a,Dash-8,0.001,dash8_t1.5s,1.5,1.5,reported,z_over_Lc,6.519201228878648,1,L_over_Lc,6.899637243047159,1,6,0,333,0.02457757296466974,0.09794437726723096
9,9,1523,a,Dash-8,0.001,dash8_t1.5s,1.5,1.5,reported,z_over_Lc,6.531490015360983,1,L_over_Lc,6.899637243047159,1,6,0,334,0.02457757296466974,0.09794437726723096
9,9,1523,a,Dash-8,0.001,dash8_t1.5s,1.5,1.5,reported,z_over_Lc,6.543778801843318,1,L_over_Lc,6.9105199516324065,1,6,0,335,0.02457757296466974,0.09794437726723096
9,9,1523,a,Dash-8,0.001,dash8_t1.5s,1.5,1.5,reported,z_over_Lc,6.556067588325653,1,L_over_Lc,6.9105199516324065,1,6,0,336,0.02457757296466974,0.09794437726723096
9,9,1523,a,Dash-8,0.001,dash8_t1.5s,1.5,1.5,reported,z_over_Lc,6.568356374807988,1,L_over_Lc,6.9105199516324065,1,6,0,337,0.02457757296466974,0.09794437726723096
9,9,1523,a,Dash-8,0.001,dash8_t1.5s,1.5,1.5,reported,z_over_Lc,6.580645161290323,1,L_over_Lc,6.9105199516324065,1,6,0,338,0.02457757296466974,0.09794437726723096
9,9,1523,a,Dash-8,0.001,dash8_t1.5s,1.5,1.5,reported,z_over_Lc,6.592933947772657,1,L_over_Lc,6.899637243047159,1,6,0,339,0.02457757296466974,0.09794437726723096
9,9,1523,a,Dash-8,0.001,dash8_t1.5s,1.5,1.5,reported,z_over_Lc,6.605222734254992,1,L_over_Lc,6.888754534461911,1,6,0,340,0.02457757296466974,0.09794437726723096
9,9,1523,a,Dash-8,0.001,dash8_t1.5s,1.5,1.5,reported,z_over_Lc,6.617511520737327,1,L_over_Lc,6.877871825876663,1,6,0,341,0.02457757296466974,0.09794437726723096
9,9,1523,a,Dash-8,0.001,dash8_t1.5s,1.5,1.5,reported,z_over_Lc,6.629800307219662,1,L_over_Lc,6.872430471584039,1,6,0,342,0.02457757296466974,0.09794437726723096
9,9,1523,a,Dash-8,0.001,dash8_t1.5s,1.5,1.5,reported,z_over_Lc,6.642089093701997,1,L_over_Lc,6.861547762998791,1,6,0,343,0.02457757296466974,0.09794437726723096
9,9,1523,a,Dash-8,0.001,dash8_t1.5s,1.5,1.5,reported,z_over_Lc,6.654377880184332,1,L_over_Lc,6.856106408706167,1,6,0,344,0.02457757296466974,0.09794437726723096
9,9,1523,a,Dash-8,0.001,dash8_t1.5s,1.5,1.5,reported,z_over_Lc,6.666666666666667,1,L_over_Lc,6.850665054413543,1,6,0,345,0.02457757296466974,0.09794437726723096
9,9,1523,a,Dash-8,0.001,dash8_t1.5s,1.5,1.5,reported,z_over_Lc,6.678955453149001,1,L_over_Lc,6.823458282950424,1,6,0,346,0.02457757296466974,0.09794437726723096
9,9,1523,a,Dash-8,0.001,dash8_t1.5s,1.5,1.5,reported,z_over_Lc,6.691244239631336,1,L_over_Lc,6.812575574365176,1,6,0,347,0.02457757296466974,0.09794437726723096
9,9,1523,a,Dash-8,0.001,dash8_t1.5s,1.5,1.5,reported,z_over_Lc,6.703533026113671,1,L_over_Lc,6.807134220072552,1,6,0,348,0.02457757296466974,0.09794437726723096
9,9,1523,a,Dash-8,0.001,dash8_t1.5s,1.5,1.5,reported,z_over_Lc,6.7158218125960065,1,L_over_Lc,6.796251511487304,1,6,0,349,0.02457757296466974,0.09794437726723096
9,9,1523,a,Dash-8,0.001,dash8_t1.5s,1.5,1.5,reported,z_over_Lc,6.728110599078341,1,L_over_Lc,6.79081015719468,1,6,0,350,0.02457757296466974,0.09794437726723096
9,9,1523,a,Dash-8,0.001,dash8_t1.5s,1.5,1.5,reported,z_over_Lc,6.740399385560676,1,L_over_Lc,6.785368802902056,1,6,0,351,0.02457757296466974,0.09794437726723096
9,9,1523,a,Dash-8,0.001,dash8_t1.5s,1.5,1.5,reported,z_over_Lc,6.752688172043011,1,L_over_Lc,6.779927448609432,1,6,0,352,0.02457757296466974,0.09794437726723096
9,9,1523,a,Dash-8,0.001,dash8_t1.5s,1.5,1.5,reported,z_over_Lc,6.764976958525345,1,L_over_Lc,6.779927448609432,1,6,0,353,0.02457757296466974,0.09794437726723096
9,9,1523,a,Dash-8,0.001,dash8_t1.5s,1.5,1.5,reported,z_over_Lc,6.77726574500768,1,L_over_Lc,6.779927448609432,1,6,0,354,0.02457757296466974,0.09794437726723096
9,9,1523,a,Dash-8,0.001,dash8_t1.5s,1.5,1.5,reported,z_over_Lc,6.789554531490015,1,L_over_Lc,6.785368802902056,1,6,0,355,0.02457757296466974,0.09794437726723096
9,9,1523,a,Dash-8,0.001,dash8_t1.5s,1.5,1.5,reported,z_over_Lc,6.8018433179723505,1,L_over_Lc,6.785368802902056,1,6,0,356,0.02457757296466974,0.09794437726723096
9,9,1523,a,Dash-8,0.001,dash8_t1.5s,1.5,1.5,reported,z_over_Lc,6.814132104454685,1,L_over_Lc,6.779927448609432,1,6,0,357,0.02457757296466974,0.09794437726723096
9,9,1523,a,Dash-8,0.001,dash8_t1.5s,1.5,1.5,reported,z_over_Lc,6.82642089093702,1,L_over_Lc,6.769044740024184,1,6,0,358,0.02457757296466974,0.09794437726723096
9,9,1523,a,Dash-8,0.001,dash8_t1.5s,1.5,1.5,reported,z_over_Lc,6.838709677419355,1,L_over_Lc,6.76360338573156,1,6,0,359,0.02457757296466974,0.09794437726723096
9,9,1523,a,Dash-8,0.001,dash8_t1.5s,1.5,1.5,reported,z_over_Lc,6.85099846390169,1,L_over_Lc,6.758162031438936,1,6,0,360,0.02457757296466974,0.09794437726723096
9,9,1523,a,Dash-8,0.001,dash8_t1.5s,1.5,1.5,reported,z_over_Lc,6.863287250384024,1,L_over_Lc,6.73639661426844,1,6,0,361,0.02457757296466974,0.09794437726723096
9,9,1523,a,Dash-8,0.001,dash8_t1.5s,1.5,1.5,reported,z_over_Lc,6.875576036866359,1,L_over_Lc,6.730955259975816,1,6,0,362,0.02457757296466974,0.09794437726723096
9,9,1523,a,Dash-8,0.001,dash8_t1.5s,1.5,1.5,reported,z_over_Lc,6.8878648233486945,1,L_over_Lc,6.720072551390568,1,6,0,363,0.02457757296466974,0.09794437726723096
9,9,1523,a,Dash-8,0.001,dash8_t1.5s,1.5,1.5,reported,z_over_Lc,6.900153609831029,1,L_over_Lc,6.6819830713422,1,6,0,364,0.02457757296466974,0.09794437726723096
9,9,1523,a,Dash-8,0.001,dash8_t1.5s,1.5,1.5,reported,z_over_Lc,6.900153609831029,1,L_over_Lc,6.714631197097944,1,6,0,365,0.02457757296466974,0.09794437726723096
9,9,1523,a,Dash-8,0.001,dash8_t1.5s,1.5,1.5,reported,z_over_Lc,6.912442396313364,1,L_over_Lc,6.660217654171705,1,6,0,366,0.02457757296466974,0.09794437726723096
9,9,1523,a,Dash-8,0.001,dash8_t1.5s,1.5,1.5,reported,z_over_Lc,6.912442396313364,1,L_over_Lc,6.692865779927448,1,6,0,367,0.02457757296466974,0.09794437726723096
9,9,1523,a,Dash-8,0.001,dash8_t1.5s,1.5,1.5,reported,z_over_Lc,6.924731182795699,1,L_over_Lc,6.627569528415961,1,6,0,368,0.02457757296466974,0.09794437726723096
9,9,1523,a,Dash-8,0.001,dash8_t1.5s,1.5,1.5,reported,z_over_Lc,6.924731182795699,1,L_over_Lc,6.6819830713422,1,6,0,369,0.02457757296466974,0.09794437726723096
9,9,1523,a,Dash-8,0.001,dash8_t1.5s,1.5,1.5,reported,z_over_Lc,6.937019969278034,1,L_over_Lc,6.5840386940749696,1,6,0,370,0.02457757296466974,0.09794437726723096
9,9,1523,a,Dash-8,0.001,dash8_t1.5s,1.5,1.5,reported,z_over_Lc,6.937019969278034,1,L_over_Lc,6.649334945586457,1,6,0,371,0.02457757296466974,0.09794437726723096
9,9,1523,a,Dash-8,0.001,dash8_t1.5s,1.5,1.5,reported,z_over_Lc,6.949308755760368,1,L_over_Lc,6.562273276904474,1,6,0,372,0.02457757296466974,0.09794437726723096
9,9,1523,a,Dash-8,0.001,dash8_t1.5s,1.5,1.5,reported,z_over_Lc,6.949308755760368,1,L_over_Lc,6.638452237001209,1,6,0,373,0.02457757296466974,0.09794437726723096
9,9,1523,a,Dash-8,0.001,dash8_t1.5s,1.5,1.5,reported,z_over_Lc,6.961597542242703,1,L_over_Lc,6.518742442563482,1,6,0,374,0.02457757296466974,0.09794437726723096
9,9,1523,a,Dash-8,0.001,dash8_t1.5s,1.5,1.5,reported,z_over_Lc,6.961597542242703,1,L_over_Lc,6.627569528415961,1,6,0,375,0.02457757296466974,0.09794437726723096
9,9,1523,a,Dash-8,0.001,dash8_t1.5s,1.5,1.5,reported,z_over_Lc,6.9738863287250386,1,L_over_Lc,6.496977025392987,1,6,0,376,0.02457757296466974,0.09794437726723096
9,9,1523,a,Dash-8,0.001,dash8_t1.5s,1.5,1.5,reported,z_over_Lc,6.9738863287250386,1,L_over_Lc,6.605804111245465,1,6,0,377,0.02457757296466974,0.09794437726723096
9,9,1523,a,Dash-8,0.001,dash8_t1.5s,1.5,1.5,reported,z_over_Lc,6.986175115207374,1,L_over_Lc,6.475211608222491,1,6,0,378,0.02457757296466974,0.09794437726723096
9,9,1523,a,Dash-8,0.001,dash8_t1.5s,1.5,1.5,reported,z_over_Lc,6.986175115207374,1,L_over_Lc,6.594921402660217,1,6,0,379,0.02457757296466974,0.09794437726723096
9,9,1523,a,Dash-8,0.001,dash8_t1.5s,1.5,1.5,reported,z_over_Lc,6.998463901689708,1,L_over_Lc,6.333736396614269,1,6,0,380,0.02457757296466974,0.09794437726723096
9,9,1523,a,Dash-8,0.001,dash8_t1.5s,1.5,1.5,reported,z_over_Lc,6.998463901689708,1,L_over_Lc,6.453446191051995,1,6,1,381,0.02457757296466974,0.09794437726723096
9,9,1523,a,Dash-8,0.001,dash8_t1.5s,1.5,1.5,reported,z_over_Lc,6.998463901689708,1,L_over_Lc,6.5840386940749696,1,6,1,382,0.02457757296466974,0.09794437726723096
9,9,1523,a,Dash-8,0.001,dash8_t1.5s,1.5,1.5,reported,z_over_Lc,7.010752688172043,1,L_over_Lc,5.637243047158404,1,6,0,383,0.02457757296466974,0.09794437726723096
9,9,1523,a,Dash-8,0.001,dash8_t1.5s,1.5,1.5,reported,z_over_Lc,7.010752688172043,1,L_over_Lc,6.540507859733978,1,6,0,384,0.02457757296466974,0.09794437726723096
9,9,1523,a,Dash-8,0.001,dash8_t1.5s,1.5,1.5,reported,z_over_Lc,7.023041474654378,1,L_over_Lc,5.3651753325272065,1,6,0,385,0.02457757296466974,0.09794437726723096
9,9,1523,a,Dash-8,0.001,dash8_t1.5s,1.5,1.5,reported,z_over_Lc,7.023041474654378,1,L_over_Lc,6.5078597339782345,1,6,0,386,0.02457757296466974,0.09794437726723096
9,9,1523,a,Dash-8,0.001,dash8_t1.5s,1.5,1.5,reported,z_over_Lc,7.035330261136712,1,L_over_Lc,4.8645707376058045,1,6,0,387,0.02457757296466974,0.09794437726723096
9,9,1523,a,Dash-8,0.001,dash8_t1.5s,1.5,1.5,reported,z_over_Lc,7.035330261136712,1,L_over_Lc,6.486094316807739,1,6,0,388,0.02457757296466974,0.09794437726723096
9,9,1523,a,Dash-8,0.001,dash8_t1.5s,1.5,1.5,reported,z_over_Lc,7.0476190476190474,1,L_over_Lc,4.799274486094316,1,6,0,389,0.02457757296466974,0.09794437726723096
9,9,1523,a,Dash-8,0.001,dash8_t1.5s,1.5,1.5,reported,z_over_Lc,7.0476190476190474,1,L_over_Lc,6.431680773881499,1,6,0,390,0.02457757296466974,0.09794437726723096
9,9,1523,a,Dash-8,0.001,dash8_t1.5s,1.5,1.5,reported,z_over_Lc,7.059907834101383,1,L_over_Lc,4.766626360338573,1,6,0,391,0.02457757296466974,0.09794437726723096
9,9,1523,a,Dash-8,0.001,dash8_t1.5s,1.5,1.5,reported,z_over_Lc,7.059907834101383,1,L_over_Lc,6.399032648125756,1,6,0,392,0.02457757296466974,0.09794437726723096
9,9,1523,a,Dash-8,0.001,dash8_t1.5s,1.5,1.5,reported,z_over_Lc,7.072196620583718,1,L_over_Lc,4.744860943168077,1,6,0,393,0.02457757296466974,0.09794437726723096
9,9,1523,a,Dash-8,0.001,dash8_t1.5s,1.5,1.5,reported,z_over_Lc,7.072196620583718,1,L_over_Lc,6.37726723095526,1,6,0,394,0.02457757296466974,0.09794437726723096
9,9,1523,a,Dash-8,0.001,dash8_t1.5s,1.5,1.5,reported,z_over_Lc,7.084485407066052,1,L_over_Lc,4.712212817412333,1,6,0,395,0.02457757296466974,0.09794437726723096
9,9,1523,a,Dash-8,0.001,dash8_t1.5s,1.5,1.5,reported,z_over_Lc,7.084485407066052,1,L_over_Lc,6.366384522370012,1,6,0,396,0.02457757296466974,0.09794437726723096
9,9,1523,a,Dash-8,0.001,dash8_t1.5s,1.5,1.5,reported,z_over_Lc,7.096774193548387,1,L_over_Lc,4.712212817412333,1,6,0,397,0.02457757296466974,0.09794437726723096
9,9,1523,a,Dash-8,0.001,dash8_t1.5s,1.5,1.5,reported,z_over_Lc,7.096774193548387,1,L_over_Lc,6.355501813784764,1,6,0,398,0.02457757296466974,0.09794437726723096
9,9,1523,a,Dash-8,0.001,dash8_t1.5s,1.5,1.5,reported,z_over_Lc,7.109062980030722,1,L_over_Lc,4.701330108827086,1,6,0,399,0.02457757296466974,0.09794437726723096
9,9,1523,a,Dash-8,0.001,dash8_t1.5s,1.5,1.5,reported,z_over_Lc,7.109062980030722,1,L_over_Lc,6.290205562273277,1,6,0,400,0.02457757296466974,0.09794437726723096
9,9,1523,a,Dash-8,0.001,dash8_t1.5s,1.5,1.5,reported,z_over_Lc,7.121351766513057,1,L_over_Lc,4.690447400241838,1,6,0,401,0.02457757296466974,0.09794437726723096
9,9,1523,a,Dash-8,0.001,dash8_t1.5s,1.5,1.5,reported,z_over_Lc,7.121351766513057,1,L_over_Lc,5.495767835550182,1,6,0,402,0.02457757296466974,0.09794437726723096
9,9,1523,a,Dash-8,0.001,dash8_t1.5s,1.5,1.5,reported,z_over_Lc,7.1336405529953915,1,L_over_Lc,4.67956469165659,1,6,0,403,0.02457757296466974,0.09794437726723096
9,9,1523,a,Dash-8,0.001,dash8_t1.5s,1.5,1.5,reported,z_over_Lc,7.1336405529953915,1,L_over_Lc,5.071342200725514,1,6,0,404,0.02457757296466974,0.09794437726723096
9,9,1523,a,Dash-8,0.001,dash8_t1.5s,1.5,1.5,reported,z_over_Lc,7.145929339477727,1,L_over_Lc,4.67956469165659,1,6,0,405,0.02457757296466974,0.09794437726723096
9,9,1523,a,Dash-8,0.001,dash8_t1.5s,1.5,1.5,reported,z_over_Lc,7.145929339477727,1,L_over_Lc,4.712212817412333,1,6,0,406,0.02457757296466974,0.09794437726723096
9,9,1523,a,Dash-8,0.001,dash8_t1.5s,1.5,1.5,reported,z_over_Lc,7.158218125960062,1,L_over_Lc,4.668681983071342,1,6,0,407,0.02457757296466974,0.09794437726723096
9,9,1523,a,Dash-8,0.001,dash8_t1.5s,1.5,1.5,reported,z_over_Lc,7.170506912442396,1,L_over_Lc,4.646916565900846,1,6,0,408,0.02457757296466974,0.09794437726723096
9,9,1523,a,Dash-8,0.001,dash8_t1.5s,1.5,1.5,reported,z_over_Lc,7.182795698924731,1,L_over_Lc,4.630592503022974,1,6,0,409,0.02457757296466974,0.09794437726723096
9,9,1523,a,Dash-8,0.001,dash8_t1.5s,1.5,1.5,reported,z_over_Lc,7.195084485407066,1,L_over_Lc,4.614268440145103,1,6,0,410,0.02457757296466974,0.09794437726723096
9,9,1523,a,Dash-8,0.001,dash8_t1.5s,1.5,1.5,reported,z_over_Lc,7.207373271889401,1,L_over_Lc,4.608827085852479,1,6,0,411,0.02457757296466974,0.09794437726723096
9,9,1523,a,Dash-8,0.001,dash8_t1.5s,1.5,1.5,reported,z_over_Lc,7.2196620583717355,1,L_over_Lc,4.570737605804111,1,6,0,412,0.02457757296466974,0.09794437726723096
9,9,1523,a,Dash-8,0.001,dash8_t1.5s,1.5,1.5,reported,z_over_Lc,7.2196620583717355,1,L_over_Lc,4.603385731559855,1,6,0,413,0.02457757296466974,0.09794437726723096
9,9,1523,a,Dash-8,0.001,dash8_t1.5s,1.5,1.5,reported,z_over_Lc,7.231950844854071,1,L_over_Lc,4.548972188633615,1,6,0,414,0.02457757296466974,0.09794437726723096
9,9,1523,a,Dash-8,0.001,dash8_t1.5s,1.5,1.5,reported,z_over_Lc,7.231950844854071,1,L_over_Lc,4.592503022974607,1,6,0,415,0.02457757296466974,0.09794437726723096
9,9,1523,a,Dash-8,0.001,dash8_t1.5s,1.5,1.5,reported,z_over_Lc,7.244239631336406,1,L_over_Lc,4.52720677146312,1,6,0,416,0.02457757296466974,0.09794437726723096
9,9,1523,a,Dash-8,0.001,dash8_t1.5s,1.5,1.5,reported,z_over_Lc,7.244239631336406,1,L_over_Lc,4.581620314389359,1,6,0,417,0.02457757296466974,0.09794437726723096
9,9,1523,a,Dash-8,0.001,dash8_t1.5s,1.5,1.5,reported,z_over_Lc,7.256528417818741,1,L_over_Lc,4.505441354292624,1,6,0,418,0.02457757296466974,0.09794437726723096
9,9,1523,a,Dash-8,0.001,dash8_t1.5s,1.5,1.5,reported,z_over_Lc,7.256528417818741,1,L_over_Lc,4.559854897218863,1,6,0,419,0.02457757296466974,0.09794437726723096
9,9,1523,a,Dash-8,0.001,dash8_t1.5s,1.5,1.5,reported,z_over_Lc,7.268817204301075,1,L_over_Lc,4.483675937122128,1,6,0,420,0.02457757296466974,0.09794437726723096
9,9,1523,a,Dash-8,0.001,dash8_t1.5s,1.5,1.5,reported,z_over_Lc,7.268817204301075,1,L_over_Lc,4.548972188633615,1,6,0,421,0.02457757296466974,0.09794437726723096
9,9,1523,a,Dash-8,0.001,dash8_t1.5s,1.5,1.5,reported,z_over_Lc,7.28110599078341,1,L_over_Lc,4.4619105199516325,1,6,0,422,0.02457757296466974,0.09794437726723096
9,9,1523,a,Dash-8,0.001,dash8_t1.5s,1.5,1.5,reported,z_over_Lc,7.28110599078341,1,L_over_Lc,4.52720677146312,1,6,0,423,0.02457757296466974,0.09794437726723096
9,9,1523,a,Dash-8,0.001,dash8_t1.5s,1.5,1.5,reported,z_over_Lc,7.293394777265745,1,L_over_Lc,4.429262394195889,1,6,0,424,0.02457757296466974,0.09794437726723096
9,9,1523,a,Dash-8,0.001,dash8_t1.5s,1.5,1.5,reported,z_over_Lc,7.293394777265745,1,L_over_Lc,4.505441354292624,1,6,0,425,0.02457757296466974,0.09794437726723096
9,9,1523,a,Dash-8,0.001,dash8_t1.5s,1.5,1.5,reported,z_over_Lc,7.3056835637480795,1,L_over_Lc,4.418379685610641,1,6,0,426,0.02457757296466974,0.09794437726723096
9,9,1523,a,Dash-8,0.001,dash8_t1.5s,1.5,1.5,reported,z_over_Lc,7.3056835637480795,1,L_over_Lc,4.483675937122128,1,6,0,427,0.02457757296466974,0.09794437726723096
9,9,1523,a,Dash-8,0.001,dash8_t1.5s,1.5,1.5,reported,z_over_Lc,7.317972350230415,1,L_over_Lc,4.3748488512696495,1,6,0,428,0.02457757296466974,0.09794437726723096
9,9,1523,a,Dash-8,0.001,dash8_t1.5s,1.5,1.5,reported,z_over_Lc,7.317972350230415,1,L_over_Lc,4.47279322853688,1,6,0,429,0.02457757296466974,0.09794437726723096
9,9,1523,a,Dash-8,0.001,dash8_t1.5s,1.5,1.5,reported,z_over_Lc,7.33026113671275,1,L_over_Lc,4.353083434099154,1,6,0,430,0.02457757296466974,0.09794437726723096
9,9,1523,a,Dash-8,0.001,dash8_t1.5s,1.5,1.5,reported,z_over_Lc,7.33026113671275,1,L_over_Lc,4.440145102781137,1,6,0,431,0.02457757296466974,0.09794437726723096
9,9,1523,a,Dash-8,0.001,dash8_t1.5s,1.5,1.5,reported,z_over_Lc,7.342549923195085,1,L_over_Lc,4.331318016928658,1,6,0,432,0.02457757296466974,0.09794437726723096
9,9,1523,a,Dash-8,0.001,dash8_t1.5s,1.5,1.5,reported,z_over_Lc,7.342549923195085,1,L_over_Lc,4.418379685610641,1,6,0,433,0.02457757296466974,0.09794437726723096
9,9,1523,a,Dash-8,0.001,dash8_t1.5s,1.5,1.5,reported,z_over_Lc,7.354838709677419,1,L_over_Lc,4.32043530834341,1,6,0,434,0.02457757296466974,0.09794437726723096
9,9,1523,a,Dash-8,0.001,dash8_t1.5s,1.5,1.5,reported,z_over_Lc,7.354838709677419,1,L_over_Lc,4.385731559854897,1,6,0,435,0.02457757296466974,0.09794437726723096
9,9,1523,a,Dash-8,0.001,dash8_t1.5s,1.5,1.5,reported,z_over_Lc,7.367127496159754,1,L_over_Lc,4.298669891172914,1,6,0,436,0.02457757296466974,0.09794437726723096
9,9,1523,a,Dash-8,0.001,dash8_t1.5s,1.5,1.5,reported,z_over_Lc,7.367127496159754,1,L_over_Lc,4.363966142684402,1,6,0,437,0.02457757296466974,0.09794437726723096
9,9,1523,a,Dash-8,0.001,dash8_t1.5s,1.5,1.5,reported,z_over_Lc,7.379416282642089,1,L_over_Lc,4.287787182587667,1,6,0,438,0.02457757296466974,0.09794437726723096
9,9,1523,a,Dash-8,0.001,dash8_t1.5s,1.5,1.5,reported,z_over_Lc,7.379416282642089,1,L_over_Lc,4.342200725513906,1,6,0,439,0.02457757296466974,0.09794437726723096
9,9,1523,a,Dash-8,0.001,dash8_t1.5s,1.5,1.5,reported,z_over_Lc,7.391705069124424,1,L_over_Lc,4.276904474002419,1,6,0,440,0.02457757296466974,0.09794437726723096
9,9,1523,a,Dash-8,0.001,dash8_t1.5s,1.5,1.5,reported,z_over_Lc,7.391705069124424,1,L_over_Lc,4.32043530834341,1,6,0,441,0.02457757296466974,0.09794437726723096
9,9,1523,a,Dash-8,0.001,dash8_t1.5s,1.5,1.5,reported,z_over_Lc,7.403993855606759,1,L_over_Lc,4.222490931076179,1,6,0,442,0.02457757296466974,0.09794437726723096
9,9,1523,a,Dash-8,0.001,dash8_t1.5s,1.5,1.5,reported,z_over_Lc,7.403993855606759,1,L_over_Lc,4.287787182587667,1,6,0,443,0.02457757296466974,0.09794437726723096
9,9,1523,a,Dash-8,0.001,dash8_t1.5s,1.5,1.5,reported,z_over_Lc,7.416282642089094,1,L_over_Lc,4.189842805320436,1,6,0,444,0.02457757296466974,0.09794437726723096
9,9,1523,a,Dash-8,0.001,dash8_t1.5s,1.5,1.5,reported,z_over_Lc,7.416282642089094,1,L_over_Lc,4.276904474002419,1,6,0,445,0.02457757296466974,0.09794437726723096
9,9,1523,a,Dash-8,0.001,dash8_t1.5s,1.5,1.5,reported,z_over_Lc,7.428571428571429,1,L_over_Lc,4.168077388149939,1,6,0,446,0.02457757296466974,0.09794437726723096
9,9,1523,a,Dash-8,0.001,dash8_t1.5s,1.5,1.5,reported,z_over_Lc,7.428571428571429,1,L_over_Lc,4.244256348246675,1,6,0,447,0.02457757296466974,0.09794437726723096
9,9,1523,a,Dash-8,0.001,dash8_t1.5s,1.5,1.5,reported,z_over_Lc,7.440860215053763,1,L_over_Lc,4.157194679564691,1,6,0,448,0.02457757296466974,0.09794437726723096
9,9,1523,a,Dash-8,0.001,dash8_t1.5s,1.5,1.5,reported,z_over_Lc,7.440860215053763,1,L_over_Lc,4.222490931076179,1,6,0,449,0.02457757296466974,0.09794437726723096
9,9,1523,a,Dash-8,0.001,dash8_t1.5s,1.5,1.5,reported,z_over_Lc,7.453149001536098,1,L_over_Lc,4.146311970979443,1,6,0,450,0.02457757296466974,0.09794437726723096
9,9,1523,a,Dash-8,0.001,dash8_t1.5s,1.5,1.5,reported,z_over_Lc,7.453149001536098,1,L_over_Lc,4.200725513905684,1,6,0,451,0.02457757296466974,0.09794437726723096
9,9,1523,a,Dash-8,0.001,dash8_t1.5s,1.5,1.5,reported,z_over_Lc,7.465437788018433,1,L_over_Lc,4.1354292623941955,1,6,0,452,0.02457757296466974,0.09794437726723096
9,9,1523,a,Dash-8,0.001,dash8_t1.5s,1.5,1.5,reported,z_over_Lc,7.465437788018433,1,L_over_Lc,4.189842805320436,1,6,0,453,0.02457757296466974,0.09794437726723096
9,9,1523,a,Dash-8,0.001,dash8_t1.5s,1.5,1.5,reported,z_over_Lc,7.477726574500768,1,L_over_Lc,4.124546553808948,1,6,0,454,0.02457757296466974,0.09794437726723096
9,9,1523,a,Dash-8,0.001,dash8_t1.5s,1.5,1.5,reported,z_over_Lc,7.477726574500768,1,L_over_Lc,4.178960096735188,1,6,0,455,0.02457757296466974,0.09794437726723096
9,9,1523,a,Dash-8,0.001,dash8_t1.5s,1.5,1.5,reported,z_over_Lc,7.490015360983103,1,L_over_Lc,4.1136638452237,1,6,0,456,0.02457757296466974,0.09794437726723096
9,9,1523,a,Dash-8,0.001,dash8_t1.5s,1.5,1.5,reported,z_over_Lc,7.490015360983103,1,L_over_Lc,4.157194679564691,1,6,0,457,0.02457757296466974,0.09794437726723096
9,9,1523,a,Dash-8,0.001,dash8_t1.5s,1.5,1.5,reported,z_over_Lc,7.502304147465438,1,L_over_Lc,4.05925030229746,1,6,0,458,0.02457757296466974,0.09794437726723096
9,9,1523,a,Dash-8,0.001,dash8_t1.5s,1.5,1.5,reported,z_over_Lc,7.502304147465438,1,L_over_Lc,4.124546553808948,1,6,0,459,0.02457757296466974,0.09794437726723096
9,9,1523,a,Dash-8,0.001,dash8_t1.5s,1.5,1.5,reported,z_over_Lc,7.514592933947773,1,L_over_Lc,3.993954050785973,1,6,0,460,0.02457757296466974,0.09794437726723096
9,9,1523,a,Dash-8,0.001,dash8_t1.5s,1.5,1.5,reported,z_over_Lc,7.514592933947773,1,L_over_Lc,4.070133010882708,1,6,0,461,0.02457757296466974,0.09794437726723096
9,9,1523,a,Dash-8,0.001,dash8_t1.5s,1.5,1.5,reported,z_over_Lc,7.526881720430108,1,L_over_Lc,3.9613059250302296,1,6,0,462,0.02457757296466974,0.09794437726723096
9,9,1523,a,Dash-8,0.001,dash8_t1.5s,1.5,1.5,reported,z_over_Lc,7.526881720430108,1,L_over_Lc,4.05925030229746,1,6,0,463,0.02457757296466974,0.09794437726723096
9,9,1523,a,Dash-8,0.001,dash8_t1.5s,1.5,1.5,reported,z_over_Lc,7.539170506912442,1,L_over_Lc,3.917775090689238,1,6,0,464,0.02457757296466974,0.09794437726723096
9,9,1523,a,Dash-8,0.001,dash8_t1.5s,1.5,1.5,reported,z_over_Lc,7.539170506912442,1,L_over_Lc,4.037484885126965,1,6,0,465,0.02457757296466974,0.09794437726723096
9,9,1523,a,Dash-8,0.001,dash8_t1.5s,1.5,1.5,reported,z_over_Lc,7.551459293394777,1,L_over_Lc,3.8851269649334945,1,6,0,466,0.02457757296466974,0.09794437726723096
9,9,1523,a,Dash-8,0.001,dash8_t1.5s,1.5,1.5,reported,z_over_Lc,7.551459293394777,1,L_over_Lc,4.026602176541717,1,6,0,467,0.02457757296466974,0.09794437726723096
9,9,1523,a,Dash-8,0.001,dash8_t1.5s,1.5,1.5,reported,z_over_Lc,7.563748079877112,1,L_over_Lc,3.8742442563482467,1,6,0,468,0.02457757296466974,0.09794437726723096
9,9,1523,a,Dash-8,0.001,dash8_t1.5s,1.5,1.5,reported,z_over_Lc,7.563748079877112,1,L_over_Lc,4.015719467956469,1,6,0,469,0.02457757296466974,0.09794437726723096
9,9,1523,a,Dash-8,0.001,dash8_t1.5s,1.5,1.5,reported,z_over_Lc,7.576036866359447,1,L_over_Lc,3.863361547762999,1,6,0,470,0.02457757296466974,0.09794437726723096
9,9,1523,a,Dash-8,0.001,dash8_t1.5s,1.5,1.5,reported,z_over_Lc,7.576036866359447,1,L_over_Lc,4.004836759371221,1,6,0,471,0.02457757296466974,0.09794437726723096
9,9,1523,a,Dash-8,0.001,dash8_t1.5s,1.5,1.5,reported,z_over_Lc,7.588325652841782,1,L_over_Lc,3.852478839177751,1,6,0,472,0.02457757296466974,0.09794437726723096
9,9,1523,a,Dash-8,0.001,dash8_t1.5s,1.5,1.5,reported,z_over_Lc,7.588325652841782,1,L_over_Lc,3.9830713422007253,1,6,0,473,0.02457757296466974,0.09794437726723096
9,9,1523,a,Dash-8,0.001,dash8_t1.5s,1.5,1.5,reported,z_over_Lc,7.600614439324117,1,L_over_Lc,3.852478839177751,1,6,0,474,0.02457757296466974,0.09794437726723096
9,9,1523,a,Dash-8,0.001,dash8_t1.5s,1.5,1.5,reported,z_over_Lc,7.600614439324117,1,L_over_Lc,3.9613059250302296,1,6,0,475,0.02457757296466974,0.09794437726723096
9,9,1523,a,Dash-8,0.001,dash8_t1.5s,1.5,1.5,reported,z_over_Lc,7.612903225806452,1,L_over_Lc,3.830713422007255,1,6,0,476,0.02457757296466974,0.09794437726723096
9,9,1523,a,Dash-8,0.001,dash8_t1.5s,1.5,1.5,reported,z_over_Lc,7.612903225806452,1,L_over_Lc,3.8960096735187424,1,6,0,477,0.02457757296466974,0.09794437726723096
9,9,1523,a,Dash-8,0.001,dash8_t1.5s,1.5,1.5,reported,z_over_Lc,7.625192012288786,1,L_over_Lc,3.8198307134220073,1,6,0,478,0.02457757296466974,0.09794437726723096
9,9,1523,a,Dash-8,0.001,dash8_t1.5s,1.5,1.5,reported,z_over_Lc,7.625192012288786,1,L_over_Lc,3.863361547762999,1,6,0,479,0.02457757296466974,0.09794437726723096
9,9,1523,a,Dash-8,0.001,dash8_t1.5s,1.5,1.5,reported,z_over_Lc,7.637480798771121,1,L_over_Lc,3.7980652962515116,1,6,0,480,0.02457757296466974,0.09794437726723096
9,9,1523,a,Dash-8,0.001,dash8_t1.5s,1.5,1.5,reported,z_over_Lc,7.649769585253456,1,L_over_Lc,3.7871825876662637,1,6,0,481,0.02457757296466974,0.09794437726723096
9,9,1523,a,Dash-8,0.001,dash8_t1.5s,1.5,1.5,reported,z_over_Lc,7.6620583717357915,1,L_over_Lc,3.7817412333736398,1,6,0,482,0.02457757296466974,0.09794437726723096
9,9,1523,a,Dash-8,0.001,dash8_t1.5s,1.5,1.5,reported,z_over_Lc,7.674347158218126,1,L_over_Lc,3.776299879081016,1,6,0,483,0.02457757296466974,0.09794437726723096
9,9,1523,a,Dash-8,0.001,dash8_t1.5s,1.5,1.5,reported,z_over_Lc,7.686635944700461,1,L_over_Lc,3.770858524788392,1,6,0,484,0.02457757296466974,0.09794437726723096
9,9,1523,a,Dash-8,0.001,dash8_t1.5s,1.5,1.5,reported,z_over_Lc,7.698924731182796,1,L_over_Lc,3.765417170495768,1,6,0,485,0.02457757296466974,0.09794437726723096
9,9,1523,a,Dash-8,0.001,dash8_t1.5s,1.5,1.5,reported,z_over_Lc,7.71121351766513,1,L_over_Lc,3.759975816203144,1,6,0,486,0.02457757296466974,0.09794437726723096
9,9,1523,a,Dash-8,0.001,dash8_t1.5s,1.5,1.5,reported,z_over_Lc,7.723502304147465,1,L_over_Lc,3.759975816203144,1,6,0,487,0.02457757296466974,0.09794437726723096
9,9,1523,a,Dash-8,0.001,dash8_t1.5s,1.5,1.5,reported,z_over_Lc,7.7357910906298,1,L_over_Lc,3.759975816203144,1,6,0,488,0.02457757296466974,0.09794437726723096
9,9,1523,a,Dash-8,0.001,dash8_t1.5s,1.5,1.5,reported,z_over_Lc,7.7480798771121355,1,L_over_Lc,3.749093107617896,1,6,0,489,0.02457757296466974,0.09794437726723096
9,9,1523,a,Dash-8,0.001,dash8_t1.5s,1.5,1.5,reported,z_over_Lc,7.76036866359447,1,L_over_Lc,3.7436517533252722,1,6,0,490,0.02457757296466974,0.09794437726723096
9,9,1523,a,Dash-8,0.001,dash8_t1.5s,1.5,1.5,reported,z_over_Lc,7.772657450076805,1,L_over_Lc,3.7327690447400244,1,6,0,491,0.02457757296466974,0.09794437726723096
9,9,1523,a,Dash-8,0.001,dash8_t1.5s,1.5,1.5,reported,z_over_Lc,7.78494623655914,1,L_over_Lc,3.7273276904474004,1,6,0,492,0.02457757296466974,0.09794437726723096
9,9,1523,a,Dash-8,0.001,dash8_t1.5s,1.5,1.5,reported,z_over_Lc,7.797235023041475,1,L_over_Lc,3.7164449818621526,1,6,0,493,0.02457757296466974,0.09794437726723096
9,9,1523,a,Dash-8,0.001,dash8_t1.5s,1.5,1.5,reported,z_over_Lc,7.809523809523809,1,L_over_Lc,3.7055622732769047,1,6,0,494,0.02457757296466974,0.09794437726723096
9,9,1523,a,Dash-8,0.001,dash8_t1.5s,1.5,1.5,reported,z_over_Lc,7.821812596006144,1,L_over_Lc,3.6892382103990324,1,6,0,495,0.02457757296466974,0.09794437726723096
9,9,1523,a,Dash-8,0.001,dash8_t1.5s,1.5,1.5,reported,z_over_Lc,7.8341013824884795,1,L_over_Lc,3.6729141475211606,1,6,0,496,0.02457757296466974,0.09794437726723096
9,9,1523,a,Dash-8,0.001,dash8_t1.5s,1.5,1.5,reported,z_over_Lc,7.846390168970814,1,L_over_Lc,3.6674727932285367,1,6,0,497,0.02457757296466974,0.09794437726723096
9,9,1523,a,Dash-8,0.001,dash8_t1.5s,1.5,1.5,reported,z_over_Lc,7.858678955453149,1,L_over_Lc,3.6620314389359128,1,6,0,498,0.02457757296466974,0.09794437726723096
9,9,1523,a,Dash-8,0.001,dash8_t1.5s,1.5,1.5,reported,z_over_Lc,7.870967741935484,1,L_over_Lc,3.656590084643289,1,6,0,499,0.02457757296466974,0.09794437726723096
9,9,1523,a,Dash-8,0.001,dash8_t1.5s,1.5,1.5,reported,z_over_Lc,7.883256528417819,1,L_over_Lc,3.651148730350665,1,6,0,500,0.02457757296466974,0.09794437726723096
9,9,1523,a,Dash-8,0.001,dash8_t1.5s,1.5,1.5,reported,z_over_Lc,7.895545314900153,1,L_over_Lc,3.651148730350665,1,6,0,501,0.02457757296466974,0.09794437726723096
9,9,1523,a,Dash-8,0.001,dash8_t1.5s,1.5,1.5,reported,z_over_Lc,7.907834101382488,1,L_over_Lc,3.640266021765417,1,6,0,502,0.02457757296466974,0.09794437726723096
9,9,1523,a,Dash-8,0.001,dash8_t1.5s,1.5,1.5,reported,z_over_Lc,7.9201228878648235,1,L_over_Lc,3.629383313180169,1,6,0,503,0.02457757296466974,0.09794437726723096
9,9,1523,a,Dash-8,0.001,dash8_t1.5s,1.5,1.5,reported,z_over_Lc,7.932411674347159,1,L_over_Lc,3.6239419588875452,1,6,0,504,0.02457757296466974,0.09794437726723096
